[     695ms] [LOG] [plausible] version {mermaidVersion: 11.14.0} @ http://localhost:3001/src/lib/util/stats.ts:89
[     761ms] [LOG] Loading '' @ http://localhost:3001/src/lib/util/state.ts:192
[     814ms] [LOG] Registration successful, scope is: http://localhost:3001/ @ http://localhost:3001/src/routes/+layout.svelte:42
[     864ms] [LOG] [plausible] render {diagramType: flowchart-v2, isRough: false, lengthBucket: 0-10, renderTimeMsBucket: 50-100} @ http://localhost:3001/src/lib/util/stats.ts:89
[    1881ms] [LOG] [plausible] version {mermaidVersion: 11.14.0} @ http://localhost:3001/src/lib/util/stats.ts:89
[    1954ms] [LOG] Loading '' @ http://localhost:3001/src/lib/util/state.ts:192
[    2014ms] [LOG] Registration successful, scope is: http://localhost:3001/ @ http://localhost:3001/src/routes/+layout.svelte:42
[    2065ms] [LOG] [plausible] render {diagramType: flowchart-v2, isRough: false, lengthBucket: 0-10, renderTimeMsBucket: 50-100} @ http://localhost:3001/src/lib/util/stats.ts:89
[    2632ms] [LOG] [plausible] version {mermaidVersion: 11.14.0} @ http://localhost:3001/src/lib/util/stats.ts:89
[    2693ms] [LOG] Loading '' @ http://localhost:3001/src/lib/util/state.ts:192
[    2750ms] [LOG] Registration successful, scope is: http://localhost:3001/ @ http://localhost:3001/src/routes/+layout.svelte:42
[    2800ms] [LOG] [plausible] render {diagramType: flowchart-v2, isRough: false, lengthBucket: 0-10, renderTimeMsBucket: 50-100} @ http://localhost:3001/src/lib/util/stats.ts:89
[    3265ms] [LOG] [plausible] version {mermaidVersion: 11.14.0} @ http://localhost:3001/src/lib/util/stats.ts:89
[    3332ms] [LOG] Loading '' @ http://localhost:3001/src/lib/util/state.ts:192
[    3383ms] [LOG] Registration successful, scope is: http://localhost:3001/ @ http://localhost:3001/src/routes/+layout.svelte:42
[    3437ms] [LOG] [plausible] render {diagramType: flowchart-v2, isRough: false, lengthBucket: 0-10, renderTimeMsBucket: 50-100} @ http://localhost:3001/src/lib/util/stats.ts:89
[    3977ms] [LOG] [plausible] version {mermaidVersion: 11.14.0} @ http://localhost:3001/src/lib/util/stats.ts:89
[    4044ms] [LOG] Loading '' @ http://localhost:3001/src/lib/util/state.ts:192
[    4096ms] [LOG] Registration successful, scope is: http://localhost:3001/ @ http://localhost:3001/src/routes/+layout.svelte:42
[    4131ms] [LOG] [plausible] render {diagramType: flowchart-v2, isRough: false, lengthBucket: 0-10, renderTimeMsBucket: 50-100} @ http://localhost:3001/src/lib/util/stats.ts:89
[    4636ms] [LOG] [plausible] version {mermaidVersion: 11.14.0} @ http://localhost:3001/src/lib/util/stats.ts:89
[    4698ms] [LOG] Loading '' @ http://localhost:3001/src/lib/util/state.ts:192
[    4752ms] [LOG] Registration successful, scope is: http://localhost:3001/ @ http://localhost:3001/src/routes/+layout.svelte:42
[    4798ms] [LOG] [plausible] render {diagramType: flowchart-v2, isRough: false, lengthBucket: 0-10, renderTimeMsBucket: 50-100} @ http://localhost:3001/src/lib/util/stats.ts:89
[    5354ms] [LOG] [plausible] version {mermaidVersion: 11.14.0} @ http://localhost:3001/src/lib/util/stats.ts:89
[    5422ms] [LOG] Loading '' @ http://localhost:3001/src/lib/util/state.ts:192
[    5473ms] [LOG] Registration successful, scope is: http://localhost:3001/ @ http://localhost:3001/src/routes/+layout.svelte:42
[    5511ms] [LOG] [plausible] render {diagramType: flowchart-v2, isRough: false, lengthBucket: 0-10, renderTimeMsBucket: 50-100} @ http://localhost:3001/src/lib/util/stats.ts:89
[    5995ms] [LOG] [plausible] version {mermaidVersion: 11.14.0} @ http://localhost:3001/src/lib/util/stats.ts:89
[    6066ms] [LOG] Loading '' @ http://localhost:3001/src/lib/util/state.ts:192
[    6138ms] [LOG] Registration successful, scope is: http://localhost:3001/ @ http://localhost:3001/src/routes/+layout.svelte:42
[    6191ms] [LOG] [plausible] render {diagramType: flowchart-v2, isRough: false, lengthBucket: 0-10, renderTimeMsBucket: 50-100} @ http://localhost:3001/src/lib/util/stats.ts:89
[    6657ms] [LOG] [plausible] version {mermaidVersion: 11.14.0} @ http://localhost:3001/src/lib/util/stats.ts:89
[    6721ms] [LOG] Loading '' @ http://localhost:3001/src/lib/util/state.ts:192
[    6777ms] [LOG] Registration successful, scope is: http://localhost:3001/ @ http://localhost:3001/src/routes/+layout.svelte:42
[    6848ms] [LOG] [plausible] render {diagramType: flowchart-v2, isRough: false, lengthBucket: 0-10, renderTimeMsBucket: 100-200} @ http://localhost:3001/src/lib/util/stats.ts:89
[    7329ms] [LOG] [plausible] version {mermaidVersion: 11.14.0} @ http://localhost:3001/src/lib/util/stats.ts:89
[    7398ms] [LOG] Loading '' @ http://localhost:3001/src/lib/util/state.ts:192
[    7449ms] [LOG] Registration successful, scope is: http://localhost:3001/ @ http://localhost:3001/src/routes/+layout.svelte:42
[    7505ms] [LOG] [plausible] render {diagramType: flowchart-v2, isRough: false, lengthBucket: 0-10, renderTimeMsBucket: 50-100} @ http://localhost:3001/src/lib/util/stats.ts:89
[    7992ms] [LOG] [plausible] version {mermaidVersion: 11.14.0} @ http://localhost:3001/src/lib/util/stats.ts:89
[    8042ms] [LOG] Loading '' @ http://localhost:3001/src/lib/util/state.ts:192
[    8091ms] [LOG] Registration successful, scope is: http://localhost:3001/ @ http://localhost:3001/src/routes/+layout.svelte:42
[    8121ms] [LOG] [plausible] render {diagramType: flowchart-v2, isRough: false, lengthBucket: 0-10, renderTimeMsBucket: 50-100} @ http://localhost:3001/src/lib/util/stats.ts:89
[    8639ms] [LOG] [plausible] version {mermaidVersion: 11.14.0} @ http://localhost:3001/src/lib/util/stats.ts:89
[    8699ms] [LOG] Loading '' @ http://localhost:3001/src/lib/util/state.ts:192
[    8741ms] [LOG] Registration successful, scope is: http://localhost:3001/ @ http://localhost:3001/src/routes/+layout.svelte:42
[    8773ms] [LOG] [plausible] render {diagramType: flowchart-v2, isRough: false, lengthBucket: 0-10, renderTimeMsBucket: 50-100} @ http://localhost:3001/src/lib/util/stats.ts:89
[    9268ms] [LOG] [plausible] version {mermaidVersion: 11.14.0} @ http://localhost:3001/src/lib/util/stats.ts:89
[    9325ms] [LOG] Loading '' @ http://localhost:3001/src/lib/util/state.ts:192
[    9372ms] [LOG] Registration successful, scope is: http://localhost:3001/ @ http://localhost:3001/src/routes/+layout.svelte:42
[    9412ms] [LOG] [plausible] render {diagramType: flowchart-v2, isRough: false, lengthBucket: 0-10, renderTimeMsBucket: 50-100} @ http://localhost:3001/src/lib/util/stats.ts:89
[    9868ms] [LOG] [plausible] version {mermaidVersion: 11.14.0} @ http://localhost:3001/src/lib/util/stats.ts:89
[    9931ms] [LOG] Loading '' @ http://localhost:3001/src/lib/util/state.ts:192
[    9985ms] [LOG] Registration successful, scope is: http://localhost:3001/ @ http://localhost:3001/src/routes/+layout.svelte:42
[   10035ms] [LOG] [plausible] render {diagramType: flowchart-v2, isRough: false, lengthBucket: 0-10, renderTimeMsBucket: 50-100} @ http://localhost:3001/src/lib/util/stats.ts:89
[   10509ms] [LOG] [plausible] version {mermaidVersion: 11.14.0} @ http://localhost:3001/src/lib/util/stats.ts:89
[   10575ms] [LOG] Loading '' @ http://localhost:3001/src/lib/util/state.ts:192
[   10628ms] [LOG] Registration successful, scope is: http://localhost:3001/ @ http://localhost:3001/src/routes/+layout.svelte:42
[   10678ms] [LOG] [plausible] render {diagramType: flowchart-v2, isRough: false, lengthBucket: 0-10, renderTimeMsBucket: 50-100} @ http://localhost:3001/src/lib/util/stats.ts:89
[   11171ms] [LOG] [plausible] version {mermaidVersion: 11.14.0} @ http://localhost:3001/src/lib/util/stats.ts:89
[   11225ms] [LOG] Loading '' @ http://localhost:3001/src/lib/util/state.ts:192
[   11274ms] [LOG] Registration successful, scope is: http://localhost:3001/ @ http://localhost:3001/src/routes/+layout.svelte:42
[   11323ms] [LOG] [plausible] render {diagramType: flowchart-v2, isRough: false, lengthBucket: 0-10, renderTimeMsBucket: 50-100} @ http://localhost:3001/src/lib/util/stats.ts:89
[   11784ms] [LOG] [plausible] version {mermaidVersion: 11.14.0} @ http://localhost:3001/src/lib/util/stats.ts:89
[   11848ms] [LOG] Loading '' @ http://localhost:3001/src/lib/util/state.ts:192
[   11899ms] [LOG] Registration successful, scope is: http://localhost:3001/ @ http://localhost:3001/src/routes/+layout.svelte:42
[   11929ms] [LOG] [plausible] render {diagramType: flowchart-v2, isRough: false, lengthBucket: 0-10, renderTimeMsBucket: 50-100} @ http://localhost:3001/src/lib/util/stats.ts:89
[   12385ms] [LOG] [plausible] version {mermaidVersion: 11.14.0} @ http://localhost:3001/src/lib/util/stats.ts:89
[   12456ms] [LOG] Loading '' @ http://localhost:3001/src/lib/util/state.ts:192
[   12508ms] [LOG] Registration successful, scope is: http://localhost:3001/ @ http://localhost:3001/src/routes/+layout.svelte:42
[   12558ms] [LOG] [plausible] render {diagramType: flowchart-v2, isRough: false, lengthBucket: 0-10, renderTimeMsBucket: 50-100} @ http://localhost:3001/src/lib/util/stats.ts:89
[   13001ms] [LOG] [plausible] version {mermaidVersion: 11.14.0} @ http://localhost:3001/src/lib/util/stats.ts:89
[   13077ms] [LOG] Loading '' @ http://localhost:3001/src/lib/util/state.ts:192
[   13130ms] [LOG] Registration successful, scope is: http://localhost:3001/ @ http://localhost:3001/src/routes/+layout.svelte:42
[   13165ms] [LOG] [plausible] render {diagramType: flowchart-v2, isRough: false, lengthBucket: 0-10, renderTimeMsBucket: 50-100} @ http://localhost:3001/src/lib/util/stats.ts:89
[   13599ms] [LOG] [plausible] version {mermaidVersion: 11.14.0} @ http://localhost:3001/src/lib/util/stats.ts:89
[   13660ms] [LOG] Loading '' @ http://localhost:3001/src/lib/util/state.ts:192
[   13706ms] [LOG] Registration successful, scope is: http://localhost:3001/ @ http://localhost:3001/src/routes/+layout.svelte:42
[   13742ms] [LOG] [plausible] render {diagramType: flowchart-v2, isRough: false, lengthBucket: 0-10, renderTimeMsBucket: 50-100} @ http://localhost:3001/src/lib/util/stats.ts:89
[   14246ms] [LOG] [plausible] version {mermaidVersion: 11.14.0} @ http://localhost:3001/src/lib/util/stats.ts:89
[   14300ms] [LOG] Loading '' @ http://localhost:3001/src/lib/util/state.ts:192
[   14359ms] [LOG] Registration successful, scope is: http://localhost:3001/ @ http://localhost:3001/src/routes/+layout.svelte:42
[   14414ms] [LOG] [plausible] render {diagramType: flowchart-v2, isRough: false, lengthBucket: 0-10, renderTimeMsBucket: 50-100} @ http://localhost:3001/src/lib/util/stats.ts:89
[   14874ms] [LOG] [plausible] version {mermaidVersion: 11.14.0} @ http://localhost:3001/src/lib/util/stats.ts:89
[   14943ms] [LOG] Loading '' @ http://localhost:3001/src/lib/util/state.ts:192
[   14995ms] [LOG] Registration successful, scope is: http://localhost:3001/ @ http://localhost:3001/src/routes/+layout.svelte:42
[   15047ms] [LOG] [plausible] render {diagramType: flowchart-v2, isRough: false, lengthBucket: 0-10, renderTimeMsBucket: 50-100} @ http://localhost:3001/src/lib/util/stats.ts:89
[   15490ms] [LOG] [plausible] version {mermaidVersion: 11.14.0} @ http://localhost:3001/src/lib/util/stats.ts:89
[   15559ms] [LOG] Loading '' @ http://localhost:3001/src/lib/util/state.ts:192
[   15616ms] [LOG] Registration successful, scope is: http://localhost:3001/ @ http://localhost:3001/src/routes/+layout.svelte:42
[   15654ms] [LOG] [plausible] render {diagramType: flowchart-v2, isRough: false, lengthBucket: 0-10, renderTimeMsBucket: 50-100} @ http://localhost:3001/src/lib/util/stats.ts:89
[   16060ms] [LOG] [plausible] version {mermaidVersion: 11.14.0} @ http://localhost:3001/src/lib/util/stats.ts:89
[   16129ms] [LOG] Loading '' @ http://localhost:3001/src/lib/util/state.ts:192
[   16186ms] [LOG] Registration successful, scope is: http://localhost:3001/ @ http://localhost:3001/src/routes/+layout.svelte:42
[   16240ms] [LOG] [plausible] render {diagramType: flowchart-v2, isRough: false, lengthBucket: 0-10, renderTimeMsBucket: 50-100} @ http://localhost:3001/src/lib/util/stats.ts:89
[   16743ms] [LOG] [plausible] version {mermaidVersion: 11.14.0} @ http://localhost:3001/src/lib/util/stats.ts:89
[   16803ms] [LOG] Loading '' @ http://localhost:3001/src/lib/util/state.ts:192
[   16857ms] [LOG] Registration successful, scope is: http://localhost:3001/ @ http://localhost:3001/src/routes/+layout.svelte:42
[   16913ms] [LOG] [plausible] render {diagramType: flowchart-v2, isRough: false, lengthBucket: 0-10, renderTimeMsBucket: 50-100} @ http://localhost:3001/src/lib/util/stats.ts:89
[   17435ms] [LOG] [plausible] version {mermaidVersion: 11.14.0} @ http://localhost:3001/src/lib/util/stats.ts:89
[   17503ms] [LOG] Loading '' @ http://localhost:3001/src/lib/util/state.ts:192
[   17557ms] [LOG] Registration successful, scope is: http://localhost:3001/ @ http://localhost:3001/src/routes/+layout.svelte:42
[   17592ms] [LOG] [plausible] render {diagramType: flowchart-v2, isRough: false, lengthBucket: 0-10, renderTimeMsBucket: 50-100} @ http://localhost:3001/src/lib/util/stats.ts:89
[   18126ms] [LOG] [plausible] version {mermaidVersion: 11.14.0} @ http://localhost:3001/src/lib/util/stats.ts:89
[   18192ms] [LOG] Loading '' @ http://localhost:3001/src/lib/util/state.ts:192
[   18245ms] [LOG] Registration successful, scope is: http://localhost:3001/ @ http://localhost:3001/src/routes/+layout.svelte:42
[   18301ms] [LOG] [plausible] render {diagramType: flowchart-v2, isRough: false, lengthBucket: 0-10, renderTimeMsBucket: 50-100} @ http://localhost:3001/src/lib/util/stats.ts:89
[   18776ms] [LOG] [plausible] version {mermaidVersion: 11.14.0} @ http://localhost:3001/src/lib/util/stats.ts:89
[   18837ms] [LOG] Loading '' @ http://localhost:3001/src/lib/util/state.ts:192
[   18886ms] [LOG] Registration successful, scope is: http://localhost:3001/ @ http://localhost:3001/src/routes/+layout.svelte:42
[   19372ms] [LOG] [plausible] version {mermaidVersion: 11.14.0} @ http://localhost:3001/src/lib/util/stats.ts:89
[   19432ms] [LOG] Loading '' @ http://localhost:3001/src/lib/util/state.ts:192
[   19489ms] [LOG] Registration successful, scope is: http://localhost:3001/ @ http://localhost:3001/src/routes/+layout.svelte:42
[   19536ms] [LOG] [plausible] render {diagramType: flowchart-v2, isRough: false, lengthBucket: 0-10, renderTimeMsBucket: 50-100} @ http://localhost:3001/src/lib/util/stats.ts:89
[   19964ms] [LOG] [plausible] version {mermaidVersion: 11.14.0} @ http://localhost:3001/src/lib/util/stats.ts:89
[   20029ms] [LOG] Loading '' @ http://localhost:3001/src/lib/util/state.ts:192
[   20081ms] [LOG] Registration successful, scope is: http://localhost:3001/ @ http://localhost:3001/src/routes/+layout.svelte:42
[   20137ms] [LOG] [plausible] render {diagramType: flowchart-v2, isRough: false, lengthBucket: 0-10, renderTimeMsBucket: 50-100} @ http://localhost:3001/src/lib/util/stats.ts:89
[   20576ms] [LOG] [plausible] version {mermaidVersion: 11.14.0} @ http://localhost:3001/src/lib/util/stats.ts:89
[   20647ms] [LOG] Loading '' @ http://localhost:3001/src/lib/util/state.ts:192
[   20695ms] [LOG] Registration successful, scope is: http://localhost:3001/ @ http://localhost:3001/src/routes/+layout.svelte:42
[   20737ms] [LOG] [plausible] render {diagramType: flowchart-v2, isRough: false, lengthBucket: 0-10, renderTimeMsBucket: 50-100} @ http://localhost:3001/src/lib/util/stats.ts:89
[   21213ms] [LOG] [plausible] version {mermaidVersion: 11.14.0} @ http://localhost:3001/src/lib/util/stats.ts:89
[   21277ms] [LOG] Loading '' @ http://localhost:3001/src/lib/util/state.ts:192
[   21334ms] [LOG] Registration successful, scope is: http://localhost:3001/ @ http://localhost:3001/src/routes/+layout.svelte:42
[   21376ms] [LOG] [plausible] render {diagramType: flowchart-v2, isRough: false, lengthBucket: 0-10, renderTimeMsBucket: 50-100} @ http://localhost:3001/src/lib/util/stats.ts:89
[   21831ms] [LOG] [plausible] version {mermaidVersion: 11.14.0} @ http://localhost:3001/src/lib/util/stats.ts:89
[   21894ms] [LOG] Loading '' @ http://localhost:3001/src/lib/util/state.ts:192
[   21943ms] [LOG] Registration successful, scope is: http://localhost:3001/ @ http://localhost:3001/src/routes/+layout.svelte:42
[   21988ms] [LOG] [plausible] render {diagramType: flowchart-v2, isRough: false, lengthBucket: 0-10, renderTimeMsBucket: 50-100} @ http://localhost:3001/src/lib/util/stats.ts:89
[   22436ms] [LOG] [plausible] version {mermaidVersion: 11.14.0} @ http://localhost:3001/src/lib/util/stats.ts:89
[   22512ms] [LOG] Loading '' @ http://localhost:3001/src/lib/util/state.ts:192
[   22567ms] [LOG] Registration successful, scope is: http://localhost:3001/ @ http://localhost:3001/src/routes/+layout.svelte:42
[   22607ms] [LOG] [plausible] render {diagramType: flowchart-v2, isRough: false, lengthBucket: 0-10, renderTimeMsBucket: 50-100} @ http://localhost:3001/src/lib/util/stats.ts:89
[   23203ms] [LOG] [plausible] version {mermaidVersion: 11.14.0} @ http://localhost:3001/src/lib/util/stats.ts:89
[   23257ms] [LOG] Loading '' @ http://localhost:3001/src/lib/util/state.ts:192
[   23297ms] [LOG] Registration successful, scope is: http://localhost:3001/ @ http://localhost:3001/src/routes/+layout.svelte:42
[   23340ms] [LOG] [plausible] render {diagramType: flowchart-v2, isRough: false, lengthBucket: 0-10, renderTimeMsBucket: 50-100} @ http://localhost:3001/src/lib/util/stats.ts:89
[   23948ms] [LOG] [plausible] version {mermaidVersion: 11.14.0} @ http://localhost:3001/src/lib/util/stats.ts:89
[   24001ms] [LOG] Loading '' @ http://localhost:3001/src/lib/util/state.ts:192
[   24039ms] [LOG] Registration successful, scope is: http://localhost:3001/ @ http://localhost:3001/src/routes/+layout.svelte:42
[   24078ms] [LOG] [plausible] render {diagramType: flowchart-v2, isRough: false, lengthBucket: 0-10, renderTimeMsBucket: 50-100} @ http://localhost:3001/src/lib/util/stats.ts:89
[   24657ms] [LOG] [plausible] version {mermaidVersion: 11.14.0} @ http://localhost:3001/src/lib/util/stats.ts:89
[   24706ms] [LOG] Loading '' @ http://localhost:3001/src/lib/util/state.ts:192
[   24752ms] [LOG] Registration successful, scope is: http://localhost:3001/ @ http://localhost:3001/src/routes/+layout.svelte:42
[   24781ms] [LOG] [plausible] render {diagramType: flowchart-v2, isRough: false, lengthBucket: 0-10, renderTimeMsBucket: 50-100} @ http://localhost:3001/src/lib/util/stats.ts:89
[   26006ms] [LOG] [plausible] version {mermaidVersion: 11.14.0} @ http://localhost:3001/src/lib/util/stats.ts:89
[   26065ms] [LOG] Loading '' @ http://localhost:3001/src/lib/util/state.ts:192
[   26114ms] [LOG] Registration successful, scope is: http://localhost:3001/ @ http://localhost:3001/src/routes/+layout.svelte:42
[   26147ms] [LOG] [plausible] render {diagramType: flowchart-v2, isRough: false, lengthBucket: 0-10, renderTimeMsBucket: 50-100} @ http://localhost:3001/src/lib/util/stats.ts:89
[   26714ms] [LOG] [plausible] version {mermaidVersion: 11.14.0} @ http://localhost:3001/src/lib/util/stats.ts:89
[   26763ms] [LOG] Loading '' @ http://localhost:3001/src/lib/util/state.ts:192
[   26799ms] [LOG] Registration successful, scope is: http://localhost:3001/ @ http://localhost:3001/src/routes/+layout.svelte:42
[   26826ms] [LOG] [plausible] render {diagramType: flowchart-v2, isRough: false, lengthBucket: 0-10, renderTimeMsBucket: 25-50} @ http://localhost:3001/src/lib/util/stats.ts:89
[   27393ms] [LOG] [plausible] version {mermaidVersion: 11.14.0} @ http://localhost:3001/src/lib/util/stats.ts:89
[   27443ms] [LOG] Loading '' @ http://localhost:3001/src/lib/util/state.ts:192
[   27496ms] [LOG] Registration successful, scope is: http://localhost:3001/ @ http://localhost:3001/src/routes/+layout.svelte:42
[   27531ms] [LOG] [plausible] render {diagramType: flowchart-v2, isRough: false, lengthBucket: 0-10, renderTimeMsBucket: 50-100} @ http://localhost:3001/src/lib/util/stats.ts:89
[   28070ms] [LOG] [plausible] version {mermaidVersion: 11.14.0} @ http://localhost:3001/src/lib/util/stats.ts:89
[   28120ms] [LOG] Loading '' @ http://localhost:3001/src/lib/util/state.ts:192
[   28164ms] [LOG] Registration successful, scope is: http://localhost:3001/ @ http://localhost:3001/src/routes/+layout.svelte:42
[   28195ms] [LOG] [plausible] render {diagramType: flowchart-v2, isRough: false, lengthBucket: 0-10, renderTimeMsBucket: 50-100} @ http://localhost:3001/src/lib/util/stats.ts:89
[   28754ms] [LOG] [plausible] version {mermaidVersion: 11.14.0} @ http://localhost:3001/src/lib/util/stats.ts:89
[   28808ms] [LOG] Loading '' @ http://localhost:3001/src/lib/util/state.ts:192
[   28850ms] [LOG] Registration successful, scope is: http://localhost:3001/ @ http://localhost:3001/src/routes/+layout.svelte:42
[   28881ms] [LOG] [plausible] render {diagramType: flowchart-v2, isRough: false, lengthBucket: 0-10, renderTimeMsBucket: 50-100} @ http://localhost:3001/src/lib/util/stats.ts:89
[   29430ms] [LOG] [plausible] version {mermaidVersion: 11.14.0} @ http://localhost:3001/src/lib/util/stats.ts:89
[   29479ms] [LOG] Loading '' @ http://localhost:3001/src/lib/util/state.ts:192
[   29515ms] [LOG] Registration successful, scope is: http://localhost:3001/ @ http://localhost:3001/src/routes/+layout.svelte:42
[   29543ms] [LOG] [plausible] render {diagramType: flowchart-v2, isRough: false, lengthBucket: 0-10, renderTimeMsBucket: 25-50} @ http://localhost:3001/src/lib/util/stats.ts:89
[   30108ms] [LOG] [plausible] version {mermaidVersion: 11.14.0} @ http://localhost:3001/src/lib/util/stats.ts:89
[   30153ms] [LOG] Loading '' @ http://localhost:3001/src/lib/util/state.ts:192
[   30207ms] [LOG] Registration successful, scope is: http://localhost:3001/ @ http://localhost:3001/src/routes/+layout.svelte:42
[   30237ms] [LOG] [plausible] render {diagramType: flowchart-v2, isRough: false, lengthBucket: 0-10, renderTimeMsBucket: 50-100} @ http://localhost:3001/src/lib/util/stats.ts:89
[   30825ms] [LOG] [plausible] version {mermaidVersion: 11.14.0} @ http://localhost:3001/src/lib/util/stats.ts:89
[   30875ms] [LOG] Loading '' @ http://localhost:3001/src/lib/util/state.ts:192
[   30912ms] [LOG] Registration successful, scope is: http://localhost:3001/ @ http://localhost:3001/src/routes/+layout.svelte:42
[   30965ms] [LOG] [plausible] render {diagramType: flowchart-v2, isRough: false, lengthBucket: 0-10, renderTimeMsBucket: 50-100} @ http://localhost:3001/src/lib/util/stats.ts:89
[   31528ms] [LOG] [plausible] version {mermaidVersion: 11.14.0} @ http://localhost:3001/src/lib/util/stats.ts:89
[   31578ms] [LOG] Loading '' @ http://localhost:3001/src/lib/util/state.ts:192
[   31632ms] [LOG] Registration successful, scope is: http://localhost:3001/ @ http://localhost:3001/src/routes/+layout.svelte:42
[   31675ms] [LOG] [plausible] render {diagramType: flowchart-v2, isRough: false, lengthBucket: 0-10, renderTimeMsBucket: 50-100} @ http://localhost:3001/src/lib/util/stats.ts:89
[   32214ms] [LOG] [plausible] version {mermaidVersion: 11.14.0} @ http://localhost:3001/src/lib/util/stats.ts:89
[   32261ms] [LOG] Loading '' @ http://localhost:3001/src/lib/util/state.ts:192
[   32305ms] [LOG] Registration successful, scope is: http://localhost:3001/ @ http://localhost:3001/src/routes/+layout.svelte:42
[   32343ms] [LOG] [plausible] render {diagramType: flowchart-v2, isRough: false, lengthBucket: 0-10, renderTimeMsBucket: 50-100} @ http://localhost:3001/src/lib/util/stats.ts:89
[   32894ms] [LOG] [plausible] version {mermaidVersion: 11.14.0} @ http://localhost:3001/src/lib/util/stats.ts:89
[   32945ms] [LOG] Loading '' @ http://localhost:3001/src/lib/util/state.ts:192
[   32989ms] [LOG] Registration successful, scope is: http://localhost:3001/ @ http://localhost:3001/src/routes/+layout.svelte:42
[   33016ms] [LOG] [plausible] render {diagramType: flowchart-v2, isRough: false, lengthBucket: 0-10, renderTimeMsBucket: 25-50} @ http://localhost:3001/src/lib/util/stats.ts:89
[   33597ms] [LOG] [plausible] version {mermaidVersion: 11.14.0} @ http://localhost:3001/src/lib/util/stats.ts:89
[   33646ms] [LOG] Loading '' @ http://localhost:3001/src/lib/util/state.ts:192
[   33684ms] [LOG] Registration successful, scope is: http://localhost:3001/ @ http://localhost:3001/src/routes/+layout.svelte:42
[   33711ms] [LOG] [plausible] render {diagramType: flowchart-v2, isRough: false, lengthBucket: 0-10, renderTimeMsBucket: 25-50} @ http://localhost:3001/src/lib/util/stats.ts:89
[   34276ms] [LOG] [plausible] version {mermaidVersion: 11.14.0} @ http://localhost:3001/src/lib/util/stats.ts:89
[   34318ms] [LOG] Loading '' @ http://localhost:3001/src/lib/util/state.ts:192
[   34358ms] [LOG] Registration successful, scope is: http://localhost:3001/ @ http://localhost:3001/src/routes/+layout.svelte:42
[   34395ms] [LOG] [plausible] render {diagramType: flowchart-v2, isRough: false, lengthBucket: 0-10, renderTimeMsBucket: 50-100} @ http://localhost:3001/src/lib/util/stats.ts:89
[   34918ms] [LOG] [plausible] version {mermaidVersion: 11.14.0} @ http://localhost:3001/src/lib/util/stats.ts:89
[   34968ms] [LOG] Loading '' @ http://localhost:3001/src/lib/util/state.ts:192
[   35019ms] [LOG] Registration successful, scope is: http://localhost:3001/ @ http://localhost:3001/src/routes/+layout.svelte:42
[   35063ms] [LOG] [plausible] render {diagramType: flowchart-v2, isRough: false, lengthBucket: 0-10, renderTimeMsBucket: 50-100} @ http://localhost:3001/src/lib/util/stats.ts:89
[   35615ms] [LOG] [plausible] version {mermaidVersion: 11.14.0} @ http://localhost:3001/src/lib/util/stats.ts:89
[   35660ms] [LOG] Loading '' @ http://localhost:3001/src/lib/util/state.ts:192
[   35703ms] [LOG] Registration successful, scope is: http://localhost:3001/ @ http://localhost:3001/src/routes/+layout.svelte:42
[   35731ms] [LOG] [plausible] render {diagramType: flowchart-v2, isRough: false, lengthBucket: 0-10, renderTimeMsBucket: 50-100} @ http://localhost:3001/src/lib/util/stats.ts:89
[   36298ms] [LOG] [plausible] version {mermaidVersion: 11.14.0} @ http://localhost:3001/src/lib/util/stats.ts:89
[   36345ms] [LOG] Loading '' @ http://localhost:3001/src/lib/util/state.ts:192
[   36387ms] [LOG] Registration successful, scope is: http://localhost:3001/ @ http://localhost:3001/src/routes/+layout.svelte:42
[   36429ms] [LOG] [plausible] render {diagramType: flowchart-v2, isRough: false, lengthBucket: 0-10, renderTimeMsBucket: 50-100} @ http://localhost:3001/src/lib/util/stats.ts:89
[   37006ms] [LOG] [plausible] version {mermaidVersion: 11.14.0} @ http://localhost:3001/src/lib/util/stats.ts:89
[   37073ms] [LOG] Loading '' @ http://localhost:3001/src/lib/util/state.ts:192
[   37127ms] [LOG] Registration successful, scope is: http://localhost:3001/ @ http://localhost:3001/src/routes/+layout.svelte:42
[   37177ms] [LOG] [plausible] render {diagramType: flowchart-v2, isRough: false, lengthBucket: 0-10, renderTimeMsBucket: 50-100} @ http://localhost:3001/src/lib/util/stats.ts:89
[   37780ms] [LOG] [plausible] version {mermaidVersion: 11.14.0} @ http://localhost:3001/src/lib/util/stats.ts:89
[   37848ms] [LOG] Loading '' @ http://localhost:3001/src/lib/util/state.ts:192
[   37899ms] [LOG] Registration successful, scope is: http://localhost:3001/ @ http://localhost:3001/src/routes/+layout.svelte:42
[   37936ms] [LOG] [plausible] render {diagramType: flowchart-v2, isRough: false, lengthBucket: 0-10, renderTimeMsBucket: 50-100} @ http://localhost:3001/src/lib/util/stats.ts:89
[   38536ms] [LOG] [plausible] version {mermaidVersion: 11.14.0} @ http://localhost:3001/src/lib/util/stats.ts:89
[   38601ms] [LOG] Loading '' @ http://localhost:3001/src/lib/util/state.ts:192
[   38652ms] [LOG] Registration successful, scope is: http://localhost:3001/ @ http://localhost:3001/src/routes/+layout.svelte:42
[   38686ms] [LOG] [plausible] render {diagramType: flowchart-v2, isRough: false, lengthBucket: 0-10, renderTimeMsBucket: 50-100} @ http://localhost:3001/src/lib/util/stats.ts:89
[   39298ms] [LOG] [plausible] version {mermaidVersion: 11.14.0} @ http://localhost:3001/src/lib/util/stats.ts:89
[   39363ms] [LOG] Loading '' @ http://localhost:3001/src/lib/util/state.ts:192
[   39415ms] [LOG] Registration successful, scope is: http://localhost:3001/ @ http://localhost:3001/src/routes/+layout.svelte:42
[   39458ms] [LOG] [plausible] render {diagramType: flowchart-v2, isRough: false, lengthBucket: 0-10, renderTimeMsBucket: 50-100} @ http://localhost:3001/src/lib/util/stats.ts:89
[   40054ms] [LOG] [plausible] version {mermaidVersion: 11.14.0} @ http://localhost:3001/src/lib/util/stats.ts:89
[   40123ms] [LOG] Loading '' @ http://localhost:3001/src/lib/util/state.ts:192
[   40174ms] [LOG] Registration successful, scope is: http://localhost:3001/ @ http://localhost:3001/src/routes/+layout.svelte:42
[   40215ms] [LOG] [plausible] render {diagramType: flowchart-v2, isRough: false, lengthBucket: 0-10, renderTimeMsBucket: 50-100} @ http://localhost:3001/src/lib/util/stats.ts:89
[   40821ms] [LOG] [plausible] version {mermaidVersion: 11.14.0} @ http://localhost:3001/src/lib/util/stats.ts:89
[   40873ms] [LOG] Loading '' @ http://localhost:3001/src/lib/util/state.ts:192
[   40923ms] [LOG] Registration successful, scope is: http://localhost:3001/ @ http://localhost:3001/src/routes/+layout.svelte:42
[   40958ms] [LOG] [plausible] render {diagramType: flowchart-v2, isRough: false, lengthBucket: 0-10, renderTimeMsBucket: 50-100} @ http://localhost:3001/src/lib/util/stats.ts:89
[   42349ms] [LOG] [plausible] version {mermaidVersion: 11.14.0} @ http://localhost:3001/src/lib/util/stats.ts:89
[   42409ms] [LOG] Loading '' @ http://localhost:3001/src/lib/util/state.ts:192
[   42466ms] [LOG] Registration successful, scope is: http://localhost:3001/ @ http://localhost:3001/src/routes/+layout.svelte:42
[   42513ms] [LOG] [plausible] render {diagramType: flowchart-v2, isRough: false, lengthBucket: 0-10, renderTimeMsBucket: 50-100} @ http://localhost:3001/src/lib/util/stats.ts:89
[   43388ms] [LOG] [plausible] version {mermaidVersion: 11.14.0} @ http://localhost:3001/src/lib/util/stats.ts:89
[   43452ms] [LOG] Loading '' @ http://localhost:3001/src/lib/util/state.ts:192
[   43506ms] [LOG] Registration successful, scope is: http://localhost:3001/ @ http://localhost:3001/src/routes/+layout.svelte:42
[   43539ms] [LOG] [plausible] render {diagramType: flowchart-v2, isRough: false, lengthBucket: 0-10, renderTimeMsBucket: 50-100} @ http://localhost:3001/src/lib/util/stats.ts:89
[   44138ms] [LOG] [plausible] version {mermaidVersion: 11.14.0} @ http://localhost:3001/src/lib/util/stats.ts:89
[   44199ms] [LOG] Loading '' @ http://localhost:3001/src/lib/util/state.ts:192
[   44252ms] [LOG] Registration successful, scope is: http://localhost:3001/ @ http://localhost:3001/src/routes/+layout.svelte:42
[   44309ms] [LOG] [plausible] render {diagramType: flowchart-v2, isRough: false, lengthBucket: 0-10, renderTimeMsBucket: 50-100} @ http://localhost:3001/src/lib/util/stats.ts:89
[   44912ms] [LOG] [plausible] version {mermaidVersion: 11.14.0} @ http://localhost:3001/src/lib/util/stats.ts:89
[   44978ms] [LOG] Loading '' @ http://localhost:3001/src/lib/util/state.ts:192
[   45032ms] [LOG] Registration successful, scope is: http://localhost:3001/ @ http://localhost:3001/src/routes/+layout.svelte:42
[   45072ms] [LOG] [plausible] render {diagramType: flowchart-v2, isRough: false, lengthBucket: 0-10, renderTimeMsBucket: 50-100} @ http://localhost:3001/src/lib/util/stats.ts:89
[   45665ms] [LOG] [plausible] version {mermaidVersion: 11.14.0} @ http://localhost:3001/src/lib/util/stats.ts:89
[   45733ms] [LOG] Loading '' @ http://localhost:3001/src/lib/util/state.ts:192
[   45783ms] [LOG] Registration successful, scope is: http://localhost:3001/ @ http://localhost:3001/src/routes/+layout.svelte:42
[   45829ms] [LOG] [plausible] render {diagramType: flowchart-v2, isRough: false, lengthBucket: 0-10, renderTimeMsBucket: 50-100} @ http://localhost:3001/src/lib/util/stats.ts:89
[   46472ms] [LOG] [plausible] version {mermaidVersion: 11.14.0} @ http://localhost:3001/src/lib/util/stats.ts:89
[   46528ms] [LOG] Loading '' @ http://localhost:3001/src/lib/util/state.ts:192
[   46587ms] [LOG] Registration successful, scope is: http://localhost:3001/ @ http://localhost:3001/src/routes/+layout.svelte:42
[   46642ms] [LOG] [plausible] render {diagramType: flowchart-v2, isRough: false, lengthBucket: 0-10, renderTimeMsBucket: 50-100} @ http://localhost:3001/src/lib/util/stats.ts:89
[   47252ms] [LOG] [plausible] version {mermaidVersion: 11.14.0} @ http://localhost:3001/src/lib/util/stats.ts:89
[   47304ms] [LOG] Loading '' @ http://localhost:3001/src/lib/util/state.ts:192
[   47342ms] [LOG] Registration successful, scope is: http://localhost:3001/ @ http://localhost:3001/src/routes/+layout.svelte:42
[   47384ms] [LOG] [plausible] render {diagramType: flowchart-v2, isRough: false, lengthBucket: 0-10, renderTimeMsBucket: 50-100} @ http://localhost:3001/src/lib/util/stats.ts:89
[   47987ms] [LOG] [plausible] version {mermaidVersion: 11.14.0} @ http://localhost:3001/src/lib/util/stats.ts:89
[   48046ms] [LOG] Loading '' @ http://localhost:3001/src/lib/util/state.ts:192
[   48092ms] [LOG] Registration successful, scope is: http://localhost:3001/ @ http://localhost:3001/src/routes/+layout.svelte:42
[   48683ms] [LOG] [plausible] version {mermaidVersion: 11.14.0} @ http://localhost:3001/src/lib/util/stats.ts:89
[   48737ms] [LOG] Loading '' @ http://localhost:3001/src/lib/util/state.ts:192
[   48778ms] [LOG] Registration successful, scope is: http://localhost:3001/ @ http://localhost:3001/src/routes/+layout.svelte:42
[   48806ms] [LOG] [plausible] render {diagramType: flowchart-v2, isRough: false, lengthBucket: 0-10, renderTimeMsBucket: 50-100} @ http://localhost:3001/src/lib/util/stats.ts:89
[   49367ms] [LOG] [plausible] version {mermaidVersion: 11.14.0} @ http://localhost:3001/src/lib/util/stats.ts:89
[   49415ms] [LOG] Loading '' @ http://localhost:3001/src/lib/util/state.ts:192
[   49451ms] [LOG] Registration successful, scope is: http://localhost:3001/ @ http://localhost:3001/src/routes/+layout.svelte:42
[   49480ms] [LOG] [plausible] render {diagramType: flowchart-v2, isRough: false, lengthBucket: 0-10, renderTimeMsBucket: 25-50} @ http://localhost:3001/src/lib/util/stats.ts:89
[   50064ms] [LOG] [plausible] version {mermaidVersion: 11.14.0} @ http://localhost:3001/src/lib/util/stats.ts:89
[   50121ms] [LOG] Loading '' @ http://localhost:3001/src/lib/util/state.ts:192
[   50167ms] [LOG] Registration successful, scope is: http://localhost:3001/ @ http://localhost:3001/src/routes/+layout.svelte:42
[   50206ms] [LOG] [plausible] render {diagramType: flowchart-v2, isRough: false, lengthBucket: 0-10, renderTimeMsBucket: 50-100} @ http://localhost:3001/src/lib/util/stats.ts:89
[   50824ms] [LOG] [plausible] version {mermaidVersion: 11.14.0} @ http://localhost:3001/src/lib/util/stats.ts:89
[   50879ms] [LOG] Loading '' @ http://localhost:3001/src/lib/util/state.ts:192
[   50918ms] [LOG] Registration successful, scope is: http://localhost:3001/ @ http://localhost:3001/src/routes/+layout.svelte:42
[   50946ms] [LOG] [plausible] render {diagramType: flowchart-v2, isRough: false, lengthBucket: 0-10, renderTimeMsBucket: 25-50} @ http://localhost:3001/src/lib/util/stats.ts:89
[   51567ms] [LOG] [plausible] version {mermaidVersion: 11.14.0} @ http://localhost:3001/src/lib/util/stats.ts:89
[   51626ms] [LOG] Loading '' @ http://localhost:3001/src/lib/util/state.ts:192
[   51674ms] [LOG] Registration successful, scope is: http://localhost:3001/ @ http://localhost:3001/src/routes/+layout.svelte:42
[   51744ms] [LOG] [plausible] render {diagramType: flowchart-v2, isRough: false, lengthBucket: 0-10, renderTimeMsBucket: 50-100} @ http://localhost:3001/src/lib/util/stats.ts:89
[   52341ms] [LOG] [plausible] version {mermaidVersion: 11.14.0} @ http://localhost:3001/src/lib/util/stats.ts:89
[   52388ms] [LOG] Loading '' @ http://localhost:3001/src/lib/util/state.ts:192
[   52428ms] [LOG] Registration successful, scope is: http://localhost:3001/ @ http://localhost:3001/src/routes/+layout.svelte:42
[   52457ms] [LOG] [plausible] render {diagramType: flowchart-v2, isRough: false, lengthBucket: 0-10, renderTimeMsBucket: 50-100} @ http://localhost:3001/src/lib/util/stats.ts:89
[   53032ms] [LOG] [plausible] version {mermaidVersion: 11.14.0} @ http://localhost:3001/src/lib/util/stats.ts:89
[   53081ms] [LOG] Loading '' @ http://localhost:3001/src/lib/util/state.ts:192
[   53115ms] [LOG] Registration successful, scope is: http://localhost:3001/ @ http://localhost:3001/src/routes/+layout.svelte:42
[   53144ms] [LOG] [plausible] render {diagramType: flowchart-v2, isRough: false, lengthBucket: 0-10, renderTimeMsBucket: 25-50} @ http://localhost:3001/src/lib/util/stats.ts:89
[   53700ms] [LOG] [plausible] version {mermaidVersion: 11.14.0} @ http://localhost:3001/src/lib/util/stats.ts:89
[   53748ms] [LOG] Loading '' @ http://localhost:3001/src/lib/util/state.ts:192
[   53796ms] [LOG] Registration successful, scope is: http://localhost:3001/ @ http://localhost:3001/src/routes/+layout.svelte:42
[   53825ms] [LOG] [plausible] render {diagramType: flowchart-v2, isRough: false, lengthBucket: 0-10, renderTimeMsBucket: 50-100} @ http://localhost:3001/src/lib/util/stats.ts:89
[   54396ms] [LOG] [plausible] version {mermaidVersion: 11.14.0} @ http://localhost:3001/src/lib/util/stats.ts:89
[   54447ms] [LOG] Loading '' @ http://localhost:3001/src/lib/util/state.ts:192
[   54484ms] [LOG] Registration successful, scope is: http://localhost:3001/ @ http://localhost:3001/src/routes/+layout.svelte:42
[   54535ms] [LOG] [plausible] render {diagramType: flowchart-v2, isRough: false, lengthBucket: 0-10, renderTimeMsBucket: 50-100} @ http://localhost:3001/src/lib/util/stats.ts:89
[   55614ms] [LOG] [plausible] version {mermaidVersion: 11.14.0} @ http://localhost:3001/src/lib/util/stats.ts:89
[   55667ms] [LOG] Loading '' @ http://localhost:3001/src/lib/util/state.ts:192
[   55703ms] [LOG] Registration successful, scope is: http://localhost:3001/ @ http://localhost:3001/src/routes/+layout.svelte:42
[   55734ms] [LOG] [plausible] render {diagramType: flowchart-v2, isRough: false, lengthBucket: 0-10, renderTimeMsBucket: 50-100} @ http://localhost:3001/src/lib/util/stats.ts:89
[   56493ms] [LOG] [plausible] version {mermaidVersion: 11.14.0} @ http://localhost:3001/src/lib/util/stats.ts:89
[   56543ms] [LOG] Loading '' @ http://localhost:3001/src/lib/util/state.ts:192
[   56583ms] [LOG] Registration successful, scope is: http://localhost:3001/ @ http://localhost:3001/src/routes/+layout.svelte:42
[   56615ms] [LOG] [plausible] render {diagramType: flowchart-v2, isRough: false, lengthBucket: 0-10, renderTimeMsBucket: 50-100} @ http://localhost:3001/src/lib/util/stats.ts:89
[   57189ms] [LOG] [plausible] version {mermaidVersion: 11.14.0} @ http://localhost:3001/src/lib/util/stats.ts:89
[   57239ms] [LOG] Loading '' @ http://localhost:3001/src/lib/util/state.ts:192
[   57276ms] [LOG] Registration successful, scope is: http://localhost:3001/ @ http://localhost:3001/src/routes/+layout.svelte:42
[   57306ms] [LOG] [plausible] render {diagramType: flowchart-v2, isRough: false, lengthBucket: 0-10, renderTimeMsBucket: 25-50} @ http://localhost:3001/src/lib/util/stats.ts:89
[   57870ms] [LOG] [plausible] version {mermaidVersion: 11.14.0} @ http://localhost:3001/src/lib/util/stats.ts:89
[   57919ms] [LOG] Loading '' @ http://localhost:3001/src/lib/util/state.ts:192
[   57959ms] [LOG] Registration successful, scope is: http://localhost:3001/ @ http://localhost:3001/src/routes/+layout.svelte:42
[   57999ms] [LOG] [plausible] render {diagramType: flowchart-v2, isRough: false, lengthBucket: 0-10, renderTimeMsBucket: 50-100} @ http://localhost:3001/src/lib/util/stats.ts:89
[   58537ms] [LOG] [plausible] version {mermaidVersion: 11.14.0} @ http://localhost:3001/src/lib/util/stats.ts:89
[   58583ms] [LOG] Loading '' @ http://localhost:3001/src/lib/util/state.ts:192
[   58618ms] [LOG] Registration successful, scope is: http://localhost:3001/ @ http://localhost:3001/src/routes/+layout.svelte:42
[   58643ms] [LOG] [plausible] render {diagramType: flowchart-v2, isRough: false, lengthBucket: 0-10, renderTimeMsBucket: 25-50} @ http://localhost:3001/src/lib/util/stats.ts:89
[   59144ms] [LOG] [plausible] version {mermaidVersion: 11.14.0} @ http://localhost:3001/src/lib/util/stats.ts:89
[   59195ms] [LOG] Loading '' @ http://localhost:3001/src/lib/util/state.ts:192
[   59238ms] [LOG] Registration successful, scope is: http://localhost:3001/ @ http://localhost:3001/src/routes/+layout.svelte:42
[   59265ms] [LOG] [plausible] render {diagramType: flowchart-v2, isRough: false, lengthBucket: 0-10, renderTimeMsBucket: 50-100} @ http://localhost:3001/src/lib/util/stats.ts:89
[   59794ms] [LOG] [plausible] version {mermaidVersion: 11.14.0} @ http://localhost:3001/src/lib/util/stats.ts:89
[   59840ms] [LOG] Loading '' @ http://localhost:3001/src/lib/util/state.ts:192
[   59876ms] [LOG] Registration successful, scope is: http://localhost:3001/ @ http://localhost:3001/src/routes/+layout.svelte:42
[   59915ms] [LOG] [plausible] render {diagramType: flowchart-v2, isRough: false, lengthBucket: 0-10, renderTimeMsBucket: 50-100} @ http://localhost:3001/src/lib/util/stats.ts:89
[   60460ms] [LOG] [plausible] version {mermaidVersion: 11.14.0} @ http://localhost:3001/src/lib/util/stats.ts:89
[   60509ms] [LOG] Loading '' @ http://localhost:3001/src/lib/util/state.ts:192
[   60544ms] [LOG] Registration successful, scope is: http://localhost:3001/ @ http://localhost:3001/src/routes/+layout.svelte:42
[   60579ms] [LOG] [plausible] render {diagramType: flowchart-v2, isRough: false, lengthBucket: 0-10, renderTimeMsBucket: 50-100} @ http://localhost:3001/src/lib/util/stats.ts:89
[   61133ms] [LOG] [plausible] version {mermaidVersion: 11.14.0} @ http://localhost:3001/src/lib/util/stats.ts:89
[   61186ms] [LOG] Loading '' @ http://localhost:3001/src/lib/util/state.ts:192
[   61236ms] [LOG] Registration successful, scope is: http://localhost:3001/ @ http://localhost:3001/src/routes/+layout.svelte:42
[   61266ms] [LOG] [plausible] render {diagramType: flowchart-v2, isRough: false, lengthBucket: 0-10, renderTimeMsBucket: 50-100} @ http://localhost:3001/src/lib/util/stats.ts:89
[   61834ms] [LOG] [plausible] version {mermaidVersion: 11.14.0} @ http://localhost:3001/src/lib/util/stats.ts:89
[   61889ms] [LOG] Loading '' @ http://localhost:3001/src/lib/util/state.ts:192
[   61942ms] [LOG] Registration successful, scope is: http://localhost:3001/ @ http://localhost:3001/src/routes/+layout.svelte:42
[   62002ms] [LOG] [plausible] render {diagramType: flowchart-v2, isRough: false, lengthBucket: 0-10, renderTimeMsBucket: 50-100} @ http://localhost:3001/src/lib/util/stats.ts:89
[   62563ms] [LOG] [plausible] version {mermaidVersion: 11.14.0} @ http://localhost:3001/src/lib/util/stats.ts:89
[   62613ms] [LOG] Loading '' @ http://localhost:3001/src/lib/util/state.ts:192
[   62659ms] [LOG] Registration successful, scope is: http://localhost:3001/ @ http://localhost:3001/src/routes/+layout.svelte:42
[   62698ms] [LOG] [plausible] render {diagramType: flowchart-v2, isRough: false, lengthBucket: 0-10, renderTimeMsBucket: 50-100} @ http://localhost:3001/src/lib/util/stats.ts:89
[   63312ms] [LOG] [plausible] version {mermaidVersion: 11.14.0} @ http://localhost:3001/src/lib/util/stats.ts:89
[   63381ms] [LOG] Loading '' @ http://localhost:3001/src/lib/util/state.ts:192
[   63432ms] [LOG] Registration successful, scope is: http://localhost:3001/ @ http://localhost:3001/src/routes/+layout.svelte:42
[   63471ms] [LOG] [plausible] render {diagramType: flowchart-v2, isRough: false, lengthBucket: 0-10, renderTimeMsBucket: 50-100} @ http://localhost:3001/src/lib/util/stats.ts:89
[   64050ms] [LOG] [plausible] version {mermaidVersion: 11.14.0} @ http://localhost:3001/src/lib/util/stats.ts:89
[   64120ms] [LOG] Loading '' @ http://localhost:3001/src/lib/util/state.ts:192
[   64173ms] [LOG] Registration successful, scope is: http://localhost:3001/ @ http://localhost:3001/src/routes/+layout.svelte:42
[   64218ms] [LOG] [plausible] render {diagramType: flowchart-v2, isRough: false, lengthBucket: 0-10, renderTimeMsBucket: 50-100} @ http://localhost:3001/src/lib/util/stats.ts:89
[   64820ms] [LOG] [plausible] version {mermaidVersion: 11.14.0} @ http://localhost:3001/src/lib/util/stats.ts:89
[   64877ms] [LOG] Loading '' @ http://localhost:3001/src/lib/util/state.ts:192
[   64929ms] [LOG] Registration successful, scope is: http://localhost:3001/ @ http://localhost:3001/src/routes/+layout.svelte:42
[   64980ms] [LOG] [plausible] render {diagramType: flowchart-v2, isRough: false, lengthBucket: 0-10, renderTimeMsBucket: 50-100} @ http://localhost:3001/src/lib/util/stats.ts:89
[   65590ms] [LOG] [plausible] version {mermaidVersion: 11.14.0} @ http://localhost:3001/src/lib/util/stats.ts:89
[   65650ms] [LOG] Loading '' @ http://localhost:3001/src/lib/util/state.ts:192
[   65695ms] [LOG] Registration successful, scope is: http://localhost:3001/ @ http://localhost:3001/src/routes/+layout.svelte:42
[   65728ms] [LOG] [plausible] render {diagramType: flowchart-v2, isRough: false, lengthBucket: 0-10, renderTimeMsBucket: 50-100} @ http://localhost:3001/src/lib/util/stats.ts:89
[   66343ms] [LOG] [plausible] version {mermaidVersion: 11.14.0} @ http://localhost:3001/src/lib/util/stats.ts:89
[   66408ms] [LOG] Loading '' @ http://localhost:3001/src/lib/util/state.ts:192
[   66458ms] [LOG] Registration successful, scope is: http://localhost:3001/ @ http://localhost:3001/src/routes/+layout.svelte:42
[   66500ms] [LOG] [plausible] render {diagramType: flowchart-v2, isRough: false, lengthBucket: 0-10, renderTimeMsBucket: 50-100} @ http://localhost:3001/src/lib/util/stats.ts:89
[   67103ms] [LOG] [plausible] version {mermaidVersion: 11.14.0} @ http://localhost:3001/src/lib/util/stats.ts:89
[   67164ms] [LOG] Loading '' @ http://localhost:3001/src/lib/util/state.ts:192
[   67222ms] [LOG] Registration successful, scope is: http://localhost:3001/ @ http://localhost:3001/src/routes/+layout.svelte:42
[   67260ms] [LOG] [plausible] render {diagramType: flowchart-v2, isRough: false, lengthBucket: 0-10, renderTimeMsBucket: 50-100} @ http://localhost:3001/src/lib/util/stats.ts:89
[   67829ms] [LOG] [plausible] version {mermaidVersion: 11.14.0} @ http://localhost:3001/src/lib/util/stats.ts:89
[   67899ms] [LOG] Loading '' @ http://localhost:3001/src/lib/util/state.ts:192
[   67951ms] [LOG] Registration successful, scope is: http://localhost:3001/ @ http://localhost:3001/src/routes/+layout.svelte:42
[   67983ms] [LOG] [plausible] render {diagramType: flowchart-v2, isRough: false, lengthBucket: 0-10, renderTimeMsBucket: 50-100} @ http://localhost:3001/src/lib/util/stats.ts:89
[   68616ms] [LOG] [plausible] version {mermaidVersion: 11.14.0} @ http://localhost:3001/src/lib/util/stats.ts:89
[   68680ms] [LOG] Loading '' @ http://localhost:3001/src/lib/util/state.ts:192
[   68727ms] [LOG] Registration successful, scope is: http://localhost:3001/ @ http://localhost:3001/src/routes/+layout.svelte:42
[   68768ms] [LOG] [plausible] render {diagramType: flowchart-v2, isRough: false, lengthBucket: 0-10, renderTimeMsBucket: 50-100} @ http://localhost:3001/src/lib/util/stats.ts:89
[   69363ms] [LOG] [plausible] version {mermaidVersion: 11.14.0} @ http://localhost:3001/src/lib/util/stats.ts:89
[   69433ms] [LOG] Loading '' @ http://localhost:3001/src/lib/util/state.ts:192
[   69482ms] [LOG] Registration successful, scope is: http://localhost:3001/ @ http://localhost:3001/src/routes/+layout.svelte:42
[   69522ms] [LOG] [plausible] render {diagramType: flowchart-v2, isRough: false, lengthBucket: 0-10, renderTimeMsBucket: 50-100} @ http://localhost:3001/src/lib/util/stats.ts:89
[   70131ms] [LOG] [plausible] version {mermaidVersion: 11.14.0} @ http://localhost:3001/src/lib/util/stats.ts:89
[   70190ms] [LOG] Loading '' @ http://localhost:3001/src/lib/util/state.ts:192
[   70242ms] [LOG] Registration successful, scope is: http://localhost:3001/ @ http://localhost:3001/src/routes/+layout.svelte:42
[   70278ms] [LOG] [plausible] render {diagramType: flowchart-v2, isRough: false, lengthBucket: 0-10, renderTimeMsBucket: 50-100} @ http://localhost:3001/src/lib/util/stats.ts:89
[   70902ms] [LOG] [plausible] version {mermaidVersion: 11.14.0} @ http://localhost:3001/src/lib/util/stats.ts:89
[   70962ms] [LOG] Loading '' @ http://localhost:3001/src/lib/util/state.ts:192
[   71010ms] [LOG] Registration successful, scope is: http://localhost:3001/ @ http://localhost:3001/src/routes/+layout.svelte:42
[   71051ms] [LOG] [plausible] render {diagramType: flowchart-v2, isRough: false, lengthBucket: 0-10, renderTimeMsBucket: 50-100} @ http://localhost:3001/src/lib/util/stats.ts:89
[   71668ms] [LOG] [plausible] version {mermaidVersion: 11.14.0} @ http://localhost:3001/src/lib/util/stats.ts:89
[   71733ms] [LOG] Loading '' @ http://localhost:3001/src/lib/util/state.ts:192
[   71785ms] [LOG] Registration successful, scope is: http://localhost:3001/ @ http://localhost:3001/src/routes/+layout.svelte:42
[   71827ms] [LOG] [plausible] render {diagramType: flowchart-v2, isRough: false, lengthBucket: 0-10, renderTimeMsBucket: 50-100} @ http://localhost:3001/src/lib/util/stats.ts:89
[   72425ms] [LOG] [plausible] version {mermaidVersion: 11.14.0} @ http://localhost:3001/src/lib/util/stats.ts:89
[   72495ms] [LOG] Loading '' @ http://localhost:3001/src/lib/util/state.ts:192
[   72549ms] [LOG] Registration successful, scope is: http://localhost:3001/ @ http://localhost:3001/src/routes/+layout.svelte:42
[   72591ms] [LOG] [plausible] render {diagramType: flowchart-v2, isRough: false, lengthBucket: 0-10, renderTimeMsBucket: 50-100} @ http://localhost:3001/src/lib/util/stats.ts:89
[   73180ms] [LOG] [plausible] version {mermaidVersion: 11.14.0} @ http://localhost:3001/src/lib/util/stats.ts:89
[   73235ms] [LOG] Loading '' @ http://localhost:3001/src/lib/util/state.ts:192
[   73286ms] [LOG] Registration successful, scope is: http://localhost:3001/ @ http://localhost:3001/src/routes/+layout.svelte:42
[   73343ms] [LOG] [plausible] render {diagramType: flowchart-v2, isRough: false, lengthBucket: 0-10, renderTimeMsBucket: 50-100} @ http://localhost:3001/src/lib/util/stats.ts:89
[   73898ms] [LOG] [plausible] version {mermaidVersion: 11.14.0} @ http://localhost:3001/src/lib/util/stats.ts:89
[   73953ms] [LOG] Loading '' @ http://localhost:3001/src/lib/util/state.ts:192
[   73995ms] [LOG] Registration successful, scope is: http://localhost:3001/ @ http://localhost:3001/src/routes/+layout.svelte:42
[   74039ms] [LOG] [plausible] render {diagramType: flowchart-v2, isRough: false, lengthBucket: 0-10, renderTimeMsBucket: 50-100} @ http://localhost:3001/src/lib/util/stats.ts:89
[   74656ms] [LOG] [plausible] version {mermaidVersion: 11.14.0} @ http://localhost:3001/src/lib/util/stats.ts:89
[   74714ms] [LOG] Loading '' @ http://localhost:3001/src/lib/util/state.ts:192
[   74763ms] [LOG] Registration successful, scope is: http://localhost:3001/ @ http://localhost:3001/src/routes/+layout.svelte:42
[   74797ms] [LOG] [plausible] render {diagramType: flowchart-v2, isRough: false, lengthBucket: 0-10, renderTimeMsBucket: 50-100} @ http://localhost:3001/src/lib/util/stats.ts:89
[   75391ms] [LOG] [plausible] version {mermaidVersion: 11.14.0} @ http://localhost:3001/src/lib/util/stats.ts:89
[   75457ms] [LOG] Loading '' @ http://localhost:3001/src/lib/util/state.ts:192
[   75509ms] [LOG] Registration successful, scope is: http://localhost:3001/ @ http://localhost:3001/src/routes/+layout.svelte:42
[   75561ms] [LOG] [plausible] render {diagramType: flowchart-v2, isRough: false, lengthBucket: 0-10, renderTimeMsBucket: 50-100} @ http://localhost:3001/src/lib/util/stats.ts:89
[   76158ms] [LOG] [plausible] version {mermaidVersion: 11.14.0} @ http://localhost:3001/src/lib/util/stats.ts:89
[   76221ms] [LOG] Loading '' @ http://localhost:3001/src/lib/util/state.ts:192
[   76272ms] [LOG] Registration successful, scope is: http://localhost:3001/ @ http://localhost:3001/src/routes/+layout.svelte:42
[   76308ms] [LOG] [plausible] render {diagramType: flowchart-v2, isRough: false, lengthBucket: 0-10, renderTimeMsBucket: 50-100} @ http://localhost:3001/src/lib/util/stats.ts:89
[   76930ms] [LOG] [plausible] version {mermaidVersion: 11.14.0} @ http://localhost:3001/src/lib/util/stats.ts:89
[   76992ms] [LOG] Loading '' @ http://localhost:3001/src/lib/util/state.ts:192
[   77052ms] [LOG] Registration successful, scope is: http://localhost:3001/ @ http://localhost:3001/src/routes/+layout.svelte:42
[   77089ms] [LOG] [plausible] render {diagramType: flowchart-v2, isRough: false, lengthBucket: 0-10, renderTimeMsBucket: 50-100} @ http://localhost:3001/src/lib/util/stats.ts:89
[   78182ms] [LOG] [plausible] version {mermaidVersion: 11.14.0} @ http://localhost:3001/src/lib/util/stats.ts:89
[   78242ms] [LOG] Loading '' @ http://localhost:3001/src/lib/util/state.ts:192
[   78303ms] [LOG] Registration successful, scope is: http://localhost:3001/ @ http://localhost:3001/src/routes/+layout.svelte:42
[   78348ms] [LOG] [plausible] render {diagramType: flowchart-v2, isRough: false, lengthBucket: 0-10, renderTimeMsBucket: 50-100} @ http://localhost:3001/src/lib/util/stats.ts:89
[   78971ms] [LOG] [plausible] version {mermaidVersion: 11.14.0} @ http://localhost:3001/src/lib/util/stats.ts:89
[   79041ms] [LOG] Loading '' @ http://localhost:3001/src/lib/util/state.ts:192
[   79097ms] [LOG] Registration successful, scope is: http://localhost:3001/ @ http://localhost:3001/src/routes/+layout.svelte:42
[   79133ms] [LOG] [plausible] render {diagramType: flowchart-v2, isRough: false, lengthBucket: 0-10, renderTimeMsBucket: 50-100} @ http://localhost:3001/src/lib/util/stats.ts:89
[   79726ms] [LOG] [plausible] version {mermaidVersion: 11.14.0} @ http://localhost:3001/src/lib/util/stats.ts:89
[   79798ms] [LOG] Loading '' @ http://localhost:3001/src/lib/util/state.ts:192
[   79852ms] [LOG] Registration successful, scope is: http://localhost:3001/ @ http://localhost:3001/src/routes/+layout.svelte:42
[   79882ms] [LOG] [plausible] render {diagramType: flowchart-v2, isRough: false, lengthBucket: 0-10, renderTimeMsBucket: 50-100} @ http://localhost:3001/src/lib/util/stats.ts:89
[   80479ms] [LOG] [plausible] version {mermaidVersion: 11.14.0} @ http://localhost:3001/src/lib/util/stats.ts:89
[   80541ms] [LOG] Loading '' @ http://localhost:3001/src/lib/util/state.ts:192
[   80597ms] [LOG] Registration successful, scope is: http://localhost:3001/ @ http://localhost:3001/src/routes/+layout.svelte:42
[   80638ms] [LOG] [plausible] render {diagramType: flowchart-v2, isRough: false, lengthBucket: 0-10, renderTimeMsBucket: 50-100} @ http://localhost:3001/src/lib/util/stats.ts:89
[   81225ms] [LOG] [plausible] version {mermaidVersion: 11.14.0} @ http://localhost:3001/src/lib/util/stats.ts:89
[   81289ms] [LOG] Loading '' @ http://localhost:3001/src/lib/util/state.ts:192
[   81349ms] [LOG] Registration successful, scope is: http://localhost:3001/ @ http://localhost:3001/src/routes/+layout.svelte:42
[   81391ms] [LOG] [plausible] render {diagramType: flowchart-v2, isRough: false, lengthBucket: 0-10, renderTimeMsBucket: 50-100} @ http://localhost:3001/src/lib/util/stats.ts:89
[   81965ms] [LOG] [plausible] version {mermaidVersion: 11.14.0} @ http://localhost:3001/src/lib/util/stats.ts:89
[   82027ms] [LOG] Loading '' @ http://localhost:3001/src/lib/util/state.ts:192
[   82079ms] [LOG] Registration successful, scope is: http://localhost:3001/ @ http://localhost:3001/src/routes/+layout.svelte:42
[   82126ms] [LOG] [plausible] render {diagramType: flowchart-v2, isRough: false, lengthBucket: 0-10, renderTimeMsBucket: 50-100} @ http://localhost:3001/src/lib/util/stats.ts:89
[   82717ms] [LOG] [plausible] version {mermaidVersion: 11.14.0} @ http://localhost:3001/src/lib/util/stats.ts:89
[   82781ms] [LOG] Loading '' @ http://localhost:3001/src/lib/util/state.ts:192
[   82838ms] [LOG] Registration successful, scope is: http://localhost:3001/ @ http://localhost:3001/src/routes/+layout.svelte:42
[   82896ms] [LOG] [plausible] render {diagramType: flowchart-v2, isRough: false, lengthBucket: 0-10, renderTimeMsBucket: 50-100} @ http://localhost:3001/src/lib/util/stats.ts:89
[   83529ms] [LOG] [plausible] version {mermaidVersion: 11.14.0} @ http://localhost:3001/src/lib/util/stats.ts:89
[   83596ms] [LOG] Loading '' @ http://localhost:3001/src/lib/util/state.ts:192
[   83642ms] [LOG] Registration successful, scope is: http://localhost:3001/ @ http://localhost:3001/src/routes/+layout.svelte:42
[   83679ms] [LOG] [plausible] render {diagramType: flowchart-v2, isRough: false, lengthBucket: 0-10, renderTimeMsBucket: 50-100} @ http://localhost:3001/src/lib/util/stats.ts:89
[   84266ms] [LOG] [plausible] version {mermaidVersion: 11.14.0} @ http://localhost:3001/src/lib/util/stats.ts:89
[   84336ms] [LOG] Loading '' @ http://localhost:3001/src/lib/util/state.ts:192
[   84390ms] [LOG] Registration successful, scope is: http://localhost:3001/ @ http://localhost:3001/src/routes/+layout.svelte:42
[   84427ms] [LOG] [plausible] render {diagramType: flowchart-v2, isRough: false, lengthBucket: 0-10, renderTimeMsBucket: 50-100} @ http://localhost:3001/src/lib/util/stats.ts:89
[   85981ms] [LOG] [plausible] version {mermaidVersion: 11.14.0} @ http://localhost:3001/src/lib/util/stats.ts:89
[   86056ms] [LOG] Loading '' @ http://localhost:3001/src/lib/util/state.ts:192
[   86111ms] [LOG] Registration successful, scope is: http://localhost:3001/ @ http://localhost:3001/src/routes/+layout.svelte:42
[   86160ms] [LOG] [plausible] render {diagramType: flowchart-v2, isRough: false, lengthBucket: 0-10, renderTimeMsBucket: 50-100} @ http://localhost:3001/src/lib/util/stats.ts:89
[   86744ms] [LOG] [plausible] version {mermaidVersion: 11.14.0} @ http://localhost:3001/src/lib/util/stats.ts:89
[   86809ms] [LOG] Loading '' @ http://localhost:3001/src/lib/util/state.ts:192
[   86869ms] [LOG] Registration successful, scope is: http://localhost:3001/ @ http://localhost:3001/src/routes/+layout.svelte:42
[   86911ms] [LOG] [plausible] render {diagramType: flowchart-v2, isRough: false, lengthBucket: 0-10, renderTimeMsBucket: 50-100} @ http://localhost:3001/src/lib/util/stats.ts:89
[   87496ms] [LOG] [plausible] version {mermaidVersion: 11.14.0} @ http://localhost:3001/src/lib/util/stats.ts:89
[   87558ms] [LOG] Loading '' @ http://localhost:3001/src/lib/util/state.ts:192
[   87600ms] [LOG] Registration successful, scope is: http://localhost:3001/ @ http://localhost:3001/src/routes/+layout.svelte:42
[   87629ms] [LOG] [plausible] render {diagramType: flowchart-v2, isRough: false, lengthBucket: 0-10, renderTimeMsBucket: 25-50} @ http://localhost:3001/src/lib/util/stats.ts:89
[   88283ms] [LOG] [plausible] version {mermaidVersion: 11.14.0} @ http://localhost:3001/src/lib/util/stats.ts:89
[   88354ms] [LOG] Loading '' @ http://localhost:3001/src/lib/util/state.ts:192
[   88406ms] [LOG] Registration successful, scope is: http://localhost:3001/ @ http://localhost:3001/src/routes/+layout.svelte:42
[   88452ms] [LOG] [plausible] render {diagramType: flowchart-v2, isRough: false, lengthBucket: 0-10, renderTimeMsBucket: 50-100} @ http://localhost:3001/src/lib/util/stats.ts:89
[   89061ms] [LOG] [plausible] version {mermaidVersion: 11.14.0} @ http://localhost:3001/src/lib/util/stats.ts:89
[   89122ms] [LOG] Loading '' @ http://localhost:3001/src/lib/util/state.ts:192
[   89178ms] [LOG] Registration successful, scope is: http://localhost:3001/ @ http://localhost:3001/src/routes/+layout.svelte:42
[   89243ms] [LOG] [plausible] render {diagramType: flowchart-v2, isRough: false, lengthBucket: 0-10, renderTimeMsBucket: 50-100} @ http://localhost:3001/src/lib/util/stats.ts:89
[   89867ms] [LOG] [plausible] version {mermaidVersion: 11.14.0} @ http://localhost:3001/src/lib/util/stats.ts:89
[   89937ms] [LOG] Loading '' @ http://localhost:3001/src/lib/util/state.ts:192
[   89990ms] [LOG] Registration successful, scope is: http://localhost:3001/ @ http://localhost:3001/src/routes/+layout.svelte:42
[   90042ms] [LOG] [plausible] render {diagramType: flowchart-v2, isRough: false, lengthBucket: 0-10, renderTimeMsBucket: 50-100} @ http://localhost:3001/src/lib/util/stats.ts:89
[   90608ms] [LOG] [plausible] version {mermaidVersion: 11.14.0} @ http://localhost:3001/src/lib/util/stats.ts:89
[   90668ms] [LOG] Loading '' @ http://localhost:3001/src/lib/util/state.ts:192
[   90720ms] [LOG] Registration successful, scope is: http://localhost:3001/ @ http://localhost:3001/src/routes/+layout.svelte:42
[   90767ms] [LOG] [plausible] render {diagramType: flowchart-v2, isRough: false, lengthBucket: 0-10, renderTimeMsBucket: 50-100} @ http://localhost:3001/src/lib/util/stats.ts:89
[   91367ms] [LOG] [plausible] version {mermaidVersion: 11.14.0} @ http://localhost:3001/src/lib/util/stats.ts:89
[   91438ms] [LOG] Loading '' @ http://localhost:3001/src/lib/util/state.ts:192
[   91494ms] [LOG] Registration successful, scope is: http://localhost:3001/ @ http://localhost:3001/src/routes/+layout.svelte:42
[   91549ms] [LOG] [plausible] render {diagramType: flowchart-v2, isRough: false, lengthBucket: 0-10, renderTimeMsBucket: 50-100} @ http://localhost:3001/src/lib/util/stats.ts:89
[   92154ms] [LOG] [plausible] version {mermaidVersion: 11.14.0} @ http://localhost:3001/src/lib/util/stats.ts:89
[   92222ms] [LOG] Loading '' @ http://localhost:3001/src/lib/util/state.ts:192
[   92273ms] [LOG] Registration successful, scope is: http://localhost:3001/ @ http://localhost:3001/src/routes/+layout.svelte:42
[   92322ms] [LOG] [plausible] render {diagramType: flowchart-v2, isRough: false, lengthBucket: 0-10, renderTimeMsBucket: 50-100} @ http://localhost:3001/src/lib/util/stats.ts:89
[   92949ms] [LOG] [plausible] version {mermaidVersion: 11.14.0} @ http://localhost:3001/src/lib/util/stats.ts:89
[   93021ms] [LOG] Loading '' @ http://localhost:3001/src/lib/util/state.ts:192
[   93069ms] [LOG] Registration successful, scope is: http://localhost:3001/ @ http://localhost:3001/src/routes/+layout.svelte:42
[   93114ms] [LOG] [plausible] render {diagramType: flowchart-v2, isRough: false, lengthBucket: 0-10, renderTimeMsBucket: 50-100} @ http://localhost:3001/src/lib/util/stats.ts:89
[   93711ms] [LOG] [plausible] version {mermaidVersion: 11.14.0} @ http://localhost:3001/src/lib/util/stats.ts:89
[   93771ms] [LOG] Loading '' @ http://localhost:3001/src/lib/util/state.ts:192
[   93830ms] [LOG] Registration successful, scope is: http://localhost:3001/ @ http://localhost:3001/src/routes/+layout.svelte:42
[   93875ms] [LOG] [plausible] render {diagramType: flowchart-v2, isRough: false, lengthBucket: 0-10, renderTimeMsBucket: 50-100} @ http://localhost:3001/src/lib/util/stats.ts:89
[   94451ms] [LOG] [plausible] version {mermaidVersion: 11.14.0} @ http://localhost:3001/src/lib/util/stats.ts:89
[   94521ms] [LOG] Loading '' @ http://localhost:3001/src/lib/util/state.ts:192
[   94571ms] [LOG] Registration successful, scope is: http://localhost:3001/ @ http://localhost:3001/src/routes/+layout.svelte:42
[   94610ms] [LOG] [plausible] render {diagramType: flowchart-v2, isRough: false, lengthBucket: 0-10, renderTimeMsBucket: 50-100} @ http://localhost:3001/src/lib/util/stats.ts:89
[   95247ms] [LOG] [plausible] version {mermaidVersion: 11.14.0} @ http://localhost:3001/src/lib/util/stats.ts:89
[   95313ms] [LOG] Loading '' @ http://localhost:3001/src/lib/util/state.ts:192
[   95373ms] [LOG] Registration successful, scope is: http://localhost:3001/ @ http://localhost:3001/src/routes/+layout.svelte:42
[   95433ms] [LOG] [plausible] render {diagramType: flowchart-v2, isRough: false, lengthBucket: 0-10, renderTimeMsBucket: 50-100} @ http://localhost:3001/src/lib/util/stats.ts:89
[   96057ms] [LOG] [plausible] version {mermaidVersion: 11.14.0} @ http://localhost:3001/src/lib/util/stats.ts:89
[   96120ms] [LOG] Loading '' @ http://localhost:3001/src/lib/util/state.ts:192
[   96177ms] [LOG] Registration successful, scope is: http://localhost:3001/ @ http://localhost:3001/src/routes/+layout.svelte:42
[   96227ms] [LOG] [plausible] render {diagramType: flowchart-v2, isRough: false, lengthBucket: 0-10, renderTimeMsBucket: 50-100} @ http://localhost:3001/src/lib/util/stats.ts:89
[   96846ms] [LOG] [plausible] version {mermaidVersion: 11.14.0} @ http://localhost:3001/src/lib/util/stats.ts:89
[   96904ms] [LOG] Loading '' @ http://localhost:3001/src/lib/util/state.ts:192
[   96958ms] [LOG] Registration successful, scope is: http://localhost:3001/ @ http://localhost:3001/src/routes/+layout.svelte:42
[   97015ms] [LOG] [plausible] render {diagramType: flowchart-v2, isRough: false, lengthBucket: 0-10, renderTimeMsBucket: 50-100} @ http://localhost:3001/src/lib/util/stats.ts:89
[   97608ms] [LOG] [plausible] version {mermaidVersion: 11.14.0} @ http://localhost:3001/src/lib/util/stats.ts:89
[   97677ms] [LOG] Loading '' @ http://localhost:3001/src/lib/util/state.ts:192
[   97730ms] [LOG] Registration successful, scope is: http://localhost:3001/ @ http://localhost:3001/src/routes/+layout.svelte:42
[   97764ms] [LOG] [plausible] render {diagramType: flowchart-v2, isRough: false, lengthBucket: 0-10, renderTimeMsBucket: 50-100} @ http://localhost:3001/src/lib/util/stats.ts:89
[   98366ms] [LOG] [plausible] version {mermaidVersion: 11.14.0} @ http://localhost:3001/src/lib/util/stats.ts:89
[   98429ms] [LOG] Loading '' @ http://localhost:3001/src/lib/util/state.ts:192
[   98486ms] [LOG] Registration successful, scope is: http://localhost:3001/ @ http://localhost:3001/src/routes/+layout.svelte:42
[   98528ms] [LOG] [plausible] render {diagramType: flowchart-v2, isRough: false, lengthBucket: 0-10, renderTimeMsBucket: 50-100} @ http://localhost:3001/src/lib/util/stats.ts:89
[   99138ms] [LOG] [plausible] version {mermaidVersion: 11.14.0} @ http://localhost:3001/src/lib/util/stats.ts:89
[   99204ms] [LOG] Loading '' @ http://localhost:3001/src/lib/util/state.ts:192
[   99257ms] [LOG] Registration successful, scope is: http://localhost:3001/ @ http://localhost:3001/src/routes/+layout.svelte:42
[   99292ms] [LOG] [plausible] render {diagramType: flowchart-v2, isRough: false, lengthBucket: 0-10, renderTimeMsBucket: 50-100} @ http://localhost:3001/src/lib/util/stats.ts:89
[   99903ms] [LOG] [plausible] version {mermaidVersion: 11.14.0} @ http://localhost:3001/src/lib/util/stats.ts:89
[   99966ms] [LOG] Loading '' @ http://localhost:3001/src/lib/util/state.ts:192
[  100017ms] [LOG] Registration successful, scope is: http://localhost:3001/ @ http://localhost:3001/src/routes/+layout.svelte:42
[  100059ms] [LOG] [plausible] render {diagramType: flowchart-v2, isRough: false, lengthBucket: 0-10, renderTimeMsBucket: 50-100} @ http://localhost:3001/src/lib/util/stats.ts:89
[  100646ms] [LOG] [plausible] version {mermaidVersion: 11.14.0} @ http://localhost:3001/src/lib/util/stats.ts:89
[  100719ms] [LOG] Loading '' @ http://localhost:3001/src/lib/util/state.ts:192
[  100779ms] [LOG] Registration successful, scope is: http://localhost:3001/ @ http://localhost:3001/src/routes/+layout.svelte:42
[  100813ms] [LOG] [plausible] render {diagramType: flowchart-v2, isRough: false, lengthBucket: 0-10, renderTimeMsBucket: 50-100} @ http://localhost:3001/src/lib/util/stats.ts:89
[  101397ms] [LOG] [plausible] version {mermaidVersion: 11.14.0} @ http://localhost:3001/src/lib/util/stats.ts:89
[  101463ms] [LOG] Loading '' @ http://localhost:3001/src/lib/util/state.ts:192
[  101515ms] [LOG] Registration successful, scope is: http://localhost:3001/ @ http://localhost:3001/src/routes/+layout.svelte:42
[  101548ms] [LOG] [plausible] render {diagramType: flowchart-v2, isRough: false, lengthBucket: 0-10, renderTimeMsBucket: 50-100} @ http://localhost:3001/src/lib/util/stats.ts:89
[  102204ms] [LOG] [plausible] version {mermaidVersion: 11.14.0} @ http://localhost:3001/src/lib/util/stats.ts:89
[  102265ms] [LOG] Loading '' @ http://localhost:3001/src/lib/util/state.ts:192
[  102320ms] [LOG] Registration successful, scope is: http://localhost:3001/ @ http://localhost:3001/src/routes/+layout.svelte:42
[  102356ms] [LOG] [plausible] render {diagramType: flowchart-v2, isRough: false, lengthBucket: 0-10, renderTimeMsBucket: 50-100} @ http://localhost:3001/src/lib/util/stats.ts:89
[  102959ms] [LOG] [plausible] version {mermaidVersion: 11.14.0} @ http://localhost:3001/src/lib/util/stats.ts:89
[  103023ms] [LOG] Loading '' @ http://localhost:3001/src/lib/util/state.ts:192
[  103086ms] [LOG] Registration successful, scope is: http://localhost:3001/ @ http://localhost:3001/src/routes/+layout.svelte:42
[  103136ms] [LOG] [plausible] render {diagramType: flowchart-v2, isRough: false, lengthBucket: 0-10, renderTimeMsBucket: 50-100} @ http://localhost:3001/src/lib/util/stats.ts:89
[  103706ms] [LOG] [plausible] version {mermaidVersion: 11.14.0} @ http://localhost:3001/src/lib/util/stats.ts:89
[  103768ms] [LOG] Loading '' @ http://localhost:3001/src/lib/util/state.ts:192
[  103827ms] [LOG] Registration successful, scope is: http://localhost:3001/ @ http://localhost:3001/src/routes/+layout.svelte:42
[  103869ms] [LOG] [plausible] render {diagramType: flowchart-v2, isRough: false, lengthBucket: 0-10, renderTimeMsBucket: 50-100} @ http://localhost:3001/src/lib/util/stats.ts:89
[  104452ms] [LOG] [plausible] version {mermaidVersion: 11.14.0} @ http://localhost:3001/src/lib/util/stats.ts:89
[  104518ms] [LOG] Loading '' @ http://localhost:3001/src/lib/util/state.ts:192
[  104573ms] [LOG] Registration successful, scope is: http://localhost:3001/ @ http://localhost:3001/src/routes/+layout.svelte:42
[  104626ms] [LOG] [plausible] render {diagramType: flowchart-v2, isRough: false, lengthBucket: 0-10, renderTimeMsBucket: 50-100} @ http://localhost:3001/src/lib/util/stats.ts:89
[  105260ms] [LOG] [plausible] version {mermaidVersion: 11.14.0} @ http://localhost:3001/src/lib/util/stats.ts:89
[  105319ms] [LOG] Loading '' @ http://localhost:3001/src/lib/util/state.ts:192
[  105372ms] [LOG] Registration successful, scope is: http://localhost:3001/ @ http://localhost:3001/src/routes/+layout.svelte:42
[  105442ms] [LOG] [plausible] render {diagramType: flowchart-v2, isRough: false, lengthBucket: 0-10, renderTimeMsBucket: 100-200} @ http://localhost:3001/src/lib/util/stats.ts:89
[  106077ms] [LOG] [plausible] version {mermaidVersion: 11.14.0} @ http://localhost:3001/src/lib/util/stats.ts:89
[  106141ms] [LOG] Loading '' @ http://localhost:3001/src/lib/util/state.ts:192
[  106197ms] [LOG] Registration successful, scope is: http://localhost:3001/ @ http://localhost:3001/src/routes/+layout.svelte:42
[  106261ms] [LOG] [plausible] render {diagramType: flowchart-v2, isRough: false, lengthBucket: 0-10, renderTimeMsBucket: 50-100} @ http://localhost:3001/src/lib/util/stats.ts:89
[  106883ms] [LOG] [plausible] version {mermaidVersion: 11.14.0} @ http://localhost:3001/src/lib/util/stats.ts:89
[  106955ms] [LOG] Loading '' @ http://localhost:3001/src/lib/util/state.ts:192
[  107006ms] [LOG] Registration successful, scope is: http://localhost:3001/ @ http://localhost:3001/src/routes/+layout.svelte:42
[  107053ms] [LOG] [plausible] render {diagramType: flowchart-v2, isRough: false, lengthBucket: 0-10, renderTimeMsBucket: 50-100} @ http://localhost:3001/src/lib/util/stats.ts:89
[  107686ms] [LOG] [plausible] version {mermaidVersion: 11.14.0} @ http://localhost:3001/src/lib/util/stats.ts:89
[  107744ms] [LOG] Loading '' @ http://localhost:3001/src/lib/util/state.ts:192
[  107801ms] [LOG] Registration successful, scope is: http://localhost:3001/ @ http://localhost:3001/src/routes/+layout.svelte:42
[  107842ms] [LOG] [plausible] render {diagramType: flowchart-v2, isRough: false, lengthBucket: 0-10, renderTimeMsBucket: 50-100} @ http://localhost:3001/src/lib/util/stats.ts:89
[  108443ms] [LOG] [plausible] version {mermaidVersion: 11.14.0} @ http://localhost:3001/src/lib/util/stats.ts:89
[  108502ms] [LOG] Loading '' @ http://localhost:3001/src/lib/util/state.ts:192
[  108559ms] [LOG] Registration successful, scope is: http://localhost:3001/ @ http://localhost:3001/src/routes/+layout.svelte:42
[  108599ms] [LOG] [plausible] render {diagramType: flowchart-v2, isRough: false, lengthBucket: 0-10, renderTimeMsBucket: 50-100} @ http://localhost:3001/src/lib/util/stats.ts:89
[  109187ms] [LOG] [plausible] version {mermaidVersion: 11.14.0} @ http://localhost:3001/src/lib/util/stats.ts:89
[  109251ms] [LOG] Loading '' @ http://localhost:3001/src/lib/util/state.ts:192
[  109310ms] [LOG] Registration successful, scope is: http://localhost:3001/ @ http://localhost:3001/src/routes/+layout.svelte:42
[  109350ms] [LOG] [plausible] render {diagramType: flowchart-v2, isRough: false, lengthBucket: 0-10, renderTimeMsBucket: 50-100} @ http://localhost:3001/src/lib/util/stats.ts:89
[  109934ms] [LOG] [plausible] version {mermaidVersion: 11.14.0} @ http://localhost:3001/src/lib/util/stats.ts:89
[  109998ms] [LOG] Loading '' @ http://localhost:3001/src/lib/util/state.ts:192
[  110049ms] [LOG] Registration successful, scope is: http://localhost:3001/ @ http://localhost:3001/src/routes/+layout.svelte:42
[  110668ms] [LOG] [plausible] version {mermaidVersion: 11.14.0} @ http://localhost:3001/src/lib/util/stats.ts:89
[  110730ms] [LOG] Loading '' @ http://localhost:3001/src/lib/util/state.ts:192
[  110790ms] [LOG] Registration successful, scope is: http://localhost:3001/ @ http://localhost:3001/src/routes/+layout.svelte:42
[  110831ms] [LOG] [plausible] render {diagramType: flowchart-v2, isRough: false, lengthBucket: 0-10, renderTimeMsBucket: 50-100} @ http://localhost:3001/src/lib/util/stats.ts:89
[  111425ms] [LOG] [plausible] version {mermaidVersion: 11.14.0} @ http://localhost:3001/src/lib/util/stats.ts:89
[  111481ms] [LOG] Loading '' @ http://localhost:3001/src/lib/util/state.ts:192
[  111542ms] [LOG] Registration successful, scope is: http://localhost:3001/ @ http://localhost:3001/src/routes/+layout.svelte:42
[  111591ms] [LOG] [plausible] render {diagramType: flowchart-v2, isRough: false, lengthBucket: 0-10, renderTimeMsBucket: 50-100} @ http://localhost:3001/src/lib/util/stats.ts:89
[  112235ms] [LOG] [plausible] version {mermaidVersion: 11.14.0} @ http://localhost:3001/src/lib/util/stats.ts:89
[  112297ms] [LOG] Loading '' @ http://localhost:3001/src/lib/util/state.ts:192
[  112351ms] [LOG] Registration successful, scope is: http://localhost:3001/ @ http://localhost:3001/src/routes/+layout.svelte:42
[  112384ms] [LOG] [plausible] render {diagramType: flowchart-v2, isRough: false, lengthBucket: 0-10, renderTimeMsBucket: 50-100} @ http://localhost:3001/src/lib/util/stats.ts:89
[  112984ms] [LOG] [plausible] version {mermaidVersion: 11.14.0} @ http://localhost:3001/src/lib/util/stats.ts:89
[  113039ms] [LOG] Loading '' @ http://localhost:3001/src/lib/util/state.ts:192
[  113091ms] [LOG] Registration successful, scope is: http://localhost:3001/ @ http://localhost:3001/src/routes/+layout.svelte:42
[  113139ms] [LOG] [plausible] render {diagramType: flowchart-v2, isRough: false, lengthBucket: 0-10, renderTimeMsBucket: 50-100} @ http://localhost:3001/src/lib/util/stats.ts:89
[  113729ms] [LOG] [plausible] version {mermaidVersion: 11.14.0} @ http://localhost:3001/src/lib/util/stats.ts:89
[  113808ms] [LOG] Loading '' @ http://localhost:3001/src/lib/util/state.ts:192
[  113865ms] [LOG] Registration successful, scope is: http://localhost:3001/ @ http://localhost:3001/src/routes/+layout.svelte:42
[  113905ms] [LOG] [plausible] render {diagramType: flowchart-v2, isRough: false, lengthBucket: 0-10, renderTimeMsBucket: 50-100} @ http://localhost:3001/src/lib/util/stats.ts:89
[  114542ms] [LOG] [plausible] version {mermaidVersion: 11.14.0} @ http://localhost:3001/src/lib/util/stats.ts:89
[  114606ms] [LOG] Loading '' @ http://localhost:3001/src/lib/util/state.ts:192
[  114653ms] [LOG] Registration successful, scope is: http://localhost:3001/ @ http://localhost:3001/src/routes/+layout.svelte:42
[  114688ms] [LOG] [plausible] render {diagramType: flowchart-v2, isRough: false, lengthBucket: 0-10, renderTimeMsBucket: 50-100} @ http://localhost:3001/src/lib/util/stats.ts:89
[  115322ms] [LOG] [plausible] version {mermaidVersion: 11.14.0} @ http://localhost:3001/src/lib/util/stats.ts:89
[  115390ms] [LOG] Loading '' @ http://localhost:3001/src/lib/util/state.ts:192
[  115442ms] [LOG] Registration successful, scope is: http://localhost:3001/ @ http://localhost:3001/src/routes/+layout.svelte:42
[  115474ms] [LOG] [plausible] render {diagramType: flowchart-v2, isRough: false, lengthBucket: 0-10, renderTimeMsBucket: 50-100} @ http://localhost:3001/src/lib/util/stats.ts:89
[  116269ms] [LOG] [plausible] version {mermaidVersion: 11.14.0} @ http://localhost:3001/src/lib/util/stats.ts:89
[  116327ms] [LOG] Loading '' @ http://localhost:3001/src/lib/util/state.ts:192
[  116389ms] [LOG] Registration successful, scope is: http://localhost:3001/ @ http://localhost:3001/src/routes/+layout.svelte:42
[  116445ms] [LOG] [plausible] render {diagramType: flowchart-v2, isRough: false, lengthBucket: 0-10, renderTimeMsBucket: 50-100} @ http://localhost:3001/src/lib/util/stats.ts:89
[  117040ms] [LOG] [plausible] version {mermaidVersion: 11.14.0} @ http://localhost:3001/src/lib/util/stats.ts:89
[  117109ms] [LOG] Loading '' @ http://localhost:3001/src/lib/util/state.ts:192
[  117168ms] [LOG] Registration successful, scope is: http://localhost:3001/ @ http://localhost:3001/src/routes/+layout.svelte:42
[  117217ms] [LOG] [plausible] render {diagramType: flowchart-v2, isRough: false, lengthBucket: 0-10, renderTimeMsBucket: 50-100} @ http://localhost:3001/src/lib/util/stats.ts:89
[  117776ms] [LOG] [plausible] version {mermaidVersion: 11.14.0} @ http://localhost:3001/src/lib/util/stats.ts:89
[  117846ms] [LOG] Loading '' @ http://localhost:3001/src/lib/util/state.ts:192
[  117899ms] [LOG] Registration successful, scope is: http://localhost:3001/ @ http://localhost:3001/src/routes/+layout.svelte:42
[  117953ms] [LOG] [plausible] render {diagramType: flowchart-v2, isRough: false, lengthBucket: 0-10, renderTimeMsBucket: 50-100} @ http://localhost:3001/src/lib/util/stats.ts:89
[  118612ms] [LOG] [plausible] version {mermaidVersion: 11.14.0} @ http://localhost:3001/src/lib/util/stats.ts:89
[  118682ms] [LOG] Loading '' @ http://localhost:3001/src/lib/util/state.ts:192
[  118738ms] [LOG] Registration successful, scope is: http://localhost:3001/ @ http://localhost:3001/src/routes/+layout.svelte:42
[  118821ms] [LOG] [plausible] render {diagramType: flowchart-v2, isRough: false, lengthBucket: 0-10, renderTimeMsBucket: 100-200} @ http://localhost:3001/src/lib/util/stats.ts:89
[  119435ms] [LOG] [plausible] version {mermaidVersion: 11.14.0} @ http://localhost:3001/src/lib/util/stats.ts:89
[  119507ms] [LOG] Loading '' @ http://localhost:3001/src/lib/util/state.ts:192
[  119562ms] [LOG] Registration successful, scope is: http://localhost:3001/ @ http://localhost:3001/src/routes/+layout.svelte:42
[  119641ms] [LOG] [plausible] render {diagramType: flowchart-v2, isRough: false, lengthBucket: 0-10, renderTimeMsBucket: 100-200} @ http://localhost:3001/src/lib/util/stats.ts:89
[  120234ms] [LOG] [plausible] version {mermaidVersion: 11.14.0} @ http://localhost:3001/src/lib/util/stats.ts:89
[  120302ms] [LOG] Loading '' @ http://localhost:3001/src/lib/util/state.ts:192
[  120357ms] [LOG] Registration successful, scope is: http://localhost:3001/ @ http://localhost:3001/src/routes/+layout.svelte:42
[  120395ms] [LOG] [plausible] render {diagramType: flowchart-v2, isRough: false, lengthBucket: 0-10, renderTimeMsBucket: 50-100} @ http://localhost:3001/src/lib/util/stats.ts:89
[  121012ms] [LOG] [plausible] version {mermaidVersion: 11.14.0} @ http://localhost:3001/src/lib/util/stats.ts:89
[  121081ms] [LOG] Loading '' @ http://localhost:3001/src/lib/util/state.ts:192
[  121135ms] [LOG] Registration successful, scope is: http://localhost:3001/ @ http://localhost:3001/src/routes/+layout.svelte:42
[  121170ms] [LOG] [plausible] render {diagramType: flowchart-v2, isRough: false, lengthBucket: 0-10, renderTimeMsBucket: 50-100} @ http://localhost:3001/src/lib/util/stats.ts:89
[  121794ms] [LOG] [plausible] version {mermaidVersion: 11.14.0} @ http://localhost:3001/src/lib/util/stats.ts:89
[  121860ms] [LOG] Loading '' @ http://localhost:3001/src/lib/util/state.ts:192
[  121916ms] [LOG] Registration successful, scope is: http://localhost:3001/ @ http://localhost:3001/src/routes/+layout.svelte:42
[  121951ms] [LOG] [plausible] render {diagramType: flowchart-v2, isRough: false, lengthBucket: 0-10, renderTimeMsBucket: 50-100} @ http://localhost:3001/src/lib/util/stats.ts:89
[  122544ms] [LOG] [plausible] version {mermaidVersion: 11.14.0} @ http://localhost:3001/src/lib/util/stats.ts:89
[  122613ms] [LOG] Loading '' @ http://localhost:3001/src/lib/util/state.ts:192
[  122665ms] [LOG] Registration successful, scope is: http://localhost:3001/ @ http://localhost:3001/src/routes/+layout.svelte:42
[  122699ms] [LOG] [plausible] render {diagramType: flowchart-v2, isRough: false, lengthBucket: 0-10, renderTimeMsBucket: 50-100} @ http://localhost:3001/src/lib/util/stats.ts:89
[  123314ms] [LOG] [plausible] version {mermaidVersion: 11.14.0} @ http://localhost:3001/src/lib/util/stats.ts:89
[  123382ms] [LOG] Loading '' @ http://localhost:3001/src/lib/util/state.ts:192
[  123443ms] [LOG] Registration successful, scope is: http://localhost:3001/ @ http://localhost:3001/src/routes/+layout.svelte:42
[  123496ms] [LOG] [plausible] render {diagramType: flowchart-v2, isRough: false, lengthBucket: 0-10, renderTimeMsBucket: 50-100} @ http://localhost:3001/src/lib/util/stats.ts:89
[  124093ms] [LOG] [plausible] version {mermaidVersion: 11.14.0} @ http://localhost:3001/src/lib/util/stats.ts:89
[  124161ms] [LOG] Loading '' @ http://localhost:3001/src/lib/util/state.ts:192
[  124222ms] [LOG] Registration successful, scope is: http://localhost:3001/ @ http://localhost:3001/src/routes/+layout.svelte:42
[  124263ms] [LOG] [plausible] render {diagramType: flowchart-v2, isRough: false, lengthBucket: 0-10, renderTimeMsBucket: 50-100} @ http://localhost:3001/src/lib/util/stats.ts:89
[  124823ms] [LOG] [plausible] version {mermaidVersion: 11.14.0} @ http://localhost:3001/src/lib/util/stats.ts:89
[  124877ms] [LOG] Loading '' @ http://localhost:3001/src/lib/util/state.ts:192
[  124933ms] [LOG] Registration successful, scope is: http://localhost:3001/ @ http://localhost:3001/src/routes/+layout.svelte:42
[  124975ms] [LOG] [plausible] render {diagramType: flowchart-v2, isRough: false, lengthBucket: 0-10, renderTimeMsBucket: 50-100} @ http://localhost:3001/src/lib/util/stats.ts:89
[  125549ms] [LOG] [plausible] version {mermaidVersion: 11.14.0} @ http://localhost:3001/src/lib/util/stats.ts:89
[  125618ms] [LOG] Loading '' @ http://localhost:3001/src/lib/util/state.ts:192
[  125673ms] [LOG] Registration successful, scope is: http://localhost:3001/ @ http://localhost:3001/src/routes/+layout.svelte:42
[  125726ms] [LOG] [plausible] render {diagramType: flowchart-v2, isRough: false, lengthBucket: 0-10, renderTimeMsBucket: 50-100} @ http://localhost:3001/src/lib/util/stats.ts:89
[  126357ms] [LOG] [plausible] version {mermaidVersion: 11.14.0} @ http://localhost:3001/src/lib/util/stats.ts:89
[  126426ms] [LOG] Loading '' @ http://localhost:3001/src/lib/util/state.ts:192
[  126477ms] [LOG] Registration successful, scope is: http://localhost:3001/ @ http://localhost:3001/src/routes/+layout.svelte:42
[  126563ms] [LOG] [plausible] render {diagramType: flowchart-v2, isRough: false, lengthBucket: 0-10, renderTimeMsBucket: 100-200} @ http://localhost:3001/src/lib/util/stats.ts:89
[  127161ms] [LOG] [plausible] version {mermaidVersion: 11.14.0} @ http://localhost:3001/src/lib/util/stats.ts:89
[  127230ms] [LOG] Loading '' @ http://localhost:3001/src/lib/util/state.ts:192
[  127282ms] [LOG] Registration successful, scope is: http://localhost:3001/ @ http://localhost:3001/src/routes/+layout.svelte:42
[  127338ms] [LOG] [plausible] render {diagramType: flowchart-v2, isRough: false, lengthBucket: 0-10, renderTimeMsBucket: 50-100} @ http://localhost:3001/src/lib/util/stats.ts:89
[  127952ms] [LOG] [plausible] version {mermaidVersion: 11.14.0} @ http://localhost:3001/src/lib/util/stats.ts:89
[  128020ms] [LOG] Loading '' @ http://localhost:3001/src/lib/util/state.ts:192
[  128075ms] [LOG] Registration successful, scope is: http://localhost:3001/ @ http://localhost:3001/src/routes/+layout.svelte:42
[  128139ms] [LOG] [plausible] render {diagramType: flowchart-v2, isRough: false, lengthBucket: 0-10, renderTimeMsBucket: 50-100} @ http://localhost:3001/src/lib/util/stats.ts:89
[  128765ms] [LOG] [plausible] version {mermaidVersion: 11.14.0} @ http://localhost:3001/src/lib/util/stats.ts:89
[  128830ms] [LOG] Loading '' @ http://localhost:3001/src/lib/util/state.ts:192
[  128889ms] [LOG] Registration successful, scope is: http://localhost:3001/ @ http://localhost:3001/src/routes/+layout.svelte:42
[  128930ms] [LOG] [plausible] render {diagramType: flowchart-v2, isRough: false, lengthBucket: 0-10, renderTimeMsBucket: 50-100} @ http://localhost:3001/src/lib/util/stats.ts:89
[  129489ms] [LOG] [plausible] version {mermaidVersion: 11.14.0} @ http://localhost:3001/src/lib/util/stats.ts:89
[  129553ms] [LOG] Loading '' @ http://localhost:3001/src/lib/util/state.ts:192
[  129608ms] [LOG] Registration successful, scope is: http://localhost:3001/ @ http://localhost:3001/src/routes/+layout.svelte:42
[  129654ms] [LOG] [plausible] render {diagramType: flowchart-v2, isRough: false, lengthBucket: 0-10, renderTimeMsBucket: 50-100} @ http://localhost:3001/src/lib/util/stats.ts:89
[  130290ms] [LOG] [plausible] version {mermaidVersion: 11.14.0} @ http://localhost:3001/src/lib/util/stats.ts:89
[  130366ms] [LOG] Loading '' @ http://localhost:3001/src/lib/util/state.ts:192
[  130422ms] [LOG] Registration successful, scope is: http://localhost:3001/ @ http://localhost:3001/src/routes/+layout.svelte:42
[  130460ms] [LOG] [plausible] render {diagramType: flowchart-v2, isRough: false, lengthBucket: 0-10, renderTimeMsBucket: 50-100} @ http://localhost:3001/src/lib/util/stats.ts:89
[  131060ms] [LOG] [plausible] version {mermaidVersion: 11.14.0} @ http://localhost:3001/src/lib/util/stats.ts:89
[  131129ms] [LOG] Loading '' @ http://localhost:3001/src/lib/util/state.ts:192
[  131179ms] [LOG] Registration successful, scope is: http://localhost:3001/ @ http://localhost:3001/src/routes/+layout.svelte:42
[  131214ms] [LOG] [plausible] render {diagramType: flowchart-v2, isRough: false, lengthBucket: 0-10, renderTimeMsBucket: 50-100} @ http://localhost:3001/src/lib/util/stats.ts:89
[  131846ms] [LOG] [plausible] version {mermaidVersion: 11.14.0} @ http://localhost:3001/src/lib/util/stats.ts:89
[  131910ms] [LOG] Loading '' @ http://localhost:3001/src/lib/util/state.ts:192
[  131959ms] [LOG] Registration successful, scope is: http://localhost:3001/ @ http://localhost:3001/src/routes/+layout.svelte:42
[  132003ms] [LOG] [plausible] render {diagramType: flowchart-v2, isRough: false, lengthBucket: 0-10, renderTimeMsBucket: 50-100} @ http://localhost:3001/src/lib/util/stats.ts:89
[  132613ms] [LOG] [plausible] version {mermaidVersion: 11.14.0} @ http://localhost:3001/src/lib/util/stats.ts:89
[  132685ms] [LOG] Loading '' @ http://localhost:3001/src/lib/util/state.ts:192
[  132744ms] [LOG] Registration successful, scope is: http://localhost:3001/ @ http://localhost:3001/src/routes/+layout.svelte:42
[  132787ms] [LOG] [plausible] render {diagramType: flowchart-v2, isRough: false, lengthBucket: 0-10, renderTimeMsBucket: 50-100} @ http://localhost:3001/src/lib/util/stats.ts:89
[  133382ms] [LOG] [plausible] version {mermaidVersion: 11.14.0} @ http://localhost:3001/src/lib/util/stats.ts:89
[  133450ms] [LOG] Loading '' @ http://localhost:3001/src/lib/util/state.ts:192
[  133504ms] [LOG] Registration successful, scope is: http://localhost:3001/ @ http://localhost:3001/src/routes/+layout.svelte:42
[  133546ms] [LOG] [plausible] render {diagramType: flowchart-v2, isRough: false, lengthBucket: 0-10, renderTimeMsBucket: 50-100} @ http://localhost:3001/src/lib/util/stats.ts:89
[  134179ms] [LOG] [plausible] version {mermaidVersion: 11.14.0} @ http://localhost:3001/src/lib/util/stats.ts:89
[  134243ms] [LOG] Loading '' @ http://localhost:3001/src/lib/util/state.ts:192
[  134304ms] [LOG] Registration successful, scope is: http://localhost:3001/ @ http://localhost:3001/src/routes/+layout.svelte:42
[  134345ms] [LOG] [plausible] render {diagramType: flowchart-v2, isRough: false, lengthBucket: 0-10, renderTimeMsBucket: 50-100} @ http://localhost:3001/src/lib/util/stats.ts:89
[  134905ms] [LOG] [plausible] version {mermaidVersion: 11.14.0} @ http://localhost:3001/src/lib/util/stats.ts:89
[  134976ms] [LOG] Loading '' @ http://localhost:3001/src/lib/util/state.ts:192
[  135028ms] [LOG] Registration successful, scope is: http://localhost:3001/ @ http://localhost:3001/src/routes/+layout.svelte:42
[  135090ms] [LOG] [plausible] render {diagramType: flowchart-v2, isRough: false, lengthBucket: 0-10, renderTimeMsBucket: 50-100} @ http://localhost:3001/src/lib/util/stats.ts:89
[  135696ms] [LOG] [plausible] version {mermaidVersion: 11.14.0} @ http://localhost:3001/src/lib/util/stats.ts:89
[  135762ms] [LOG] Loading '' @ http://localhost:3001/src/lib/util/state.ts:192
[  135815ms] [LOG] Registration successful, scope is: http://localhost:3001/ @ http://localhost:3001/src/routes/+layout.svelte:42
[  135852ms] [LOG] [plausible] render {diagramType: flowchart-v2, isRough: false, lengthBucket: 0-10, renderTimeMsBucket: 50-100} @ http://localhost:3001/src/lib/util/stats.ts:89
[  136420ms] [LOG] [plausible] version {mermaidVersion: 11.14.0} @ http://localhost:3001/src/lib/util/stats.ts:89
[  136481ms] [LOG] Loading '' @ http://localhost:3001/src/lib/util/state.ts:192
[  136534ms] [LOG] Registration successful, scope is: http://localhost:3001/ @ http://localhost:3001/src/routes/+layout.svelte:42
[  136572ms] [LOG] [plausible] render {diagramType: flowchart-v2, isRough: false, lengthBucket: 0-10, renderTimeMsBucket: 50-100} @ http://localhost:3001/src/lib/util/stats.ts:89
[  137185ms] [LOG] [plausible] version {mermaidVersion: 11.14.0} @ http://localhost:3001/src/lib/util/stats.ts:89
[  137248ms] [LOG] Loading '' @ http://localhost:3001/src/lib/util/state.ts:192
[  137304ms] [LOG] Registration successful, scope is: http://localhost:3001/ @ http://localhost:3001/src/routes/+layout.svelte:42
[  137337ms] [LOG] [plausible] render {diagramType: flowchart-v2, isRough: false, lengthBucket: 0-10, renderTimeMsBucket: 50-100} @ http://localhost:3001/src/lib/util/stats.ts:89
[  137930ms] [LOG] [plausible] version {mermaidVersion: 11.14.0} @ http://localhost:3001/src/lib/util/stats.ts:89
[  138000ms] [LOG] Loading '' @ http://localhost:3001/src/lib/util/state.ts:192
[  138054ms] [LOG] Registration successful, scope is: http://localhost:3001/ @ http://localhost:3001/src/routes/+layout.svelte:42
[  138086ms] [LOG] [plausible] render {diagramType: flowchart-v2, isRough: false, lengthBucket: 0-10, renderTimeMsBucket: 50-100} @ http://localhost:3001/src/lib/util/stats.ts:89
[  138659ms] [LOG] [plausible] version {mermaidVersion: 11.14.0} @ http://localhost:3001/src/lib/util/stats.ts:89
[  138721ms] [LOG] Loading '' @ http://localhost:3001/src/lib/util/state.ts:192
[  138779ms] [LOG] Registration successful, scope is: http://localhost:3001/ @ http://localhost:3001/src/routes/+layout.svelte:42
[  138821ms] [LOG] [plausible] render {diagramType: flowchart-v2, isRough: false, lengthBucket: 0-10, renderTimeMsBucket: 50-100} @ http://localhost:3001/src/lib/util/stats.ts:89
[  139397ms] [LOG] [plausible] version {mermaidVersion: 11.14.0} @ http://localhost:3001/src/lib/util/stats.ts:89
[  139459ms] [LOG] Loading '' @ http://localhost:3001/src/lib/util/state.ts:192
[  139518ms] [LOG] Registration successful, scope is: http://localhost:3001/ @ http://localhost:3001/src/routes/+layout.svelte:42
[  139558ms] [LOG] [plausible] render {diagramType: flowchart-v2, isRough: false, lengthBucket: 0-10, renderTimeMsBucket: 50-100} @ http://localhost:3001/src/lib/util/stats.ts:89
[  140137ms] [LOG] [plausible] version {mermaidVersion: 11.14.0} @ http://localhost:3001/src/lib/util/stats.ts:89
[  140203ms] [LOG] Loading '' @ http://localhost:3001/src/lib/util/state.ts:192
[  140249ms] [LOG] Registration successful, scope is: http://localhost:3001/ @ http://localhost:3001/src/routes/+layout.svelte:42
[  140300ms] [LOG] [plausible] render {diagramType: flowchart-v2, isRough: false, lengthBucket: 0-10, renderTimeMsBucket: 50-100} @ http://localhost:3001/src/lib/util/stats.ts:89
[  140939ms] [LOG] [plausible] version {mermaidVersion: 11.14.0} @ http://localhost:3001/src/lib/util/stats.ts:89
[  141003ms] [LOG] Loading '' @ http://localhost:3001/src/lib/util/state.ts:192
[  141057ms] [LOG] Registration successful, scope is: http://localhost:3001/ @ http://localhost:3001/src/routes/+layout.svelte:42
[  141102ms] [LOG] [plausible] render {diagramType: flowchart-v2, isRough: false, lengthBucket: 0-10, renderTimeMsBucket: 50-100} @ http://localhost:3001/src/lib/util/stats.ts:89
[  141700ms] [LOG] [plausible] version {mermaidVersion: 11.14.0} @ http://localhost:3001/src/lib/util/stats.ts:89
[  141764ms] [LOG] Loading '' @ http://localhost:3001/src/lib/util/state.ts:192
[  141816ms] [LOG] Registration successful, scope is: http://localhost:3001/ @ http://localhost:3001/src/routes/+layout.svelte:42
[  141845ms] [LOG] [plausible] render {diagramType: flowchart-v2, isRough: false, lengthBucket: 0-10, renderTimeMsBucket: 50-100} @ http://localhost:3001/src/lib/util/stats.ts:89
[  142443ms] [LOG] [plausible] version {mermaidVersion: 11.14.0} @ http://localhost:3001/src/lib/util/stats.ts:89
[  142506ms] [LOG] Loading '' @ http://localhost:3001/src/lib/util/state.ts:192
[  142559ms] [LOG] Registration successful, scope is: http://localhost:3001/ @ http://localhost:3001/src/routes/+layout.svelte:42
[  142619ms] [LOG] [plausible] render {diagramType: flowchart-v2, isRough: false, lengthBucket: 0-10, renderTimeMsBucket: 50-100} @ http://localhost:3001/src/lib/util/stats.ts:89
[  143208ms] [LOG] [plausible] version {mermaidVersion: 11.14.0} @ http://localhost:3001/src/lib/util/stats.ts:89
[  143265ms] [LOG] Loading '' @ http://localhost:3001/src/lib/util/state.ts:192
[  143319ms] [LOG] Registration successful, scope is: http://localhost:3001/ @ http://localhost:3001/src/routes/+layout.svelte:42
[  143358ms] [LOG] [plausible] render {diagramType: flowchart-v2, isRough: false, lengthBucket: 0-10, renderTimeMsBucket: 50-100} @ http://localhost:3001/src/lib/util/stats.ts:89
[  143977ms] [LOG] [plausible] version {mermaidVersion: 11.14.0} @ http://localhost:3001/src/lib/util/stats.ts:89
[  144034ms] [LOG] Loading '' @ http://localhost:3001/src/lib/util/state.ts:192
[  144092ms] [LOG] Registration successful, scope is: http://localhost:3001/ @ http://localhost:3001/src/routes/+layout.svelte:42
[  144143ms] [LOG] [plausible] render {diagramType: flowchart-v2, isRough: false, lengthBucket: 0-10, renderTimeMsBucket: 50-100} @ http://localhost:3001/src/lib/util/stats.ts:89
[  144712ms] [LOG] [plausible] version {mermaidVersion: 11.14.0} @ http://localhost:3001/src/lib/util/stats.ts:89
[  144773ms] [LOG] Loading '' @ http://localhost:3001/src/lib/util/state.ts:192
[  144832ms] [LOG] Registration successful, scope is: http://localhost:3001/ @ http://localhost:3001/src/routes/+layout.svelte:42
[  144875ms] [LOG] [plausible] render {diagramType: flowchart-v2, isRough: false, lengthBucket: 0-10, renderTimeMsBucket: 50-100} @ http://localhost:3001/src/lib/util/stats.ts:89
[  145475ms] [LOG] [plausible] version {mermaidVersion: 11.14.0} @ http://localhost:3001/src/lib/util/stats.ts:89
[  145538ms] [LOG] Loading '' @ http://localhost:3001/src/lib/util/state.ts:192
[  145590ms] [LOG] Registration successful, scope is: http://localhost:3001/ @ http://localhost:3001/src/routes/+layout.svelte:42
[  145633ms] [LOG] [plausible] render {diagramType: flowchart-v2, isRough: false, lengthBucket: 0-10, renderTimeMsBucket: 50-100} @ http://localhost:3001/src/lib/util/stats.ts:89
[  146361ms] [LOG] [plausible] version {mermaidVersion: 11.14.0} @ http://localhost:3001/src/lib/util/stats.ts:89
[  146432ms] [LOG] Loading '' @ http://localhost:3001/src/lib/util/state.ts:192
[  146480ms] [LOG] Registration successful, scope is: http://localhost:3001/ @ http://localhost:3001/src/routes/+layout.svelte:42
[  146515ms] [LOG] [plausible] render {diagramType: flowchart-v2, isRough: false, lengthBucket: 0-10, renderTimeMsBucket: 50-100} @ http://localhost:3001/src/lib/util/stats.ts:89
[  147121ms] [LOG] [plausible] version {mermaidVersion: 11.14.0} @ http://localhost:3001/src/lib/util/stats.ts:89
[  147176ms] [LOG] Loading '' @ http://localhost:3001/src/lib/util/state.ts:192
[  147223ms] [LOG] Registration successful, scope is: http://localhost:3001/ @ http://localhost:3001/src/routes/+layout.svelte:42
[  147262ms] [LOG] [plausible] render {diagramType: flowchart-v2, isRough: false, lengthBucket: 0-10, renderTimeMsBucket: 50-100} @ http://localhost:3001/src/lib/util/stats.ts:89
[  147874ms] [LOG] [plausible] version {mermaidVersion: 11.14.0} @ http://localhost:3001/src/lib/util/stats.ts:89
[  147945ms] [LOG] Loading '' @ http://localhost:3001/src/lib/util/state.ts:192
[  147999ms] [LOG] Registration successful, scope is: http://localhost:3001/ @ http://localhost:3001/src/routes/+layout.svelte:42
[  148036ms] [LOG] [plausible] render {diagramType: flowchart-v2, isRough: false, lengthBucket: 0-10, renderTimeMsBucket: 50-100} @ http://localhost:3001/src/lib/util/stats.ts:89
[  148619ms] [LOG] [plausible] version {mermaidVersion: 11.14.0} @ http://localhost:3001/src/lib/util/stats.ts:89
[  148682ms] [LOG] Loading '' @ http://localhost:3001/src/lib/util/state.ts:192
[  148736ms] [LOG] Registration successful, scope is: http://localhost:3001/ @ http://localhost:3001/src/routes/+layout.svelte:42
[  148777ms] [LOG] [plausible] render {diagramType: flowchart-v2, isRough: false, lengthBucket: 0-10, renderTimeMsBucket: 50-100} @ http://localhost:3001/src/lib/util/stats.ts:89
[  149366ms] [LOG] [plausible] version {mermaidVersion: 11.14.0} @ http://localhost:3001/src/lib/util/stats.ts:89
[  149436ms] [LOG] Loading '' @ http://localhost:3001/src/lib/util/state.ts:192
[  149479ms] [LOG] Registration successful, scope is: http://localhost:3001/ @ http://localhost:3001/src/routes/+layout.svelte:42
[  149509ms] [LOG] [plausible] render {diagramType: flowchart-v2, isRough: false, lengthBucket: 0-10, renderTimeMsBucket: 50-100} @ http://localhost:3001/src/lib/util/stats.ts:89
[  150099ms] [LOG] [plausible] version {mermaidVersion: 11.14.0} @ http://localhost:3001/src/lib/util/stats.ts:89
[  150166ms] [LOG] Loading '' @ http://localhost:3001/src/lib/util/state.ts:192
[  150215ms] [LOG] Registration successful, scope is: http://localhost:3001/ @ http://localhost:3001/src/routes/+layout.svelte:42
[  150252ms] [LOG] [plausible] render {diagramType: flowchart-v2, isRough: false, lengthBucket: 0-10, renderTimeMsBucket: 50-100} @ http://localhost:3001/src/lib/util/stats.ts:89
[  150878ms] [LOG] [plausible] version {mermaidVersion: 11.14.0} @ http://localhost:3001/src/lib/util/stats.ts:89
[  150954ms] [LOG] Loading '' @ http://localhost:3001/src/lib/util/state.ts:192
[  151004ms] [LOG] Registration successful, scope is: http://localhost:3001/ @ http://localhost:3001/src/routes/+layout.svelte:42
[  151044ms] [LOG] [plausible] render {diagramType: flowchart-v2, isRough: false, lengthBucket: 0-10, renderTimeMsBucket: 50-100} @ http://localhost:3001/src/lib/util/stats.ts:89
[  151709ms] [LOG] [plausible] version {mermaidVersion: 11.14.0} @ http://localhost:3001/src/lib/util/stats.ts:89
[  151782ms] [LOG] Loading '' @ http://localhost:3001/src/lib/util/state.ts:192
[  151839ms] [LOG] Registration successful, scope is: http://localhost:3001/ @ http://localhost:3001/src/routes/+layout.svelte:42
[  151883ms] [LOG] [plausible] render {diagramType: flowchart-v2, isRough: false, lengthBucket: 0-10, renderTimeMsBucket: 50-100} @ http://localhost:3001/src/lib/util/stats.ts:89
[  152525ms] [LOG] [plausible] version {mermaidVersion: 11.14.0} @ http://localhost:3001/src/lib/util/stats.ts:89
[  152586ms] [LOG] Loading '' @ http://localhost:3001/src/lib/util/state.ts:192
[  152635ms] [LOG] Registration successful, scope is: http://localhost:3001/ @ http://localhost:3001/src/routes/+layout.svelte:42
[  152671ms] [LOG] [plausible] render {diagramType: flowchart-v2, isRough: false, lengthBucket: 0-10, renderTimeMsBucket: 50-100} @ http://localhost:3001/src/lib/util/stats.ts:89
[  153302ms] [LOG] [plausible] version {mermaidVersion: 11.14.0} @ http://localhost:3001/src/lib/util/stats.ts:89
[  153373ms] [LOG] Loading '' @ http://localhost:3001/src/lib/util/state.ts:192
[  153427ms] [LOG] Registration successful, scope is: http://localhost:3001/ @ http://localhost:3001/src/routes/+layout.svelte:42
[  154023ms] [LOG] [plausible] version {mermaidVersion: 11.14.0} @ http://localhost:3001/src/lib/util/stats.ts:89
[  154094ms] [LOG] Loading '' @ http://localhost:3001/src/lib/util/state.ts:192
[  154148ms] [LOG] Registration successful, scope is: http://localhost:3001/ @ http://localhost:3001/src/routes/+layout.svelte:42
[  154187ms] [LOG] [plausible] render {diagramType: flowchart-v2, isRough: false, lengthBucket: 0-10, renderTimeMsBucket: 50-100} @ http://localhost:3001/src/lib/util/stats.ts:89
[  154842ms] [LOG] [plausible] version {mermaidVersion: 11.14.0} @ http://localhost:3001/src/lib/util/stats.ts:89
[  154910ms] [LOG] Loading '' @ http://localhost:3001/src/lib/util/state.ts:192
[  154966ms] [LOG] Registration successful, scope is: http://localhost:3001/ @ http://localhost:3001/src/routes/+layout.svelte:42
[  155027ms] [LOG] [plausible] render {diagramType: flowchart-v2, isRough: false, lengthBucket: 0-10, renderTimeMsBucket: 50-100} @ http://localhost:3001/src/lib/util/stats.ts:89
[  155640ms] [LOG] [plausible] version {mermaidVersion: 11.14.0} @ http://localhost:3001/src/lib/util/stats.ts:89
[  155701ms] [LOG] Loading '' @ http://localhost:3001/src/lib/util/state.ts:192
[  155754ms] [LOG] Registration successful, scope is: http://localhost:3001/ @ http://localhost:3001/src/routes/+layout.svelte:42
[  155805ms] [LOG] [plausible] render {diagramType: flowchart-v2, isRough: false, lengthBucket: 0-10, renderTimeMsBucket: 50-100} @ http://localhost:3001/src/lib/util/stats.ts:89
[  156435ms] [LOG] [plausible] version {mermaidVersion: 11.14.0} @ http://localhost:3001/src/lib/util/stats.ts:89
[  156495ms] [LOG] Loading '' @ http://localhost:3001/src/lib/util/state.ts:192
[  156554ms] [LOG] Registration successful, scope is: http://localhost:3001/ @ http://localhost:3001/src/routes/+layout.svelte:42
[  156592ms] [LOG] [plausible] render {diagramType: flowchart-v2, isRough: false, lengthBucket: 0-10, renderTimeMsBucket: 50-100} @ http://localhost:3001/src/lib/util/stats.ts:89
[  157183ms] [LOG] [plausible] version {mermaidVersion: 11.14.0} @ http://localhost:3001/src/lib/util/stats.ts:89
[  157249ms] [LOG] Loading '' @ http://localhost:3001/src/lib/util/state.ts:192
[  157300ms] [LOG] Registration successful, scope is: http://localhost:3001/ @ http://localhost:3001/src/routes/+layout.svelte:42
[  157338ms] [LOG] [plausible] render {diagramType: flowchart-v2, isRough: false, lengthBucket: 0-10, renderTimeMsBucket: 50-100} @ http://localhost:3001/src/lib/util/stats.ts:89
[  157961ms] [LOG] [plausible] version {mermaidVersion: 11.14.0} @ http://localhost:3001/src/lib/util/stats.ts:89
[  158023ms] [LOG] Loading '' @ http://localhost:3001/src/lib/util/state.ts:192
[  158075ms] [LOG] Registration successful, scope is: http://localhost:3001/ @ http://localhost:3001/src/routes/+layout.svelte:42
[  158111ms] [LOG] [plausible] render {diagramType: flowchart-v2, isRough: false, lengthBucket: 0-10, renderTimeMsBucket: 50-100} @ http://localhost:3001/src/lib/util/stats.ts:89
[  158695ms] [LOG] [plausible] version {mermaidVersion: 11.14.0} @ http://localhost:3001/src/lib/util/stats.ts:89
[  158764ms] [LOG] Loading '' @ http://localhost:3001/src/lib/util/state.ts:192
[  158819ms] [LOG] Registration successful, scope is: http://localhost:3001/ @ http://localhost:3001/src/routes/+layout.svelte:42
[  158867ms] [LOG] [plausible] render {diagramType: flowchart-v2, isRough: false, lengthBucket: 0-10, renderTimeMsBucket: 50-100} @ http://localhost:3001/src/lib/util/stats.ts:89
[  159469ms] [LOG] [plausible] version {mermaidVersion: 11.14.0} @ http://localhost:3001/src/lib/util/stats.ts:89
[  159532ms] [LOG] Loading '' @ http://localhost:3001/src/lib/util/state.ts:192
[  159591ms] [LOG] Registration successful, scope is: http://localhost:3001/ @ http://localhost:3001/src/routes/+layout.svelte:42
[  159656ms] [LOG] [plausible] render {diagramType: flowchart-v2, isRough: false, lengthBucket: 0-10, renderTimeMsBucket: 50-100} @ http://localhost:3001/src/lib/util/stats.ts:89
[  160260ms] [LOG] [plausible] version {mermaidVersion: 11.14.0} @ http://localhost:3001/src/lib/util/stats.ts:89
[  160328ms] [LOG] Loading '' @ http://localhost:3001/src/lib/util/state.ts:192
[  160381ms] [LOG] Registration successful, scope is: http://localhost:3001/ @ http://localhost:3001/src/routes/+layout.svelte:42
[  160434ms] [LOG] [plausible] render {diagramType: flowchart-v2, isRough: false, lengthBucket: 0-10, renderTimeMsBucket: 50-100} @ http://localhost:3001/src/lib/util/stats.ts:89
[  161011ms] [LOG] [plausible] version {mermaidVersion: 11.14.0} @ http://localhost:3001/src/lib/util/stats.ts:89
[  161075ms] [LOG] Loading '' @ http://localhost:3001/src/lib/util/state.ts:192
[  161133ms] [LOG] Registration successful, scope is: http://localhost:3001/ @ http://localhost:3001/src/routes/+layout.svelte:42
[  161173ms] [LOG] [plausible] render {diagramType: flowchart-v2, isRough: false, lengthBucket: 0-10, renderTimeMsBucket: 50-100} @ http://localhost:3001/src/lib/util/stats.ts:89
[  161769ms] [LOG] [plausible] version {mermaidVersion: 11.14.0} @ http://localhost:3001/src/lib/util/stats.ts:89
[  161842ms] [LOG] Loading '' @ http://localhost:3001/src/lib/util/state.ts:192
[  161896ms] [LOG] Registration successful, scope is: http://localhost:3001/ @ http://localhost:3001/src/routes/+layout.svelte:42
[  161931ms] [LOG] [plausible] render {diagramType: flowchart-v2, isRough: false, lengthBucket: 0-10, renderTimeMsBucket: 50-100} @ http://localhost:3001/src/lib/util/stats.ts:89
[  162522ms] [LOG] [plausible] version {mermaidVersion: 11.14.0} @ http://localhost:3001/src/lib/util/stats.ts:89
[  162593ms] [LOG] Loading '' @ http://localhost:3001/src/lib/util/state.ts:192
[  162644ms] [LOG] Registration successful, scope is: http://localhost:3001/ @ http://localhost:3001/src/routes/+layout.svelte:42
[  162680ms] [LOG] [plausible] render {diagramType: flowchart-v2, isRough: false, lengthBucket: 0-10, renderTimeMsBucket: 50-100} @ http://localhost:3001/src/lib/util/stats.ts:89
[  163322ms] [LOG] [plausible] version {mermaidVersion: 11.14.0} @ http://localhost:3001/src/lib/util/stats.ts:89
[  163387ms] [LOG] Loading '' @ http://localhost:3001/src/lib/util/state.ts:192
[  163443ms] [LOG] Registration successful, scope is: http://localhost:3001/ @ http://localhost:3001/src/routes/+layout.svelte:42
[  163493ms] [LOG] [plausible] render {diagramType: flowchart-v2, isRough: false, lengthBucket: 0-10, renderTimeMsBucket: 50-100} @ http://localhost:3001/src/lib/util/stats.ts:89
[  164102ms] [LOG] [plausible] version {mermaidVersion: 11.14.0} @ http://localhost:3001/src/lib/util/stats.ts:89
[  164160ms] [LOG] Loading '' @ http://localhost:3001/src/lib/util/state.ts:192
[  164207ms] [LOG] Registration successful, scope is: http://localhost:3001/ @ http://localhost:3001/src/routes/+layout.svelte:42
[  164247ms] [LOG] [plausible] render {diagramType: flowchart-v2, isRough: false, lengthBucket: 0-10, renderTimeMsBucket: 50-100} @ http://localhost:3001/src/lib/util/stats.ts:89
[  164884ms] [LOG] [plausible] version {mermaidVersion: 11.14.0} @ http://localhost:3001/src/lib/util/stats.ts:89
[  164946ms] [LOG] Loading '' @ http://localhost:3001/src/lib/util/state.ts:192
[  165000ms] [LOG] Registration successful, scope is: http://localhost:3001/ @ http://localhost:3001/src/routes/+layout.svelte:42
[  165042ms] [LOG] [plausible] render {diagramType: flowchart-v2, isRough: false, lengthBucket: 0-10, renderTimeMsBucket: 50-100} @ http://localhost:3001/src/lib/util/stats.ts:89
[  165634ms] [LOG] [plausible] version {mermaidVersion: 11.14.0} @ http://localhost:3001/src/lib/util/stats.ts:89
[  165701ms] [LOG] Loading '' @ http://localhost:3001/src/lib/util/state.ts:192
[  165754ms] [LOG] Registration successful, scope is: http://localhost:3001/ @ http://localhost:3001/src/routes/+layout.svelte:42
[  165788ms] [LOG] [plausible] render {diagramType: flowchart-v2, isRough: false, lengthBucket: 0-10, renderTimeMsBucket: 50-100} @ http://localhost:3001/src/lib/util/stats.ts:89
[  166386ms] [LOG] [plausible] version {mermaidVersion: 11.14.0} @ http://localhost:3001/src/lib/util/stats.ts:89
[  166452ms] [LOG] Loading '' @ http://localhost:3001/src/lib/util/state.ts:192
[  166510ms] [LOG] Registration successful, scope is: http://localhost:3001/ @ http://localhost:3001/src/routes/+layout.svelte:42
[  166552ms] [LOG] [plausible] render {diagramType: flowchart-v2, isRough: false, lengthBucket: 0-10, renderTimeMsBucket: 50-100} @ http://localhost:3001/src/lib/util/stats.ts:89
[  167110ms] [LOG] [plausible] version {mermaidVersion: 11.14.0} @ http://localhost:3001/src/lib/util/stats.ts:89
[  167179ms] [LOG] Loading '' @ http://localhost:3001/src/lib/util/state.ts:192
[  167225ms] [LOG] Registration successful, scope is: http://localhost:3001/ @ http://localhost:3001/src/routes/+layout.svelte:42
[  167274ms] [LOG] [plausible] render {diagramType: flowchart-v2, isRough: false, lengthBucket: 0-10, renderTimeMsBucket: 50-100} @ http://localhost:3001/src/lib/util/stats.ts:89
[  167907ms] [LOG] [plausible] version {mermaidVersion: 11.14.0} @ http://localhost:3001/src/lib/util/stats.ts:89
[  167966ms] [LOG] Loading '' @ http://localhost:3001/src/lib/util/state.ts:192
[  168022ms] [LOG] Registration successful, scope is: http://localhost:3001/ @ http://localhost:3001/src/routes/+layout.svelte:42
[  168071ms] [LOG] [plausible] render {diagramType: flowchart-v2, isRough: false, lengthBucket: 0-10, renderTimeMsBucket: 50-100} @ http://localhost:3001/src/lib/util/stats.ts:89
[  168707ms] [LOG] [plausible] version {mermaidVersion: 11.14.0} @ http://localhost:3001/src/lib/util/stats.ts:89
[  168767ms] [LOG] Loading '' @ http://localhost:3001/src/lib/util/state.ts:192
[  168822ms] [LOG] Registration successful, scope is: http://localhost:3001/ @ http://localhost:3001/src/routes/+layout.svelte:42
[  168851ms] [LOG] [plausible] render {diagramType: flowchart-v2, isRough: false, lengthBucket: 0-10, renderTimeMsBucket: 50-100} @ http://localhost:3001/src/lib/util/stats.ts:89
[  169436ms] [LOG] [plausible] version {mermaidVersion: 11.14.0} @ http://localhost:3001/src/lib/util/stats.ts:89
[  169498ms] [LOG] Loading '' @ http://localhost:3001/src/lib/util/state.ts:192
[  169557ms] [LOG] Registration successful, scope is: http://localhost:3001/ @ http://localhost:3001/src/routes/+layout.svelte:42
[  169599ms] [LOG] [plausible] render {diagramType: flowchart-v2, isRough: false, lengthBucket: 0-10, renderTimeMsBucket: 50-100} @ http://localhost:3001/src/lib/util/stats.ts:89
[  170183ms] [LOG] [plausible] version {mermaidVersion: 11.14.0} @ http://localhost:3001/src/lib/util/stats.ts:89
[  170250ms] [LOG] Loading '' @ http://localhost:3001/src/lib/util/state.ts:192
[  170303ms] [LOG] Registration successful, scope is: http://localhost:3001/ @ http://localhost:3001/src/routes/+layout.svelte:42
[  170337ms] [LOG] [plausible] render {diagramType: flowchart-v2, isRough: false, lengthBucket: 0-10, renderTimeMsBucket: 50-100} @ http://localhost:3001/src/lib/util/stats.ts:89
[  170907ms] [LOG] [plausible] version {mermaidVersion: 11.14.0} @ http://localhost:3001/src/lib/util/stats.ts:89
[  170967ms] [LOG] Loading '' @ http://localhost:3001/src/lib/util/state.ts:192
[  171025ms] [LOG] Registration successful, scope is: http://localhost:3001/ @ http://localhost:3001/src/routes/+layout.svelte:42
[  171066ms] [LOG] [plausible] render {diagramType: flowchart-v2, isRough: false, lengthBucket: 0-10, renderTimeMsBucket: 50-100} @ http://localhost:3001/src/lib/util/stats.ts:89
[  171652ms] [LOG] [plausible] version {mermaidVersion: 11.14.0} @ http://localhost:3001/src/lib/util/stats.ts:89
[  171714ms] [LOG] Loading '' @ http://localhost:3001/src/lib/util/state.ts:192
[  171774ms] [LOG] Registration successful, scope is: http://localhost:3001/ @ http://localhost:3001/src/routes/+layout.svelte:42
[  171812ms] [LOG] [plausible] render {diagramType: flowchart-v2, isRough: false, lengthBucket: 0-10, renderTimeMsBucket: 50-100} @ http://localhost:3001/src/lib/util/stats.ts:89
[  172418ms] [LOG] [plausible] version {mermaidVersion: 11.14.0} @ http://localhost:3001/src/lib/util/stats.ts:89
[  172488ms] [LOG] Loading '' @ http://localhost:3001/src/lib/util/state.ts:192
[  172541ms] [LOG] Registration successful, scope is: http://localhost:3001/ @ http://localhost:3001/src/routes/+layout.svelte:42
[  172576ms] [LOG] [plausible] render {diagramType: flowchart-v2, isRough: false, lengthBucket: 0-10, renderTimeMsBucket: 50-100} @ http://localhost:3001/src/lib/util/stats.ts:89
[  173659ms] [LOG] [plausible] version {mermaidVersion: 11.14.0} @ http://localhost:3001/src/lib/util/stats.ts:89
[  173722ms] [LOG] Loading '' @ http://localhost:3001/src/lib/util/state.ts:192
[  173780ms] [LOG] Registration successful, scope is: http://localhost:3001/ @ http://localhost:3001/src/routes/+layout.svelte:42
[  173824ms] [LOG] [plausible] render {diagramType: flowchart-v2, isRough: false, lengthBucket: 0-10, renderTimeMsBucket: 50-100} @ http://localhost:3001/src/lib/util/stats.ts:89
[  175161ms] [LOG] [plausible] version {mermaidVersion: 11.14.0} @ http://localhost:3001/src/lib/util/stats.ts:89
[  175239ms] [LOG] Loading '' @ http://localhost:3001/src/lib/util/state.ts:192
[  175327ms] [LOG] Registration successful, scope is: http://localhost:3001/ @ http://localhost:3001/src/routes/+layout.svelte:42
[  175386ms] [LOG] [plausible] render {diagramType: flowchart-v2, isRough: false, lengthBucket: 0-10, renderTimeMsBucket: 100-200} @ http://localhost:3001/src/lib/util/stats.ts:89
[  176024ms] [LOG] [plausible] version {mermaidVersion: 11.14.0} @ http://localhost:3001/src/lib/util/stats.ts:89
[  176102ms] [LOG] Loading '' @ http://localhost:3001/src/lib/util/state.ts:192
[  176195ms] [LOG] [plausible] render {diagramType: flowchart-v2, isRough: false, lengthBucket: 0-10, renderTimeMsBucket: 50-100} @ http://localhost:3001/src/lib/util/stats.ts:89
[  176772ms] [LOG] [plausible] version {mermaidVersion: 11.14.0} @ http://localhost:3001/src/lib/util/stats.ts:89
[  176833ms] [LOG] Loading '' @ http://localhost:3001/src/lib/util/state.ts:192
[  176887ms] [LOG] Registration successful, scope is: http://localhost:3001/ @ http://localhost:3001/src/routes/+layout.svelte:42
[  176937ms] [LOG] [plausible] render {diagramType: flowchart-v2, isRough: false, lengthBucket: 0-10, renderTimeMsBucket: 50-100} @ http://localhost:3001/src/lib/util/stats.ts:89
[  177572ms] [LOG] [plausible] version {mermaidVersion: 11.14.0} @ http://localhost:3001/src/lib/util/stats.ts:89
[  177636ms] [LOG] Loading '' @ http://localhost:3001/src/lib/util/state.ts:192
[  177688ms] [LOG] Registration successful, scope is: http://localhost:3001/ @ http://localhost:3001/src/routes/+layout.svelte:42
[  177737ms] [LOG] [plausible] render {diagramType: flowchart-v2, isRough: false, lengthBucket: 0-10, renderTimeMsBucket: 50-100} @ http://localhost:3001/src/lib/util/stats.ts:89
[  178342ms] [LOG] [plausible] version {mermaidVersion: 11.14.0} @ http://localhost:3001/src/lib/util/stats.ts:89
[  178407ms] [LOG] Loading '' @ http://localhost:3001/src/lib/util/state.ts:192
[  178462ms] [LOG] Registration successful, scope is: http://localhost:3001/ @ http://localhost:3001/src/routes/+layout.svelte:42
[  178512ms] [LOG] [plausible] render {diagramType: flowchart-v2, isRough: false, lengthBucket: 0-10, renderTimeMsBucket: 50-100} @ http://localhost:3001/src/lib/util/stats.ts:89
[  179127ms] [LOG] [plausible] version {mermaidVersion: 11.14.0} @ http://localhost:3001/src/lib/util/stats.ts:89
[  179183ms] [LOG] Loading '' @ http://localhost:3001/src/lib/util/state.ts:192
[  179245ms] [LOG] Registration successful, scope is: http://localhost:3001/ @ http://localhost:3001/src/routes/+layout.svelte:42
[  179302ms] [LOG] [plausible] render {diagramType: flowchart-v2, isRough: false, lengthBucket: 0-10, renderTimeMsBucket: 50-100} @ http://localhost:3001/src/lib/util/stats.ts:89
[  179903ms] [LOG] [plausible] version {mermaidVersion: 11.14.0} @ http://localhost:3001/src/lib/util/stats.ts:89
[  179964ms] [LOG] Loading '' @ http://localhost:3001/src/lib/util/state.ts:192
[  180018ms] [LOG] Registration successful, scope is: http://localhost:3001/ @ http://localhost:3001/src/routes/+layout.svelte:42
[  180059ms] [LOG] [plausible] render {diagramType: flowchart-v2, isRough: false, lengthBucket: 0-10, renderTimeMsBucket: 50-100} @ http://localhost:3001/src/lib/util/stats.ts:89
[  180642ms] [LOG] [plausible] version {mermaidVersion: 11.14.0} @ http://localhost:3001/src/lib/util/stats.ts:89
[  180711ms] [LOG] Loading '' @ http://localhost:3001/src/lib/util/state.ts:192
[  180768ms] [LOG] Registration successful, scope is: http://localhost:3001/ @ http://localhost:3001/src/routes/+layout.svelte:42
[  180810ms] [LOG] [plausible] render {diagramType: flowchart-v2, isRough: false, lengthBucket: 0-10, renderTimeMsBucket: 50-100} @ http://localhost:3001/src/lib/util/stats.ts:89
[  181400ms] [LOG] [plausible] version {mermaidVersion: 11.14.0} @ http://localhost:3001/src/lib/util/stats.ts:89
[  181473ms] [LOG] Loading '' @ http://localhost:3001/src/lib/util/state.ts:192
[  181532ms] [LOG] Registration successful, scope is: http://localhost:3001/ @ http://localhost:3001/src/routes/+layout.svelte:42
[  181568ms] [LOG] [plausible] render {diagramType: flowchart-v2, isRough: false, lengthBucket: 0-10, renderTimeMsBucket: 50-100} @ http://localhost:3001/src/lib/util/stats.ts:89
[  182133ms] [LOG] [plausible] version {mermaidVersion: 11.14.0} @ http://localhost:3001/src/lib/util/stats.ts:89
[  182193ms] [LOG] Loading '' @ http://localhost:3001/src/lib/util/state.ts:192
[  182253ms] [LOG] Registration successful, scope is: http://localhost:3001/ @ http://localhost:3001/src/routes/+layout.svelte:42
[  182287ms] [LOG] [plausible] render {diagramType: flowchart-v2, isRough: false, lengthBucket: 0-10, renderTimeMsBucket: 50-100} @ http://localhost:3001/src/lib/util/stats.ts:89
[  182895ms] [LOG] [plausible] version {mermaidVersion: 11.14.0} @ http://localhost:3001/src/lib/util/stats.ts:89
[  182966ms] [LOG] Loading '' @ http://localhost:3001/src/lib/util/state.ts:192
[  183019ms] [LOG] Registration successful, scope is: http://localhost:3001/ @ http://localhost:3001/src/routes/+layout.svelte:42
[  183060ms] [LOG] [plausible] render {diagramType: flowchart-v2, isRough: false, lengthBucket: 0-10, renderTimeMsBucket: 50-100} @ http://localhost:3001/src/lib/util/stats.ts:89
[  183668ms] [LOG] [plausible] version {mermaidVersion: 11.14.0} @ http://localhost:3001/src/lib/util/stats.ts:89
[  183733ms] [LOG] Loading '' @ http://localhost:3001/src/lib/util/state.ts:192
[  183791ms] [LOG] Registration successful, scope is: http://localhost:3001/ @ http://localhost:3001/src/routes/+layout.svelte:42
[  183840ms] [LOG] [plausible] render {diagramType: flowchart-v2, isRough: false, lengthBucket: 0-10, renderTimeMsBucket: 50-100} @ http://localhost:3001/src/lib/util/stats.ts:89
[  184432ms] [LOG] [plausible] version {mermaidVersion: 11.14.0} @ http://localhost:3001/src/lib/util/stats.ts:89
[  184508ms] [LOG] Loading '' @ http://localhost:3001/src/lib/util/state.ts:192
[  184568ms] [LOG] Registration successful, scope is: http://localhost:3001/ @ http://localhost:3001/src/routes/+layout.svelte:42
[  184608ms] [LOG] [plausible] render {diagramType: flowchart-v2, isRough: false, lengthBucket: 0-10, renderTimeMsBucket: 50-100} @ http://localhost:3001/src/lib/util/stats.ts:89
[  185179ms] [LOG] [plausible] version {mermaidVersion: 11.14.0} @ http://localhost:3001/src/lib/util/stats.ts:89
[  185242ms] [LOG] Loading '' @ http://localhost:3001/src/lib/util/state.ts:192
[  185293ms] [LOG] Registration successful, scope is: http://localhost:3001/ @ http://localhost:3001/src/routes/+layout.svelte:42
[  185333ms] [LOG] [plausible] render {diagramType: flowchart-v2, isRough: false, lengthBucket: 0-10, renderTimeMsBucket: 50-100} @ http://localhost:3001/src/lib/util/stats.ts:89
[  185980ms] [LOG] [plausible] version {mermaidVersion: 11.14.0} @ http://localhost:3001/src/lib/util/stats.ts:89
[  186043ms] [LOG] Loading '' @ http://localhost:3001/src/lib/util/state.ts:192
[  186090ms] [LOG] Registration successful, scope is: http://localhost:3001/ @ http://localhost:3001/src/routes/+layout.svelte:42
[  186136ms] [LOG] [plausible] render {diagramType: flowchart-v2, isRough: false, lengthBucket: 0-10, renderTimeMsBucket: 50-100} @ http://localhost:3001/src/lib/util/stats.ts:89
[  186769ms] [LOG] [plausible] version {mermaidVersion: 11.14.0} @ http://localhost:3001/src/lib/util/stats.ts:89
[  186829ms] [LOG] Loading '' @ http://localhost:3001/src/lib/util/state.ts:192
[  186888ms] [LOG] Registration successful, scope is: http://localhost:3001/ @ http://localhost:3001/src/routes/+layout.svelte:42
[  186946ms] [LOG] [plausible] render {diagramType: flowchart-v2, isRough: false, lengthBucket: 0-10, renderTimeMsBucket: 50-100} @ http://localhost:3001/src/lib/util/stats.ts:89
[  187604ms] [LOG] [plausible] version {mermaidVersion: 11.14.0} @ http://localhost:3001/src/lib/util/stats.ts:89
[  187661ms] [LOG] Loading '' @ http://localhost:3001/src/lib/util/state.ts:192
[  187711ms] [LOG] Registration successful, scope is: http://localhost:3001/ @ http://localhost:3001/src/routes/+layout.svelte:42
[  187744ms] [LOG] [plausible] render {diagramType: flowchart-v2, isRough: false, lengthBucket: 0-10, renderTimeMsBucket: 50-100} @ http://localhost:3001/src/lib/util/stats.ts:89
[  188364ms] [LOG] [plausible] version {mermaidVersion: 11.14.0} @ http://localhost:3001/src/lib/util/stats.ts:89
[  188428ms] [LOG] Loading '' @ http://localhost:3001/src/lib/util/state.ts:192
[  188487ms] [LOG] Registration successful, scope is: http://localhost:3001/ @ http://localhost:3001/src/routes/+layout.svelte:42
[  188539ms] [LOG] [plausible] render {diagramType: flowchart-v2, isRough: false, lengthBucket: 0-10, renderTimeMsBucket: 50-100} @ http://localhost:3001/src/lib/util/stats.ts:89
[  189126ms] [LOG] [plausible] version {mermaidVersion: 11.14.0} @ http://localhost:3001/src/lib/util/stats.ts:89
[  189197ms] [LOG] Loading '' @ http://localhost:3001/src/lib/util/state.ts:192
[  189258ms] [LOG] Registration successful, scope is: http://localhost:3001/ @ http://localhost:3001/src/routes/+layout.svelte:42
[  189297ms] [LOG] [plausible] render {diagramType: flowchart-v2, isRough: false, lengthBucket: 0-10, renderTimeMsBucket: 50-100} @ http://localhost:3001/src/lib/util/stats.ts:89
[  189891ms] [LOG] [plausible] version {mermaidVersion: 11.14.0} @ http://localhost:3001/src/lib/util/stats.ts:89
[  189955ms] [LOG] Loading '' @ http://localhost:3001/src/lib/util/state.ts:192
[  190007ms] [LOG] Registration successful, scope is: http://localhost:3001/ @ http://localhost:3001/src/routes/+layout.svelte:42
[  190040ms] [LOG] [plausible] render {diagramType: flowchart-v2, isRough: false, lengthBucket: 0-10, renderTimeMsBucket: 50-100} @ http://localhost:3001/src/lib/util/stats.ts:89
[  190696ms] [LOG] [plausible] version {mermaidVersion: 11.14.0} @ http://localhost:3001/src/lib/util/stats.ts:89
[  190759ms] [LOG] Loading '' @ http://localhost:3001/src/lib/util/state.ts:192
[  190816ms] [LOG] Registration successful, scope is: http://localhost:3001/ @ http://localhost:3001/src/routes/+layout.svelte:42
[  190863ms] [LOG] [plausible] render {diagramType: flowchart-v2, isRough: false, lengthBucket: 0-10, renderTimeMsBucket: 50-100} @ http://localhost:3001/src/lib/util/stats.ts:89
[  191492ms] [LOG] [plausible] version {mermaidVersion: 11.14.0} @ http://localhost:3001/src/lib/util/stats.ts:89
[  191556ms] [LOG] Loading '' @ http://localhost:3001/src/lib/util/state.ts:192
[  191613ms] [LOG] Registration successful, scope is: http://localhost:3001/ @ http://localhost:3001/src/routes/+layout.svelte:42
[  191654ms] [LOG] [plausible] render {diagramType: flowchart-v2, isRough: false, lengthBucket: 0-10, renderTimeMsBucket: 50-100} @ http://localhost:3001/src/lib/util/stats.ts:89
[  192225ms] [LOG] [plausible] version {mermaidVersion: 11.14.0} @ http://localhost:3001/src/lib/util/stats.ts:89
[  192292ms] [LOG] Loading '' @ http://localhost:3001/src/lib/util/state.ts:192
[  192346ms] [LOG] Registration successful, scope is: http://localhost:3001/ @ http://localhost:3001/src/routes/+layout.svelte:42
[  192382ms] [LOG] [plausible] render {diagramType: flowchart-v2, isRough: false, lengthBucket: 0-10, renderTimeMsBucket: 50-100} @ http://localhost:3001/src/lib/util/stats.ts:89
[  192986ms] [LOG] [plausible] version {mermaidVersion: 11.14.0} @ http://localhost:3001/src/lib/util/stats.ts:89
[  193050ms] [LOG] Loading '' @ http://localhost:3001/src/lib/util/state.ts:192
[  193106ms] [LOG] Registration successful, scope is: http://localhost:3001/ @ http://localhost:3001/src/routes/+layout.svelte:42
[  193146ms] [LOG] [plausible] render {diagramType: flowchart-v2, isRough: false, lengthBucket: 0-10, renderTimeMsBucket: 50-100} @ http://localhost:3001/src/lib/util/stats.ts:89
[  193740ms] [LOG] [plausible] version {mermaidVersion: 11.14.0} @ http://localhost:3001/src/lib/util/stats.ts:89
[  193801ms] [LOG] Loading '' @ http://localhost:3001/src/lib/util/state.ts:192
[  193862ms] [LOG] Registration successful, scope is: http://localhost:3001/ @ http://localhost:3001/src/routes/+layout.svelte:42
[  193902ms] [LOG] [plausible] render {diagramType: flowchart-v2, isRough: false, lengthBucket: 0-10, renderTimeMsBucket: 50-100} @ http://localhost:3001/src/lib/util/stats.ts:89
[  194537ms] [LOG] [plausible] version {mermaidVersion: 11.14.0} @ http://localhost:3001/src/lib/util/stats.ts:89
[  194598ms] [LOG] Loading '' @ http://localhost:3001/src/lib/util/state.ts:192
[  194657ms] [LOG] Registration successful, scope is: http://localhost:3001/ @ http://localhost:3001/src/routes/+layout.svelte:42
[  194692ms] [LOG] [plausible] render {diagramType: flowchart-v2, isRough: false, lengthBucket: 0-10, renderTimeMsBucket: 50-100} @ http://localhost:3001/src/lib/util/stats.ts:89
[  195274ms] [LOG] [plausible] version {mermaidVersion: 11.14.0} @ http://localhost:3001/src/lib/util/stats.ts:89
[  195345ms] [LOG] Loading '' @ http://localhost:3001/src/lib/util/state.ts:192
[  195390ms] [LOG] Registration successful, scope is: http://localhost:3001/ @ http://localhost:3001/src/routes/+layout.svelte:42
[  195430ms] [LOG] [plausible] render {diagramType: flowchart-v2, isRough: false, lengthBucket: 0-10, renderTimeMsBucket: 50-100} @ http://localhost:3001/src/lib/util/stats.ts:89
[  196265ms] [LOG] [plausible] version {mermaidVersion: 11.14.0} @ http://localhost:3001/src/lib/util/stats.ts:89
[  196328ms] [LOG] Loading '' @ http://localhost:3001/src/lib/util/state.ts:192
[  196383ms] [LOG] Registration successful, scope is: http://localhost:3001/ @ http://localhost:3001/src/routes/+layout.svelte:42
[  196433ms] [LOG] [plausible] render {diagramType: flowchart-v2, isRough: false, lengthBucket: 0-10, renderTimeMsBucket: 50-100} @ http://localhost:3001/src/lib/util/stats.ts:89
[  197029ms] [LOG] [plausible] version {mermaidVersion: 11.14.0} @ http://localhost:3001/src/lib/util/stats.ts:89
[  197097ms] [LOG] Loading '' @ http://localhost:3001/src/lib/util/state.ts:192
[  197151ms] [LOG] Registration successful, scope is: http://localhost:3001/ @ http://localhost:3001/src/routes/+layout.svelte:42
[  197197ms] [LOG] [plausible] render {diagramType: flowchart-v2, isRough: false, lengthBucket: 0-10, renderTimeMsBucket: 50-100} @ http://localhost:3001/src/lib/util/stats.ts:89
[  197786ms] [LOG] [plausible] version {mermaidVersion: 11.14.0} @ http://localhost:3001/src/lib/util/stats.ts:89
[  197849ms] [LOG] Loading '' @ http://localhost:3001/src/lib/util/state.ts:192
[  197909ms] [LOG] Registration successful, scope is: http://localhost:3001/ @ http://localhost:3001/src/routes/+layout.svelte:42
[  197960ms] [LOG] [plausible] render {diagramType: flowchart-v2, isRough: false, lengthBucket: 0-10, renderTimeMsBucket: 50-100} @ http://localhost:3001/src/lib/util/stats.ts:89
[  198557ms] [LOG] [plausible] version {mermaidVersion: 11.14.0} @ http://localhost:3001/src/lib/util/stats.ts:89
[  198628ms] [LOG] Loading '' @ http://localhost:3001/src/lib/util/state.ts:192
[  198682ms] [LOG] Registration successful, scope is: http://localhost:3001/ @ http://localhost:3001/src/routes/+layout.svelte:42
[  198728ms] [LOG] [plausible] render {diagramType: flowchart-v2, isRough: false, lengthBucket: 0-10, renderTimeMsBucket: 50-100} @ http://localhost:3001/src/lib/util/stats.ts:89
[  199372ms] [LOG] [plausible] version {mermaidVersion: 11.14.0} @ http://localhost:3001/src/lib/util/stats.ts:89
[  199435ms] [LOG] Loading '' @ http://localhost:3001/src/lib/util/state.ts:192
[  199487ms] [LOG] Registration successful, scope is: http://localhost:3001/ @ http://localhost:3001/src/routes/+layout.svelte:42
[  199534ms] [LOG] [plausible] render {diagramType: flowchart-v2, isRough: false, lengthBucket: 0-10, renderTimeMsBucket: 50-100} @ http://localhost:3001/src/lib/util/stats.ts:89
[  200146ms] [LOG] [plausible] version {mermaidVersion: 11.14.0} @ http://localhost:3001/src/lib/util/stats.ts:89
[  200220ms] [LOG] Loading '' @ http://localhost:3001/src/lib/util/state.ts:192
[  200276ms] [LOG] Registration successful, scope is: http://localhost:3001/ @ http://localhost:3001/src/routes/+layout.svelte:42
[  200835ms] [LOG] [plausible] version {mermaidVersion: 11.14.0} @ http://localhost:3001/src/lib/util/stats.ts:89
[  200898ms] [LOG] Loading '' @ http://localhost:3001/src/lib/util/state.ts:192
[  200955ms] [LOG] Registration successful, scope is: http://localhost:3001/ @ http://localhost:3001/src/routes/+layout.svelte:42
[  201034ms] [LOG] [plausible] render {diagramType: flowchart-v2, isRough: false, lengthBucket: 0-10, renderTimeMsBucket: 100-200} @ http://localhost:3001/src/lib/util/stats.ts:89
[  201643ms] [LOG] [plausible] version {mermaidVersion: 11.14.0} @ http://localhost:3001/src/lib/util/stats.ts:89
[  201706ms] [LOG] Loading '' @ http://localhost:3001/src/lib/util/state.ts:192
[  201758ms] [LOG] Registration successful, scope is: http://localhost:3001/ @ http://localhost:3001/src/routes/+layout.svelte:42
[  201814ms] [LOG] [plausible] render {diagramType: flowchart-v2, isRough: false, lengthBucket: 0-10, renderTimeMsBucket: 50-100} @ http://localhost:3001/src/lib/util/stats.ts:89
[  202431ms] [LOG] [plausible] version {mermaidVersion: 11.14.0} @ http://localhost:3001/src/lib/util/stats.ts:89
[  202500ms] [LOG] Loading '' @ http://localhost:3001/src/lib/util/state.ts:192
[  202554ms] [LOG] Registration successful, scope is: http://localhost:3001/ @ http://localhost:3001/src/routes/+layout.svelte:42
[  202608ms] [LOG] [plausible] render {diagramType: flowchart-v2, isRough: false, lengthBucket: 0-10, renderTimeMsBucket: 50-100} @ http://localhost:3001/src/lib/util/stats.ts:89
[  203230ms] [LOG] [plausible] version {mermaidVersion: 11.14.0} @ http://localhost:3001/src/lib/util/stats.ts:89
[  203295ms] [LOG] Loading '' @ http://localhost:3001/src/lib/util/state.ts:192
[  203352ms] [LOG] Registration successful, scope is: http://localhost:3001/ @ http://localhost:3001/src/routes/+layout.svelte:42
[  203406ms] [LOG] [plausible] render {diagramType: flowchart-v2, isRough: false, lengthBucket: 0-10, renderTimeMsBucket: 50-100} @ http://localhost:3001/src/lib/util/stats.ts:89
[  204007ms] [LOG] [plausible] version {mermaidVersion: 11.14.0} @ http://localhost:3001/src/lib/util/stats.ts:89
[  204075ms] [LOG] Loading '' @ http://localhost:3001/src/lib/util/state.ts:192
[  204128ms] [LOG] Registration successful, scope is: http://localhost:3001/ @ http://localhost:3001/src/routes/+layout.svelte:42
[  204177ms] [LOG] [plausible] render {diagramType: flowchart-v2, isRough: false, lengthBucket: 0-10, renderTimeMsBucket: 50-100} @ http://localhost:3001/src/lib/util/stats.ts:89
[  204749ms] [LOG] [plausible] version {mermaidVersion: 11.14.0} @ http://localhost:3001/src/lib/util/stats.ts:89
[  204813ms] [LOG] Loading '' @ http://localhost:3001/src/lib/util/state.ts:192
[  204872ms] [LOG] Registration successful, scope is: http://localhost:3001/ @ http://localhost:3001/src/routes/+layout.svelte:42
[  204929ms] [LOG] [plausible] render {diagramType: flowchart-v2, isRough: false, lengthBucket: 0-10, renderTimeMsBucket: 50-100} @ http://localhost:3001/src/lib/util/stats.ts:89
[  205549ms] [LOG] [plausible] version {mermaidVersion: 11.14.0} @ http://localhost:3001/src/lib/util/stats.ts:89
[  205610ms] [LOG] Loading '' @ http://localhost:3001/src/lib/util/state.ts:192
[  205661ms] [LOG] Registration successful, scope is: http://localhost:3001/ @ http://localhost:3001/src/routes/+layout.svelte:42
[  205712ms] [LOG] [plausible] render {diagramType: flowchart-v2, isRough: false, lengthBucket: 0-10, renderTimeMsBucket: 50-100} @ http://localhost:3001/src/lib/util/stats.ts:89
[  206475ms] [LOG] [plausible] version {mermaidVersion: 11.14.0} @ http://localhost:3001/src/lib/util/stats.ts:89
[  206534ms] [LOG] Loading '' @ http://localhost:3001/src/lib/util/state.ts:192
[  206593ms] [LOG] Registration successful, scope is: http://localhost:3001/ @ http://localhost:3001/src/routes/+layout.svelte:42
[  206631ms] [LOG] [plausible] render {diagramType: flowchart-v2, isRough: false, lengthBucket: 0-10, renderTimeMsBucket: 50-100} @ http://localhost:3001/src/lib/util/stats.ts:89
[  207207ms] [LOG] [plausible] version {mermaidVersion: 11.14.0} @ http://localhost:3001/src/lib/util/stats.ts:89
[  207275ms] [LOG] Loading '' @ http://localhost:3001/src/lib/util/state.ts:192
[  207323ms] [LOG] Registration successful, scope is: http://localhost:3001/ @ http://localhost:3001/src/routes/+layout.svelte:42
[  207370ms] [LOG] [plausible] render {diagramType: flowchart-v2, isRough: false, lengthBucket: 0-10, renderTimeMsBucket: 50-100} @ http://localhost:3001/src/lib/util/stats.ts:89
[  207984ms] [LOG] [plausible] version {mermaidVersion: 11.14.0} @ http://localhost:3001/src/lib/util/stats.ts:89
[  208046ms] [LOG] Loading '' @ http://localhost:3001/src/lib/util/state.ts:192
[  208105ms] [LOG] Registration successful, scope is: http://localhost:3001/ @ http://localhost:3001/src/routes/+layout.svelte:42
[  208153ms] [LOG] [plausible] render {diagramType: flowchart-v2, isRough: false, lengthBucket: 0-10, renderTimeMsBucket: 50-100} @ http://localhost:3001/src/lib/util/stats.ts:89
[  208741ms] [LOG] [plausible] version {mermaidVersion: 11.14.0} @ http://localhost:3001/src/lib/util/stats.ts:89
[  208810ms] [LOG] Loading '' @ http://localhost:3001/src/lib/util/state.ts:192
[  208862ms] [LOG] Registration successful, scope is: http://localhost:3001/ @ http://localhost:3001/src/routes/+layout.svelte:42
[  208921ms] [LOG] [plausible] render {diagramType: flowchart-v2, isRough: false, lengthBucket: 0-10, renderTimeMsBucket: 50-100} @ http://localhost:3001/src/lib/util/stats.ts:89
[  209554ms] [LOG] [plausible] version {mermaidVersion: 11.14.0} @ http://localhost:3001/src/lib/util/stats.ts:89
[  209625ms] [LOG] Loading '' @ http://localhost:3001/src/lib/util/state.ts:192
[  209672ms] [LOG] Registration successful, scope is: http://localhost:3001/ @ http://localhost:3001/src/routes/+layout.svelte:42
[  209728ms] [LOG] [plausible] render {diagramType: flowchart-v2, isRough: false, lengthBucket: 0-10, renderTimeMsBucket: 50-100} @ http://localhost:3001/src/lib/util/stats.ts:89
[  210321ms] [LOG] [plausible] version {mermaidVersion: 11.14.0} @ http://localhost:3001/src/lib/util/stats.ts:89
[  210394ms] [LOG] Loading '' @ http://localhost:3001/src/lib/util/state.ts:192
[  210448ms] [LOG] Registration successful, scope is: http://localhost:3001/ @ http://localhost:3001/src/routes/+layout.svelte:42
[  210510ms] [LOG] [plausible] render {diagramType: flowchart-v2, isRough: false, lengthBucket: 0-10, renderTimeMsBucket: 50-100} @ http://localhost:3001/src/lib/util/stats.ts:89
[  211106ms] [LOG] [plausible] version {mermaidVersion: 11.14.0} @ http://localhost:3001/src/lib/util/stats.ts:89
[  211179ms] [LOG] Loading '' @ http://localhost:3001/src/lib/util/state.ts:192
[  211231ms] [LOG] Registration successful, scope is: http://localhost:3001/ @ http://localhost:3001/src/routes/+layout.svelte:42
[  211283ms] [LOG] [plausible] render {diagramType: flowchart-v2, isRough: false, lengthBucket: 0-10, renderTimeMsBucket: 50-100} @ http://localhost:3001/src/lib/util/stats.ts:89
[  211907ms] [LOG] [plausible] version {mermaidVersion: 11.14.0} @ http://localhost:3001/src/lib/util/stats.ts:89
[  211969ms] [LOG] Loading '' @ http://localhost:3001/src/lib/util/state.ts:192
[  212023ms] [LOG] Registration successful, scope is: http://localhost:3001/ @ http://localhost:3001/src/routes/+layout.svelte:42
[  212085ms] [LOG] [plausible] render {diagramType: flowchart-v2, isRough: false, lengthBucket: 0-10, renderTimeMsBucket: 50-100} @ http://localhost:3001/src/lib/util/stats.ts:89
[  212696ms] [LOG] [plausible] version {mermaidVersion: 11.14.0} @ http://localhost:3001/src/lib/util/stats.ts:89
[  212765ms] [LOG] Loading '' @ http://localhost:3001/src/lib/util/state.ts:192
[  212819ms] [LOG] Registration successful, scope is: http://localhost:3001/ @ http://localhost:3001/src/routes/+layout.svelte:42
[  212867ms] [LOG] [plausible] render {diagramType: flowchart-v2, isRough: false, lengthBucket: 0-10, renderTimeMsBucket: 50-100} @ http://localhost:3001/src/lib/util/stats.ts:89
[  213506ms] [LOG] [plausible] version {mermaidVersion: 11.14.0} @ http://localhost:3001/src/lib/util/stats.ts:89
[  213576ms] [LOG] Loading '' @ http://localhost:3001/src/lib/util/state.ts:192
[  213626ms] [LOG] Registration successful, scope is: http://localhost:3001/ @ http://localhost:3001/src/routes/+layout.svelte:42
[  213668ms] [LOG] [plausible] render {diagramType: flowchart-v2, isRough: false, lengthBucket: 0-10, renderTimeMsBucket: 50-100} @ http://localhost:3001/src/lib/util/stats.ts:89
[  214246ms] [LOG] [plausible] version {mermaidVersion: 11.14.0} @ http://localhost:3001/src/lib/util/stats.ts:89
[  214312ms] [LOG] Loading '' @ http://localhost:3001/src/lib/util/state.ts:192
[  214365ms] [LOG] Registration successful, scope is: http://localhost:3001/ @ http://localhost:3001/src/routes/+layout.svelte:42
[  214413ms] [LOG] [plausible] render {diagramType: flowchart-v2, isRough: false, lengthBucket: 0-10, renderTimeMsBucket: 50-100} @ http://localhost:3001/src/lib/util/stats.ts:89
[  214970ms] [LOG] [plausible] version {mermaidVersion: 11.14.0} @ http://localhost:3001/src/lib/util/stats.ts:89
[  215033ms] [LOG] Loading '' @ http://localhost:3001/src/lib/util/state.ts:192
[  215087ms] [LOG] Registration successful, scope is: http://localhost:3001/ @ http://localhost:3001/src/routes/+layout.svelte:42
[  215132ms] [LOG] [plausible] render {diagramType: flowchart-v2, isRough: false, lengthBucket: 0-10, renderTimeMsBucket: 50-100} @ http://localhost:3001/src/lib/util/stats.ts:89
[  215681ms] [LOG] [plausible] version {mermaidVersion: 11.14.0} @ http://localhost:3001/src/lib/util/stats.ts:89
[  215743ms] [LOG] Loading '' @ http://localhost:3001/src/lib/util/state.ts:192
[  215794ms] [LOG] Registration successful, scope is: http://localhost:3001/ @ http://localhost:3001/src/routes/+layout.svelte:42
[  215830ms] [LOG] [plausible] render {diagramType: flowchart-v2, isRough: false, lengthBucket: 0-10, renderTimeMsBucket: 50-100} @ http://localhost:3001/src/lib/util/stats.ts:89
[  216457ms] [LOG] [plausible] version {mermaidVersion: 11.14.0} @ http://localhost:3001/src/lib/util/stats.ts:89
[  216527ms] [LOG] Loading '' @ http://localhost:3001/src/lib/util/state.ts:192
[  216579ms] [LOG] Registration successful, scope is: http://localhost:3001/ @ http://localhost:3001/src/routes/+layout.svelte:42
[  216615ms] [LOG] [plausible] render {diagramType: flowchart-v2, isRough: false, lengthBucket: 0-10, renderTimeMsBucket: 50-100} @ http://localhost:3001/src/lib/util/stats.ts:89
[  217184ms] [LOG] [plausible] version {mermaidVersion: 11.14.0} @ http://localhost:3001/src/lib/util/stats.ts:89
[  217252ms] [LOG] Loading '' @ http://localhost:3001/src/lib/util/state.ts:192
[  217307ms] [LOG] Registration successful, scope is: http://localhost:3001/ @ http://localhost:3001/src/routes/+layout.svelte:42
[  217344ms] [LOG] [plausible] render {diagramType: flowchart-v2, isRough: false, lengthBucket: 0-10, renderTimeMsBucket: 50-100} @ http://localhost:3001/src/lib/util/stats.ts:89
[  217910ms] [LOG] [plausible] version {mermaidVersion: 11.14.0} @ http://localhost:3001/src/lib/util/stats.ts:89
[  217981ms] [LOG] Loading '' @ http://localhost:3001/src/lib/util/state.ts:192
[  218030ms] [LOG] Registration successful, scope is: http://localhost:3001/ @ http://localhost:3001/src/routes/+layout.svelte:42
[  218068ms] [LOG] [plausible] render {diagramType: flowchart-v2, isRough: false, lengthBucket: 0-10, renderTimeMsBucket: 50-100} @ http://localhost:3001/src/lib/util/stats.ts:89
[  218686ms] [LOG] [plausible] version {mermaidVersion: 11.14.0} @ http://localhost:3001/src/lib/util/stats.ts:89
[  218752ms] [LOG] Loading '' @ http://localhost:3001/src/lib/util/state.ts:192
[  218803ms] [LOG] Registration successful, scope is: http://localhost:3001/ @ http://localhost:3001/src/routes/+layout.svelte:42
[  218840ms] [LOG] [plausible] render {diagramType: flowchart-v2, isRough: false, lengthBucket: 0-10, renderTimeMsBucket: 50-100} @ http://localhost:3001/src/lib/util/stats.ts:89
[  219466ms] [LOG] [plausible] version {mermaidVersion: 11.14.0} @ http://localhost:3001/src/lib/util/stats.ts:89
[  219527ms] [LOG] Loading '' @ http://localhost:3001/src/lib/util/state.ts:192
[  219584ms] [LOG] Registration successful, scope is: http://localhost:3001/ @ http://localhost:3001/src/routes/+layout.svelte:42
[  219621ms] [LOG] [plausible] render {diagramType: flowchart-v2, isRough: false, lengthBucket: 0-10, renderTimeMsBucket: 50-100} @ http://localhost:3001/src/lib/util/stats.ts:89
[  220195ms] [LOG] [plausible] version {mermaidVersion: 11.14.0} @ http://localhost:3001/src/lib/util/stats.ts:89
[  220261ms] [LOG] Loading '' @ http://localhost:3001/src/lib/util/state.ts:192
[  220303ms] [LOG] Registration successful, scope is: http://localhost:3001/ @ http://localhost:3001/src/routes/+layout.svelte:42
[  220338ms] [LOG] [plausible] render {diagramType: flowchart-v2, isRough: false, lengthBucket: 0-10, renderTimeMsBucket: 50-100} @ http://localhost:3001/src/lib/util/stats.ts:89
[  220930ms] [LOG] [plausible] version {mermaidVersion: 11.14.0} @ http://localhost:3001/src/lib/util/stats.ts:89
[  220993ms] [LOG] Loading '' @ http://localhost:3001/src/lib/util/state.ts:192
[  221036ms] [LOG] Registration successful, scope is: http://localhost:3001/ @ http://localhost:3001/src/routes/+layout.svelte:42
[  221070ms] [LOG] [plausible] render {diagramType: flowchart-v2, isRough: false, lengthBucket: 0-10, renderTimeMsBucket: 50-100} @ http://localhost:3001/src/lib/util/stats.ts:89
[  221680ms] [LOG] [plausible] version {mermaidVersion: 11.14.0} @ http://localhost:3001/src/lib/util/stats.ts:89
[  221740ms] [LOG] Loading '' @ http://localhost:3001/src/lib/util/state.ts:192
[  221798ms] [LOG] Registration successful, scope is: http://localhost:3001/ @ http://localhost:3001/src/routes/+layout.svelte:42
[  221846ms] [LOG] [plausible] render {diagramType: flowchart-v2, isRough: false, lengthBucket: 0-10, renderTimeMsBucket: 50-100} @ http://localhost:3001/src/lib/util/stats.ts:89
[  222414ms] [LOG] [plausible] version {mermaidVersion: 11.14.0} @ http://localhost:3001/src/lib/util/stats.ts:89
[  222487ms] [LOG] Loading '' @ http://localhost:3001/src/lib/util/state.ts:192
[  222547ms] [LOG] Registration successful, scope is: http://localhost:3001/ @ http://localhost:3001/src/routes/+layout.svelte:42
[  222585ms] [LOG] [plausible] render {diagramType: flowchart-v2, isRough: false, lengthBucket: 0-10, renderTimeMsBucket: 50-100} @ http://localhost:3001/src/lib/util/stats.ts:89
[  223947ms] [LOG] [plausible] version {mermaidVersion: 11.14.0} @ http://localhost:3001/src/lib/util/stats.ts:89
[  224011ms] [LOG] Loading '' @ http://localhost:3001/src/lib/util/state.ts:192
[  224071ms] [LOG] Registration successful, scope is: http://localhost:3001/ @ http://localhost:3001/src/routes/+layout.svelte:42
[  224112ms] [LOG] [plausible] render {diagramType: flowchart-v2, isRough: false, lengthBucket: 0-10, renderTimeMsBucket: 50-100} @ http://localhost:3001/src/lib/util/stats.ts:89
[  225037ms] [LOG] [plausible] version {mermaidVersion: 11.14.0} @ http://localhost:3001/src/lib/util/stats.ts:89
[  225106ms] [LOG] Loading '' @ http://localhost:3001/src/lib/util/state.ts:192
[  225158ms] [LOG] Registration successful, scope is: http://localhost:3001/ @ http://localhost:3001/src/routes/+layout.svelte:42
[  225199ms] [LOG] [plausible] render {diagramType: flowchart-v2, isRough: false, lengthBucket: 0-10, renderTimeMsBucket: 50-100} @ http://localhost:3001/src/lib/util/stats.ts:89
[  225811ms] [LOG] [plausible] version {mermaidVersion: 11.14.0} @ http://localhost:3001/src/lib/util/stats.ts:89
[  225867ms] [LOG] Loading '' @ http://localhost:3001/src/lib/util/state.ts:192
[  225923ms] [LOG] Registration successful, scope is: http://localhost:3001/ @ http://localhost:3001/src/routes/+layout.svelte:42
[  225977ms] [LOG] [plausible] render {diagramType: flowchart-v2, isRough: false, lengthBucket: 0-10, renderTimeMsBucket: 50-100} @ http://localhost:3001/src/lib/util/stats.ts:89
[  226582ms] [LOG] [plausible] version {mermaidVersion: 11.14.0} @ http://localhost:3001/src/lib/util/stats.ts:89
[  226653ms] [LOG] Loading '' @ http://localhost:3001/src/lib/util/state.ts:192
[  226704ms] [LOG] Registration successful, scope is: http://localhost:3001/ @ http://localhost:3001/src/routes/+layout.svelte:42
[  226740ms] [LOG] [plausible] render {diagramType: flowchart-v2, isRough: false, lengthBucket: 0-10, renderTimeMsBucket: 50-100} @ http://localhost:3001/src/lib/util/stats.ts:89
[  227349ms] [LOG] [plausible] version {mermaidVersion: 11.14.0} @ http://localhost:3001/src/lib/util/stats.ts:89
[  227407ms] [LOG] Loading '' @ http://localhost:3001/src/lib/util/state.ts:192
[  227465ms] [LOG] Registration successful, scope is: http://localhost:3001/ @ http://localhost:3001/src/routes/+layout.svelte:42
[  227526ms] [LOG] [plausible] render {diagramType: flowchart-v2, isRough: false, lengthBucket: 0-10, renderTimeMsBucket: 50-100} @ http://localhost:3001/src/lib/util/stats.ts:89
[  228109ms] [LOG] [plausible] version {mermaidVersion: 11.14.0} @ http://localhost:3001/src/lib/util/stats.ts:89
[  228175ms] [LOG] Loading '' @ http://localhost:3001/src/lib/util/state.ts:192
[  228227ms] [LOG] Registration successful, scope is: http://localhost:3001/ @ http://localhost:3001/src/routes/+layout.svelte:42
[  228283ms] [LOG] [plausible] render {diagramType: flowchart-v2, isRough: false, lengthBucket: 0-10, renderTimeMsBucket: 50-100} @ http://localhost:3001/src/lib/util/stats.ts:89
[  228851ms] [LOG] [plausible] version {mermaidVersion: 11.14.0} @ http://localhost:3001/src/lib/util/stats.ts:89
[  228912ms] [LOG] Loading '' @ http://localhost:3001/src/lib/util/state.ts:192
[  228968ms] [LOG] Registration successful, scope is: http://localhost:3001/ @ http://localhost:3001/src/routes/+layout.svelte:42
[  229026ms] [LOG] [plausible] render {diagramType: flowchart-v2, isRough: false, lengthBucket: 0-10, renderTimeMsBucket: 50-100} @ http://localhost:3001/src/lib/util/stats.ts:89
[  229608ms] [LOG] [plausible] version {mermaidVersion: 11.14.0} @ http://localhost:3001/src/lib/util/stats.ts:89
[  229675ms] [LOG] Loading '' @ http://localhost:3001/src/lib/util/state.ts:192
[  229733ms] [LOG] Registration successful, scope is: http://localhost:3001/ @ http://localhost:3001/src/routes/+layout.svelte:42
[  229784ms] [LOG] [plausible] render {diagramType: flowchart-v2, isRough: false, lengthBucket: 0-10, renderTimeMsBucket: 50-100} @ http://localhost:3001/src/lib/util/stats.ts:89
[  230359ms] [LOG] [plausible] version {mermaidVersion: 11.14.0} @ http://localhost:3001/src/lib/util/stats.ts:89
[  230422ms] [LOG] Loading '' @ http://localhost:3001/src/lib/util/state.ts:192
[  230470ms] [LOG] Registration successful, scope is: http://localhost:3001/ @ http://localhost:3001/src/routes/+layout.svelte:42
[  230512ms] [LOG] [plausible] render {diagramType: flowchart-v2, isRough: false, lengthBucket: 0-10, renderTimeMsBucket: 50-100} @ http://localhost:3001/src/lib/util/stats.ts:89
[  231135ms] [LOG] [plausible] version {mermaidVersion: 11.14.0} @ http://localhost:3001/src/lib/util/stats.ts:89
[  231202ms] [LOG] Loading '' @ http://localhost:3001/src/lib/util/state.ts:192
[  231255ms] [LOG] Registration successful, scope is: http://localhost:3001/ @ http://localhost:3001/src/routes/+layout.svelte:42
[  231317ms] [LOG] [plausible] render {diagramType: flowchart-v2, isRough: false, lengthBucket: 0-10, renderTimeMsBucket: 50-100} @ http://localhost:3001/src/lib/util/stats.ts:89
[  231918ms] [LOG] [plausible] version {mermaidVersion: 11.14.0} @ http://localhost:3001/src/lib/util/stats.ts:89
[  231979ms] [LOG] Loading '' @ http://localhost:3001/src/lib/util/state.ts:192
[  232033ms] [LOG] Registration successful, scope is: http://localhost:3001/ @ http://localhost:3001/src/routes/+layout.svelte:42
[  232098ms] [LOG] [plausible] render {diagramType: flowchart-v2, isRough: false, lengthBucket: 0-10, renderTimeMsBucket: 50-100} @ http://localhost:3001/src/lib/util/stats.ts:89
[  232693ms] [LOG] [plausible] version {mermaidVersion: 11.14.0} @ http://localhost:3001/src/lib/util/stats.ts:89
[  232752ms] [LOG] Loading '' @ http://localhost:3001/src/lib/util/state.ts:192
[  232808ms] [LOG] Registration successful, scope is: http://localhost:3001/ @ http://localhost:3001/src/routes/+layout.svelte:42
[  232861ms] [LOG] [plausible] render {diagramType: flowchart-v2, isRough: false, lengthBucket: 0-10, renderTimeMsBucket: 50-100} @ http://localhost:3001/src/lib/util/stats.ts:89
[  233491ms] [LOG] [plausible] version {mermaidVersion: 11.14.0} @ http://localhost:3001/src/lib/util/stats.ts:89
[  233560ms] [LOG] Loading '' @ http://localhost:3001/src/lib/util/state.ts:192
[  233611ms] [LOG] Registration successful, scope is: http://localhost:3001/ @ http://localhost:3001/src/routes/+layout.svelte:42
[  233654ms] [LOG] [plausible] render {diagramType: flowchart-v2, isRough: false, lengthBucket: 0-10, renderTimeMsBucket: 50-100} @ http://localhost:3001/src/lib/util/stats.ts:89
[  234222ms] [LOG] [plausible] version {mermaidVersion: 11.14.0} @ http://localhost:3001/src/lib/util/stats.ts:89
[  234292ms] [LOG] Loading '' @ http://localhost:3001/src/lib/util/state.ts:192
[  234343ms] [LOG] Registration successful, scope is: http://localhost:3001/ @ http://localhost:3001/src/routes/+layout.svelte:42
[  234396ms] [LOG] [plausible] render {diagramType: flowchart-v2, isRough: false, lengthBucket: 0-10, renderTimeMsBucket: 50-100} @ http://localhost:3001/src/lib/util/stats.ts:89
[  234992ms] [LOG] [plausible] version {mermaidVersion: 11.14.0} @ http://localhost:3001/src/lib/util/stats.ts:89
[  235064ms] [LOG] Loading '' @ http://localhost:3001/src/lib/util/state.ts:192
[  235119ms] [LOG] Registration successful, scope is: http://localhost:3001/ @ http://localhost:3001/src/routes/+layout.svelte:42
[  235162ms] [LOG] [plausible] render {diagramType: flowchart-v2, isRough: false, lengthBucket: 0-10, renderTimeMsBucket: 50-100} @ http://localhost:3001/src/lib/util/stats.ts:89
[  235749ms] [LOG] [plausible] version {mermaidVersion: 11.14.0} @ http://localhost:3001/src/lib/util/stats.ts:89
[  235812ms] [LOG] Loading '' @ http://localhost:3001/src/lib/util/state.ts:192
[  235860ms] [LOG] Registration successful, scope is: http://localhost:3001/ @ http://localhost:3001/src/routes/+layout.svelte:42
[  235900ms] [LOG] [plausible] render {diagramType: flowchart-v2, isRough: false, lengthBucket: 0-10, renderTimeMsBucket: 50-100} @ http://localhost:3001/src/lib/util/stats.ts:89
[  236622ms] [LOG] [plausible] version {mermaidVersion: 11.14.0} @ http://localhost:3001/src/lib/util/stats.ts:89
[  236680ms] [LOG] Loading '' @ http://localhost:3001/src/lib/util/state.ts:192
[  236737ms] [LOG] Registration successful, scope is: http://localhost:3001/ @ http://localhost:3001/src/routes/+layout.svelte:42
[  236773ms] [LOG] [plausible] render {diagramType: flowchart-v2, isRough: false, lengthBucket: 0-10, renderTimeMsBucket: 50-100} @ http://localhost:3001/src/lib/util/stats.ts:89
[  237349ms] [LOG] [plausible] version {mermaidVersion: 11.14.0} @ http://localhost:3001/src/lib/util/stats.ts:89
[  237418ms] [LOG] Loading '' @ http://localhost:3001/src/lib/util/state.ts:192
[  237471ms] [LOG] Registration successful, scope is: http://localhost:3001/ @ http://localhost:3001/src/routes/+layout.svelte:42
[  237505ms] [LOG] [plausible] render {diagramType: flowchart-v2, isRough: false, lengthBucket: 0-10, renderTimeMsBucket: 50-100} @ http://localhost:3001/src/lib/util/stats.ts:89
[  238100ms] [LOG] [plausible] version {mermaidVersion: 11.14.0} @ http://localhost:3001/src/lib/util/stats.ts:89
[  238169ms] [LOG] Loading '' @ http://localhost:3001/src/lib/util/state.ts:192
[  238211ms] [LOG] Registration successful, scope is: http://localhost:3001/ @ http://localhost:3001/src/routes/+layout.svelte:42
[  238246ms] [LOG] [plausible] render {diagramType: flowchart-v2, isRough: false, lengthBucket: 0-10, renderTimeMsBucket: 50-100} @ http://localhost:3001/src/lib/util/stats.ts:89
[  238867ms] [LOG] [plausible] version {mermaidVersion: 11.14.0} @ http://localhost:3001/src/lib/util/stats.ts:89
[  238927ms] [LOG] Loading '' @ http://localhost:3001/src/lib/util/state.ts:192
[  238988ms] [LOG] Registration successful, scope is: http://localhost:3001/ @ http://localhost:3001/src/routes/+layout.svelte:42
[  239019ms] [LOG] [plausible] render {diagramType: flowchart-v2, isRough: false, lengthBucket: 0-10, renderTimeMsBucket: 50-100} @ http://localhost:3001/src/lib/util/stats.ts:89
[  239631ms] [LOG] [plausible] version {mermaidVersion: 11.14.0} @ http://localhost:3001/src/lib/util/stats.ts:89
[  239689ms] [LOG] Loading '' @ http://localhost:3001/src/lib/util/state.ts:192
[  239741ms] [LOG] Registration successful, scope is: http://localhost:3001/ @ http://localhost:3001/src/routes/+layout.svelte:42
[  239782ms] [LOG] [plausible] render {diagramType: flowchart-v2, isRough: false, lengthBucket: 0-10, renderTimeMsBucket: 50-100} @ http://localhost:3001/src/lib/util/stats.ts:89
[  240384ms] [LOG] [plausible] version {mermaidVersion: 11.14.0} @ http://localhost:3001/src/lib/util/stats.ts:89
[  240453ms] [LOG] Loading '' @ http://localhost:3001/src/lib/util/state.ts:192
[  240505ms] [LOG] Registration successful, scope is: http://localhost:3001/ @ http://localhost:3001/src/routes/+layout.svelte:42
[  240539ms] [LOG] [plausible] render {diagramType: flowchart-v2, isRough: false, lengthBucket: 0-10, renderTimeMsBucket: 50-100} @ http://localhost:3001/src/lib/util/stats.ts:89
[  241140ms] [LOG] [plausible] version {mermaidVersion: 11.14.0} @ http://localhost:3001/src/lib/util/stats.ts:89
[  241202ms] [LOG] Loading '' @ http://localhost:3001/src/lib/util/state.ts:192
[  241258ms] [LOG] Registration successful, scope is: http://localhost:3001/ @ http://localhost:3001/src/routes/+layout.svelte:42
[  241300ms] [LOG] [plausible] render {diagramType: flowchart-v2, isRough: false, lengthBucket: 0-10, renderTimeMsBucket: 50-100} @ http://localhost:3001/src/lib/util/stats.ts:89
[  241897ms] [LOG] [plausible] version {mermaidVersion: 11.14.0} @ http://localhost:3001/src/lib/util/stats.ts:89
[  241965ms] [LOG] Loading '' @ http://localhost:3001/src/lib/util/state.ts:192
[  242012ms] [LOG] Registration successful, scope is: http://localhost:3001/ @ http://localhost:3001/src/routes/+layout.svelte:42
[  242040ms] [LOG] [plausible] render {diagramType: flowchart-v2, isRough: false, lengthBucket: 0-10, renderTimeMsBucket: 25-50} @ http://localhost:3001/src/lib/util/stats.ts:89
[  242633ms] [LOG] [plausible] version {mermaidVersion: 11.14.0} @ http://localhost:3001/src/lib/util/stats.ts:89
[  242696ms] [LOG] Loading '' @ http://localhost:3001/src/lib/util/state.ts:192
[  242759ms] [LOG] Registration successful, scope is: http://localhost:3001/ @ http://localhost:3001/src/routes/+layout.svelte:42
[  242800ms] [LOG] [plausible] render {diagramType: flowchart-v2, isRough: false, lengthBucket: 0-10, renderTimeMsBucket: 50-100} @ http://localhost:3001/src/lib/util/stats.ts:89
[  243368ms] [LOG] [plausible] version {mermaidVersion: 11.14.0} @ http://localhost:3001/src/lib/util/stats.ts:89
[  243432ms] [LOG] Loading '' @ http://localhost:3001/src/lib/util/state.ts:192
[  243490ms] [LOG] Registration successful, scope is: http://localhost:3001/ @ http://localhost:3001/src/routes/+layout.svelte:42
[  243539ms] [LOG] [plausible] render {diagramType: flowchart-v2, isRough: false, lengthBucket: 0-10, renderTimeMsBucket: 50-100} @ http://localhost:3001/src/lib/util/stats.ts:89
[  244124ms] [LOG] [plausible] version {mermaidVersion: 11.14.0} @ http://localhost:3001/src/lib/util/stats.ts:89
[  244184ms] [LOG] Loading '' @ http://localhost:3001/src/lib/util/state.ts:192
[  244244ms] [LOG] Registration successful, scope is: http://localhost:3001/ @ http://localhost:3001/src/routes/+layout.svelte:42
[  244283ms] [LOG] [plausible] render {diagramType: flowchart-v2, isRough: false, lengthBucket: 0-10, renderTimeMsBucket: 50-100} @ http://localhost:3001/src/lib/util/stats.ts:89
[  244845ms] [LOG] [plausible] version {mermaidVersion: 11.14.0} @ http://localhost:3001/src/lib/util/stats.ts:89
[  244905ms] [LOG] Loading '' @ http://localhost:3001/src/lib/util/state.ts:192
[  244962ms] [LOG] Registration successful, scope is: http://localhost:3001/ @ http://localhost:3001/src/routes/+layout.svelte:42
[  245024ms] [LOG] [plausible] render {diagramType: flowchart-v2, isRough: false, lengthBucket: 0-10, renderTimeMsBucket: 50-100} @ http://localhost:3001/src/lib/util/stats.ts:89
[  245639ms] [LOG] [plausible] version {mermaidVersion: 11.14.0} @ http://localhost:3001/src/lib/util/stats.ts:89
[  245702ms] [LOG] Loading '' @ http://localhost:3001/src/lib/util/state.ts:192
[  245749ms] [LOG] Registration successful, scope is: http://localhost:3001/ @ http://localhost:3001/src/routes/+layout.svelte:42
[  245783ms] [LOG] [plausible] render {diagramType: flowchart-v2, isRough: false, lengthBucket: 0-10, renderTimeMsBucket: 50-100} @ http://localhost:3001/src/lib/util/stats.ts:89
[  246406ms] [LOG] [plausible] version {mermaidVersion: 11.14.0} @ http://localhost:3001/src/lib/util/stats.ts:89
[  246470ms] [LOG] Loading '' @ http://localhost:3001/src/lib/util/state.ts:192
[  246527ms] [LOG] Registration successful, scope is: http://localhost:3001/ @ http://localhost:3001/src/routes/+layout.svelte:42
[  246566ms] [LOG] [plausible] render {diagramType: flowchart-v2, isRough: false, lengthBucket: 0-10, renderTimeMsBucket: 50-100} @ http://localhost:3001/src/lib/util/stats.ts:89
[  247117ms] [LOG] [plausible] version {mermaidVersion: 11.14.0} @ http://localhost:3001/src/lib/util/stats.ts:89
[  247181ms] [LOG] Loading '' @ http://localhost:3001/src/lib/util/state.ts:192
[  247239ms] [LOG] Registration successful, scope is: http://localhost:3001/ @ http://localhost:3001/src/routes/+layout.svelte:42
[  247275ms] [LOG] [plausible] render {diagramType: flowchart-v2, isRough: false, lengthBucket: 0-10, renderTimeMsBucket: 50-100} @ http://localhost:3001/src/lib/util/stats.ts:89
[  247836ms] [LOG] [plausible] version {mermaidVersion: 11.14.0} @ http://localhost:3001/src/lib/util/stats.ts:89
[  247890ms] [LOG] Loading '' @ http://localhost:3001/src/lib/util/state.ts:192
[  247941ms] [LOG] Registration successful, scope is: http://localhost:3001/ @ http://localhost:3001/src/routes/+layout.svelte:42
[  247979ms] [LOG] [plausible] render {diagramType: flowchart-v2, isRough: false, lengthBucket: 0-10, renderTimeMsBucket: 50-100} @ http://localhost:3001/src/lib/util/stats.ts:89
[  248561ms] [LOG] [plausible] version {mermaidVersion: 11.14.0} @ http://localhost:3001/src/lib/util/stats.ts:89
[  248620ms] [LOG] Loading '' @ http://localhost:3001/src/lib/util/state.ts:192
[  248667ms] [LOG] Registration successful, scope is: http://localhost:3001/ @ http://localhost:3001/src/routes/+layout.svelte:42
[  248706ms] [LOG] [plausible] render {diagramType: flowchart-v2, isRough: false, lengthBucket: 0-10, renderTimeMsBucket: 50-100} @ http://localhost:3001/src/lib/util/stats.ts:89
[  249316ms] [LOG] [plausible] version {mermaidVersion: 11.14.0} @ http://localhost:3001/src/lib/util/stats.ts:89
[  249386ms] [LOG] Loading '' @ http://localhost:3001/src/lib/util/state.ts:192
[  249439ms] [LOG] Registration successful, scope is: http://localhost:3001/ @ http://localhost:3001/src/routes/+layout.svelte:42
[  249476ms] [LOG] [plausible] render {diagramType: flowchart-v2, isRough: false, lengthBucket: 0-10, renderTimeMsBucket: 50-100} @ http://localhost:3001/src/lib/util/stats.ts:89
[  250458ms] [LOG] [plausible] version {mermaidVersion: 11.14.0} @ http://localhost:3001/src/lib/util/stats.ts:89
[  250521ms] [LOG] Loading '' @ http://localhost:3001/src/lib/util/state.ts:192
[  250574ms] [LOG] Registration successful, scope is: http://localhost:3001/ @ http://localhost:3001/src/routes/+layout.svelte:42
[  250624ms] [LOG] [plausible] render {diagramType: flowchart-v2, isRough: false, lengthBucket: 0-10, renderTimeMsBucket: 50-100} @ http://localhost:3001/src/lib/util/stats.ts:89
[  251509ms] [LOG] [plausible] version {mermaidVersion: 11.14.0} @ http://localhost:3001/src/lib/util/stats.ts:89
[  251572ms] [LOG] Loading '' @ http://localhost:3001/src/lib/util/state.ts:192
[  251631ms] [LOG] Registration successful, scope is: http://localhost:3001/ @ http://localhost:3001/src/routes/+layout.svelte:42
[  251665ms] [LOG] [plausible] render {diagramType: flowchart-v2, isRough: false, lengthBucket: 0-10, renderTimeMsBucket: 50-100} @ http://localhost:3001/src/lib/util/stats.ts:89
[  252264ms] [LOG] [plausible] version {mermaidVersion: 11.14.0} @ http://localhost:3001/src/lib/util/stats.ts:89
[  252330ms] [LOG] Loading '' @ http://localhost:3001/src/lib/util/state.ts:192
[  252389ms] [LOG] Registration successful, scope is: http://localhost:3001/ @ http://localhost:3001/src/routes/+layout.svelte:42
[  252428ms] [LOG] [plausible] render {diagramType: flowchart-v2, isRough: false, lengthBucket: 0-10, renderTimeMsBucket: 50-100} @ http://localhost:3001/src/lib/util/stats.ts:89
[  253016ms] [LOG] [plausible] version {mermaidVersion: 11.14.0} @ http://localhost:3001/src/lib/util/stats.ts:89
[  253086ms] [LOG] Loading '' @ http://localhost:3001/src/lib/util/state.ts:192
[  253138ms] [LOG] Registration successful, scope is: http://localhost:3001/ @ http://localhost:3001/src/routes/+layout.svelte:42
[  253175ms] [LOG] [plausible] render {diagramType: flowchart-v2, isRough: false, lengthBucket: 0-10, renderTimeMsBucket: 50-100} @ http://localhost:3001/src/lib/util/stats.ts:89
[  253761ms] [LOG] [plausible] version {mermaidVersion: 11.14.0} @ http://localhost:3001/src/lib/util/stats.ts:89
[  253822ms] [LOG] Loading '' @ http://localhost:3001/src/lib/util/state.ts:192
[  253869ms] [LOG] Registration successful, scope is: http://localhost:3001/ @ http://localhost:3001/src/routes/+layout.svelte:42
[  253905ms] [LOG] [plausible] render {diagramType: flowchart-v2, isRough: false, lengthBucket: 0-10, renderTimeMsBucket: 50-100} @ http://localhost:3001/src/lib/util/stats.ts:89
[  254491ms] [LOG] [plausible] version {mermaidVersion: 11.14.0} @ http://localhost:3001/src/lib/util/stats.ts:89
[  254555ms] [LOG] Loading '' @ http://localhost:3001/src/lib/util/state.ts:192
[  254615ms] [LOG] Registration successful, scope is: http://localhost:3001/ @ http://localhost:3001/src/routes/+layout.svelte:42
[  254655ms] [LOG] [plausible] render {diagramType: flowchart-v2, isRough: false, lengthBucket: 0-10, renderTimeMsBucket: 50-100} @ http://localhost:3001/src/lib/util/stats.ts:89
[  255226ms] [LOG] [plausible] version {mermaidVersion: 11.14.0} @ http://localhost:3001/src/lib/util/stats.ts:89
[  255294ms] [LOG] Loading '' @ http://localhost:3001/src/lib/util/state.ts:192
[  255343ms] [LOG] Registration successful, scope is: http://localhost:3001/ @ http://localhost:3001/src/routes/+layout.svelte:42
[  255374ms] [LOG] [plausible] render {diagramType: flowchart-v2, isRough: false, lengthBucket: 0-10, renderTimeMsBucket: 50-100} @ http://localhost:3001/src/lib/util/stats.ts:89
[  255985ms] [LOG] [plausible] version {mermaidVersion: 11.14.0} @ http://localhost:3001/src/lib/util/stats.ts:89
[  256050ms] [LOG] Loading '' @ http://localhost:3001/src/lib/util/state.ts:192
[  256103ms] [LOG] Registration successful, scope is: http://localhost:3001/ @ http://localhost:3001/src/routes/+layout.svelte:42
[  256139ms] [LOG] [plausible] render {diagramType: flowchart-v2, isRough: false, lengthBucket: 0-10, renderTimeMsBucket: 50-100} @ http://localhost:3001/src/lib/util/stats.ts:89
[  256748ms] [LOG] [plausible] version {mermaidVersion: 11.14.0} @ http://localhost:3001/src/lib/util/stats.ts:89
[  256818ms] [LOG] Loading '' @ http://localhost:3001/src/lib/util/state.ts:192
[  256869ms] [LOG] Registration successful, scope is: http://localhost:3001/ @ http://localhost:3001/src/routes/+layout.svelte:42
[  256899ms] [LOG] [plausible] render {diagramType: flowchart-v2, isRough: false, lengthBucket: 0-10, renderTimeMsBucket: 50-100} @ http://localhost:3001/src/lib/util/stats.ts:89
[  257538ms] [LOG] [plausible] version {mermaidVersion: 11.14.0} @ http://localhost:3001/src/lib/util/stats.ts:89
[  257607ms] [LOG] Loading '' @ http://localhost:3001/src/lib/util/state.ts:192
[  257664ms] [LOG] Registration successful, scope is: http://localhost:3001/ @ http://localhost:3001/src/routes/+layout.svelte:42
[  257702ms] [LOG] [plausible] render {diagramType: flowchart-v2, isRough: false, lengthBucket: 0-10, renderTimeMsBucket: 50-100} @ http://localhost:3001/src/lib/util/stats.ts:89
[  258265ms] [LOG] [plausible] version {mermaidVersion: 11.14.0} @ http://localhost:3001/src/lib/util/stats.ts:89
[  258329ms] [LOG] Loading '' @ http://localhost:3001/src/lib/util/state.ts:192
[  258388ms] [LOG] Registration successful, scope is: http://localhost:3001/ @ http://localhost:3001/src/routes/+layout.svelte:42
[  258429ms] [LOG] [plausible] render {diagramType: flowchart-v2, isRough: false, lengthBucket: 0-10, renderTimeMsBucket: 50-100} @ http://localhost:3001/src/lib/util/stats.ts:89
[  259004ms] [LOG] [plausible] version {mermaidVersion: 11.14.0} @ http://localhost:3001/src/lib/util/stats.ts:89
[  259075ms] [LOG] Loading '' @ http://localhost:3001/src/lib/util/state.ts:192
[  259129ms] [LOG] Registration successful, scope is: http://localhost:3001/ @ http://localhost:3001/src/routes/+layout.svelte:42
[  259163ms] [LOG] [plausible] render {diagramType: flowchart-v2, isRough: false, lengthBucket: 0-10, renderTimeMsBucket: 50-100} @ http://localhost:3001/src/lib/util/stats.ts:89
[  259791ms] [LOG] [plausible] version {mermaidVersion: 11.14.0} @ http://localhost:3001/src/lib/util/stats.ts:89
[  259857ms] [LOG] Loading '' @ http://localhost:3001/src/lib/util/state.ts:192
[  259914ms] [LOG] Registration successful, scope is: http://localhost:3001/ @ http://localhost:3001/src/routes/+layout.svelte:42
[  259945ms] [LOG] [plausible] render {diagramType: flowchart-v2, isRough: false, lengthBucket: 0-10, renderTimeMsBucket: 50-100} @ http://localhost:3001/src/lib/util/stats.ts:89
[  260529ms] [LOG] [plausible] version {mermaidVersion: 11.14.0} @ http://localhost:3001/src/lib/util/stats.ts:89
[  260593ms] [LOG] Loading '' @ http://localhost:3001/src/lib/util/state.ts:192
[  260645ms] [LOG] Registration successful, scope is: http://localhost:3001/ @ http://localhost:3001/src/routes/+layout.svelte:42
[  260683ms] [LOG] [plausible] render {diagramType: flowchart-v2, isRough: false, lengthBucket: 0-10, renderTimeMsBucket: 50-100} @ http://localhost:3001/src/lib/util/stats.ts:89
[  261299ms] [LOG] [plausible] version {mermaidVersion: 11.14.0} @ http://localhost:3001/src/lib/util/stats.ts:89
[  261359ms] [LOG] Loading '' @ http://localhost:3001/src/lib/util/state.ts:192
[  261419ms] [LOG] Registration successful, scope is: http://localhost:3001/ @ http://localhost:3001/src/routes/+layout.svelte:42
[  261461ms] [LOG] [plausible] render {diagramType: flowchart-v2, isRough: false, lengthBucket: 0-10, renderTimeMsBucket: 50-100} @ http://localhost:3001/src/lib/util/stats.ts:89
[  262014ms] [LOG] [plausible] version {mermaidVersion: 11.14.0} @ http://localhost:3001/src/lib/util/stats.ts:89
[  262066ms] [LOG] Loading '' @ http://localhost:3001/src/lib/util/state.ts:192
[  262117ms] [LOG] Registration successful, scope is: http://localhost:3001/ @ http://localhost:3001/src/routes/+layout.svelte:42
[  262162ms] [LOG] [plausible] render {diagramType: flowchart-v2, isRough: false, lengthBucket: 0-10, renderTimeMsBucket: 50-100} @ http://localhost:3001/src/lib/util/stats.ts:89
[  262787ms] [LOG] [plausible] version {mermaidVersion: 11.14.0} @ http://localhost:3001/src/lib/util/stats.ts:89
[  262851ms] [LOG] Loading '' @ http://localhost:3001/src/lib/util/state.ts:192
[  262909ms] [LOG] Registration successful, scope is: http://localhost:3001/ @ http://localhost:3001/src/routes/+layout.svelte:42
[  262947ms] [LOG] [plausible] render {diagramType: flowchart-v2, isRough: false, lengthBucket: 0-10, renderTimeMsBucket: 50-100} @ http://localhost:3001/src/lib/util/stats.ts:89
[  263533ms] [LOG] [plausible] version {mermaidVersion: 11.14.0} @ http://localhost:3001/src/lib/util/stats.ts:89
[  263602ms] [LOG] Loading '' @ http://localhost:3001/src/lib/util/state.ts:192
[  263653ms] [LOG] Registration successful, scope is: http://localhost:3001/ @ http://localhost:3001/src/routes/+layout.svelte:42
[  263690ms] [LOG] [plausible] render {diagramType: flowchart-v2, isRough: false, lengthBucket: 0-10, renderTimeMsBucket: 50-100} @ http://localhost:3001/src/lib/util/stats.ts:89
[  264295ms] [LOG] [plausible] version {mermaidVersion: 11.14.0} @ http://localhost:3001/src/lib/util/stats.ts:89
[  264359ms] [LOG] Loading '' @ http://localhost:3001/src/lib/util/state.ts:192
[  264413ms] [LOG] Registration successful, scope is: http://localhost:3001/ @ http://localhost:3001/src/routes/+layout.svelte:42
[  264449ms] [LOG] [plausible] render {diagramType: flowchart-v2, isRough: false, lengthBucket: 0-10, renderTimeMsBucket: 50-100} @ http://localhost:3001/src/lib/util/stats.ts:89
[  265063ms] [LOG] [plausible] version {mermaidVersion: 11.14.0} @ http://localhost:3001/src/lib/util/stats.ts:89
[  265123ms] [LOG] Loading '' @ http://localhost:3001/src/lib/util/state.ts:192
[  265182ms] [LOG] Registration successful, scope is: http://localhost:3001/ @ http://localhost:3001/src/routes/+layout.svelte:42
[  265219ms] [LOG] [plausible] render {diagramType: flowchart-v2, isRough: false, lengthBucket: 0-10, renderTimeMsBucket: 50-100} @ http://localhost:3001/src/lib/util/stats.ts:89
[  265807ms] [LOG] [plausible] version {mermaidVersion: 11.14.0} @ http://localhost:3001/src/lib/util/stats.ts:89
[  265873ms] [LOG] Loading '' @ http://localhost:3001/src/lib/util/state.ts:192
[  265931ms] [LOG] Registration successful, scope is: http://localhost:3001/ @ http://localhost:3001/src/routes/+layout.svelte:42
[  265974ms] [LOG] [plausible] render {diagramType: flowchart-v2, isRough: false, lengthBucket: 0-10, renderTimeMsBucket: 50-100} @ http://localhost:3001/src/lib/util/stats.ts:89
[  266604ms] [LOG] [plausible] version {mermaidVersion: 11.14.0} @ http://localhost:3001/src/lib/util/stats.ts:89
[  266658ms] [LOG] Loading '' @ http://localhost:3001/src/lib/util/state.ts:192
[  266730ms] [LOG] [plausible] render {diagramType: flowchart-v2, isRough: false, lengthBucket: 0-10, renderTimeMsBucket: 50-100} @ http://localhost:3001/src/lib/util/stats.ts:89
[  266741ms] [LOG] Registration successful, scope is: http://localhost:3001/ @ http://localhost:3001/src/routes/+layout.svelte:42
[  267360ms] [LOG] [plausible] version {mermaidVersion: 11.14.0} @ http://localhost:3001/src/lib/util/stats.ts:89
[  267420ms] [LOG] Loading '' @ http://localhost:3001/src/lib/util/state.ts:192
[  267476ms] [LOG] Registration successful, scope is: http://localhost:3001/ @ http://localhost:3001/src/routes/+layout.svelte:42
[  267519ms] [LOG] [plausible] render {diagramType: flowchart-v2, isRough: false, lengthBucket: 0-10, renderTimeMsBucket: 50-100} @ http://localhost:3001/src/lib/util/stats.ts:89
[  268093ms] [LOG] [plausible] version {mermaidVersion: 11.14.0} @ http://localhost:3001/src/lib/util/stats.ts:89
[  268155ms] [LOG] Loading '' @ http://localhost:3001/src/lib/util/state.ts:192
[  268202ms] [LOG] Registration successful, scope is: http://localhost:3001/ @ http://localhost:3001/src/routes/+layout.svelte:42
[  268230ms] [LOG] [plausible] render {diagramType: flowchart-v2, isRough: false, lengthBucket: 0-10, renderTimeMsBucket: 50-100} @ http://localhost:3001/src/lib/util/stats.ts:89
[  268820ms] [LOG] [plausible] version {mermaidVersion: 11.14.0} @ http://localhost:3001/src/lib/util/stats.ts:89
[  268889ms] [LOG] Loading '' @ http://localhost:3001/src/lib/util/state.ts:192
[  268943ms] [LOG] Registration successful, scope is: http://localhost:3001/ @ http://localhost:3001/src/routes/+layout.svelte:42
[  268980ms] [LOG] [plausible] render {diagramType: flowchart-v2, isRough: false, lengthBucket: 0-10, renderTimeMsBucket: 50-100} @ http://localhost:3001/src/lib/util/stats.ts:89
[  269584ms] [LOG] [plausible] version {mermaidVersion: 11.14.0} @ http://localhost:3001/src/lib/util/stats.ts:89
[  269644ms] [LOG] Loading '' @ http://localhost:3001/src/lib/util/state.ts:192
[  269691ms] [LOG] Registration successful, scope is: http://localhost:3001/ @ http://localhost:3001/src/routes/+layout.svelte:42
[  269726ms] [LOG] [plausible] render {diagramType: flowchart-v2, isRough: false, lengthBucket: 0-10, renderTimeMsBucket: 50-100} @ http://localhost:3001/src/lib/util/stats.ts:89
[  270359ms] [LOG] [plausible] version {mermaidVersion: 11.14.0} @ http://localhost:3001/src/lib/util/stats.ts:89
[  270434ms] [LOG] Loading '' @ http://localhost:3001/src/lib/util/state.ts:192
[  270488ms] [LOG] Registration successful, scope is: http://localhost:3001/ @ http://localhost:3001/src/routes/+layout.svelte:42
[  270525ms] [LOG] [plausible] render {diagramType: flowchart-v2, isRough: false, lengthBucket: 0-10, renderTimeMsBucket: 50-100} @ http://localhost:3001/src/lib/util/stats.ts:89
[  271163ms] [LOG] [plausible] version {mermaidVersion: 11.14.0} @ http://localhost:3001/src/lib/util/stats.ts:89
[  271225ms] [LOG] Loading '' @ http://localhost:3001/src/lib/util/state.ts:192
[  271279ms] [LOG] Registration successful, scope is: http://localhost:3001/ @ http://localhost:3001/src/routes/+layout.svelte:42
[  271314ms] [LOG] [plausible] render {diagramType: flowchart-v2, isRough: false, lengthBucket: 0-10, renderTimeMsBucket: 50-100} @ http://localhost:3001/src/lib/util/stats.ts:89
[  271890ms] [LOG] [plausible] version {mermaidVersion: 11.14.0} @ http://localhost:3001/src/lib/util/stats.ts:89
[  271949ms] [LOG] Loading '' @ http://localhost:3001/src/lib/util/state.ts:192
[  272001ms] [LOG] Registration successful, scope is: http://localhost:3001/ @ http://localhost:3001/src/routes/+layout.svelte:42
[  272035ms] [LOG] [plausible] render {diagramType: flowchart-v2, isRough: false, lengthBucket: 0-10, renderTimeMsBucket: 50-100} @ http://localhost:3001/src/lib/util/stats.ts:89
[  272653ms] [LOG] [plausible] version {mermaidVersion: 11.14.0} @ http://localhost:3001/src/lib/util/stats.ts:89
[  272716ms] [LOG] Loading '' @ http://localhost:3001/src/lib/util/state.ts:192
[  272775ms] [LOG] Registration successful, scope is: http://localhost:3001/ @ http://localhost:3001/src/routes/+layout.svelte:42
[  272819ms] [LOG] [plausible] render {diagramType: flowchart-v2, isRough: false, lengthBucket: 0-10, renderTimeMsBucket: 50-100} @ http://localhost:3001/src/lib/util/stats.ts:89
[  273396ms] [LOG] [plausible] version {mermaidVersion: 11.14.0} @ http://localhost:3001/src/lib/util/stats.ts:89
[  273463ms] [LOG] Loading '' @ http://localhost:3001/src/lib/util/state.ts:192
[  273509ms] [LOG] Registration successful, scope is: http://localhost:3001/ @ http://localhost:3001/src/routes/+layout.svelte:42
[  273545ms] [LOG] [plausible] render {diagramType: flowchart-v2, isRough: false, lengthBucket: 0-10, renderTimeMsBucket: 50-100} @ http://localhost:3001/src/lib/util/stats.ts:89
[  274183ms] [LOG] [plausible] version {mermaidVersion: 11.14.0} @ http://localhost:3001/src/lib/util/stats.ts:89
[  274249ms] [LOG] Loading '' @ http://localhost:3001/src/lib/util/state.ts:192
[  274295ms] [LOG] Registration successful, scope is: http://localhost:3001/ @ http://localhost:3001/src/routes/+layout.svelte:42
[  274340ms] [LOG] [plausible] render {diagramType: flowchart-v2, isRough: false, lengthBucket: 0-10, renderTimeMsBucket: 50-100} @ http://localhost:3001/src/lib/util/stats.ts:89
[  274975ms] [LOG] [plausible] version {mermaidVersion: 11.14.0} @ http://localhost:3001/src/lib/util/stats.ts:89
[  275033ms] [LOG] Loading '' @ http://localhost:3001/src/lib/util/state.ts:192
[  275092ms] [LOG] Registration successful, scope is: http://localhost:3001/ @ http://localhost:3001/src/routes/+layout.svelte:42
[  275140ms] [LOG] [plausible] render {diagramType: flowchart-v2, isRough: false, lengthBucket: 0-10, renderTimeMsBucket: 50-100} @ http://localhost:3001/src/lib/util/stats.ts:89
[  275729ms] [LOG] [plausible] version {mermaidVersion: 11.14.0} @ http://localhost:3001/src/lib/util/stats.ts:89
[  275800ms] [LOG] Loading '' @ http://localhost:3001/src/lib/util/state.ts:192
[  275854ms] [LOG] Registration successful, scope is: http://localhost:3001/ @ http://localhost:3001/src/routes/+layout.svelte:42
[  275898ms] [LOG] [plausible] render {diagramType: flowchart-v2, isRough: false, lengthBucket: 0-10, renderTimeMsBucket: 50-100} @ http://localhost:3001/src/lib/util/stats.ts:89
[  276511ms] [LOG] [plausible] version {mermaidVersion: 11.14.0} @ http://localhost:3001/src/lib/util/stats.ts:89
[  276574ms] [LOG] Loading '' @ http://localhost:3001/src/lib/util/state.ts:192
[  276628ms] [LOG] Registration successful, scope is: http://localhost:3001/ @ http://localhost:3001/src/routes/+layout.svelte:42
[  276686ms] [LOG] [plausible] render {diagramType: flowchart-v2, isRough: false, lengthBucket: 0-10, renderTimeMsBucket: 50-100} @ http://localhost:3001/src/lib/util/stats.ts:89
[  277308ms] [LOG] [plausible] version {mermaidVersion: 11.14.0} @ http://localhost:3001/src/lib/util/stats.ts:89
[  277377ms] [LOG] Loading '' @ http://localhost:3001/src/lib/util/state.ts:192
[  277429ms] [LOG] Registration successful, scope is: http://localhost:3001/ @ http://localhost:3001/src/routes/+layout.svelte:42
[  277463ms] [LOG] [plausible] render {diagramType: flowchart-v2, isRough: false, lengthBucket: 0-10, renderTimeMsBucket: 50-100} @ http://localhost:3001/src/lib/util/stats.ts:89
[  278867ms] [LOG] [plausible] version {mermaidVersion: 11.14.0} @ http://localhost:3001/src/lib/util/stats.ts:89
[  278936ms] [LOG] Loading '' @ http://localhost:3001/src/lib/util/state.ts:192
[  278986ms] [LOG] Registration successful, scope is: http://localhost:3001/ @ http://localhost:3001/src/routes/+layout.svelte:42
[  279022ms] [LOG] [plausible] render {diagramType: flowchart-v2, isRough: false, lengthBucket: 0-10, renderTimeMsBucket: 50-100} @ http://localhost:3001/src/lib/util/stats.ts:89
[  280099ms] [LOG] [plausible] version {mermaidVersion: 11.14.0} @ http://localhost:3001/src/lib/util/stats.ts:89
[  280161ms] [LOG] Loading '' @ http://localhost:3001/src/lib/util/state.ts:192
[  280219ms] [LOG] Registration successful, scope is: http://localhost:3001/ @ http://localhost:3001/src/routes/+layout.svelte:42
[  280264ms] [LOG] [plausible] render {diagramType: flowchart-v2, isRough: false, lengthBucket: 0-10, renderTimeMsBucket: 50-100} @ http://localhost:3001/src/lib/util/stats.ts:89
[  280818ms] [LOG] [plausible] version {mermaidVersion: 11.14.0} @ http://localhost:3001/src/lib/util/stats.ts:89
[  280891ms] [LOG] Loading '' @ http://localhost:3001/src/lib/util/state.ts:192
[  280943ms] [LOG] Registration successful, scope is: http://localhost:3001/ @ http://localhost:3001/src/routes/+layout.svelte:42
[  280976ms] [LOG] [plausible] render {diagramType: flowchart-v2, isRough: false, lengthBucket: 0-10, renderTimeMsBucket: 50-100} @ http://localhost:3001/src/lib/util/stats.ts:89
[  281574ms] [LOG] [plausible] version {mermaidVersion: 11.14.0} @ http://localhost:3001/src/lib/util/stats.ts:89
[  281639ms] [LOG] Loading '' @ http://localhost:3001/src/lib/util/state.ts:192
[  281685ms] [LOG] Registration successful, scope is: http://localhost:3001/ @ http://localhost:3001/src/routes/+layout.svelte:42
[  281718ms] [LOG] [plausible] render {diagramType: flowchart-v2, isRough: false, lengthBucket: 0-10, renderTimeMsBucket: 50-100} @ http://localhost:3001/src/lib/util/stats.ts:89
[  282321ms] [LOG] [plausible] version {mermaidVersion: 11.14.0} @ http://localhost:3001/src/lib/util/stats.ts:89
[  282391ms] [LOG] Loading '' @ http://localhost:3001/src/lib/util/state.ts:192
[  282450ms] [LOG] Registration successful, scope is: http://localhost:3001/ @ http://localhost:3001/src/routes/+layout.svelte:42
[  282483ms] [LOG] [plausible] render {diagramType: flowchart-v2, isRough: false, lengthBucket: 0-10, renderTimeMsBucket: 50-100} @ http://localhost:3001/src/lib/util/stats.ts:89
[  283079ms] [LOG] [plausible] version {mermaidVersion: 11.14.0} @ http://localhost:3001/src/lib/util/stats.ts:89
[  283143ms] [LOG] Loading '' @ http://localhost:3001/src/lib/util/state.ts:192
[  283200ms] [LOG] Registration successful, scope is: http://localhost:3001/ @ http://localhost:3001/src/routes/+layout.svelte:42
[  283240ms] [LOG] [plausible] render {diagramType: flowchart-v2, isRough: false, lengthBucket: 0-10, renderTimeMsBucket: 50-100} @ http://localhost:3001/src/lib/util/stats.ts:89
[  283813ms] [LOG] [plausible] version {mermaidVersion: 11.14.0} @ http://localhost:3001/src/lib/util/stats.ts:89
[  283881ms] [LOG] Loading '' @ http://localhost:3001/src/lib/util/state.ts:192
[  283932ms] [LOG] Registration successful, scope is: http://localhost:3001/ @ http://localhost:3001/src/routes/+layout.svelte:42
[  283968ms] [LOG] [plausible] render {diagramType: flowchart-v2, isRough: false, lengthBucket: 0-10, renderTimeMsBucket: 50-100} @ http://localhost:3001/src/lib/util/stats.ts:89
[  284532ms] [LOG] [plausible] version {mermaidVersion: 11.14.0} @ http://localhost:3001/src/lib/util/stats.ts:89
[  284604ms] [LOG] Loading '' @ http://localhost:3001/src/lib/util/state.ts:192
[  284651ms] [LOG] Registration successful, scope is: http://localhost:3001/ @ http://localhost:3001/src/routes/+layout.svelte:42
[  284683ms] [LOG] [plausible] render {diagramType: flowchart-v2, isRough: false, lengthBucket: 0-10, renderTimeMsBucket: 50-100} @ http://localhost:3001/src/lib/util/stats.ts:89
[  285287ms] [LOG] [plausible] version {mermaidVersion: 11.14.0} @ http://localhost:3001/src/lib/util/stats.ts:89
[  285348ms] [LOG] Loading '' @ http://localhost:3001/src/lib/util/state.ts:192
[  285407ms] [LOG] Registration successful, scope is: http://localhost:3001/ @ http://localhost:3001/src/routes/+layout.svelte:42
[  285447ms] [LOG] [plausible] render {diagramType: flowchart-v2, isRough: false, lengthBucket: 0-10, renderTimeMsBucket: 50-100} @ http://localhost:3001/src/lib/util/stats.ts:89
[  286015ms] [LOG] [plausible] version {mermaidVersion: 11.14.0} @ http://localhost:3001/src/lib/util/stats.ts:89
[  286075ms] [LOG] Loading '' @ http://localhost:3001/src/lib/util/state.ts:192
[  286133ms] [LOG] Registration successful, scope is: http://localhost:3001/ @ http://localhost:3001/src/routes/+layout.svelte:42
[  286178ms] [LOG] [plausible] render {diagramType: flowchart-v2, isRough: false, lengthBucket: 0-10, renderTimeMsBucket: 50-100} @ http://localhost:3001/src/lib/util/stats.ts:89
[  286729ms] [LOG] [plausible] version {mermaidVersion: 11.14.0} @ http://localhost:3001/src/lib/util/stats.ts:89
[  286800ms] [LOG] Loading '' @ http://localhost:3001/src/lib/util/state.ts:192
[  286852ms] [LOG] Registration successful, scope is: http://localhost:3001/ @ http://localhost:3001/src/routes/+layout.svelte:42
[  286893ms] [LOG] [plausible] render {diagramType: flowchart-v2, isRough: false, lengthBucket: 0-10, renderTimeMsBucket: 50-100} @ http://localhost:3001/src/lib/util/stats.ts:89
[  287480ms] [LOG] [plausible] version {mermaidVersion: 11.14.0} @ http://localhost:3001/src/lib/util/stats.ts:89
[  287550ms] [LOG] Loading '' @ http://localhost:3001/src/lib/util/state.ts:192
[  287609ms] [LOG] Registration successful, scope is: http://localhost:3001/ @ http://localhost:3001/src/routes/+layout.svelte:42
[  287654ms] [LOG] [plausible] render {diagramType: flowchart-v2, isRough: false, lengthBucket: 0-10, renderTimeMsBucket: 50-100} @ http://localhost:3001/src/lib/util/stats.ts:89
[  288297ms] [LOG] [plausible] version {mermaidVersion: 11.14.0} @ http://localhost:3001/src/lib/util/stats.ts:89
[  288366ms] [LOG] Loading '' @ http://localhost:3001/src/lib/util/state.ts:192
[  288416ms] [LOG] Registration successful, scope is: http://localhost:3001/ @ http://localhost:3001/src/routes/+layout.svelte:42
[  288461ms] [LOG] [plausible] render {diagramType: flowchart-v2, isRough: false, lengthBucket: 0-10, renderTimeMsBucket: 50-100} @ http://localhost:3001/src/lib/util/stats.ts:89
[  289067ms] [LOG] [plausible] version {mermaidVersion: 11.14.0} @ http://localhost:3001/src/lib/util/stats.ts:89
[  289123ms] [LOG] Loading '' @ http://localhost:3001/src/lib/util/state.ts:192
[  289181ms] [LOG] Registration successful, scope is: http://localhost:3001/ @ http://localhost:3001/src/routes/+layout.svelte:42
[  289233ms] [LOG] [plausible] render {diagramType: flowchart-v2, isRough: false, lengthBucket: 0-10, renderTimeMsBucket: 50-100} @ http://localhost:3001/src/lib/util/stats.ts:89
[  289814ms] [LOG] [plausible] version {mermaidVersion: 11.14.0} @ http://localhost:3001/src/lib/util/stats.ts:89
[  289883ms] [LOG] Loading '' @ http://localhost:3001/src/lib/util/state.ts:192
[  289936ms] [LOG] Registration successful, scope is: http://localhost:3001/ @ http://localhost:3001/src/routes/+layout.svelte:42
[  289973ms] [LOG] [plausible] render {diagramType: flowchart-v2, isRough: false, lengthBucket: 0-10, renderTimeMsBucket: 50-100} @ http://localhost:3001/src/lib/util/stats.ts:89
[  290535ms] [LOG] [plausible] version {mermaidVersion: 11.14.0} @ http://localhost:3001/src/lib/util/stats.ts:89
[  290598ms] [LOG] Loading '' @ http://localhost:3001/src/lib/util/state.ts:192
[  290651ms] [LOG] Registration successful, scope is: http://localhost:3001/ @ http://localhost:3001/src/routes/+layout.svelte:42
[  290699ms] [LOG] [plausible] render {diagramType: flowchart-v2, isRough: false, lengthBucket: 0-10, renderTimeMsBucket: 50-100} @ http://localhost:3001/src/lib/util/stats.ts:89
[  291265ms] [LOG] [plausible] version {mermaidVersion: 11.14.0} @ http://localhost:3001/src/lib/util/stats.ts:89
[  291344ms] [LOG] Loading '' @ http://localhost:3001/src/lib/util/state.ts:192
[  291397ms] [LOG] Registration successful, scope is: http://localhost:3001/ @ http://localhost:3001/src/routes/+layout.svelte:42
[  291434ms] [LOG] [plausible] render {diagramType: flowchart-v2, isRough: false, lengthBucket: 0-10, renderTimeMsBucket: 50-100} @ http://localhost:3001/src/lib/util/stats.ts:89
[  292080ms] [LOG] [plausible] version {mermaidVersion: 11.14.0} @ http://localhost:3001/src/lib/util/stats.ts:89
[  292138ms] [LOG] Loading '' @ http://localhost:3001/src/lib/util/state.ts:192
[  292190ms] [LOG] Registration successful, scope is: http://localhost:3001/ @ http://localhost:3001/src/routes/+layout.svelte:42
[  292228ms] [LOG] [plausible] render {diagramType: flowchart-v2, isRough: false, lengthBucket: 0-10, renderTimeMsBucket: 50-100} @ http://localhost:3001/src/lib/util/stats.ts:89
[  292801ms] [LOG] [plausible] version {mermaidVersion: 11.14.0} @ http://localhost:3001/src/lib/util/stats.ts:89
[  292871ms] [LOG] Loading '' @ http://localhost:3001/src/lib/util/state.ts:192
[  292925ms] [LOG] Registration successful, scope is: http://localhost:3001/ @ http://localhost:3001/src/routes/+layout.svelte:42
[  292968ms] [LOG] [plausible] render {diagramType: flowchart-v2, isRough: false, lengthBucket: 0-10, renderTimeMsBucket: 50-100} @ http://localhost:3001/src/lib/util/stats.ts:89
[  293574ms] [LOG] [plausible] version {mermaidVersion: 11.14.0} @ http://localhost:3001/src/lib/util/stats.ts:89
[  293643ms] [LOG] Loading '' @ http://localhost:3001/src/lib/util/state.ts:192
[  293697ms] [LOG] Registration successful, scope is: http://localhost:3001/ @ http://localhost:3001/src/routes/+layout.svelte:42
[  293731ms] [LOG] [plausible] render {diagramType: flowchart-v2, isRough: false, lengthBucket: 0-10, renderTimeMsBucket: 50-100} @ http://localhost:3001/src/lib/util/stats.ts:89
[  294327ms] [LOG] [plausible] version {mermaidVersion: 11.14.0} @ http://localhost:3001/src/lib/util/stats.ts:89
[  294397ms] [LOG] Loading '' @ http://localhost:3001/src/lib/util/state.ts:192
[  294450ms] [LOG] Registration successful, scope is: http://localhost:3001/ @ http://localhost:3001/src/routes/+layout.svelte:42
[  294481ms] [LOG] [plausible] render {diagramType: flowchart-v2, isRough: false, lengthBucket: 0-10, renderTimeMsBucket: 50-100} @ http://localhost:3001/src/lib/util/stats.ts:89
[  295036ms] [LOG] [plausible] version {mermaidVersion: 11.14.0} @ http://localhost:3001/src/lib/util/stats.ts:89
[  295096ms] [LOG] Loading '' @ http://localhost:3001/src/lib/util/state.ts:192
[  295149ms] [LOG] Registration successful, scope is: http://localhost:3001/ @ http://localhost:3001/src/routes/+layout.svelte:42
[  295195ms] [LOG] [plausible] render {diagramType: flowchart-v2, isRough: false, lengthBucket: 0-10, renderTimeMsBucket: 50-100} @ http://localhost:3001/src/lib/util/stats.ts:89
[  295758ms] [LOG] [plausible] version {mermaidVersion: 11.14.0} @ http://localhost:3001/src/lib/util/stats.ts:89
[  295828ms] [LOG] Loading '' @ http://localhost:3001/src/lib/util/state.ts:192
[  295876ms] [LOG] Registration successful, scope is: http://localhost:3001/ @ http://localhost:3001/src/routes/+layout.svelte:42
[  295915ms] [LOG] [plausible] render {diagramType: flowchart-v2, isRough: false, lengthBucket: 0-10, renderTimeMsBucket: 50-100} @ http://localhost:3001/src/lib/util/stats.ts:89
[  296519ms] [LOG] [plausible] version {mermaidVersion: 11.14.0} @ http://localhost:3001/src/lib/util/stats.ts:89
[  296588ms] [LOG] Loading '' @ http://localhost:3001/src/lib/util/state.ts:192
[  296641ms] [LOG] Registration successful, scope is: http://localhost:3001/ @ http://localhost:3001/src/routes/+layout.svelte:42
[  296677ms] [LOG] [plausible] render {diagramType: flowchart-v2, isRough: false, lengthBucket: 0-10, renderTimeMsBucket: 50-100} @ http://localhost:3001/src/lib/util/stats.ts:89
[  297372ms] [LOG] [plausible] version {mermaidVersion: 11.14.0} @ http://localhost:3001/src/lib/util/stats.ts:89
[  297441ms] [LOG] Loading '' @ http://localhost:3001/src/lib/util/state.ts:192
[  297494ms] [LOG] Registration successful, scope is: http://localhost:3001/ @ http://localhost:3001/src/routes/+layout.svelte:42
[  297535ms] [LOG] [plausible] render {diagramType: flowchart-v2, isRough: false, lengthBucket: 0-10, renderTimeMsBucket: 50-100} @ http://localhost:3001/src/lib/util/stats.ts:89
[  298079ms] [LOG] [plausible] version {mermaidVersion: 11.14.0} @ http://localhost:3001/src/lib/util/stats.ts:89
[  298139ms] [LOG] Loading '' @ http://localhost:3001/src/lib/util/state.ts:192
[  298187ms] [LOG] Registration successful, scope is: http://localhost:3001/ @ http://localhost:3001/src/routes/+layout.svelte:42
[  298229ms] [LOG] [plausible] render {diagramType: flowchart-v2, isRough: false, lengthBucket: 0-10, renderTimeMsBucket: 50-100} @ http://localhost:3001/src/lib/util/stats.ts:89
[  298813ms] [LOG] [plausible] version {mermaidVersion: 11.14.0} @ http://localhost:3001/src/lib/util/stats.ts:89
[  298884ms] [LOG] Loading '' @ http://localhost:3001/src/lib/util/state.ts:192
[  298943ms] [LOG] Registration successful, scope is: http://localhost:3001/ @ http://localhost:3001/src/routes/+layout.svelte:42
[  298982ms] [LOG] [plausible] render {diagramType: flowchart-v2, isRough: false, lengthBucket: 0-10, renderTimeMsBucket: 50-100} @ http://localhost:3001/src/lib/util/stats.ts:89
[  299548ms] [LOG] [plausible] version {mermaidVersion: 11.14.0} @ http://localhost:3001/src/lib/util/stats.ts:89
[  299605ms] [LOG] Loading '' @ http://localhost:3001/src/lib/util/state.ts:192
[  299656ms] [LOG] Registration successful, scope is: http://localhost:3001/ @ http://localhost:3001/src/routes/+layout.svelte:42
[  299695ms] [LOG] [plausible] render {diagramType: flowchart-v2, isRough: false, lengthBucket: 0-10, renderTimeMsBucket: 50-100} @ http://localhost:3001/src/lib/util/stats.ts:89
[  300294ms] [LOG] [plausible] version {mermaidVersion: 11.14.0} @ http://localhost:3001/src/lib/util/stats.ts:89
[  300350ms] [LOG] Loading '' @ http://localhost:3001/src/lib/util/state.ts:192
[  300397ms] [LOG] Registration successful, scope is: http://localhost:3001/ @ http://localhost:3001/src/routes/+layout.svelte:42
[  300432ms] [LOG] [plausible] render {diagramType: flowchart-v2, isRough: false, lengthBucket: 0-10, renderTimeMsBucket: 50-100} @ http://localhost:3001/src/lib/util/stats.ts:89
[  301037ms] [LOG] [plausible] version {mermaidVersion: 11.14.0} @ http://localhost:3001/src/lib/util/stats.ts:89
[  301100ms] [LOG] Loading '' @ http://localhost:3001/src/lib/util/state.ts:192
[  301154ms] [LOG] Registration successful, scope is: http://localhost:3001/ @ http://localhost:3001/src/routes/+layout.svelte:42
[  301188ms] [LOG] [plausible] render {diagramType: flowchart-v2, isRough: false, lengthBucket: 0-10, renderTimeMsBucket: 50-100} @ http://localhost:3001/src/lib/util/stats.ts:89
[  301798ms] [LOG] [plausible] version {mermaidVersion: 11.14.0} @ http://localhost:3001/src/lib/util/stats.ts:89
[  301860ms] [LOG] Loading '' @ http://localhost:3001/src/lib/util/state.ts:192
[  301918ms] [LOG] Registration successful, scope is: http://localhost:3001/ @ http://localhost:3001/src/routes/+layout.svelte:42
[  301957ms] [LOG] [plausible] render {diagramType: flowchart-v2, isRough: false, lengthBucket: 0-10, renderTimeMsBucket: 50-100} @ http://localhost:3001/src/lib/util/stats.ts:89
[  302539ms] [LOG] [plausible] version {mermaidVersion: 11.14.0} @ http://localhost:3001/src/lib/util/stats.ts:89
[  302602ms] [LOG] Loading '' @ http://localhost:3001/src/lib/util/state.ts:192
[  302656ms] [LOG] Registration successful, scope is: http://localhost:3001/ @ http://localhost:3001/src/routes/+layout.svelte:42
[  302694ms] [LOG] [plausible] render {diagramType: flowchart-v2, isRough: false, lengthBucket: 0-10, renderTimeMsBucket: 50-100} @ http://localhost:3001/src/lib/util/stats.ts:89
[  303278ms] [LOG] [plausible] version {mermaidVersion: 11.14.0} @ http://localhost:3001/src/lib/util/stats.ts:89
[  303343ms] [LOG] Loading '' @ http://localhost:3001/src/lib/util/state.ts:192
[  303388ms] [LOG] Registration successful, scope is: http://localhost:3001/ @ http://localhost:3001/src/routes/+layout.svelte:42
[  303424ms] [LOG] [plausible] render {diagramType: flowchart-v2, isRough: false, lengthBucket: 0-10, renderTimeMsBucket: 50-100} @ http://localhost:3001/src/lib/util/stats.ts:89
[  304029ms] [LOG] [plausible] version {mermaidVersion: 11.14.0} @ http://localhost:3001/src/lib/util/stats.ts:89
[  304090ms] [LOG] Loading '' @ http://localhost:3001/src/lib/util/state.ts:192
[  304150ms] [LOG] Registration successful, scope is: http://localhost:3001/ @ http://localhost:3001/src/routes/+layout.svelte:42
[  304190ms] [LOG] [plausible] render {diagramType: flowchart-v2, isRough: false, lengthBucket: 0-10, renderTimeMsBucket: 50-100} @ http://localhost:3001/src/lib/util/stats.ts:89
[  304774ms] [LOG] [plausible] version {mermaidVersion: 11.14.0} @ http://localhost:3001/src/lib/util/stats.ts:89
[  304844ms] [LOG] Loading '' @ http://localhost:3001/src/lib/util/state.ts:192
[  304898ms] [LOG] Registration successful, scope is: http://localhost:3001/ @ http://localhost:3001/src/routes/+layout.svelte:42
[  304932ms] [LOG] [plausible] render {diagramType: flowchart-v2, isRough: false, lengthBucket: 0-10, renderTimeMsBucket: 50-100} @ http://localhost:3001/src/lib/util/stats.ts:89
[  305504ms] [LOG] [plausible] version {mermaidVersion: 11.14.0} @ http://localhost:3001/src/lib/util/stats.ts:89
[  305567ms] [LOG] Loading '' @ http://localhost:3001/src/lib/util/state.ts:192
[  305624ms] [LOG] Registration successful, scope is: http://localhost:3001/ @ http://localhost:3001/src/routes/+layout.svelte:42
[  305657ms] [LOG] [plausible] render {diagramType: flowchart-v2, isRough: false, lengthBucket: 0-10, renderTimeMsBucket: 50-100} @ http://localhost:3001/src/lib/util/stats.ts:89
[  306256ms] [LOG] [plausible] version {mermaidVersion: 11.14.0} @ http://localhost:3001/src/lib/util/stats.ts:89
[  306317ms] [LOG] Loading '' @ http://localhost:3001/src/lib/util/state.ts:192
[  306376ms] [LOG] Registration successful, scope is: http://localhost:3001/ @ http://localhost:3001/src/routes/+layout.svelte:42
[  306415ms] [LOG] [plausible] render {diagramType: flowchart-v2, isRough: false, lengthBucket: 0-10, renderTimeMsBucket: 50-100} @ http://localhost:3001/src/lib/util/stats.ts:89
[  306972ms] [LOG] [plausible] version {mermaidVersion: 11.14.0} @ http://localhost:3001/src/lib/util/stats.ts:89
[  307036ms] [LOG] Loading '' @ http://localhost:3001/src/lib/util/state.ts:192
[  307093ms] [LOG] Registration successful, scope is: http://localhost:3001/ @ http://localhost:3001/src/routes/+layout.svelte:42
[  307133ms] [LOG] [plausible] render {diagramType: flowchart-v2, isRough: false, lengthBucket: 0-10, renderTimeMsBucket: 50-100} @ http://localhost:3001/src/lib/util/stats.ts:89
[  307714ms] [LOG] [plausible] version {mermaidVersion: 11.14.0} @ http://localhost:3001/src/lib/util/stats.ts:89
[  307768ms] [LOG] Loading '' @ http://localhost:3001/src/lib/util/state.ts:192
[  307825ms] [LOG] Registration successful, scope is: http://localhost:3001/ @ http://localhost:3001/src/routes/+layout.svelte:42
[  307865ms] [LOG] [plausible] render {diagramType: flowchart-v2, isRough: false, lengthBucket: 0-10, renderTimeMsBucket: 50-100} @ http://localhost:3001/src/lib/util/stats.ts:89
[  308445ms] [LOG] [plausible] version {mermaidVersion: 11.14.0} @ http://localhost:3001/src/lib/util/stats.ts:89
[  308506ms] [LOG] Loading '' @ http://localhost:3001/src/lib/util/state.ts:192
[  308559ms] [LOG] Registration successful, scope is: http://localhost:3001/ @ http://localhost:3001/src/routes/+layout.svelte:42
[  308596ms] [LOG] [plausible] render {diagramType: flowchart-v2, isRough: false, lengthBucket: 0-10, renderTimeMsBucket: 50-100} @ http://localhost:3001/src/lib/util/stats.ts:89
[  309193ms] [LOG] [plausible] version {mermaidVersion: 11.14.0} @ http://localhost:3001/src/lib/util/stats.ts:89
[  309256ms] [LOG] Loading '' @ http://localhost:3001/src/lib/util/state.ts:192
[  309310ms] [LOG] Registration successful, scope is: http://localhost:3001/ @ http://localhost:3001/src/routes/+layout.svelte:42
[  309346ms] [LOG] [plausible] render {diagramType: flowchart-v2, isRough: false, lengthBucket: 0-10, renderTimeMsBucket: 50-100} @ http://localhost:3001/src/lib/util/stats.ts:89
[  309957ms] [LOG] [plausible] version {mermaidVersion: 11.14.0} @ http://localhost:3001/src/lib/util/stats.ts:89
[  310017ms] [LOG] Loading '' @ http://localhost:3001/src/lib/util/state.ts:192
[  310076ms] [LOG] Registration successful, scope is: http://localhost:3001/ @ http://localhost:3001/src/routes/+layout.svelte:42
[  310116ms] [LOG] [plausible] render {diagramType: flowchart-v2, isRough: false, lengthBucket: 0-10, renderTimeMsBucket: 50-100} @ http://localhost:3001/src/lib/util/stats.ts:89
[  310689ms] [LOG] [plausible] version {mermaidVersion: 11.14.0} @ http://localhost:3001/src/lib/util/stats.ts:89
[  310757ms] [LOG] Loading '' @ http://localhost:3001/src/lib/util/state.ts:192
[  310809ms] [LOG] Registration successful, scope is: http://localhost:3001/ @ http://localhost:3001/src/routes/+layout.svelte:42
[  310844ms] [LOG] [plausible] render {diagramType: flowchart-v2, isRough: false, lengthBucket: 0-10, renderTimeMsBucket: 50-100} @ http://localhost:3001/src/lib/util/stats.ts:89
[  311461ms] [LOG] [plausible] version {mermaidVersion: 11.14.0} @ http://localhost:3001/src/lib/util/stats.ts:89
[  311530ms] [LOG] Loading '' @ http://localhost:3001/src/lib/util/state.ts:192
[  311585ms] [LOG] Registration successful, scope is: http://localhost:3001/ @ http://localhost:3001/src/routes/+layout.svelte:42
[  311621ms] [LOG] [plausible] render {diagramType: flowchart-v2, isRough: false, lengthBucket: 0-10, renderTimeMsBucket: 50-100} @ http://localhost:3001/src/lib/util/stats.ts:89
[  312216ms] [LOG] [plausible] version {mermaidVersion: 11.14.0} @ http://localhost:3001/src/lib/util/stats.ts:89
[  312287ms] [LOG] Loading '' @ http://localhost:3001/src/lib/util/state.ts:192
[  312340ms] [LOG] Registration successful, scope is: http://localhost:3001/ @ http://localhost:3001/src/routes/+layout.svelte:42
[  312379ms] [LOG] [plausible] render {diagramType: flowchart-v2, isRough: false, lengthBucket: 0-10, renderTimeMsBucket: 50-100} @ http://localhost:3001/src/lib/util/stats.ts:89
[  313134ms] [LOG] [plausible] version {mermaidVersion: 11.14.0} @ http://localhost:3001/src/lib/util/stats.ts:89
[  313203ms] [LOG] Loading '' @ http://localhost:3001/src/lib/util/state.ts:192
[  313257ms] [LOG] Registration successful, scope is: http://localhost:3001/ @ http://localhost:3001/src/routes/+layout.svelte:42
[  313304ms] [LOG] [plausible] render {diagramType: flowchart-v2, isRough: false, lengthBucket: 0-10, renderTimeMsBucket: 50-100} @ http://localhost:3001/src/lib/util/stats.ts:89
[  314667ms] [LOG] [plausible] version {mermaidVersion: 11.14.0} @ http://localhost:3001/src/lib/util/stats.ts:89
[  314739ms] [LOG] Loading '' @ http://localhost:3001/src/lib/util/state.ts:192
[  314808ms] [LOG] Registration successful, scope is: http://localhost:3001/ @ http://localhost:3001/src/routes/+layout.svelte:42
[  314861ms] [LOG] [plausible] render {diagramType: flowchart-v2, isRough: false, lengthBucket: 0-10, renderTimeMsBucket: 50-100} @ http://localhost:3001/src/lib/util/stats.ts:89
[  315471ms] [LOG] [plausible] version {mermaidVersion: 11.14.0} @ http://localhost:3001/src/lib/util/stats.ts:89
[  315545ms] [LOG] Loading '' @ http://localhost:3001/src/lib/util/state.ts:192
[  315607ms] [LOG] Registration successful, scope is: http://localhost:3001/ @ http://localhost:3001/src/routes/+layout.svelte:42
[  315649ms] [LOG] [plausible] render {diagramType: flowchart-v2, isRough: false, lengthBucket: 0-10, renderTimeMsBucket: 50-100} @ http://localhost:3001/src/lib/util/stats.ts:89
[  316252ms] [LOG] [plausible] version {mermaidVersion: 11.14.0} @ http://localhost:3001/src/lib/util/stats.ts:89
[  316315ms] [LOG] Loading '' @ http://localhost:3001/src/lib/util/state.ts:192
[  316369ms] [LOG] Registration successful, scope is: http://localhost:3001/ @ http://localhost:3001/src/routes/+layout.svelte:42
[  316407ms] [LOG] [plausible] render {diagramType: flowchart-v2, isRough: false, lengthBucket: 0-10, renderTimeMsBucket: 50-100} @ http://localhost:3001/src/lib/util/stats.ts:89
[  317022ms] [LOG] [plausible] version {mermaidVersion: 11.14.0} @ http://localhost:3001/src/lib/util/stats.ts:89
[  317085ms] [LOG] Loading '' @ http://localhost:3001/src/lib/util/state.ts:192
[  317144ms] [LOG] Registration successful, scope is: http://localhost:3001/ @ http://localhost:3001/src/routes/+layout.svelte:42
[  317184ms] [LOG] [plausible] render {diagramType: flowchart-v2, isRough: false, lengthBucket: 0-10, renderTimeMsBucket: 50-100} @ http://localhost:3001/src/lib/util/stats.ts:89
[  317782ms] [LOG] [plausible] version {mermaidVersion: 11.14.0} @ http://localhost:3001/src/lib/util/stats.ts:89
[  317848ms] [LOG] Loading '' @ http://localhost:3001/src/lib/util/state.ts:192
[  317896ms] [LOG] Registration successful, scope is: http://localhost:3001/ @ http://localhost:3001/src/routes/+layout.svelte:42
[  317931ms] [LOG] [plausible] render {diagramType: flowchart-v2, isRough: false, lengthBucket: 0-10, renderTimeMsBucket: 50-100} @ http://localhost:3001/src/lib/util/stats.ts:89
[  318551ms] [LOG] [plausible] version {mermaidVersion: 11.14.0} @ http://localhost:3001/src/lib/util/stats.ts:89
[  318615ms] [LOG] Loading '' @ http://localhost:3001/src/lib/util/state.ts:192
[  318664ms] [LOG] Registration successful, scope is: http://localhost:3001/ @ http://localhost:3001/src/routes/+layout.svelte:42
[  318701ms] [LOG] [plausible] render {diagramType: flowchart-v2, isRough: false, lengthBucket: 0-10, renderTimeMsBucket: 50-100} @ http://localhost:3001/src/lib/util/stats.ts:89
[  319298ms] [LOG] [plausible] version {mermaidVersion: 11.14.0} @ http://localhost:3001/src/lib/util/stats.ts:89
[  319366ms] [LOG] Loading '' @ http://localhost:3001/src/lib/util/state.ts:192
[  319414ms] [LOG] Registration successful, scope is: http://localhost:3001/ @ http://localhost:3001/src/routes/+layout.svelte:42
[  319443ms] [LOG] [plausible] render {diagramType: flowchart-v2, isRough: false, lengthBucket: 0-10, renderTimeMsBucket: 50-100} @ http://localhost:3001/src/lib/util/stats.ts:89
[  320041ms] [LOG] [plausible] version {mermaidVersion: 11.14.0} @ http://localhost:3001/src/lib/util/stats.ts:89
[  320110ms] [LOG] Loading '' @ http://localhost:3001/src/lib/util/state.ts:192
[  320159ms] [LOG] Registration successful, scope is: http://localhost:3001/ @ http://localhost:3001/src/routes/+layout.svelte:42
[  320194ms] [LOG] [plausible] render {diagramType: flowchart-v2, isRough: false, lengthBucket: 0-10, renderTimeMsBucket: 50-100} @ http://localhost:3001/src/lib/util/stats.ts:89
[  320788ms] [LOG] [plausible] version {mermaidVersion: 11.14.0} @ http://localhost:3001/src/lib/util/stats.ts:89
[  320850ms] [LOG] Loading '' @ http://localhost:3001/src/lib/util/state.ts:192
[  320910ms] [LOG] Registration successful, scope is: http://localhost:3001/ @ http://localhost:3001/src/routes/+layout.svelte:42
[  320950ms] [LOG] [plausible] render {diagramType: flowchart-v2, isRough: false, lengthBucket: 0-10, renderTimeMsBucket: 50-100} @ http://localhost:3001/src/lib/util/stats.ts:89
[  321493ms] [LOG] [plausible] version {mermaidVersion: 11.14.0} @ http://localhost:3001/src/lib/util/stats.ts:89
[  321556ms] [LOG] Loading '' @ http://localhost:3001/src/lib/util/state.ts:192
[  321610ms] [LOG] Registration successful, scope is: http://localhost:3001/ @ http://localhost:3001/src/routes/+layout.svelte:42
[  321658ms] [LOG] [plausible] render {diagramType: flowchart-v2, isRough: false, lengthBucket: 0-10, renderTimeMsBucket: 50-100} @ http://localhost:3001/src/lib/util/stats.ts:89
[  322286ms] [LOG] [plausible] version {mermaidVersion: 11.14.0} @ http://localhost:3001/src/lib/util/stats.ts:89
[  322347ms] [LOG] Loading '' @ http://localhost:3001/src/lib/util/state.ts:192
[  322404ms] [LOG] Registration successful, scope is: http://localhost:3001/ @ http://localhost:3001/src/routes/+layout.svelte:42
[  322456ms] [LOG] [plausible] render {diagramType: flowchart-v2, isRough: false, lengthBucket: 0-10, renderTimeMsBucket: 50-100} @ http://localhost:3001/src/lib/util/stats.ts:89
[  323112ms] [LOG] [plausible] version {mermaidVersion: 11.14.0} @ http://localhost:3001/src/lib/util/stats.ts:89
[  323184ms] [LOG] Loading '' @ http://localhost:3001/src/lib/util/state.ts:192
[  323233ms] [LOG] Registration successful, scope is: http://localhost:3001/ @ http://localhost:3001/src/routes/+layout.svelte:42
[  323277ms] [LOG] [plausible] render {diagramType: flowchart-v2, isRough: false, lengthBucket: 0-10, renderTimeMsBucket: 50-100} @ http://localhost:3001/src/lib/util/stats.ts:89
[  323933ms] [LOG] [plausible] version {mermaidVersion: 11.14.0} @ http://localhost:3001/src/lib/util/stats.ts:89
[  324000ms] [LOG] Loading '' @ http://localhost:3001/src/lib/util/state.ts:192
[  324053ms] [LOG] Registration successful, scope is: http://localhost:3001/ @ http://localhost:3001/src/routes/+layout.svelte:42
[  324086ms] [LOG] [plausible] render {diagramType: flowchart-v2, isRough: false, lengthBucket: 0-10, renderTimeMsBucket: 50-100} @ http://localhost:3001/src/lib/util/stats.ts:89
[  324684ms] [LOG] [plausible] version {mermaidVersion: 11.14.0} @ http://localhost:3001/src/lib/util/stats.ts:89
[  324744ms] [LOG] Loading '' @ http://localhost:3001/src/lib/util/state.ts:192
[  324808ms] [LOG] Registration successful, scope is: http://localhost:3001/ @ http://localhost:3001/src/routes/+layout.svelte:42
[  324851ms] [LOG] [plausible] render {diagramType: flowchart-v2, isRough: false, lengthBucket: 0-10, renderTimeMsBucket: 50-100} @ http://localhost:3001/src/lib/util/stats.ts:89
[  325474ms] [LOG] [plausible] version {mermaidVersion: 11.14.0} @ http://localhost:3001/src/lib/util/stats.ts:89
[  325536ms] [LOG] Loading '' @ http://localhost:3001/src/lib/util/state.ts:192
[  325586ms] [LOG] Registration successful, scope is: http://localhost:3001/ @ http://localhost:3001/src/routes/+layout.svelte:42
[  325630ms] [LOG] [plausible] render {diagramType: flowchart-v2, isRough: false, lengthBucket: 0-10, renderTimeMsBucket: 50-100} @ http://localhost:3001/src/lib/util/stats.ts:89
[  326412ms] [LOG] [plausible] version {mermaidVersion: 11.14.0} @ http://localhost:3001/src/lib/util/stats.ts:89
[  326477ms] [LOG] Loading '' @ http://localhost:3001/src/lib/util/state.ts:192
[  326535ms] [LOG] Registration successful, scope is: http://localhost:3001/ @ http://localhost:3001/src/routes/+layout.svelte:42
[  326583ms] [LOG] [plausible] render {diagramType: flowchart-v2, isRough: false, lengthBucket: 0-10, renderTimeMsBucket: 50-100} @ http://localhost:3001/src/lib/util/stats.ts:89
[  327276ms] [LOG] [plausible] version {mermaidVersion: 11.14.0} @ http://localhost:3001/src/lib/util/stats.ts:89
[  327339ms] [LOG] Loading '' @ http://localhost:3001/src/lib/util/state.ts:192
[  327397ms] [LOG] Registration successful, scope is: http://localhost:3001/ @ http://localhost:3001/src/routes/+layout.svelte:42
[  327454ms] [LOG] [plausible] render {diagramType: flowchart-v2, isRough: false, lengthBucket: 0-10, renderTimeMsBucket: 50-100} @ http://localhost:3001/src/lib/util/stats.ts:89
[  328063ms] [LOG] [plausible] version {mermaidVersion: 11.14.0} @ http://localhost:3001/src/lib/util/stats.ts:89
[  328123ms] [LOG] Loading '' @ http://localhost:3001/src/lib/util/state.ts:192
[  328178ms] [LOG] Registration successful, scope is: http://localhost:3001/ @ http://localhost:3001/src/routes/+layout.svelte:42
[  328229ms] [LOG] [plausible] render {diagramType: flowchart-v2, isRough: false, lengthBucket: 0-10, renderTimeMsBucket: 50-100} @ http://localhost:3001/src/lib/util/stats.ts:89
[  328828ms] [LOG] [plausible] version {mermaidVersion: 11.14.0} @ http://localhost:3001/src/lib/util/stats.ts:89
[  328888ms] [LOG] Loading '' @ http://localhost:3001/src/lib/util/state.ts:192
[  328951ms] [LOG] Registration successful, scope is: http://localhost:3001/ @ http://localhost:3001/src/routes/+layout.svelte:42
[  328987ms] [LOG] [plausible] render {diagramType: flowchart-v2, isRough: false, lengthBucket: 0-10, renderTimeMsBucket: 50-100} @ http://localhost:3001/src/lib/util/stats.ts:89
[  329572ms] [LOG] [plausible] version {mermaidVersion: 11.14.0} @ http://localhost:3001/src/lib/util/stats.ts:89
[  329636ms] [LOG] Loading '' @ http://localhost:3001/src/lib/util/state.ts:192
[  329697ms] [LOG] Registration successful, scope is: http://localhost:3001/ @ http://localhost:3001/src/routes/+layout.svelte:42
[  329744ms] [LOG] [plausible] render {diagramType: flowchart-v2, isRough: false, lengthBucket: 0-10, renderTimeMsBucket: 50-100} @ http://localhost:3001/src/lib/util/stats.ts:89
[  330328ms] [LOG] [plausible] version {mermaidVersion: 11.14.0} @ http://localhost:3001/src/lib/util/stats.ts:89
[  330394ms] [LOG] Loading '' @ http://localhost:3001/src/lib/util/state.ts:192
[  330446ms] [LOG] Registration successful, scope is: http://localhost:3001/ @ http://localhost:3001/src/routes/+layout.svelte:42
[  330492ms] [LOG] [plausible] render {diagramType: flowchart-v2, isRough: false, lengthBucket: 0-10, renderTimeMsBucket: 50-100} @ http://localhost:3001/src/lib/util/stats.ts:89
[  331050ms] [LOG] [plausible] version {mermaidVersion: 11.14.0} @ http://localhost:3001/src/lib/util/stats.ts:89
[  331116ms] [LOG] Loading '' @ http://localhost:3001/src/lib/util/state.ts:192
[  331166ms] [LOG] Registration successful, scope is: http://localhost:3001/ @ http://localhost:3001/src/routes/+layout.svelte:42
[  331221ms] [LOG] [plausible] render {diagramType: flowchart-v2, isRough: false, lengthBucket: 0-10, renderTimeMsBucket: 50-100} @ http://localhost:3001/src/lib/util/stats.ts:89
[  331865ms] [LOG] [plausible] version {mermaidVersion: 11.14.0} @ http://localhost:3001/src/lib/util/stats.ts:89
[  331936ms] [LOG] Loading '' @ http://localhost:3001/src/lib/util/state.ts:192
[  331987ms] [LOG] Registration successful, scope is: http://localhost:3001/ @ http://localhost:3001/src/routes/+layout.svelte:42
[  332041ms] [LOG] [plausible] render {diagramType: flowchart-v2, isRough: false, lengthBucket: 0-10, renderTimeMsBucket: 50-100} @ http://localhost:3001/src/lib/util/stats.ts:89
[  332682ms] [LOG] [plausible] version {mermaidVersion: 11.14.0} @ http://localhost:3001/src/lib/util/stats.ts:89
[  332755ms] [LOG] Loading '' @ http://localhost:3001/src/lib/util/state.ts:192
[  332809ms] [LOG] Registration successful, scope is: http://localhost:3001/ @ http://localhost:3001/src/routes/+layout.svelte:42
[  332850ms] [LOG] [plausible] render {diagramType: flowchart-v2, isRough: false, lengthBucket: 0-10, renderTimeMsBucket: 50-100} @ http://localhost:3001/src/lib/util/stats.ts:89
[  333484ms] [LOG] [plausible] version {mermaidVersion: 11.14.0} @ http://localhost:3001/src/lib/util/stats.ts:89
[  333545ms] [LOG] Loading '' @ http://localhost:3001/src/lib/util/state.ts:192
[  333605ms] [LOG] Registration successful, scope is: http://localhost:3001/ @ http://localhost:3001/src/routes/+layout.svelte:42
[  333641ms] [LOG] [plausible] render {diagramType: flowchart-v2, isRough: false, lengthBucket: 0-10, renderTimeMsBucket: 50-100} @ http://localhost:3001/src/lib/util/stats.ts:89
[  334742ms] [LOG] [plausible] version {mermaidVersion: 11.14.0} @ http://localhost:3001/src/lib/util/stats.ts:89
[  334812ms] [LOG] Loading '' @ http://localhost:3001/src/lib/util/state.ts:192
[  334857ms] [LOG] Registration successful, scope is: http://localhost:3001/ @ http://localhost:3001/src/routes/+layout.svelte:42
[  334884ms] [LOG] [plausible] render {diagramType: flowchart-v2, isRough: false, lengthBucket: 0-10, renderTimeMsBucket: 25-50} @ http://localhost:3001/src/lib/util/stats.ts:89
[  335495ms] [LOG] [plausible] version {mermaidVersion: 11.14.0} @ http://localhost:3001/src/lib/util/stats.ts:89
[  335558ms] [LOG] Loading '' @ http://localhost:3001/src/lib/util/state.ts:192
[  335618ms] [LOG] Registration successful, scope is: http://localhost:3001/ @ http://localhost:3001/src/routes/+layout.svelte:42
[  335660ms] [LOG] [plausible] render {diagramType: flowchart-v2, isRough: false, lengthBucket: 0-10, renderTimeMsBucket: 50-100} @ http://localhost:3001/src/lib/util/stats.ts:89
[  336254ms] [LOG] [plausible] version {mermaidVersion: 11.14.0} @ http://localhost:3001/src/lib/util/stats.ts:89
[  336314ms] [LOG] Loading '' @ http://localhost:3001/src/lib/util/state.ts:192
[  336376ms] [LOG] Registration successful, scope is: http://localhost:3001/ @ http://localhost:3001/src/routes/+layout.svelte:42
[  336423ms] [LOG] [plausible] render {diagramType: flowchart-v2, isRough: false, lengthBucket: 0-10, renderTimeMsBucket: 50-100} @ http://localhost:3001/src/lib/util/stats.ts:89
[  337004ms] [LOG] [plausible] version {mermaidVersion: 11.14.0} @ http://localhost:3001/src/lib/util/stats.ts:89
[  337081ms] [LOG] Loading '' @ http://localhost:3001/src/lib/util/state.ts:192
[  337131ms] [LOG] Registration successful, scope is: http://localhost:3001/ @ http://localhost:3001/src/routes/+layout.svelte:42
[  337167ms] [LOG] [plausible] render {diagramType: flowchart-v2, isRough: false, lengthBucket: 0-10, renderTimeMsBucket: 50-100} @ http://localhost:3001/src/lib/util/stats.ts:89
[  337774ms] [LOG] [plausible] version {mermaidVersion: 11.14.0} @ http://localhost:3001/src/lib/util/stats.ts:89
[  337836ms] [LOG] Loading '' @ http://localhost:3001/src/lib/util/state.ts:192
[  337894ms] [LOG] Registration successful, scope is: http://localhost:3001/ @ http://localhost:3001/src/routes/+layout.svelte:42
[  337947ms] [LOG] [plausible] render {diagramType: flowchart-v2, isRough: false, lengthBucket: 0-10, renderTimeMsBucket: 50-100} @ http://localhost:3001/src/lib/util/stats.ts:89
[  338584ms] [LOG] [plausible] version {mermaidVersion: 11.14.0} @ http://localhost:3001/src/lib/util/stats.ts:89
[  338643ms] [LOG] Loading '' @ http://localhost:3001/src/lib/util/state.ts:192
[  338700ms] [LOG] Registration successful, scope is: http://localhost:3001/ @ http://localhost:3001/src/routes/+layout.svelte:42
[  338756ms] [LOG] [plausible] render {diagramType: flowchart-v2, isRough: false, lengthBucket: 0-10, renderTimeMsBucket: 50-100} @ http://localhost:3001/src/lib/util/stats.ts:89
[  339384ms] [LOG] [plausible] version {mermaidVersion: 11.14.0} @ http://localhost:3001/src/lib/util/stats.ts:89
[  339453ms] [LOG] Loading '' @ http://localhost:3001/src/lib/util/state.ts:192
[  339506ms] [LOG] Registration successful, scope is: http://localhost:3001/ @ http://localhost:3001/src/routes/+layout.svelte:42
[  339541ms] [LOG] [plausible] render {diagramType: flowchart-v2, isRough: false, lengthBucket: 0-10, renderTimeMsBucket: 50-100} @ http://localhost:3001/src/lib/util/stats.ts:89
[  340159ms] [LOG] [plausible] version {mermaidVersion: 11.14.0} @ http://localhost:3001/src/lib/util/stats.ts:89
[  340226ms] [LOG] Loading '' @ http://localhost:3001/src/lib/util/state.ts:192
[  340280ms] [LOG] Registration successful, scope is: http://localhost:3001/ @ http://localhost:3001/src/routes/+layout.svelte:42
[  340313ms] [LOG] [plausible] render {diagramType: flowchart-v2, isRough: false, lengthBucket: 0-10, renderTimeMsBucket: 50-100} @ http://localhost:3001/src/lib/util/stats.ts:89
[  340896ms] [LOG] [plausible] version {mermaidVersion: 11.14.0} @ http://localhost:3001/src/lib/util/stats.ts:89
[  340964ms] [LOG] Loading '' @ http://localhost:3001/src/lib/util/state.ts:192
[  341019ms] [LOG] Registration successful, scope is: http://localhost:3001/ @ http://localhost:3001/src/routes/+layout.svelte:42
[  341061ms] [LOG] [plausible] render {diagramType: flowchart-v2, isRough: false, lengthBucket: 0-10, renderTimeMsBucket: 50-100} @ http://localhost:3001/src/lib/util/stats.ts:89
[  341661ms] [LOG] [plausible] version {mermaidVersion: 11.14.0} @ http://localhost:3001/src/lib/util/stats.ts:89
[  341719ms] [LOG] Loading '' @ http://localhost:3001/src/lib/util/state.ts:192
[  341770ms] [LOG] Registration successful, scope is: http://localhost:3001/ @ http://localhost:3001/src/routes/+layout.svelte:42
[  341807ms] [LOG] [plausible] render {diagramType: flowchart-v2, isRough: false, lengthBucket: 0-10, renderTimeMsBucket: 50-100} @ http://localhost:3001/src/lib/util/stats.ts:89
[  342393ms] [LOG] [plausible] version {mermaidVersion: 11.14.0} @ http://localhost:3001/src/lib/util/stats.ts:89
[  342459ms] [LOG] Loading '' @ http://localhost:3001/src/lib/util/state.ts:192
[  342514ms] [LOG] Registration successful, scope is: http://localhost:3001/ @ http://localhost:3001/src/routes/+layout.svelte:42
[  342550ms] [LOG] [plausible] render {diagramType: flowchart-v2, isRough: false, lengthBucket: 0-10, renderTimeMsBucket: 50-100} @ http://localhost:3001/src/lib/util/stats.ts:89
[  343154ms] [LOG] [plausible] version {mermaidVersion: 11.14.0} @ http://localhost:3001/src/lib/util/stats.ts:89
[  343223ms] [LOG] Loading '' @ http://localhost:3001/src/lib/util/state.ts:192
[  343273ms] [LOG] Registration successful, scope is: http://localhost:3001/ @ http://localhost:3001/src/routes/+layout.svelte:42
[  343312ms] [LOG] [plausible] render {diagramType: flowchart-v2, isRough: false, lengthBucket: 0-10, renderTimeMsBucket: 50-100} @ http://localhost:3001/src/lib/util/stats.ts:89
[  343898ms] [LOG] [plausible] version {mermaidVersion: 11.14.0} @ http://localhost:3001/src/lib/util/stats.ts:89
[  343957ms] [LOG] Loading '' @ http://localhost:3001/src/lib/util/state.ts:192
[  344016ms] [LOG] Registration successful, scope is: http://localhost:3001/ @ http://localhost:3001/src/routes/+layout.svelte:42
[  344053ms] [LOG] [plausible] render {diagramType: flowchart-v2, isRough: false, lengthBucket: 0-10, renderTimeMsBucket: 50-100} @ http://localhost:3001/src/lib/util/stats.ts:89
[  344654ms] [LOG] [plausible] version {mermaidVersion: 11.14.0} @ http://localhost:3001/src/lib/util/stats.ts:89
[  344712ms] [LOG] Loading '' @ http://localhost:3001/src/lib/util/state.ts:192
[  344771ms] [LOG] Registration successful, scope is: http://localhost:3001/ @ http://localhost:3001/src/routes/+layout.svelte:42
[  344821ms] [LOG] [plausible] render {diagramType: flowchart-v2, isRough: false, lengthBucket: 0-10, renderTimeMsBucket: 50-100} @ http://localhost:3001/src/lib/util/stats.ts:89
[  345409ms] [LOG] [plausible] version {mermaidVersion: 11.14.0} @ http://localhost:3001/src/lib/util/stats.ts:89
[  345483ms] [LOG] Loading '' @ http://localhost:3001/src/lib/util/state.ts:192
[  345533ms] [LOG] Registration successful, scope is: http://localhost:3001/ @ http://localhost:3001/src/routes/+layout.svelte:42
[  345571ms] [LOG] [plausible] render {diagramType: flowchart-v2, isRough: false, lengthBucket: 0-10, renderTimeMsBucket: 50-100} @ http://localhost:3001/src/lib/util/stats.ts:89
[  346209ms] [LOG] [plausible] version {mermaidVersion: 11.14.0} @ http://localhost:3001/src/lib/util/stats.ts:89
[  346272ms] [LOG] Loading '' @ http://localhost:3001/src/lib/util/state.ts:192
[  346319ms] [LOG] Registration successful, scope is: http://localhost:3001/ @ http://localhost:3001/src/routes/+layout.svelte:42
[  346349ms] [LOG] [plausible] render {diagramType: flowchart-v2, isRough: false, lengthBucket: 0-10, renderTimeMsBucket: 50-100} @ http://localhost:3001/src/lib/util/stats.ts:89
[  346934ms] [LOG] [plausible] version {mermaidVersion: 11.14.0} @ http://localhost:3001/src/lib/util/stats.ts:89
[  346985ms] [LOG] Loading '' @ http://localhost:3001/src/lib/util/state.ts:192
[  347020ms] [LOG] Registration successful, scope is: http://localhost:3001/ @ http://localhost:3001/src/routes/+layout.svelte:42
[  347052ms] [LOG] [plausible] render {diagramType: flowchart-v2, isRough: false, lengthBucket: 0-10, renderTimeMsBucket: 50-100} @ http://localhost:3001/src/lib/util/stats.ts:89
[  347612ms] [LOG] [plausible] version {mermaidVersion: 11.14.0} @ http://localhost:3001/src/lib/util/stats.ts:89
[  347665ms] [LOG] Loading '' @ http://localhost:3001/src/lib/util/state.ts:192
[  347710ms] [LOG] Registration successful, scope is: http://localhost:3001/ @ http://localhost:3001/src/routes/+layout.svelte:42
[  347738ms] [LOG] [plausible] render {diagramType: flowchart-v2, isRough: false, lengthBucket: 0-10, renderTimeMsBucket: 50-100} @ http://localhost:3001/src/lib/util/stats.ts:89
[  348343ms] [LOG] [plausible] version {mermaidVersion: 11.14.0} @ http://localhost:3001/src/lib/util/stats.ts:89
[  348407ms] [LOG] Loading '' @ http://localhost:3001/src/lib/util/state.ts:192
[  348457ms] [LOG] Registration successful, scope is: http://localhost:3001/ @ http://localhost:3001/src/routes/+layout.svelte:42
[  348505ms] [LOG] [plausible] render {diagramType: flowchart-v2, isRough: false, lengthBucket: 0-10, renderTimeMsBucket: 50-100} @ http://localhost:3001/src/lib/util/stats.ts:89
[  349128ms] [LOG] [plausible] version {mermaidVersion: 11.14.0} @ http://localhost:3001/src/lib/util/stats.ts:89
[  349188ms] [LOG] Loading '' @ http://localhost:3001/src/lib/util/state.ts:192
[  349239ms] [LOG] Registration successful, scope is: http://localhost:3001/ @ http://localhost:3001/src/routes/+layout.svelte:42
[  349269ms] [LOG] [plausible] render {diagramType: flowchart-v2, isRough: false, lengthBucket: 0-10, renderTimeMsBucket: 50-100} @ http://localhost:3001/src/lib/util/stats.ts:89
[  349860ms] [LOG] [plausible] version {mermaidVersion: 11.14.0} @ http://localhost:3001/src/lib/util/stats.ts:89
[  349906ms] [LOG] Loading '' @ http://localhost:3001/src/lib/util/state.ts:192
[  349950ms] [LOG] Registration successful, scope is: http://localhost:3001/ @ http://localhost:3001/src/routes/+layout.svelte:42
[  349978ms] [LOG] [plausible] render {diagramType: flowchart-v2, isRough: false, lengthBucket: 0-10, renderTimeMsBucket: 50-100} @ http://localhost:3001/src/lib/util/stats.ts:89
[  350591ms] [LOG] [plausible] version {mermaidVersion: 11.14.0} @ http://localhost:3001/src/lib/util/stats.ts:89
[  350661ms] [LOG] Loading '' @ http://localhost:3001/src/lib/util/state.ts:192
[  350712ms] [LOG] Registration successful, scope is: http://localhost:3001/ @ http://localhost:3001/src/routes/+layout.svelte:42
[  350749ms] [LOG] [plausible] render {diagramType: flowchart-v2, isRough: false, lengthBucket: 0-10, renderTimeMsBucket: 50-100} @ http://localhost:3001/src/lib/util/stats.ts:89
[  351383ms] [LOG] [plausible] version {mermaidVersion: 11.14.0} @ http://localhost:3001/src/lib/util/stats.ts:89
[  351447ms] [LOG] Loading '' @ http://localhost:3001/src/lib/util/state.ts:192
[  351500ms] [LOG] Registration successful, scope is: http://localhost:3001/ @ http://localhost:3001/src/routes/+layout.svelte:42
[  351538ms] [LOG] [plausible] render {diagramType: flowchart-v2, isRough: false, lengthBucket: 0-10, renderTimeMsBucket: 50-100} @ http://localhost:3001/src/lib/util/stats.ts:89
[  352111ms] [LOG] [plausible] version {mermaidVersion: 11.14.0} @ http://localhost:3001/src/lib/util/stats.ts:89
[  352178ms] [LOG] Loading '' @ http://localhost:3001/src/lib/util/state.ts:192
[  352225ms] [LOG] Registration successful, scope is: http://localhost:3001/ @ http://localhost:3001/src/routes/+layout.svelte:42
[  352264ms] [LOG] [plausible] render {diagramType: flowchart-v2, isRough: false, lengthBucket: 0-10, renderTimeMsBucket: 50-100} @ http://localhost:3001/src/lib/util/stats.ts:89
[  352844ms] [LOG] [plausible] version {mermaidVersion: 11.14.0} @ http://localhost:3001/src/lib/util/stats.ts:89
[  352913ms] [LOG] Loading '' @ http://localhost:3001/src/lib/util/state.ts:192
[  352967ms] [LOG] Registration successful, scope is: http://localhost:3001/ @ http://localhost:3001/src/routes/+layout.svelte:42
[  353007ms] [LOG] [plausible] render {diagramType: flowchart-v2, isRough: false, lengthBucket: 0-10, renderTimeMsBucket: 50-100} @ http://localhost:3001/src/lib/util/stats.ts:89
[  353760ms] [LOG] [plausible] version {mermaidVersion: 11.14.0} @ http://localhost:3001/src/lib/util/stats.ts:89
[  353831ms] [LOG] Loading '' @ http://localhost:3001/src/lib/util/state.ts:192
[  353883ms] [LOG] Registration successful, scope is: http://localhost:3001/ @ http://localhost:3001/src/routes/+layout.svelte:42
[  353920ms] [LOG] [plausible] render {diagramType: flowchart-v2, isRough: false, lengthBucket: 0-10, renderTimeMsBucket: 50-100} @ http://localhost:3001/src/lib/util/stats.ts:89
[  354534ms] [LOG] [plausible] version {mermaidVersion: 11.14.0} @ http://localhost:3001/src/lib/util/stats.ts:89
[  354604ms] [LOG] Loading '' @ http://localhost:3001/src/lib/util/state.ts:192
[  354660ms] [LOG] Registration successful, scope is: http://localhost:3001/ @ http://localhost:3001/src/routes/+layout.svelte:42
[  354700ms] [LOG] [plausible] render {diagramType: flowchart-v2, isRough: false, lengthBucket: 0-10, renderTimeMsBucket: 50-100} @ http://localhost:3001/src/lib/util/stats.ts:89
[  355327ms] [LOG] [plausible] version {mermaidVersion: 11.14.0} @ http://localhost:3001/src/lib/util/stats.ts:89
[  355394ms] [LOG] Loading '' @ http://localhost:3001/src/lib/util/state.ts:192
[  355448ms] [LOG] Registration successful, scope is: http://localhost:3001/ @ http://localhost:3001/src/routes/+layout.svelte:42
[  355487ms] [LOG] [plausible] render {diagramType: flowchart-v2, isRough: false, lengthBucket: 0-10, renderTimeMsBucket: 50-100} @ http://localhost:3001/src/lib/util/stats.ts:89
[  356067ms] [LOG] [plausible] version {mermaidVersion: 11.14.0} @ http://localhost:3001/src/lib/util/stats.ts:89
[  356138ms] [LOG] Loading '' @ http://localhost:3001/src/lib/util/state.ts:192
[  356183ms] [LOG] Registration successful, scope is: http://localhost:3001/ @ http://localhost:3001/src/routes/+layout.svelte:42
[  356221ms] [LOG] [plausible] render {diagramType: flowchart-v2, isRough: false, lengthBucket: 0-10, renderTimeMsBucket: 50-100} @ http://localhost:3001/src/lib/util/stats.ts:89
[  356822ms] [LOG] [plausible] version {mermaidVersion: 11.14.0} @ http://localhost:3001/src/lib/util/stats.ts:89
[  356885ms] [LOG] Loading '' @ http://localhost:3001/src/lib/util/state.ts:192
[  356944ms] [LOG] Registration successful, scope is: http://localhost:3001/ @ http://localhost:3001/src/routes/+layout.svelte:42
[  356984ms] [LOG] [plausible] render {diagramType: flowchart-v2, isRough: false, lengthBucket: 0-10, renderTimeMsBucket: 50-100} @ http://localhost:3001/src/lib/util/stats.ts:89
[  357634ms] [LOG] [plausible] version {mermaidVersion: 11.14.0} @ http://localhost:3001/src/lib/util/stats.ts:89
[  357700ms] [LOG] Loading '' @ http://localhost:3001/src/lib/util/state.ts:192
[  357753ms] [LOG] Registration successful, scope is: http://localhost:3001/ @ http://localhost:3001/src/routes/+layout.svelte:42
[  357790ms] [LOG] [plausible] render {diagramType: flowchart-v2, isRough: false, lengthBucket: 0-10, renderTimeMsBucket: 50-100} @ http://localhost:3001/src/lib/util/stats.ts:89
[  358414ms] [LOG] [plausible] version {mermaidVersion: 11.14.0} @ http://localhost:3001/src/lib/util/stats.ts:89
[  358481ms] [LOG] Loading '' @ http://localhost:3001/src/lib/util/state.ts:192
[  358526ms] [LOG] Registration successful, scope is: http://localhost:3001/ @ http://localhost:3001/src/routes/+layout.svelte:42
[  358565ms] [LOG] [plausible] render {diagramType: flowchart-v2, isRough: false, lengthBucket: 0-10, renderTimeMsBucket: 50-100} @ http://localhost:3001/src/lib/util/stats.ts:89
[  359169ms] [LOG] [plausible] version {mermaidVersion: 11.14.0} @ http://localhost:3001/src/lib/util/stats.ts:89
[  359239ms] [LOG] Loading '' @ http://localhost:3001/src/lib/util/state.ts:192
[  359290ms] [LOG] Registration successful, scope is: http://localhost:3001/ @ http://localhost:3001/src/routes/+layout.svelte:42
[  359327ms] [LOG] [plausible] render {diagramType: flowchart-v2, isRough: false, lengthBucket: 0-10, renderTimeMsBucket: 50-100} @ http://localhost:3001/src/lib/util/stats.ts:89
[  359944ms] [LOG] [plausible] version {mermaidVersion: 11.14.0} @ http://localhost:3001/src/lib/util/stats.ts:89
[  360014ms] [LOG] Loading '' @ http://localhost:3001/src/lib/util/state.ts:192
[  360070ms] [LOG] Registration successful, scope is: http://localhost:3001/ @ http://localhost:3001/src/routes/+layout.svelte:42
[  360111ms] [LOG] [plausible] render {diagramType: flowchart-v2, isRough: false, lengthBucket: 0-10, renderTimeMsBucket: 50-100} @ http://localhost:3001/src/lib/util/stats.ts:89
[  360754ms] [LOG] [plausible] version {mermaidVersion: 11.14.0} @ http://localhost:3001/src/lib/util/stats.ts:89
[  360824ms] [LOG] Loading '' @ http://localhost:3001/src/lib/util/state.ts:192
[  360877ms] [LOG] Registration successful, scope is: http://localhost:3001/ @ http://localhost:3001/src/routes/+layout.svelte:42
[  360928ms] [LOG] [plausible] render {diagramType: flowchart-v2, isRough: false, lengthBucket: 0-10, renderTimeMsBucket: 50-100} @ http://localhost:3001/src/lib/util/stats.ts:89
[  361554ms] [LOG] [plausible] version {mermaidVersion: 11.14.0} @ http://localhost:3001/src/lib/util/stats.ts:89
[  361625ms] [LOG] Loading '' @ http://localhost:3001/src/lib/util/state.ts:192
[  361681ms] [LOG] Registration successful, scope is: http://localhost:3001/ @ http://localhost:3001/src/routes/+layout.svelte:42
[  361729ms] [LOG] [plausible] render {diagramType: flowchart-v2, isRough: false, lengthBucket: 0-10, renderTimeMsBucket: 50-100} @ http://localhost:3001/src/lib/util/stats.ts:89
[  362303ms] [LOG] [plausible] version {mermaidVersion: 11.14.0} @ http://localhost:3001/src/lib/util/stats.ts:89
[  362370ms] [LOG] Loading '' @ http://localhost:3001/src/lib/util/state.ts:192
[  362423ms] [LOG] Registration successful, scope is: http://localhost:3001/ @ http://localhost:3001/src/routes/+layout.svelte:42
[  362469ms] [LOG] [plausible] render {diagramType: flowchart-v2, isRough: false, lengthBucket: 0-10, renderTimeMsBucket: 50-100} @ http://localhost:3001/src/lib/util/stats.ts:89
[  363085ms] [LOG] [plausible] version {mermaidVersion: 11.14.0} @ http://localhost:3001/src/lib/util/stats.ts:89
[  363150ms] [LOG] Loading '' @ http://localhost:3001/src/lib/util/state.ts:192
[  363201ms] [LOG] Registration successful, scope is: http://localhost:3001/ @ http://localhost:3001/src/routes/+layout.svelte:42
[  363245ms] [LOG] [plausible] render {diagramType: flowchart-v2, isRough: false, lengthBucket: 0-10, renderTimeMsBucket: 50-100} @ http://localhost:3001/src/lib/util/stats.ts:89
[  363862ms] [LOG] [plausible] version {mermaidVersion: 11.14.0} @ http://localhost:3001/src/lib/util/stats.ts:89
[  363932ms] [LOG] Loading '' @ http://localhost:3001/src/lib/util/state.ts:192
[  363978ms] [LOG] Registration successful, scope is: http://localhost:3001/ @ http://localhost:3001/src/routes/+layout.svelte:42
[  364018ms] [LOG] [plausible] render {diagramType: flowchart-v2, isRough: false, lengthBucket: 0-10, renderTimeMsBucket: 50-100} @ http://localhost:3001/src/lib/util/stats.ts:89
[  364650ms] [LOG] [plausible] version {mermaidVersion: 11.14.0} @ http://localhost:3001/src/lib/util/stats.ts:89
[  364718ms] [LOG] Loading '' @ http://localhost:3001/src/lib/util/state.ts:192
[  364770ms] [LOG] Registration successful, scope is: http://localhost:3001/ @ http://localhost:3001/src/routes/+layout.svelte:42
[  364804ms] [LOG] [plausible] render {diagramType: flowchart-v2, isRough: false, lengthBucket: 0-10, renderTimeMsBucket: 50-100} @ http://localhost:3001/src/lib/util/stats.ts:89
[  365416ms] [LOG] [plausible] version {mermaidVersion: 11.14.0} @ http://localhost:3001/src/lib/util/stats.ts:89
[  365478ms] [LOG] Loading '' @ http://localhost:3001/src/lib/util/state.ts:192
[  365536ms] [LOG] Registration successful, scope is: http://localhost:3001/ @ http://localhost:3001/src/routes/+layout.svelte:42
[  365569ms] [LOG] [plausible] render {diagramType: flowchart-v2, isRough: false, lengthBucket: 0-10, renderTimeMsBucket: 50-100} @ http://localhost:3001/src/lib/util/stats.ts:89
[  366143ms] [LOG] [plausible] version {mermaidVersion: 11.14.0} @ http://localhost:3001/src/lib/util/stats.ts:89
[  366202ms] [LOG] Loading '' @ http://localhost:3001/src/lib/util/state.ts:192
[  366256ms] [LOG] Registration successful, scope is: http://localhost:3001/ @ http://localhost:3001/src/routes/+layout.svelte:42
[  366291ms] [LOG] [plausible] render {diagramType: flowchart-v2, isRough: false, lengthBucket: 0-10, renderTimeMsBucket: 50-100} @ http://localhost:3001/src/lib/util/stats.ts:89
[  366903ms] [LOG] [plausible] version {mermaidVersion: 11.14.0} @ http://localhost:3001/src/lib/util/stats.ts:89
[  366968ms] [LOG] Loading '' @ http://localhost:3001/src/lib/util/state.ts:192
[  367014ms] [LOG] Registration successful, scope is: http://localhost:3001/ @ http://localhost:3001/src/routes/+layout.svelte:42
[  367051ms] [LOG] [plausible] render {diagramType: flowchart-v2, isRough: false, lengthBucket: 0-10, renderTimeMsBucket: 50-100} @ http://localhost:3001/src/lib/util/stats.ts:89
[  367650ms] [LOG] [plausible] version {mermaidVersion: 11.14.0} @ http://localhost:3001/src/lib/util/stats.ts:89
[  367710ms] [LOG] Loading '' @ http://localhost:3001/src/lib/util/state.ts:192
[  367767ms] [LOG] Registration successful, scope is: http://localhost:3001/ @ http://localhost:3001/src/routes/+layout.svelte:42
[  367814ms] [LOG] [plausible] render {diagramType: flowchart-v2, isRough: false, lengthBucket: 0-10, renderTimeMsBucket: 50-100} @ http://localhost:3001/src/lib/util/stats.ts:89
[  368385ms] [LOG] [plausible] version {mermaidVersion: 11.14.0} @ http://localhost:3001/src/lib/util/stats.ts:89
[  368457ms] [LOG] Loading '' @ http://localhost:3001/src/lib/util/state.ts:192
[  368510ms] [LOG] Registration successful, scope is: http://localhost:3001/ @ http://localhost:3001/src/routes/+layout.svelte:42
[  368547ms] [LOG] [plausible] render {diagramType: flowchart-v2, isRough: false, lengthBucket: 0-10, renderTimeMsBucket: 50-100} @ http://localhost:3001/src/lib/util/stats.ts:89
[  369156ms] [LOG] [plausible] version {mermaidVersion: 11.14.0} @ http://localhost:3001/src/lib/util/stats.ts:89
[  369219ms] [LOG] Loading '' @ http://localhost:3001/src/lib/util/state.ts:192
[  369277ms] [LOG] Registration successful, scope is: http://localhost:3001/ @ http://localhost:3001/src/routes/+layout.svelte:42
[  369317ms] [LOG] [plausible] render {diagramType: flowchart-v2, isRough: false, lengthBucket: 0-10, renderTimeMsBucket: 50-100} @ http://localhost:3001/src/lib/util/stats.ts:89
[  369911ms] [LOG] [plausible] version {mermaidVersion: 11.14.0} @ http://localhost:3001/src/lib/util/stats.ts:89
[  369975ms] [LOG] Loading '' @ http://localhost:3001/src/lib/util/state.ts:192
[  370028ms] [LOG] Registration successful, scope is: http://localhost:3001/ @ http://localhost:3001/src/routes/+layout.svelte:42
[  370064ms] [LOG] [plausible] render {diagramType: flowchart-v2, isRough: false, lengthBucket: 0-10, renderTimeMsBucket: 50-100} @ http://localhost:3001/src/lib/util/stats.ts:89
[  370684ms] [LOG] [plausible] version {mermaidVersion: 11.14.0} @ http://localhost:3001/src/lib/util/stats.ts:89
[  370735ms] [LOG] Loading '' @ http://localhost:3001/src/lib/util/state.ts:192
[  370794ms] [LOG] Registration successful, scope is: http://localhost:3001/ @ http://localhost:3001/src/routes/+layout.svelte:42
[  370832ms] [LOG] [plausible] render {diagramType: flowchart-v2, isRough: false, lengthBucket: 0-10, renderTimeMsBucket: 50-100} @ http://localhost:3001/src/lib/util/stats.ts:89
[  371403ms] [LOG] [plausible] version {mermaidVersion: 11.14.0} @ http://localhost:3001/src/lib/util/stats.ts:89
[  371471ms] [LOG] Loading '' @ http://localhost:3001/src/lib/util/state.ts:192
[  371520ms] [LOG] Registration successful, scope is: http://localhost:3001/ @ http://localhost:3001/src/routes/+layout.svelte:42
[  371554ms] [LOG] [plausible] render {diagramType: flowchart-v2, isRough: false, lengthBucket: 0-10, renderTimeMsBucket: 50-100} @ http://localhost:3001/src/lib/util/stats.ts:89
[  372139ms] [LOG] [plausible] version {mermaidVersion: 11.14.0} @ http://localhost:3001/src/lib/util/stats.ts:89
[  372203ms] [LOG] Loading '' @ http://localhost:3001/src/lib/util/state.ts:192
[  372253ms] [LOG] Registration successful, scope is: http://localhost:3001/ @ http://localhost:3001/src/routes/+layout.svelte:42
[  372284ms] [LOG] [plausible] render {diagramType: flowchart-v2, isRough: false, lengthBucket: 0-10, renderTimeMsBucket: 50-100} @ http://localhost:3001/src/lib/util/stats.ts:89
[  372888ms] [LOG] [plausible] version {mermaidVersion: 11.14.0} @ http://localhost:3001/src/lib/util/stats.ts:89
[  372950ms] [LOG] Loading '' @ http://localhost:3001/src/lib/util/state.ts:192
[  373008ms] [LOG] Registration successful, scope is: http://localhost:3001/ @ http://localhost:3001/src/routes/+layout.svelte:42
[  373050ms] [LOG] [plausible] render {diagramType: flowchart-v2, isRough: false, lengthBucket: 0-10, renderTimeMsBucket: 50-100} @ http://localhost:3001/src/lib/util/stats.ts:89
[  373603ms] [LOG] [plausible] version {mermaidVersion: 11.14.0} @ http://localhost:3001/src/lib/util/stats.ts:89
[  373671ms] [LOG] Loading '' @ http://localhost:3001/src/lib/util/state.ts:192
[  373725ms] [LOG] Registration successful, scope is: http://localhost:3001/ @ http://localhost:3001/src/routes/+layout.svelte:42
[  373773ms] [LOG] [plausible] render {diagramType: flowchart-v2, isRough: false, lengthBucket: 0-10, renderTimeMsBucket: 50-100} @ http://localhost:3001/src/lib/util/stats.ts:89
[  374373ms] [LOG] [plausible] version {mermaidVersion: 11.14.0} @ http://localhost:3001/src/lib/util/stats.ts:89
[  374439ms] [LOG] Loading '' @ http://localhost:3001/src/lib/util/state.ts:192
[  374483ms] [LOG] Registration successful, scope is: http://localhost:3001/ @ http://localhost:3001/src/routes/+layout.svelte:42
[  374519ms] [LOG] [plausible] render {diagramType: flowchart-v2, isRough: false, lengthBucket: 0-10, renderTimeMsBucket: 50-100} @ http://localhost:3001/src/lib/util/stats.ts:89
[  375102ms] [LOG] [plausible] version {mermaidVersion: 11.14.0} @ http://localhost:3001/src/lib/util/stats.ts:89
[  375172ms] [LOG] Loading '' @ http://localhost:3001/src/lib/util/state.ts:192
[  375217ms] [LOG] Registration successful, scope is: http://localhost:3001/ @ http://localhost:3001/src/routes/+layout.svelte:42
[  375265ms] [LOG] [plausible] render {diagramType: flowchart-v2, isRough: false, lengthBucket: 0-10, renderTimeMsBucket: 50-100} @ http://localhost:3001/src/lib/util/stats.ts:89
[  375865ms] [LOG] [plausible] version {mermaidVersion: 11.14.0} @ http://localhost:3001/src/lib/util/stats.ts:89
[  375935ms] [LOG] Loading '' @ http://localhost:3001/src/lib/util/state.ts:192
[  375989ms] [LOG] Registration successful, scope is: http://localhost:3001/ @ http://localhost:3001/src/routes/+layout.svelte:42
[  376030ms] [LOG] [plausible] render {diagramType: flowchart-v2, isRough: false, lengthBucket: 0-10, renderTimeMsBucket: 50-100} @ http://localhost:3001/src/lib/util/stats.ts:89
[  376633ms] [LOG] [plausible] version {mermaidVersion: 11.14.0} @ http://localhost:3001/src/lib/util/stats.ts:89
[  376700ms] [LOG] Loading '' @ http://localhost:3001/src/lib/util/state.ts:192
[  376752ms] [LOG] Registration successful, scope is: http://localhost:3001/ @ http://localhost:3001/src/routes/+layout.svelte:42
[  376788ms] [LOG] [plausible] render {diagramType: flowchart-v2, isRough: false, lengthBucket: 0-10, renderTimeMsBucket: 50-100} @ http://localhost:3001/src/lib/util/stats.ts:89
[  377380ms] [LOG] [plausible] version {mermaidVersion: 11.14.0} @ http://localhost:3001/src/lib/util/stats.ts:89
[  377436ms] [LOG] Loading '' @ http://localhost:3001/src/lib/util/state.ts:192
[  377481ms] [LOG] Registration successful, scope is: http://localhost:3001/ @ http://localhost:3001/src/routes/+layout.svelte:42
[  377519ms] [LOG] [plausible] render {diagramType: flowchart-v2, isRough: false, lengthBucket: 0-10, renderTimeMsBucket: 50-100} @ http://localhost:3001/src/lib/util/stats.ts:89
[  378120ms] [LOG] [plausible] version {mermaidVersion: 11.14.0} @ http://localhost:3001/src/lib/util/stats.ts:89
[  378183ms] [LOG] Loading '' @ http://localhost:3001/src/lib/util/state.ts:192
[  378239ms] [LOG] Registration successful, scope is: http://localhost:3001/ @ http://localhost:3001/src/routes/+layout.svelte:42
[  378280ms] [LOG] [plausible] render {diagramType: flowchart-v2, isRough: false, lengthBucket: 0-10, renderTimeMsBucket: 50-100} @ http://localhost:3001/src/lib/util/stats.ts:89
[  378877ms] [LOG] [plausible] version {mermaidVersion: 11.14.0} @ http://localhost:3001/src/lib/util/stats.ts:89
[  378944ms] [LOG] Loading '' @ http://localhost:3001/src/lib/util/state.ts:192
[  378994ms] [LOG] Registration successful, scope is: http://localhost:3001/ @ http://localhost:3001/src/routes/+layout.svelte:42
[  379032ms] [LOG] [plausible] render {diagramType: flowchart-v2, isRough: false, lengthBucket: 0-10, renderTimeMsBucket: 50-100} @ http://localhost:3001/src/lib/util/stats.ts:89
[  379694ms] [LOG] [plausible] version {mermaidVersion: 11.14.0} @ http://localhost:3001/src/lib/util/stats.ts:89
[  379751ms] [LOG] Loading '' @ http://localhost:3001/src/lib/util/state.ts:192
[  379805ms] [LOG] Registration successful, scope is: http://localhost:3001/ @ http://localhost:3001/src/routes/+layout.svelte:42
[  379845ms] [LOG] [plausible] render {diagramType: flowchart-v2, isRough: false, lengthBucket: 0-10, renderTimeMsBucket: 50-100} @ http://localhost:3001/src/lib/util/stats.ts:89
[  380429ms] [LOG] [plausible] version {mermaidVersion: 11.14.0} @ http://localhost:3001/src/lib/util/stats.ts:89
[  380489ms] [LOG] Loading '' @ http://localhost:3001/src/lib/util/state.ts:192
[  380550ms] [LOG] Registration successful, scope is: http://localhost:3001/ @ http://localhost:3001/src/routes/+layout.svelte:42
[  380592ms] [LOG] [plausible] render {diagramType: flowchart-v2, isRough: false, lengthBucket: 0-10, renderTimeMsBucket: 50-100} @ http://localhost:3001/src/lib/util/stats.ts:89
[  381164ms] [LOG] [plausible] version {mermaidVersion: 11.14.0} @ http://localhost:3001/src/lib/util/stats.ts:89
[  381223ms] [LOG] Loading '' @ http://localhost:3001/src/lib/util/state.ts:192
[  381282ms] [LOG] Registration successful, scope is: http://localhost:3001/ @ http://localhost:3001/src/routes/+layout.svelte:42
[  381331ms] [LOG] [plausible] render {diagramType: flowchart-v2, isRough: false, lengthBucket: 0-10, renderTimeMsBucket: 50-100} @ http://localhost:3001/src/lib/util/stats.ts:89
[  381904ms] [LOG] [plausible] version {mermaidVersion: 11.14.0} @ http://localhost:3001/src/lib/util/stats.ts:89
[  381968ms] [LOG] Loading '' @ http://localhost:3001/src/lib/util/state.ts:192
[  382020ms] [LOG] Registration successful, scope is: http://localhost:3001/ @ http://localhost:3001/src/routes/+layout.svelte:42
[  382054ms] [LOG] [plausible] render {diagramType: flowchart-v2, isRough: false, lengthBucket: 0-10, renderTimeMsBucket: 50-100} @ http://localhost:3001/src/lib/util/stats.ts:89
[  382691ms] [LOG] [plausible] version {mermaidVersion: 11.14.0} @ http://localhost:3001/src/lib/util/stats.ts:89
[  382752ms] [LOG] Loading '' @ http://localhost:3001/src/lib/util/state.ts:192
[  382797ms] [LOG] Registration successful, scope is: http://localhost:3001/ @ http://localhost:3001/src/routes/+layout.svelte:42
[  382832ms] [LOG] [plausible] render {diagramType: flowchart-v2, isRough: false, lengthBucket: 0-10, renderTimeMsBucket: 50-100} @ http://localhost:3001/src/lib/util/stats.ts:89
[  383426ms] [LOG] [plausible] version {mermaidVersion: 11.14.0} @ http://localhost:3001/src/lib/util/stats.ts:89
[  383490ms] [LOG] Loading '' @ http://localhost:3001/src/lib/util/state.ts:192
[  383537ms] [LOG] Registration successful, scope is: http://localhost:3001/ @ http://localhost:3001/src/routes/+layout.svelte:42
[  383572ms] [LOG] [plausible] render {diagramType: flowchart-v2, isRough: false, lengthBucket: 0-10, renderTimeMsBucket: 50-100} @ http://localhost:3001/src/lib/util/stats.ts:89
[  384169ms] [LOG] [plausible] version {mermaidVersion: 11.14.0} @ http://localhost:3001/src/lib/util/stats.ts:89
[  384228ms] [LOG] Loading '' @ http://localhost:3001/src/lib/util/state.ts:192
[  384286ms] [LOG] Registration successful, scope is: http://localhost:3001/ @ http://localhost:3001/src/routes/+layout.svelte:42
[  384322ms] [LOG] [plausible] render {diagramType: flowchart-v2, isRough: false, lengthBucket: 0-10, renderTimeMsBucket: 50-100} @ http://localhost:3001/src/lib/util/stats.ts:89
[  384910ms] [LOG] [plausible] version {mermaidVersion: 11.14.0} @ http://localhost:3001/src/lib/util/stats.ts:89
[  384971ms] [LOG] Loading '' @ http://localhost:3001/src/lib/util/state.ts:192
[  385018ms] [LOG] Registration successful, scope is: http://localhost:3001/ @ http://localhost:3001/src/routes/+layout.svelte:42
[  385055ms] [LOG] [plausible] render {diagramType: flowchart-v2, isRough: false, lengthBucket: 0-10, renderTimeMsBucket: 50-100} @ http://localhost:3001/src/lib/util/stats.ts:89
[  385659ms] [LOG] [plausible] version {mermaidVersion: 11.14.0} @ http://localhost:3001/src/lib/util/stats.ts:89
[  385720ms] [LOG] Loading '' @ http://localhost:3001/src/lib/util/state.ts:192
[  385769ms] [LOG] Registration successful, scope is: http://localhost:3001/ @ http://localhost:3001/src/routes/+layout.svelte:42
[  385807ms] [LOG] [plausible] render {diagramType: flowchart-v2, isRough: false, lengthBucket: 0-10, renderTimeMsBucket: 50-100} @ http://localhost:3001/src/lib/util/stats.ts:89
[  386395ms] [LOG] [plausible] version {mermaidVersion: 11.14.0} @ http://localhost:3001/src/lib/util/stats.ts:89
[  386464ms] [LOG] Loading '' @ http://localhost:3001/src/lib/util/state.ts:192
[  386519ms] [LOG] Registration successful, scope is: http://localhost:3001/ @ http://localhost:3001/src/routes/+layout.svelte:42
[  386559ms] [LOG] [plausible] render {diagramType: flowchart-v2, isRough: false, lengthBucket: 0-10, renderTimeMsBucket: 50-100} @ http://localhost:3001/src/lib/util/stats.ts:89
[  387258ms] [LOG] [plausible] version {mermaidVersion: 11.14.0} @ http://localhost:3001/src/lib/util/stats.ts:89
[  387323ms] [LOG] Loading '' @ http://localhost:3001/src/lib/util/state.ts:192
[  387377ms] [LOG] Registration successful, scope is: http://localhost:3001/ @ http://localhost:3001/src/routes/+layout.svelte:42
[  387412ms] [LOG] [plausible] render {diagramType: flowchart-v2, isRough: false, lengthBucket: 0-10, renderTimeMsBucket: 50-100} @ http://localhost:3001/src/lib/util/stats.ts:89
[  387994ms] [LOG] [plausible] version {mermaidVersion: 11.14.0} @ http://localhost:3001/src/lib/util/stats.ts:89
[  388053ms] [LOG] Loading '' @ http://localhost:3001/src/lib/util/state.ts:192
[  388110ms] [LOG] Registration successful, scope is: http://localhost:3001/ @ http://localhost:3001/src/routes/+layout.svelte:42
[  388147ms] [LOG] [plausible] render {diagramType: flowchart-v2, isRough: false, lengthBucket: 0-10, renderTimeMsBucket: 50-100} @ http://localhost:3001/src/lib/util/stats.ts:89
[  388727ms] [LOG] [plausible] version {mermaidVersion: 11.14.0} @ http://localhost:3001/src/lib/util/stats.ts:89
[  388794ms] [LOG] Loading '' @ http://localhost:3001/src/lib/util/state.ts:192
[  388846ms] [LOG] Registration successful, scope is: http://localhost:3001/ @ http://localhost:3001/src/routes/+layout.svelte:42
[  388880ms] [LOG] [plausible] render {diagramType: flowchart-v2, isRough: false, lengthBucket: 0-10, renderTimeMsBucket: 50-100} @ http://localhost:3001/src/lib/util/stats.ts:89
[  389494ms] [LOG] [plausible] version {mermaidVersion: 11.14.0} @ http://localhost:3001/src/lib/util/stats.ts:89
[  389563ms] [LOG] Loading '' @ http://localhost:3001/src/lib/util/state.ts:192
[  389615ms] [LOG] Registration successful, scope is: http://localhost:3001/ @ http://localhost:3001/src/routes/+layout.svelte:42
[  389649ms] [LOG] [plausible] render {diagramType: flowchart-v2, isRough: false, lengthBucket: 0-10, renderTimeMsBucket: 50-100} @ http://localhost:3001/src/lib/util/stats.ts:89
[  390193ms] [LOG] [plausible] version {mermaidVersion: 11.14.0} @ http://localhost:3001/src/lib/util/stats.ts:89
[  390258ms] [LOG] Loading '' @ http://localhost:3001/src/lib/util/state.ts:192
[  390302ms] [LOG] Registration successful, scope is: http://localhost:3001/ @ http://localhost:3001/src/routes/+layout.svelte:42
[  390347ms] [LOG] [plausible] render {diagramType: flowchart-v2, isRough: false, lengthBucket: 0-10, renderTimeMsBucket: 50-100} @ http://localhost:3001/src/lib/util/stats.ts:89
[  391092ms] [LOG] [plausible] version {mermaidVersion: 11.14.0} @ http://localhost:3001/src/lib/util/stats.ts:89
[  391168ms] [LOG] Loading '' @ http://localhost:3001/src/lib/util/state.ts:192
[  391220ms] [LOG] Registration successful, scope is: http://localhost:3001/ @ http://localhost:3001/src/routes/+layout.svelte:42
[  391256ms] [ERROR] view fail ReferenceError: viewID is not defined
    at extractNodeIdFromSvgId (http://localhost:3001/src/lib/components/View.svelte:150:40)
    at attachNodeListeners (http://localhost:3001/src/lib/components/View.svelte:110:19)
    at handleStateChange (http://localhost:3001/src/lib/components/View.svelte:289:6) @ http://localhost:3001/src/lib/components/View.svelte:303
[  391256ms] [LOG] [plausible] render {diagramType: flowchart-v2, isRough: false, lengthBucket: 0-10, renderTimeMsBucket: 50-100} @ http://localhost:3001/src/lib/util/stats.ts:89
[  392260ms] [LOG] [plausible] version {mermaidVersion: 11.14.0} @ http://localhost:3001/src/lib/util/stats.ts:89
[  392315ms] [LOG] Loading '' @ http://localhost:3001/src/lib/util/state.ts:192
[  392371ms] [LOG] Registration successful, scope is: http://localhost:3001/ @ http://localhost:3001/src/routes/+layout.svelte:42
[  392415ms] [ERROR] view fail ReferenceError: viewID is not defined
    at extractNodeIdFromSvgId (http://localhost:3001/src/lib/components/View.svelte:150:40)
    at attachNodeListeners (http://localhost:3001/src/lib/components/View.svelte:110:19)
    at handleStateChange (http://localhost:3001/src/lib/components/View.svelte:289:6) @ http://localhost:3001/src/lib/components/View.svelte:303
[  392415ms] [LOG] [plausible] render {diagramType: flowchart-v2, isRough: false, lengthBucket: 0-10, renderTimeMsBucket: 50-100} @ http://localhost:3001/src/lib/util/stats.ts:89
[  393207ms] [LOG] [plausible] version {mermaidVersion: 11.14.0} @ http://localhost:3001/src/lib/util/stats.ts:89
[  393274ms] [LOG] Loading '' @ http://localhost:3001/src/lib/util/state.ts:192
[  393333ms] [LOG] Registration successful, scope is: http://localhost:3001/ @ http://localhost:3001/src/routes/+layout.svelte:42
[  393380ms] [ERROR] view fail ReferenceError: viewID is not defined
    at extractNodeIdFromSvgId (http://localhost:3001/src/lib/components/View.svelte:150:40)
    at attachNodeListeners (http://localhost:3001/src/lib/components/View.svelte:110:19)
    at handleStateChange (http://localhost:3001/src/lib/components/View.svelte:289:6) @ http://localhost:3001/src/lib/components/View.svelte:303
[  393380ms] [LOG] [plausible] render {diagramType: flowchart-v2, isRough: false, lengthBucket: 0-10, renderTimeMsBucket: 50-100} @ http://localhost:3001/src/lib/util/stats.ts:89
[  394028ms] [LOG] [plausible] version {mermaidVersion: 11.14.0} @ http://localhost:3001/src/lib/util/stats.ts:89
[  394097ms] [LOG] Loading '' @ http://localhost:3001/src/lib/util/state.ts:192
[  394148ms] [LOG] Registration successful, scope is: http://localhost:3001/ @ http://localhost:3001/src/routes/+layout.svelte:42
[  394183ms] [ERROR] view fail ReferenceError: viewID is not defined
    at extractNodeIdFromSvgId (http://localhost:3001/src/lib/components/View.svelte:150:40)
    at attachNodeListeners (http://localhost:3001/src/lib/components/View.svelte:110:19)
    at handleStateChange (http://localhost:3001/src/lib/components/View.svelte:289:6) @ http://localhost:3001/src/lib/components/View.svelte:303
[  394183ms] [LOG] [plausible] render {diagramType: flowchart-v2, isRough: false, lengthBucket: 0-10, renderTimeMsBucket: 50-100} @ http://localhost:3001/src/lib/util/stats.ts:89
[  394762ms] [LOG] [plausible] version {mermaidVersion: 11.14.0} @ http://localhost:3001/src/lib/util/stats.ts:89
[  394825ms] [LOG] Loading '' @ http://localhost:3001/src/lib/util/state.ts:192
[  394884ms] [LOG] Registration successful, scope is: http://localhost:3001/ @ http://localhost:3001/src/routes/+layout.svelte:42
[  394924ms] [ERROR] view fail ReferenceError: viewID is not defined
    at extractNodeIdFromSvgId (http://localhost:3001/src/lib/components/View.svelte:150:40)
    at attachNodeListeners (http://localhost:3001/src/lib/components/View.svelte:110:19)
    at handleStateChange (http://localhost:3001/src/lib/components/View.svelte:289:6) @ http://localhost:3001/src/lib/components/View.svelte:303
[  394925ms] [LOG] [plausible] render {diagramType: flowchart-v2, isRough: false, lengthBucket: 0-10, renderTimeMsBucket: 50-100} @ http://localhost:3001/src/lib/util/stats.ts:89
[  395474ms] [LOG] [plausible] version {mermaidVersion: 11.14.0} @ http://localhost:3001/src/lib/util/stats.ts:89
[  395536ms] [LOG] Loading '' @ http://localhost:3001/src/lib/util/state.ts:192
[  395590ms] [LOG] Registration successful, scope is: http://localhost:3001/ @ http://localhost:3001/src/routes/+layout.svelte:42
[  395656ms] [ERROR] view fail ReferenceError: viewID is not defined
    at extractNodeIdFromSvgId (http://localhost:3001/src/lib/components/View.svelte:150:40)
    at attachNodeListeners (http://localhost:3001/src/lib/components/View.svelte:110:19)
    at handleStateChange (http://localhost:3001/src/lib/components/View.svelte:289:6) @ http://localhost:3001/src/lib/components/View.svelte:303
[  395656ms] [LOG] [plausible] render {diagramType: flowchart-v2, isRough: false, lengthBucket: 0-10, renderTimeMsBucket: 50-100} @ http://localhost:3001/src/lib/util/stats.ts:89
[  396252ms] [LOG] [plausible] version {mermaidVersion: 11.14.0} @ http://localhost:3001/src/lib/util/stats.ts:89
[  396308ms] [LOG] Loading '' @ http://localhost:3001/src/lib/util/state.ts:192
[  396363ms] [LOG] Registration successful, scope is: http://localhost:3001/ @ http://localhost:3001/src/routes/+layout.svelte:42
[  396418ms] [ERROR] view fail ReferenceError: viewID is not defined
    at extractNodeIdFromSvgId (http://localhost:3001/src/lib/components/View.svelte:150:40)
    at attachNodeListeners (http://localhost:3001/src/lib/components/View.svelte:110:19)
    at handleStateChange (http://localhost:3001/src/lib/components/View.svelte:289:6) @ http://localhost:3001/src/lib/components/View.svelte:303
[  396418ms] [LOG] [plausible] render {diagramType: flowchart-v2, isRough: false, lengthBucket: 0-10, renderTimeMsBucket: 50-100} @ http://localhost:3001/src/lib/util/stats.ts:89
[  397004ms] [LOG] [plausible] version {mermaidVersion: 11.14.0} @ http://localhost:3001/src/lib/util/stats.ts:89
[  397070ms] [LOG] Loading '' @ http://localhost:3001/src/lib/util/state.ts:192
[  397124ms] [LOG] Registration successful, scope is: http://localhost:3001/ @ http://localhost:3001/src/routes/+layout.svelte:42
[  397159ms] [ERROR] view fail ReferenceError: viewID is not defined
    at extractNodeIdFromSvgId (http://localhost:3001/src/lib/components/View.svelte:150:40)
    at attachNodeListeners (http://localhost:3001/src/lib/components/View.svelte:110:19)
    at handleStateChange (http://localhost:3001/src/lib/components/View.svelte:289:6) @ http://localhost:3001/src/lib/components/View.svelte:303
[  397159ms] [LOG] [plausible] render {diagramType: flowchart-v2, isRough: false, lengthBucket: 0-10, renderTimeMsBucket: 50-100} @ http://localhost:3001/src/lib/util/stats.ts:89
[  397772ms] [LOG] [plausible] version {mermaidVersion: 11.14.0} @ http://localhost:3001/src/lib/util/stats.ts:89
[  397837ms] [LOG] Loading '' @ http://localhost:3001/src/lib/util/state.ts:192
[  397890ms] [LOG] Registration successful, scope is: http://localhost:3001/ @ http://localhost:3001/src/routes/+layout.svelte:42
[  397930ms] [ERROR] view fail ReferenceError: viewID is not defined
    at extractNodeIdFromSvgId (http://localhost:3001/src/lib/components/View.svelte:150:40)
    at attachNodeListeners (http://localhost:3001/src/lib/components/View.svelte:110:19)
    at handleStateChange (http://localhost:3001/src/lib/components/View.svelte:289:6) @ http://localhost:3001/src/lib/components/View.svelte:303
[  397930ms] [LOG] [plausible] render {diagramType: flowchart-v2, isRough: false, lengthBucket: 0-10, renderTimeMsBucket: 50-100} @ http://localhost:3001/src/lib/util/stats.ts:89
[  398539ms] [LOG] [plausible] version {mermaidVersion: 11.14.0} @ http://localhost:3001/src/lib/util/stats.ts:89
[  398597ms] [LOG] Loading '' @ http://localhost:3001/src/lib/util/state.ts:192
[  398655ms] [LOG] Registration successful, scope is: http://localhost:3001/ @ http://localhost:3001/src/routes/+layout.svelte:42
[  398706ms] [ERROR] view fail ReferenceError: viewID is not defined
    at extractNodeIdFromSvgId (http://localhost:3001/src/lib/components/View.svelte:150:40)
    at attachNodeListeners (http://localhost:3001/src/lib/components/View.svelte:110:19)
    at handleStateChange (http://localhost:3001/src/lib/components/View.svelte:289:6) @ http://localhost:3001/src/lib/components/View.svelte:303
[  398706ms] [LOG] [plausible] render {diagramType: flowchart-v2, isRough: false, lengthBucket: 0-10, renderTimeMsBucket: 50-100} @ http://localhost:3001/src/lib/util/stats.ts:89
[  399292ms] [LOG] [plausible] version {mermaidVersion: 11.14.0} @ http://localhost:3001/src/lib/util/stats.ts:89
[  399348ms] [LOG] Loading '' @ http://localhost:3001/src/lib/util/state.ts:192
[  399400ms] [LOG] Registration successful, scope is: http://localhost:3001/ @ http://localhost:3001/src/routes/+layout.svelte:42
[  399440ms] [ERROR] view fail ReferenceError: viewID is not defined
    at extractNodeIdFromSvgId (http://localhost:3001/src/lib/components/View.svelte:150:40)
    at attachNodeListeners (http://localhost:3001/src/lib/components/View.svelte:110:19)
    at handleStateChange (http://localhost:3001/src/lib/components/View.svelte:289:6) @ http://localhost:3001/src/lib/components/View.svelte:303
[  399440ms] [LOG] [plausible] render {diagramType: flowchart-v2, isRough: false, lengthBucket: 0-10, renderTimeMsBucket: 50-100} @ http://localhost:3001/src/lib/util/stats.ts:89
[  400050ms] [LOG] [plausible] version {mermaidVersion: 11.14.0} @ http://localhost:3001/src/lib/util/stats.ts:89
[  400112ms] [LOG] Loading '' @ http://localhost:3001/src/lib/util/state.ts:192
[  400165ms] [LOG] Registration successful, scope is: http://localhost:3001/ @ http://localhost:3001/src/routes/+layout.svelte:42
[  400202ms] [ERROR] view fail ReferenceError: viewID is not defined
    at extractNodeIdFromSvgId (http://localhost:3001/src/lib/components/View.svelte:150:40)
    at attachNodeListeners (http://localhost:3001/src/lib/components/View.svelte:110:19)
    at handleStateChange (http://localhost:3001/src/lib/components/View.svelte:289:6) @ http://localhost:3001/src/lib/components/View.svelte:303
[  400202ms] [LOG] [plausible] render {diagramType: flowchart-v2, isRough: false, lengthBucket: 0-10, renderTimeMsBucket: 50-100} @ http://localhost:3001/src/lib/util/stats.ts:89
[  400798ms] [LOG] [plausible] version {mermaidVersion: 11.14.0} @ http://localhost:3001/src/lib/util/stats.ts:89
[  400862ms] [LOG] Loading '' @ http://localhost:3001/src/lib/util/state.ts:192
[  400923ms] [LOG] Registration successful, scope is: http://localhost:3001/ @ http://localhost:3001/src/routes/+layout.svelte:42
[  400967ms] [ERROR] view fail ReferenceError: viewID is not defined
    at extractNodeIdFromSvgId (http://localhost:3001/src/lib/components/View.svelte:150:40)
    at attachNodeListeners (http://localhost:3001/src/lib/components/View.svelte:110:19)
    at handleStateChange (http://localhost:3001/src/lib/components/View.svelte:289:6) @ http://localhost:3001/src/lib/components/View.svelte:303
[  400967ms] [LOG] [plausible] render {diagramType: flowchart-v2, isRough: false, lengthBucket: 0-10, renderTimeMsBucket: 50-100} @ http://localhost:3001/src/lib/util/stats.ts:89
[  401557ms] [LOG] [plausible] version {mermaidVersion: 11.14.0} @ http://localhost:3001/src/lib/util/stats.ts:89
[  401619ms] [LOG] Loading '' @ http://localhost:3001/src/lib/util/state.ts:192
[  401667ms] [LOG] Registration successful, scope is: http://localhost:3001/ @ http://localhost:3001/src/routes/+layout.svelte:42
[  401703ms] [ERROR] view fail ReferenceError: viewID is not defined
    at extractNodeIdFromSvgId (http://localhost:3001/src/lib/components/View.svelte:150:40)
    at attachNodeListeners (http://localhost:3001/src/lib/components/View.svelte:110:19)
    at handleStateChange (http://localhost:3001/src/lib/components/View.svelte:289:6) @ http://localhost:3001/src/lib/components/View.svelte:303
[  401703ms] [LOG] [plausible] render {diagramType: flowchart-v2, isRough: false, lengthBucket: 0-10, renderTimeMsBucket: 50-100} @ http://localhost:3001/src/lib/util/stats.ts:89
[  402314ms] [LOG] [plausible] version {mermaidVersion: 11.14.0} @ http://localhost:3001/src/lib/util/stats.ts:89
[  402378ms] [LOG] Loading '' @ http://localhost:3001/src/lib/util/state.ts:192
[  402435ms] [LOG] Registration successful, scope is: http://localhost:3001/ @ http://localhost:3001/src/routes/+layout.svelte:42
[  402485ms] [ERROR] view fail ReferenceError: viewID is not defined
    at extractNodeIdFromSvgId (http://localhost:3001/src/lib/components/View.svelte:150:40)
    at attachNodeListeners (http://localhost:3001/src/lib/components/View.svelte:110:19)
    at handleStateChange (http://localhost:3001/src/lib/components/View.svelte:289:6) @ http://localhost:3001/src/lib/components/View.svelte:303
[  402485ms] [LOG] [plausible] render {diagramType: flowchart-v2, isRough: false, lengthBucket: 0-10, renderTimeMsBucket: 50-100} @ http://localhost:3001/src/lib/util/stats.ts:89
[  403108ms] [LOG] [plausible] version {mermaidVersion: 11.14.0} @ http://localhost:3001/src/lib/util/stats.ts:89
[  403168ms] [LOG] Loading '' @ http://localhost:3001/src/lib/util/state.ts:192
[  403229ms] [LOG] Registration successful, scope is: http://localhost:3001/ @ http://localhost:3001/src/routes/+layout.svelte:42
[  403278ms] [ERROR] view fail ReferenceError: viewID is not defined
    at extractNodeIdFromSvgId (http://localhost:3001/src/lib/components/View.svelte:150:40)
    at attachNodeListeners (http://localhost:3001/src/lib/components/View.svelte:110:19)
    at handleStateChange (http://localhost:3001/src/lib/components/View.svelte:289:6) @ http://localhost:3001/src/lib/components/View.svelte:303
[  403278ms] [LOG] [plausible] render {diagramType: flowchart-v2, isRough: false, lengthBucket: 0-10, renderTimeMsBucket: 50-100} @ http://localhost:3001/src/lib/util/stats.ts:89
[  403901ms] [LOG] [plausible] version {mermaidVersion: 11.14.0} @ http://localhost:3001/src/lib/util/stats.ts:89
[  403974ms] [LOG] Loading '' @ http://localhost:3001/src/lib/util/state.ts:192
[  404028ms] [LOG] Registration successful, scope is: http://localhost:3001/ @ http://localhost:3001/src/routes/+layout.svelte:42
[  404068ms] [ERROR] view fail ReferenceError: viewID is not defined
    at extractNodeIdFromSvgId (http://localhost:3001/src/lib/components/View.svelte:150:40)
    at attachNodeListeners (http://localhost:3001/src/lib/components/View.svelte:110:19)
    at handleStateChange (http://localhost:3001/src/lib/components/View.svelte:289:6) @ http://localhost:3001/src/lib/components/View.svelte:303
[  404068ms] [LOG] [plausible] render {diagramType: flowchart-v2, isRough: false, lengthBucket: 0-10, renderTimeMsBucket: 50-100} @ http://localhost:3001/src/lib/util/stats.ts:89
[  404681ms] [LOG] [plausible] version {mermaidVersion: 11.14.0} @ http://localhost:3001/src/lib/util/stats.ts:89
[  404741ms] [LOG] Loading '' @ http://localhost:3001/src/lib/util/state.ts:192
[  404801ms] [LOG] Registration successful, scope is: http://localhost:3001/ @ http://localhost:3001/src/routes/+layout.svelte:42
[  404840ms] [ERROR] view fail ReferenceError: viewID is not defined
    at extractNodeIdFromSvgId (http://localhost:3001/src/lib/components/View.svelte:150:40)
    at attachNodeListeners (http://localhost:3001/src/lib/components/View.svelte:110:19)
    at handleStateChange (http://localhost:3001/src/lib/components/View.svelte:289:6) @ http://localhost:3001/src/lib/components/View.svelte:303
[  404841ms] [LOG] [plausible] render {diagramType: flowchart-v2, isRough: false, lengthBucket: 0-10, renderTimeMsBucket: 50-100} @ http://localhost:3001/src/lib/util/stats.ts:89
[  405415ms] [LOG] [plausible] version {mermaidVersion: 11.14.0} @ http://localhost:3001/src/lib/util/stats.ts:89
[  405474ms] [LOG] Loading '' @ http://localhost:3001/src/lib/util/state.ts:192
[  405529ms] [LOG] Registration successful, scope is: http://localhost:3001/ @ http://localhost:3001/src/routes/+layout.svelte:42
[  405570ms] [ERROR] view fail ReferenceError: viewID is not defined
    at extractNodeIdFromSvgId (http://localhost:3001/src/lib/components/View.svelte:150:40)
    at attachNodeListeners (http://localhost:3001/src/lib/components/View.svelte:110:19)
    at handleStateChange (http://localhost:3001/src/lib/components/View.svelte:289:6) @ http://localhost:3001/src/lib/components/View.svelte:303
[  405570ms] [LOG] [plausible] render {diagramType: flowchart-v2, isRough: false, lengthBucket: 0-10, renderTimeMsBucket: 50-100} @ http://localhost:3001/src/lib/util/stats.ts:89
[  406147ms] [LOG] [plausible] version {mermaidVersion: 11.14.0} @ http://localhost:3001/src/lib/util/stats.ts:89
[  406210ms] [LOG] Loading '' @ http://localhost:3001/src/lib/util/state.ts:192
[  406264ms] [LOG] Registration successful, scope is: http://localhost:3001/ @ http://localhost:3001/src/routes/+layout.svelte:42
[  406301ms] [ERROR] view fail ReferenceError: viewID is not defined
    at extractNodeIdFromSvgId (http://localhost:3001/src/lib/components/View.svelte:150:40)
    at attachNodeListeners (http://localhost:3001/src/lib/components/View.svelte:110:19)
    at handleStateChange (http://localhost:3001/src/lib/components/View.svelte:289:6) @ http://localhost:3001/src/lib/components/View.svelte:303
[  406302ms] [LOG] [plausible] render {diagramType: flowchart-v2, isRough: false, lengthBucket: 0-10, renderTimeMsBucket: 50-100} @ http://localhost:3001/src/lib/util/stats.ts:89
[  406916ms] [LOG] [plausible] version {mermaidVersion: 11.14.0} @ http://localhost:3001/src/lib/util/stats.ts:89
[  406980ms] [LOG] Loading '' @ http://localhost:3001/src/lib/util/state.ts:192
[  407033ms] [LOG] Registration successful, scope is: http://localhost:3001/ @ http://localhost:3001/src/routes/+layout.svelte:42
[  407066ms] [ERROR] view fail ReferenceError: viewID is not defined
    at extractNodeIdFromSvgId (http://localhost:3001/src/lib/components/View.svelte:150:40)
    at attachNodeListeners (http://localhost:3001/src/lib/components/View.svelte:110:19)
    at handleStateChange (http://localhost:3001/src/lib/components/View.svelte:289:6) @ http://localhost:3001/src/lib/components/View.svelte:303
[  407066ms] [LOG] [plausible] render {diagramType: flowchart-v2, isRough: false, lengthBucket: 0-10, renderTimeMsBucket: 50-100} @ http://localhost:3001/src/lib/util/stats.ts:89
[  407620ms] [LOG] [plausible] version {mermaidVersion: 11.14.0} @ http://localhost:3001/src/lib/util/stats.ts:89
[  407690ms] [LOG] Loading '' @ http://localhost:3001/src/lib/util/state.ts:192
[  407743ms] [LOG] Registration successful, scope is: http://localhost:3001/ @ http://localhost:3001/src/routes/+layout.svelte:42
[  407787ms] [ERROR] view fail ReferenceError: viewID is not defined
    at extractNodeIdFromSvgId (http://localhost:3001/src/lib/components/View.svelte:150:40)
    at attachNodeListeners (http://localhost:3001/src/lib/components/View.svelte:110:19)
    at handleStateChange (http://localhost:3001/src/lib/components/View.svelte:289:6) @ http://localhost:3001/src/lib/components/View.svelte:303
[  407787ms] [LOG] [plausible] render {diagramType: flowchart-v2, isRough: false, lengthBucket: 0-10, renderTimeMsBucket: 50-100} @ http://localhost:3001/src/lib/util/stats.ts:89
[  408338ms] [LOG] [plausible] version {mermaidVersion: 11.14.0} @ http://localhost:3001/src/lib/util/stats.ts:89
[  408396ms] [LOG] Loading '' @ http://localhost:3001/src/lib/util/state.ts:192
[  408452ms] [LOG] Registration successful, scope is: http://localhost:3001/ @ http://localhost:3001/src/routes/+layout.svelte:42
[  408496ms] [ERROR] view fail ReferenceError: viewID is not defined
    at extractNodeIdFromSvgId (http://localhost:3001/src/lib/components/View.svelte:150:40)
    at attachNodeListeners (http://localhost:3001/src/lib/components/View.svelte:110:19)
    at handleStateChange (http://localhost:3001/src/lib/components/View.svelte:289:6) @ http://localhost:3001/src/lib/components/View.svelte:303
[  408496ms] [LOG] [plausible] render {diagramType: flowchart-v2, isRough: false, lengthBucket: 0-10, renderTimeMsBucket: 50-100} @ http://localhost:3001/src/lib/util/stats.ts:89
[  409159ms] [LOG] [plausible] version {mermaidVersion: 11.14.0} @ http://localhost:3001/src/lib/util/stats.ts:89
[  409224ms] [LOG] Loading '' @ http://localhost:3001/src/lib/util/state.ts:192
[  409279ms] [LOG] Registration successful, scope is: http://localhost:3001/ @ http://localhost:3001/src/routes/+layout.svelte:42
[  409333ms] [ERROR] view fail ReferenceError: viewID is not defined
    at extractNodeIdFromSvgId (http://localhost:3001/src/lib/components/View.svelte:150:40)
    at attachNodeListeners (http://localhost:3001/src/lib/components/View.svelte:110:19)
    at handleStateChange (http://localhost:3001/src/lib/components/View.svelte:289:6) @ http://localhost:3001/src/lib/components/View.svelte:303
[  409333ms] [LOG] [plausible] render {diagramType: flowchart-v2, isRough: false, lengthBucket: 0-10, renderTimeMsBucket: 50-100} @ http://localhost:3001/src/lib/util/stats.ts:89
[  409975ms] [LOG] [plausible] version {mermaidVersion: 11.14.0} @ http://localhost:3001/src/lib/util/stats.ts:89
[  410049ms] [LOG] Loading '' @ http://localhost:3001/src/lib/util/state.ts:192
[  410106ms] [LOG] Registration successful, scope is: http://localhost:3001/ @ http://localhost:3001/src/routes/+layout.svelte:42
[  410150ms] [ERROR] view fail ReferenceError: viewID is not defined
    at extractNodeIdFromSvgId (http://localhost:3001/src/lib/components/View.svelte:150:40)
    at attachNodeListeners (http://localhost:3001/src/lib/components/View.svelte:110:19)
    at handleStateChange (http://localhost:3001/src/lib/components/View.svelte:289:6) @ http://localhost:3001/src/lib/components/View.svelte:303
[  410150ms] [LOG] [plausible] render {diagramType: flowchart-v2, isRough: false, lengthBucket: 0-10, renderTimeMsBucket: 50-100} @ http://localhost:3001/src/lib/util/stats.ts:89
[  410759ms] [LOG] [plausible] version {mermaidVersion: 11.14.0} @ http://localhost:3001/src/lib/util/stats.ts:89
[  410828ms] [LOG] Loading '' @ http://localhost:3001/src/lib/util/state.ts:192
[  410879ms] [LOG] Registration successful, scope is: http://localhost:3001/ @ http://localhost:3001/src/routes/+layout.svelte:42
[  410915ms] [ERROR] view fail ReferenceError: viewID is not defined
    at extractNodeIdFromSvgId (http://localhost:3001/src/lib/components/View.svelte:150:40)
    at attachNodeListeners (http://localhost:3001/src/lib/components/View.svelte:110:19)
    at handleStateChange (http://localhost:3001/src/lib/components/View.svelte:289:6) @ http://localhost:3001/src/lib/components/View.svelte:303
[  410915ms] [LOG] [plausible] render {diagramType: flowchart-v2, isRough: false, lengthBucket: 0-10, renderTimeMsBucket: 50-100} @ http://localhost:3001/src/lib/util/stats.ts:89
[  411519ms] [LOG] [plausible] version {mermaidVersion: 11.14.0} @ http://localhost:3001/src/lib/util/stats.ts:89
[  411591ms] [LOG] Loading '' @ http://localhost:3001/src/lib/util/state.ts:192
[  411643ms] [LOG] Registration successful, scope is: http://localhost:3001/ @ http://localhost:3001/src/routes/+layout.svelte:42
[  411680ms] [ERROR] view fail ReferenceError: viewID is not defined
    at extractNodeIdFromSvgId (http://localhost:3001/src/lib/components/View.svelte:150:40)
    at attachNodeListeners (http://localhost:3001/src/lib/components/View.svelte:110:19)
    at handleStateChange (http://localhost:3001/src/lib/components/View.svelte:289:6) @ http://localhost:3001/src/lib/components/View.svelte:303
[  411680ms] [LOG] [plausible] render {diagramType: flowchart-v2, isRough: false, lengthBucket: 0-10, renderTimeMsBucket: 50-100} @ http://localhost:3001/src/lib/util/stats.ts:89
[  412294ms] [LOG] [plausible] version {mermaidVersion: 11.14.0} @ http://localhost:3001/src/lib/util/stats.ts:89
[  412359ms] [LOG] Loading '' @ http://localhost:3001/src/lib/util/state.ts:192
[  412419ms] [LOG] Registration successful, scope is: http://localhost:3001/ @ http://localhost:3001/src/routes/+layout.svelte:42
[  412461ms] [ERROR] view fail ReferenceError: viewID is not defined
    at extractNodeIdFromSvgId (http://localhost:3001/src/lib/components/View.svelte:150:40)
    at attachNodeListeners (http://localhost:3001/src/lib/components/View.svelte:110:19)
    at handleStateChange (http://localhost:3001/src/lib/components/View.svelte:289:6) @ http://localhost:3001/src/lib/components/View.svelte:303
[  412461ms] [LOG] [plausible] render {diagramType: flowchart-v2, isRough: false, lengthBucket: 0-10, renderTimeMsBucket: 50-100} @ http://localhost:3001/src/lib/util/stats.ts:89
[  413032ms] [LOG] [plausible] version {mermaidVersion: 11.14.0} @ http://localhost:3001/src/lib/util/stats.ts:89
[  413103ms] [LOG] Loading '' @ http://localhost:3001/src/lib/util/state.ts:192
[  413149ms] [LOG] Registration successful, scope is: http://localhost:3001/ @ http://localhost:3001/src/routes/+layout.svelte:42
[  413192ms] [ERROR] view fail ReferenceError: viewID is not defined
    at extractNodeIdFromSvgId (http://localhost:3001/src/lib/components/View.svelte:150:40)
    at attachNodeListeners (http://localhost:3001/src/lib/components/View.svelte:110:19)
    at handleStateChange (http://localhost:3001/src/lib/components/View.svelte:289:6) @ http://localhost:3001/src/lib/components/View.svelte:303
[  413192ms] [LOG] [plausible] render {diagramType: flowchart-v2, isRough: false, lengthBucket: 0-10, renderTimeMsBucket: 50-100} @ http://localhost:3001/src/lib/util/stats.ts:89
[  413790ms] [LOG] [plausible] version {mermaidVersion: 11.14.0} @ http://localhost:3001/src/lib/util/stats.ts:89
[  413869ms] [LOG] Loading '' @ http://localhost:3001/src/lib/util/state.ts:192
[  413926ms] [LOG] Registration successful, scope is: http://localhost:3001/ @ http://localhost:3001/src/routes/+layout.svelte:42
[  413964ms] [ERROR] view fail ReferenceError: viewID is not defined
    at extractNodeIdFromSvgId (http://localhost:3001/src/lib/components/View.svelte:150:40)
    at attachNodeListeners (http://localhost:3001/src/lib/components/View.svelte:110:19)
    at handleStateChange (http://localhost:3001/src/lib/components/View.svelte:289:6) @ http://localhost:3001/src/lib/components/View.svelte:303
[  413965ms] [LOG] [plausible] render {diagramType: flowchart-v2, isRough: false, lengthBucket: 0-10, renderTimeMsBucket: 50-100} @ http://localhost:3001/src/lib/util/stats.ts:89
[  414558ms] [LOG] [plausible] version {mermaidVersion: 11.14.0} @ http://localhost:3001/src/lib/util/stats.ts:89
[  414623ms] [LOG] Loading '' @ http://localhost:3001/src/lib/util/state.ts:192
[  414675ms] [LOG] Registration successful, scope is: http://localhost:3001/ @ http://localhost:3001/src/routes/+layout.svelte:42
[  414729ms] [ERROR] view fail ReferenceError: viewID is not defined
    at extractNodeIdFromSvgId (http://localhost:3001/src/lib/components/View.svelte:150:40)
    at attachNodeListeners (http://localhost:3001/src/lib/components/View.svelte:110:19)
    at handleStateChange (http://localhost:3001/src/lib/components/View.svelte:289:6) @ http://localhost:3001/src/lib/components/View.svelte:303
[  414729ms] [LOG] [plausible] render {diagramType: flowchart-v2, isRough: false, lengthBucket: 0-10, renderTimeMsBucket: 50-100} @ http://localhost:3001/src/lib/util/stats.ts:89
[  415407ms] [LOG] [plausible] version {mermaidVersion: 11.14.0} @ http://localhost:3001/src/lib/util/stats.ts:89
[  415472ms] [LOG] Loading '' @ http://localhost:3001/src/lib/util/state.ts:192
[  415529ms] [LOG] Registration successful, scope is: http://localhost:3001/ @ http://localhost:3001/src/routes/+layout.svelte:42
[  415573ms] [ERROR] view fail ReferenceError: viewID is not defined
    at extractNodeIdFromSvgId (http://localhost:3001/src/lib/components/View.svelte:150:40)
    at attachNodeListeners (http://localhost:3001/src/lib/components/View.svelte:110:19)
    at handleStateChange (http://localhost:3001/src/lib/components/View.svelte:289:6) @ http://localhost:3001/src/lib/components/View.svelte:303
[  415573ms] [LOG] [plausible] render {diagramType: flowchart-v2, isRough: false, lengthBucket: 0-10, renderTimeMsBucket: 50-100} @ http://localhost:3001/src/lib/util/stats.ts:89
[  416599ms] [LOG] [plausible] version {mermaidVersion: 11.14.0} @ http://localhost:3001/src/lib/util/stats.ts:89
[  416667ms] [LOG] Loading '' @ http://localhost:3001/src/lib/util/state.ts:192
[  416718ms] [LOG] Registration successful, scope is: http://localhost:3001/ @ http://localhost:3001/src/routes/+layout.svelte:42
[  417686ms] [LOG] [plausible] version {mermaidVersion: 11.14.0} @ http://localhost:3001/src/lib/util/stats.ts:89
[  417756ms] [LOG] Loading '' @ http://localhost:3001/src/lib/util/state.ts:192
[  417811ms] [LOG] Registration successful, scope is: http://localhost:3001/ @ http://localhost:3001/src/routes/+layout.svelte:42
[  417852ms] [ERROR] view fail ReferenceError: viewID is not defined
    at extractNodeIdFromSvgId (http://localhost:3001/src/lib/components/View.svelte:150:40)
    at attachNodeListeners (http://localhost:3001/src/lib/components/View.svelte:110:19)
    at handleStateChange (http://localhost:3001/src/lib/components/View.svelte:289:6) @ http://localhost:3001/src/lib/components/View.svelte:303
[  417852ms] [LOG] [plausible] render {diagramType: flowchart-v2, isRough: false, lengthBucket: 0-10, renderTimeMsBucket: 50-100} @ http://localhost:3001/src/lib/util/stats.ts:89
[  418426ms] [LOG] [plausible] version {mermaidVersion: 11.14.0} @ http://localhost:3001/src/lib/util/stats.ts:89
[  418493ms] [LOG] Loading '' @ http://localhost:3001/src/lib/util/state.ts:192
[  418547ms] [LOG] Registration successful, scope is: http://localhost:3001/ @ http://localhost:3001/src/routes/+layout.svelte:42
[  418578ms] [ERROR] view fail ReferenceError: viewID is not defined
    at extractNodeIdFromSvgId (http://localhost:3001/src/lib/components/View.svelte:150:40)
    at attachNodeListeners (http://localhost:3001/src/lib/components/View.svelte:110:19)
    at handleStateChange (http://localhost:3001/src/lib/components/View.svelte:289:6) @ http://localhost:3001/src/lib/components/View.svelte:303
[  418579ms] [LOG] [plausible] render {diagramType: flowchart-v2, isRough: false, lengthBucket: 0-10, renderTimeMsBucket: 50-100} @ http://localhost:3001/src/lib/util/stats.ts:89
[  419228ms] [LOG] [plausible] version {mermaidVersion: 11.14.0} @ http://localhost:3001/src/lib/util/stats.ts:89
[  419292ms] [LOG] Loading '' @ http://localhost:3001/src/lib/util/state.ts:192
[  419352ms] [LOG] Registration successful, scope is: http://localhost:3001/ @ http://localhost:3001/src/routes/+layout.svelte:42
[  419391ms] [ERROR] view fail ReferenceError: viewID is not defined
    at extractNodeIdFromSvgId (http://localhost:3001/src/lib/components/View.svelte:150:40)
    at attachNodeListeners (http://localhost:3001/src/lib/components/View.svelte:110:19)
    at handleStateChange (http://localhost:3001/src/lib/components/View.svelte:289:6) @ http://localhost:3001/src/lib/components/View.svelte:303
[  419391ms] [LOG] [plausible] render {diagramType: flowchart-v2, isRough: false, lengthBucket: 0-10, renderTimeMsBucket: 50-100} @ http://localhost:3001/src/lib/util/stats.ts:89
[  419976ms] [LOG] [plausible] version {mermaidVersion: 11.14.0} @ http://localhost:3001/src/lib/util/stats.ts:89
[  420035ms] [LOG] Loading '' @ http://localhost:3001/src/lib/util/state.ts:192
[  420091ms] [LOG] Registration successful, scope is: http://localhost:3001/ @ http://localhost:3001/src/routes/+layout.svelte:42
[  420135ms] [ERROR] view fail ReferenceError: viewID is not defined
    at extractNodeIdFromSvgId (http://localhost:3001/src/lib/components/View.svelte:150:40)
    at attachNodeListeners (http://localhost:3001/src/lib/components/View.svelte:110:19)
    at handleStateChange (http://localhost:3001/src/lib/components/View.svelte:289:6) @ http://localhost:3001/src/lib/components/View.svelte:303
[  420135ms] [LOG] [plausible] render {diagramType: flowchart-v2, isRough: false, lengthBucket: 0-10, renderTimeMsBucket: 50-100} @ http://localhost:3001/src/lib/util/stats.ts:89
[  420730ms] [LOG] [plausible] version {mermaidVersion: 11.14.0} @ http://localhost:3001/src/lib/util/stats.ts:89
[  420801ms] [LOG] Loading '' @ http://localhost:3001/src/lib/util/state.ts:192
[  420858ms] [LOG] Registration successful, scope is: http://localhost:3001/ @ http://localhost:3001/src/routes/+layout.svelte:42
[  420893ms] [ERROR] view fail ReferenceError: viewID is not defined
    at extractNodeIdFromSvgId (http://localhost:3001/src/lib/components/View.svelte:150:40)
    at attachNodeListeners (http://localhost:3001/src/lib/components/View.svelte:110:19)
    at handleStateChange (http://localhost:3001/src/lib/components/View.svelte:289:6) @ http://localhost:3001/src/lib/components/View.svelte:303
[  420893ms] [LOG] [plausible] render {diagramType: flowchart-v2, isRough: false, lengthBucket: 0-10, renderTimeMsBucket: 50-100} @ http://localhost:3001/src/lib/util/stats.ts:89
[  421491ms] [LOG] [plausible] version {mermaidVersion: 11.14.0} @ http://localhost:3001/src/lib/util/stats.ts:89
[  421557ms] [LOG] Loading '' @ http://localhost:3001/src/lib/util/state.ts:192
[  421609ms] [LOG] Registration successful, scope is: http://localhost:3001/ @ http://localhost:3001/src/routes/+layout.svelte:42
[  421646ms] [ERROR] view fail ReferenceError: viewID is not defined
    at extractNodeIdFromSvgId (http://localhost:3001/src/lib/components/View.svelte:150:40)
    at attachNodeListeners (http://localhost:3001/src/lib/components/View.svelte:110:19)
    at handleStateChange (http://localhost:3001/src/lib/components/View.svelte:289:6) @ http://localhost:3001/src/lib/components/View.svelte:303
[  421646ms] [LOG] [plausible] render {diagramType: flowchart-v2, isRough: false, lengthBucket: 0-10, renderTimeMsBucket: 50-100} @ http://localhost:3001/src/lib/util/stats.ts:89
[  422322ms] [LOG] [plausible] version {mermaidVersion: 11.14.0} @ http://localhost:3001/src/lib/util/stats.ts:89
[  422393ms] [LOG] Loading '' @ http://localhost:3001/src/lib/util/state.ts:192
[  422445ms] [LOG] Registration successful, scope is: http://localhost:3001/ @ http://localhost:3001/src/routes/+layout.svelte:42
[  422491ms] [ERROR] view fail ReferenceError: viewID is not defined
    at extractNodeIdFromSvgId (http://localhost:3001/src/lib/components/View.svelte:150:40)
    at attachNodeListeners (http://localhost:3001/src/lib/components/View.svelte:110:19)
    at handleStateChange (http://localhost:3001/src/lib/components/View.svelte:289:6) @ http://localhost:3001/src/lib/components/View.svelte:303
[  422492ms] [LOG] [plausible] render {diagramType: flowchart-v2, isRough: false, lengthBucket: 0-10, renderTimeMsBucket: 50-100} @ http://localhost:3001/src/lib/util/stats.ts:89
[  423109ms] [LOG] [plausible] version {mermaidVersion: 11.14.0} @ http://localhost:3001/src/lib/util/stats.ts:89
[  423176ms] [LOG] Loading '' @ http://localhost:3001/src/lib/util/state.ts:192
[  423229ms] [LOG] Registration successful, scope is: http://localhost:3001/ @ http://localhost:3001/src/routes/+layout.svelte:42
[  423275ms] [ERROR] view fail ReferenceError: viewID is not defined
    at extractNodeIdFromSvgId (http://localhost:3001/src/lib/components/View.svelte:150:40)
    at attachNodeListeners (http://localhost:3001/src/lib/components/View.svelte:110:19)
    at handleStateChange (http://localhost:3001/src/lib/components/View.svelte:289:6) @ http://localhost:3001/src/lib/components/View.svelte:303
[  423275ms] [LOG] [plausible] render {diagramType: flowchart-v2, isRough: false, lengthBucket: 0-10, renderTimeMsBucket: 50-100} @ http://localhost:3001/src/lib/util/stats.ts:89
[  423899ms] [LOG] [plausible] version {mermaidVersion: 11.14.0} @ http://localhost:3001/src/lib/util/stats.ts:89
[  423958ms] [LOG] Loading '' @ http://localhost:3001/src/lib/util/state.ts:192
[  424016ms] [LOG] Registration successful, scope is: http://localhost:3001/ @ http://localhost:3001/src/routes/+layout.svelte:42
[  424063ms] [ERROR] view fail ReferenceError: viewID is not defined
    at extractNodeIdFromSvgId (http://localhost:3001/src/lib/components/View.svelte:150:40)
    at attachNodeListeners (http://localhost:3001/src/lib/components/View.svelte:110:19)
    at handleStateChange (http://localhost:3001/src/lib/components/View.svelte:289:6) @ http://localhost:3001/src/lib/components/View.svelte:303
[  424064ms] [LOG] [plausible] render {diagramType: flowchart-v2, isRough: false, lengthBucket: 0-10, renderTimeMsBucket: 50-100} @ http://localhost:3001/src/lib/util/stats.ts:89
[  424669ms] [LOG] [plausible] version {mermaidVersion: 11.14.0} @ http://localhost:3001/src/lib/util/stats.ts:89
[  424732ms] [LOG] Loading '' @ http://localhost:3001/src/lib/util/state.ts:192
[  424778ms] [LOG] Registration successful, scope is: http://localhost:3001/ @ http://localhost:3001/src/routes/+layout.svelte:42
[  424835ms] [ERROR] view fail ReferenceError: viewID is not defined
    at extractNodeIdFromSvgId (http://localhost:3001/src/lib/components/View.svelte:150:40)
    at attachNodeListeners (http://localhost:3001/src/lib/components/View.svelte:110:19)
    at handleStateChange (http://localhost:3001/src/lib/components/View.svelte:289:6) @ http://localhost:3001/src/lib/components/View.svelte:303
[  424835ms] [LOG] [plausible] render {diagramType: flowchart-v2, isRough: false, lengthBucket: 0-10, renderTimeMsBucket: 50-100} @ http://localhost:3001/src/lib/util/stats.ts:89
[  425424ms] [LOG] [plausible] version {mermaidVersion: 11.14.0} @ http://localhost:3001/src/lib/util/stats.ts:89
[  425496ms] [LOG] Loading '' @ http://localhost:3001/src/lib/util/state.ts:192
[  425550ms] [LOG] Registration successful, scope is: http://localhost:3001/ @ http://localhost:3001/src/routes/+layout.svelte:42
[  425615ms] [ERROR] view fail ReferenceError: viewID is not defined
    at extractNodeIdFromSvgId (http://localhost:3001/src/lib/components/View.svelte:150:40)
    at attachNodeListeners (http://localhost:3001/src/lib/components/View.svelte:110:19)
    at handleStateChange (http://localhost:3001/src/lib/components/View.svelte:289:6) @ http://localhost:3001/src/lib/components/View.svelte:303
[  425615ms] [LOG] [plausible] render {diagramType: flowchart-v2, isRough: false, lengthBucket: 0-10, renderTimeMsBucket: 50-100} @ http://localhost:3001/src/lib/util/stats.ts:89
[  426237ms] [LOG] [plausible] version {mermaidVersion: 11.14.0} @ http://localhost:3001/src/lib/util/stats.ts:89
[  426306ms] [LOG] Loading '' @ http://localhost:3001/src/lib/util/state.ts:192
[  426361ms] [LOG] Registration successful, scope is: http://localhost:3001/ @ http://localhost:3001/src/routes/+layout.svelte:42
[  426400ms] [ERROR] view fail ReferenceError: viewID is not defined
    at extractNodeIdFromSvgId (http://localhost:3001/src/lib/components/View.svelte:150:40)
    at attachNodeListeners (http://localhost:3001/src/lib/components/View.svelte:110:19)
    at handleStateChange (http://localhost:3001/src/lib/components/View.svelte:289:6) @ http://localhost:3001/src/lib/components/View.svelte:303
[  426400ms] [LOG] [plausible] render {diagramType: flowchart-v2, isRough: false, lengthBucket: 0-10, renderTimeMsBucket: 50-100} @ http://localhost:3001/src/lib/util/stats.ts:89
[  427020ms] [LOG] [plausible] version {mermaidVersion: 11.14.0} @ http://localhost:3001/src/lib/util/stats.ts:89
[  427080ms] [LOG] Loading '' @ http://localhost:3001/src/lib/util/state.ts:192
[  427133ms] [LOG] Registration successful, scope is: http://localhost:3001/ @ http://localhost:3001/src/routes/+layout.svelte:42
[  427185ms] [ERROR] view fail ReferenceError: viewID is not defined
    at extractNodeIdFromSvgId (http://localhost:3001/src/lib/components/View.svelte:150:40)
    at attachNodeListeners (http://localhost:3001/src/lib/components/View.svelte:110:19)
    at handleStateChange (http://localhost:3001/src/lib/components/View.svelte:289:6) @ http://localhost:3001/src/lib/components/View.svelte:303
[  427185ms] [LOG] [plausible] render {diagramType: flowchart-v2, isRough: false, lengthBucket: 0-10, renderTimeMsBucket: 50-100} @ http://localhost:3001/src/lib/util/stats.ts:89
[  427805ms] [LOG] [plausible] version {mermaidVersion: 11.14.0} @ http://localhost:3001/src/lib/util/stats.ts:89
[  427876ms] [LOG] Loading '' @ http://localhost:3001/src/lib/util/state.ts:192
[  427923ms] [LOG] Registration successful, scope is: http://localhost:3001/ @ http://localhost:3001/src/routes/+layout.svelte:42
[  427954ms] [ERROR] view fail ReferenceError: viewID is not defined
    at extractNodeIdFromSvgId (http://localhost:3001/src/lib/components/View.svelte:150:40)
    at attachNodeListeners (http://localhost:3001/src/lib/components/View.svelte:110:19)
    at handleStateChange (http://localhost:3001/src/lib/components/View.svelte:289:6) @ http://localhost:3001/src/lib/components/View.svelte:303
[  427954ms] [LOG] [plausible] render {diagramType: flowchart-v2, isRough: false, lengthBucket: 0-10, renderTimeMsBucket: 50-100} @ http://localhost:3001/src/lib/util/stats.ts:89
[  428582ms] [LOG] [plausible] version {mermaidVersion: 11.14.0} @ http://localhost:3001/src/lib/util/stats.ts:89
[  428647ms] [LOG] Loading '' @ http://localhost:3001/src/lib/util/state.ts:192
[  428702ms] [LOG] Registration successful, scope is: http://localhost:3001/ @ http://localhost:3001/src/routes/+layout.svelte:42
[  428749ms] [ERROR] view fail ReferenceError: viewID is not defined
    at extractNodeIdFromSvgId (http://localhost:3001/src/lib/components/View.svelte:150:40)
    at attachNodeListeners (http://localhost:3001/src/lib/components/View.svelte:110:19)
    at handleStateChange (http://localhost:3001/src/lib/components/View.svelte:289:6) @ http://localhost:3001/src/lib/components/View.svelte:303
[  428749ms] [LOG] [plausible] render {diagramType: flowchart-v2, isRough: false, lengthBucket: 0-10, renderTimeMsBucket: 50-100} @ http://localhost:3001/src/lib/util/stats.ts:89
[  429331ms] [LOG] [plausible] version {mermaidVersion: 11.14.0} @ http://localhost:3001/src/lib/util/stats.ts:89
[  429402ms] [LOG] Loading '' @ http://localhost:3001/src/lib/util/state.ts:192
[  429458ms] [LOG] Registration successful, scope is: http://localhost:3001/ @ http://localhost:3001/src/routes/+layout.svelte:42
[  429497ms] [ERROR] view fail ReferenceError: viewID is not defined
    at extractNodeIdFromSvgId (http://localhost:3001/src/lib/components/View.svelte:150:40)
    at attachNodeListeners (http://localhost:3001/src/lib/components/View.svelte:110:19)
    at handleStateChange (http://localhost:3001/src/lib/components/View.svelte:289:6) @ http://localhost:3001/src/lib/components/View.svelte:303
[  429497ms] [LOG] [plausible] render {diagramType: flowchart-v2, isRough: false, lengthBucket: 0-10, renderTimeMsBucket: 50-100} @ http://localhost:3001/src/lib/util/stats.ts:89
[  430094ms] [LOG] [plausible] version {mermaidVersion: 11.14.0} @ http://localhost:3001/src/lib/util/stats.ts:89
[  430161ms] [LOG] Loading '' @ http://localhost:3001/src/lib/util/state.ts:192
[  430209ms] [LOG] Registration successful, scope is: http://localhost:3001/ @ http://localhost:3001/src/routes/+layout.svelte:42
[  430246ms] [ERROR] view fail ReferenceError: viewID is not defined
    at extractNodeIdFromSvgId (http://localhost:3001/src/lib/components/View.svelte:150:40)
    at attachNodeListeners (http://localhost:3001/src/lib/components/View.svelte:110:19)
    at handleStateChange (http://localhost:3001/src/lib/components/View.svelte:289:6) @ http://localhost:3001/src/lib/components/View.svelte:303
[  430246ms] [LOG] [plausible] render {diagramType: flowchart-v2, isRough: false, lengthBucket: 0-10, renderTimeMsBucket: 50-100} @ http://localhost:3001/src/lib/util/stats.ts:89
[  430854ms] [LOG] [plausible] version {mermaidVersion: 11.14.0} @ http://localhost:3001/src/lib/util/stats.ts:89
[  430915ms] [LOG] Loading '' @ http://localhost:3001/src/lib/util/state.ts:192
[  430970ms] [LOG] Registration successful, scope is: http://localhost:3001/ @ http://localhost:3001/src/routes/+layout.svelte:42
[  431018ms] [ERROR] view fail ReferenceError: viewID is not defined
    at extractNodeIdFromSvgId (http://localhost:3001/src/lib/components/View.svelte:150:40)
    at attachNodeListeners (http://localhost:3001/src/lib/components/View.svelte:110:19)
    at handleStateChange (http://localhost:3001/src/lib/components/View.svelte:289:6) @ http://localhost:3001/src/lib/components/View.svelte:303
[  431018ms] [LOG] [plausible] render {diagramType: flowchart-v2, isRough: false, lengthBucket: 0-10, renderTimeMsBucket: 50-100} @ http://localhost:3001/src/lib/util/stats.ts:89
[  431580ms] [LOG] [plausible] version {mermaidVersion: 11.14.0} @ http://localhost:3001/src/lib/util/stats.ts:89
[  431657ms] [LOG] Loading '' @ http://localhost:3001/src/lib/util/state.ts:192
[  431710ms] [LOG] Registration successful, scope is: http://localhost:3001/ @ http://localhost:3001/src/routes/+layout.svelte:42
[  431752ms] [ERROR] view fail ReferenceError: viewID is not defined
    at extractNodeIdFromSvgId (http://localhost:3001/src/lib/components/View.svelte:150:40)
    at attachNodeListeners (http://localhost:3001/src/lib/components/View.svelte:110:19)
    at handleStateChange (http://localhost:3001/src/lib/components/View.svelte:289:6) @ http://localhost:3001/src/lib/components/View.svelte:303
[  431752ms] [LOG] [plausible] render {diagramType: flowchart-v2, isRough: false, lengthBucket: 0-10, renderTimeMsBucket: 50-100} @ http://localhost:3001/src/lib/util/stats.ts:89
[  432380ms] [LOG] [plausible] version {mermaidVersion: 11.14.0} @ http://localhost:3001/src/lib/util/stats.ts:89
[  432451ms] [LOG] Loading '' @ http://localhost:3001/src/lib/util/state.ts:192
[  432507ms] [LOG] Registration successful, scope is: http://localhost:3001/ @ http://localhost:3001/src/routes/+layout.svelte:42
[  432544ms] [ERROR] view fail ReferenceError: viewID is not defined
    at extractNodeIdFromSvgId (http://localhost:3001/src/lib/components/View.svelte:150:40)
    at attachNodeListeners (http://localhost:3001/src/lib/components/View.svelte:110:19)
    at handleStateChange (http://localhost:3001/src/lib/components/View.svelte:289:6) @ http://localhost:3001/src/lib/components/View.svelte:303
[  432545ms] [LOG] [plausible] render {diagramType: flowchart-v2, isRough: false, lengthBucket: 0-10, renderTimeMsBucket: 50-100} @ http://localhost:3001/src/lib/util/stats.ts:89
[  433142ms] [LOG] [plausible] version {mermaidVersion: 11.14.0} @ http://localhost:3001/src/lib/util/stats.ts:89
[  433207ms] [LOG] Loading '' @ http://localhost:3001/src/lib/util/state.ts:192
[  433260ms] [LOG] Registration successful, scope is: http://localhost:3001/ @ http://localhost:3001/src/routes/+layout.svelte:42
[  433302ms] [ERROR] view fail ReferenceError: viewID is not defined
    at extractNodeIdFromSvgId (http://localhost:3001/src/lib/components/View.svelte:150:40)
    at attachNodeListeners (http://localhost:3001/src/lib/components/View.svelte:110:19)
    at handleStateChange (http://localhost:3001/src/lib/components/View.svelte:289:6) @ http://localhost:3001/src/lib/components/View.svelte:303
[  433303ms] [LOG] [plausible] render {diagramType: flowchart-v2, isRough: false, lengthBucket: 0-10, renderTimeMsBucket: 50-100} @ http://localhost:3001/src/lib/util/stats.ts:89
[  433913ms] [LOG] [plausible] version {mermaidVersion: 11.14.0} @ http://localhost:3001/src/lib/util/stats.ts:89
[  433983ms] [LOG] Loading '' @ http://localhost:3001/src/lib/util/state.ts:192
[  434033ms] [LOG] Registration successful, scope is: http://localhost:3001/ @ http://localhost:3001/src/routes/+layout.svelte:42
[  434070ms] [ERROR] view fail ReferenceError: viewID is not defined
    at extractNodeIdFromSvgId (http://localhost:3001/src/lib/components/View.svelte:150:40)
    at attachNodeListeners (http://localhost:3001/src/lib/components/View.svelte:110:19)
    at handleStateChange (http://localhost:3001/src/lib/components/View.svelte:289:6) @ http://localhost:3001/src/lib/components/View.svelte:303
[  434070ms] [LOG] [plausible] render {diagramType: flowchart-v2, isRough: false, lengthBucket: 0-10, renderTimeMsBucket: 50-100} @ http://localhost:3001/src/lib/util/stats.ts:89
[  434679ms] [LOG] [plausible] version {mermaidVersion: 11.14.0} @ http://localhost:3001/src/lib/util/stats.ts:89
[  434741ms] [LOG] Loading '' @ http://localhost:3001/src/lib/util/state.ts:192
[  434789ms] [LOG] Registration successful, scope is: http://localhost:3001/ @ http://localhost:3001/src/routes/+layout.svelte:42
[  434829ms] [ERROR] view fail ReferenceError: viewID is not defined
    at extractNodeIdFromSvgId (http://localhost:3001/src/lib/components/View.svelte:150:40)
    at attachNodeListeners (http://localhost:3001/src/lib/components/View.svelte:110:19)
    at handleStateChange (http://localhost:3001/src/lib/components/View.svelte:289:6) @ http://localhost:3001/src/lib/components/View.svelte:303
[  434829ms] [LOG] [plausible] render {diagramType: flowchart-v2, isRough: false, lengthBucket: 0-10, renderTimeMsBucket: 50-100} @ http://localhost:3001/src/lib/util/stats.ts:89
[  435454ms] [LOG] [plausible] version {mermaidVersion: 11.14.0} @ http://localhost:3001/src/lib/util/stats.ts:89
[  435533ms] [LOG] Loading '' @ http://localhost:3001/src/lib/util/state.ts:192
[  435592ms] [LOG] Registration successful, scope is: http://localhost:3001/ @ http://localhost:3001/src/routes/+layout.svelte:42
[  435634ms] [ERROR] view fail ReferenceError: viewID is not defined
    at extractNodeIdFromSvgId (http://localhost:3001/src/lib/components/View.svelte:150:40)
    at attachNodeListeners (http://localhost:3001/src/lib/components/View.svelte:110:19)
    at handleStateChange (http://localhost:3001/src/lib/components/View.svelte:289:6) @ http://localhost:3001/src/lib/components/View.svelte:303
[  435634ms] [LOG] [plausible] render {diagramType: flowchart-v2, isRough: false, lengthBucket: 0-10, renderTimeMsBucket: 50-100} @ http://localhost:3001/src/lib/util/stats.ts:89
[  436291ms] [LOG] [plausible] version {mermaidVersion: 11.14.0} @ http://localhost:3001/src/lib/util/stats.ts:89
[  436354ms] [LOG] Loading '' @ http://localhost:3001/src/lib/util/state.ts:192
[  436412ms] [LOG] Registration successful, scope is: http://localhost:3001/ @ http://localhost:3001/src/routes/+layout.svelte:42
[  436448ms] [ERROR] view fail ReferenceError: viewID is not defined
    at extractNodeIdFromSvgId (http://localhost:3001/src/lib/components/View.svelte:150:40)
    at attachNodeListeners (http://localhost:3001/src/lib/components/View.svelte:110:19)
    at handleStateChange (http://localhost:3001/src/lib/components/View.svelte:289:6) @ http://localhost:3001/src/lib/components/View.svelte:303
[  436449ms] [LOG] [plausible] render {diagramType: flowchart-v2, isRough: false, lengthBucket: 0-10, renderTimeMsBucket: 50-100} @ http://localhost:3001/src/lib/util/stats.ts:89
[  437059ms] [LOG] [plausible] version {mermaidVersion: 11.14.0} @ http://localhost:3001/src/lib/util/stats.ts:89
[  437114ms] [LOG] Loading '' @ http://localhost:3001/src/lib/util/state.ts:192
[  437172ms] [LOG] Registration successful, scope is: http://localhost:3001/ @ http://localhost:3001/src/routes/+layout.svelte:42
[  437215ms] [ERROR] view fail ReferenceError: viewID is not defined
    at extractNodeIdFromSvgId (http://localhost:3001/src/lib/components/View.svelte:150:40)
    at attachNodeListeners (http://localhost:3001/src/lib/components/View.svelte:110:19)
    at handleStateChange (http://localhost:3001/src/lib/components/View.svelte:289:6) @ http://localhost:3001/src/lib/components/View.svelte:303
[  437215ms] [LOG] [plausible] render {diagramType: flowchart-v2, isRough: false, lengthBucket: 0-10, renderTimeMsBucket: 50-100} @ http://localhost:3001/src/lib/util/stats.ts:89
[  437793ms] [LOG] [plausible] version {mermaidVersion: 11.14.0} @ http://localhost:3001/src/lib/util/stats.ts:89
[  437858ms] [LOG] Loading '' @ http://localhost:3001/src/lib/util/state.ts:192
[  437917ms] [LOG] Registration successful, scope is: http://localhost:3001/ @ http://localhost:3001/src/routes/+layout.svelte:42
[  437959ms] [ERROR] view fail ReferenceError: viewID is not defined
    at extractNodeIdFromSvgId (http://localhost:3001/src/lib/components/View.svelte:150:40)
    at attachNodeListeners (http://localhost:3001/src/lib/components/View.svelte:110:19)
    at handleStateChange (http://localhost:3001/src/lib/components/View.svelte:289:6) @ http://localhost:3001/src/lib/components/View.svelte:303
[  437959ms] [LOG] [plausible] render {diagramType: flowchart-v2, isRough: false, lengthBucket: 0-10, renderTimeMsBucket: 50-100} @ http://localhost:3001/src/lib/util/stats.ts:89
[  438528ms] [LOG] [plausible] version {mermaidVersion: 11.14.0} @ http://localhost:3001/src/lib/util/stats.ts:89
[  438597ms] [LOG] Loading '' @ http://localhost:3001/src/lib/util/state.ts:192
[  438651ms] [LOG] Registration successful, scope is: http://localhost:3001/ @ http://localhost:3001/src/routes/+layout.svelte:42
[  438707ms] [ERROR] view fail ReferenceError: viewID is not defined
    at extractNodeIdFromSvgId (http://localhost:3001/src/lib/components/View.svelte:150:40)
    at attachNodeListeners (http://localhost:3001/src/lib/components/View.svelte:110:19)
    at handleStateChange (http://localhost:3001/src/lib/components/View.svelte:289:6) @ http://localhost:3001/src/lib/components/View.svelte:303
[  438707ms] [LOG] [plausible] render {diagramType: flowchart-v2, isRough: false, lengthBucket: 0-10, renderTimeMsBucket: 50-100} @ http://localhost:3001/src/lib/util/stats.ts:89
[  439347ms] [LOG] [plausible] version {mermaidVersion: 11.14.0} @ http://localhost:3001/src/lib/util/stats.ts:89
[  439412ms] [LOG] Loading '' @ http://localhost:3001/src/lib/util/state.ts:192
[  439465ms] [LOG] Registration successful, scope is: http://localhost:3001/ @ http://localhost:3001/src/routes/+layout.svelte:42
[  439510ms] [ERROR] view fail ReferenceError: viewID is not defined
    at extractNodeIdFromSvgId (http://localhost:3001/src/lib/components/View.svelte:150:40)
    at attachNodeListeners (http://localhost:3001/src/lib/components/View.svelte:110:19)
    at handleStateChange (http://localhost:3001/src/lib/components/View.svelte:289:6) @ http://localhost:3001/src/lib/components/View.svelte:303
[  439511ms] [LOG] [plausible] render {diagramType: flowchart-v2, isRough: false, lengthBucket: 0-10, renderTimeMsBucket: 50-100} @ http://localhost:3001/src/lib/util/stats.ts:89
[  440152ms] [LOG] [plausible] version {mermaidVersion: 11.14.0} @ http://localhost:3001/src/lib/util/stats.ts:89
[  440218ms] [LOG] Loading '' @ http://localhost:3001/src/lib/util/state.ts:192
[  440269ms] [LOG] Registration successful, scope is: http://localhost:3001/ @ http://localhost:3001/src/routes/+layout.svelte:42
[  440326ms] [ERROR] view fail ReferenceError: viewID is not defined
    at extractNodeIdFromSvgId (http://localhost:3001/src/lib/components/View.svelte:150:40)
    at attachNodeListeners (http://localhost:3001/src/lib/components/View.svelte:110:19)
    at handleStateChange (http://localhost:3001/src/lib/components/View.svelte:289:6) @ http://localhost:3001/src/lib/components/View.svelte:303
[  440326ms] [LOG] [plausible] render {diagramType: flowchart-v2, isRough: false, lengthBucket: 0-10, renderTimeMsBucket: 50-100} @ http://localhost:3001/src/lib/util/stats.ts:89
[  440939ms] [LOG] [plausible] version {mermaidVersion: 11.14.0} @ http://localhost:3001/src/lib/util/stats.ts:89
[  440996ms] [LOG] Loading '' @ http://localhost:3001/src/lib/util/state.ts:192
[  441049ms] [LOG] Registration successful, scope is: http://localhost:3001/ @ http://localhost:3001/src/routes/+layout.svelte:42
[  441090ms] [ERROR] view fail ReferenceError: viewID is not defined
    at extractNodeIdFromSvgId (http://localhost:3001/src/lib/components/View.svelte:150:40)
    at attachNodeListeners (http://localhost:3001/src/lib/components/View.svelte:110:19)
    at handleStateChange (http://localhost:3001/src/lib/components/View.svelte:289:6) @ http://localhost:3001/src/lib/components/View.svelte:303
[  441090ms] [LOG] [plausible] render {diagramType: flowchart-v2, isRough: false, lengthBucket: 0-10, renderTimeMsBucket: 50-100} @ http://localhost:3001/src/lib/util/stats.ts:89
[  441685ms] [LOG] [plausible] version {mermaidVersion: 11.14.0} @ http://localhost:3001/src/lib/util/stats.ts:89
[  441746ms] [LOG] Loading '' @ http://localhost:3001/src/lib/util/state.ts:192
[  441806ms] [LOG] Registration successful, scope is: http://localhost:3001/ @ http://localhost:3001/src/routes/+layout.svelte:42
[  441844ms] [ERROR] view fail ReferenceError: viewID is not defined
    at extractNodeIdFromSvgId (http://localhost:3001/src/lib/components/View.svelte:150:40)
    at attachNodeListeners (http://localhost:3001/src/lib/components/View.svelte:110:19)
    at handleStateChange (http://localhost:3001/src/lib/components/View.svelte:289:6) @ http://localhost:3001/src/lib/components/View.svelte:303
[  441844ms] [LOG] [plausible] render {diagramType: flowchart-v2, isRough: false, lengthBucket: 0-10, renderTimeMsBucket: 50-100} @ http://localhost:3001/src/lib/util/stats.ts:89
[  442439ms] [LOG] [plausible] version {mermaidVersion: 11.14.0} @ http://localhost:3001/src/lib/util/stats.ts:89
[  442515ms] [LOG] Loading '' @ http://localhost:3001/src/lib/util/state.ts:192
[  442564ms] [LOG] Registration successful, scope is: http://localhost:3001/ @ http://localhost:3001/src/routes/+layout.svelte:42
[  442595ms] [ERROR] view fail ReferenceError: viewID is not defined
    at extractNodeIdFromSvgId (http://localhost:3001/src/lib/components/View.svelte:150:40)
    at attachNodeListeners (http://localhost:3001/src/lib/components/View.svelte:110:19)
    at handleStateChange (http://localhost:3001/src/lib/components/View.svelte:289:6) @ http://localhost:3001/src/lib/components/View.svelte:303
[  442595ms] [LOG] [plausible] render {diagramType: flowchart-v2, isRough: false, lengthBucket: 0-10, renderTimeMsBucket: 50-100} @ http://localhost:3001/src/lib/util/stats.ts:89
[  443066ms] [LOG] [plausible] version {mermaidVersion: 11.14.0} @ http://localhost:3001/src/lib/util/stats.ts:89
[  443133ms] [LOG] Loading '' @ http://localhost:3001/src/lib/util/state.ts:192
[  443189ms] [LOG] Registration successful, scope is: http://localhost:3001/ @ http://localhost:3001/src/routes/+layout.svelte:42
[  443230ms] [ERROR] view fail ReferenceError: viewID is not defined
    at extractNodeIdFromSvgId (http://localhost:3001/src/lib/components/View.svelte:150:40)
    at attachNodeListeners (http://localhost:3001/src/lib/components/View.svelte:110:19)
    at handleStateChange (http://localhost:3001/src/lib/components/View.svelte:289:6) @ http://localhost:3001/src/lib/components/View.svelte:303
[  443230ms] [LOG] [plausible] render {diagramType: flowchart-v2, isRough: false, lengthBucket: 0-10, renderTimeMsBucket: 50-100} @ http://localhost:3001/src/lib/util/stats.ts:89
[  443712ms] [LOG] [plausible] version {mermaidVersion: 11.14.0} @ http://localhost:3001/src/lib/util/stats.ts:89
[  443782ms] [LOG] Loading '' @ http://localhost:3001/src/lib/util/state.ts:192
[  443835ms] [LOG] Registration successful, scope is: http://localhost:3001/ @ http://localhost:3001/src/routes/+layout.svelte:42
[  443879ms] [ERROR] view fail ReferenceError: viewID is not defined
    at extractNodeIdFromSvgId (http://localhost:3001/src/lib/components/View.svelte:150:40)
    at attachNodeListeners (http://localhost:3001/src/lib/components/View.svelte:110:19)
    at handleStateChange (http://localhost:3001/src/lib/components/View.svelte:289:6) @ http://localhost:3001/src/lib/components/View.svelte:303
[  443879ms] [LOG] [plausible] render {diagramType: flowchart-v2, isRough: false, lengthBucket: 0-10, renderTimeMsBucket: 50-100} @ http://localhost:3001/src/lib/util/stats.ts:89
[  444361ms] [LOG] [plausible] version {mermaidVersion: 11.14.0} @ http://localhost:3001/src/lib/util/stats.ts:89
[  444425ms] [LOG] Loading '' @ http://localhost:3001/src/lib/util/state.ts:192
[  444472ms] [LOG] Registration successful, scope is: http://localhost:3001/ @ http://localhost:3001/src/routes/+layout.svelte:42
[  444508ms] [ERROR] view fail ReferenceError: viewID is not defined
    at extractNodeIdFromSvgId (http://localhost:3001/src/lib/components/View.svelte:150:40)
    at attachNodeListeners (http://localhost:3001/src/lib/components/View.svelte:110:19)
    at handleStateChange (http://localhost:3001/src/lib/components/View.svelte:289:6) @ http://localhost:3001/src/lib/components/View.svelte:303
[  444509ms] [LOG] [plausible] render {diagramType: flowchart-v2, isRough: false, lengthBucket: 0-10, renderTimeMsBucket: 50-100} @ http://localhost:3001/src/lib/util/stats.ts:89
[  444960ms] [LOG] [plausible] version {mermaidVersion: 11.14.0} @ http://localhost:3001/src/lib/util/stats.ts:89
[  445030ms] [LOG] Loading '' @ http://localhost:3001/src/lib/util/state.ts:192
[  445089ms] [LOG] Registration successful, scope is: http://localhost:3001/ @ http://localhost:3001/src/routes/+layout.svelte:42
[  445132ms] [ERROR] view fail ReferenceError: viewID is not defined
    at extractNodeIdFromSvgId (http://localhost:3001/src/lib/components/View.svelte:150:40)
    at attachNodeListeners (http://localhost:3001/src/lib/components/View.svelte:110:19)
    at handleStateChange (http://localhost:3001/src/lib/components/View.svelte:289:6) @ http://localhost:3001/src/lib/components/View.svelte:303
[  445132ms] [LOG] [plausible] render {diagramType: flowchart-v2, isRough: false, lengthBucket: 0-10, renderTimeMsBucket: 50-100} @ http://localhost:3001/src/lib/util/stats.ts:89
[  445577ms] [LOG] [plausible] version {mermaidVersion: 11.14.0} @ http://localhost:3001/src/lib/util/stats.ts:89
[  445634ms] [LOG] Loading '' @ http://localhost:3001/src/lib/util/state.ts:192
[  445688ms] [LOG] Registration successful, scope is: http://localhost:3001/ @ http://localhost:3001/src/routes/+layout.svelte:42
[  445739ms] [ERROR] view fail ReferenceError: viewID is not defined
    at extractNodeIdFromSvgId (http://localhost:3001/src/lib/components/View.svelte:150:40)
    at attachNodeListeners (http://localhost:3001/src/lib/components/View.svelte:110:19)
    at handleStateChange (http://localhost:3001/src/lib/components/View.svelte:289:6) @ http://localhost:3001/src/lib/components/View.svelte:303
[  445739ms] [LOG] [plausible] render {diagramType: flowchart-v2, isRough: false, lengthBucket: 0-10, renderTimeMsBucket: 50-100} @ http://localhost:3001/src/lib/util/stats.ts:89
[  446209ms] [LOG] [plausible] version {mermaidVersion: 11.14.0} @ http://localhost:3001/src/lib/util/stats.ts:89
[  446280ms] [LOG] Loading '' @ http://localhost:3001/src/lib/util/state.ts:192
[  446338ms] [LOG] Registration successful, scope is: http://localhost:3001/ @ http://localhost:3001/src/routes/+layout.svelte:42
[  446376ms] [ERROR] view fail ReferenceError: viewID is not defined
    at extractNodeIdFromSvgId (http://localhost:3001/src/lib/components/View.svelte:150:40)
    at attachNodeListeners (http://localhost:3001/src/lib/components/View.svelte:110:19)
    at handleStateChange (http://localhost:3001/src/lib/components/View.svelte:289:6) @ http://localhost:3001/src/lib/components/View.svelte:303
[  446376ms] [LOG] [plausible] render {diagramType: flowchart-v2, isRough: false, lengthBucket: 0-10, renderTimeMsBucket: 50-100} @ http://localhost:3001/src/lib/util/stats.ts:89
[  446804ms] [LOG] [plausible] version {mermaidVersion: 11.14.0} @ http://localhost:3001/src/lib/util/stats.ts:89
[  446868ms] [LOG] Loading '' @ http://localhost:3001/src/lib/util/state.ts:192
[  446920ms] [LOG] Registration successful, scope is: http://localhost:3001/ @ http://localhost:3001/src/routes/+layout.svelte:42
[  446960ms] [ERROR] view fail ReferenceError: viewID is not defined
    at extractNodeIdFromSvgId (http://localhost:3001/src/lib/components/View.svelte:150:40)
    at attachNodeListeners (http://localhost:3001/src/lib/components/View.svelte:110:19)
    at handleStateChange (http://localhost:3001/src/lib/components/View.svelte:289:6) @ http://localhost:3001/src/lib/components/View.svelte:303
[  446960ms] [LOG] [plausible] render {diagramType: flowchart-v2, isRough: false, lengthBucket: 0-10, renderTimeMsBucket: 50-100} @ http://localhost:3001/src/lib/util/stats.ts:89
[  447467ms] [LOG] [plausible] version {mermaidVersion: 11.14.0} @ http://localhost:3001/src/lib/util/stats.ts:89
[  447531ms] [LOG] Loading '' @ http://localhost:3001/src/lib/util/state.ts:192
[  447590ms] [LOG] Registration successful, scope is: http://localhost:3001/ @ http://localhost:3001/src/routes/+layout.svelte:42
[  447632ms] [ERROR] view fail ReferenceError: viewID is not defined
    at extractNodeIdFromSvgId (http://localhost:3001/src/lib/components/View.svelte:150:40)
    at attachNodeListeners (http://localhost:3001/src/lib/components/View.svelte:110:19)
    at handleStateChange (http://localhost:3001/src/lib/components/View.svelte:289:6) @ http://localhost:3001/src/lib/components/View.svelte:303
[  447633ms] [LOG] [plausible] render {diagramType: flowchart-v2, isRough: false, lengthBucket: 0-10, renderTimeMsBucket: 50-100} @ http://localhost:3001/src/lib/util/stats.ts:89
[  448095ms] [LOG] [plausible] version {mermaidVersion: 11.14.0} @ http://localhost:3001/src/lib/util/stats.ts:89
[  448145ms] [LOG] Loading '' @ http://localhost:3001/src/lib/util/state.ts:192
[  448187ms] [LOG] Registration successful, scope is: http://localhost:3001/ @ http://localhost:3001/src/routes/+layout.svelte:42
[  448220ms] [ERROR] view fail ReferenceError: viewID is not defined
    at extractNodeIdFromSvgId (http://localhost:3001/src/lib/components/View.svelte:150:40)
    at attachNodeListeners (http://localhost:3001/src/lib/components/View.svelte:110:19)
    at handleStateChange (http://localhost:3001/src/lib/components/View.svelte:289:6) @ http://localhost:3001/src/lib/components/View.svelte:303
[  448220ms] [LOG] [plausible] render {diagramType: flowchart-v2, isRough: false, lengthBucket: 0-10, renderTimeMsBucket: 50-100} @ http://localhost:3001/src/lib/util/stats.ts:89
[  448657ms] [LOG] [plausible] version {mermaidVersion: 11.14.0} @ http://localhost:3001/src/lib/util/stats.ts:89
[  448706ms] [LOG] Loading '' @ http://localhost:3001/src/lib/util/state.ts:192
[  448746ms] [LOG] Registration successful, scope is: http://localhost:3001/ @ http://localhost:3001/src/routes/+layout.svelte:42
[  448784ms] [ERROR] view fail ReferenceError: viewID is not defined
    at extractNodeIdFromSvgId (http://localhost:3001/src/lib/components/View.svelte:150:40)
    at attachNodeListeners (http://localhost:3001/src/lib/components/View.svelte:110:19)
    at handleStateChange (http://localhost:3001/src/lib/components/View.svelte:289:6) @ http://localhost:3001/src/lib/components/View.svelte:303
[  448785ms] [LOG] [plausible] render {diagramType: flowchart-v2, isRough: false, lengthBucket: 0-10, renderTimeMsBucket: 50-100} @ http://localhost:3001/src/lib/util/stats.ts:89
[  449222ms] [LOG] [plausible] version {mermaidVersion: 11.14.0} @ http://localhost:3001/src/lib/util/stats.ts:89
[  449278ms] [LOG] Loading '' @ http://localhost:3001/src/lib/util/state.ts:192
[  449316ms] [LOG] Registration successful, scope is: http://localhost:3001/ @ http://localhost:3001/src/routes/+layout.svelte:42
[  449348ms] [ERROR] view fail ReferenceError: viewID is not defined
    at extractNodeIdFromSvgId (http://localhost:3001/src/lib/components/View.svelte:150:40)
    at attachNodeListeners (http://localhost:3001/src/lib/components/View.svelte:110:19)
    at handleStateChange (http://localhost:3001/src/lib/components/View.svelte:289:6) @ http://localhost:3001/src/lib/components/View.svelte:303
[  449348ms] [LOG] [plausible] render {diagramType: flowchart-v2, isRough: false, lengthBucket: 0-10, renderTimeMsBucket: 50-100} @ http://localhost:3001/src/lib/util/stats.ts:89
[  449778ms] [LOG] [plausible] version {mermaidVersion: 11.14.0} @ http://localhost:3001/src/lib/util/stats.ts:89
[  449828ms] [LOG] Loading '' @ http://localhost:3001/src/lib/util/state.ts:192
[  449868ms] [LOG] Registration successful, scope is: http://localhost:3001/ @ http://localhost:3001/src/routes/+layout.svelte:42
[  449905ms] [ERROR] view fail ReferenceError: viewID is not defined
    at extractNodeIdFromSvgId (http://localhost:3001/src/lib/components/View.svelte:150:40)
    at attachNodeListeners (http://localhost:3001/src/lib/components/View.svelte:110:19)
    at handleStateChange (http://localhost:3001/src/lib/components/View.svelte:289:6) @ http://localhost:3001/src/lib/components/View.svelte:303
[  449906ms] [LOG] [plausible] render {diagramType: flowchart-v2, isRough: false, lengthBucket: 0-10, renderTimeMsBucket: 50-100} @ http://localhost:3001/src/lib/util/stats.ts:89
[  450347ms] [LOG] [plausible] version {mermaidVersion: 11.14.0} @ http://localhost:3001/src/lib/util/stats.ts:89
[  450399ms] [LOG] Loading '' @ http://localhost:3001/src/lib/util/state.ts:192
[  450441ms] [LOG] Registration successful, scope is: http://localhost:3001/ @ http://localhost:3001/src/routes/+layout.svelte:42
[  450495ms] [ERROR] view fail ReferenceError: viewID is not defined
    at extractNodeIdFromSvgId (http://localhost:3001/src/lib/components/View.svelte:150:40)
    at attachNodeListeners (http://localhost:3001/src/lib/components/View.svelte:110:19)
    at handleStateChange (http://localhost:3001/src/lib/components/View.svelte:289:6) @ http://localhost:3001/src/lib/components/View.svelte:303
[  450495ms] [LOG] [plausible] render {diagramType: flowchart-v2, isRough: false, lengthBucket: 0-10, renderTimeMsBucket: 50-100} @ http://localhost:3001/src/lib/util/stats.ts:89
[  450919ms] [LOG] [plausible] version {mermaidVersion: 11.14.0} @ http://localhost:3001/src/lib/util/stats.ts:89
[  450964ms] [LOG] Loading '' @ http://localhost:3001/src/lib/util/state.ts:192
[  451004ms] [LOG] Registration successful, scope is: http://localhost:3001/ @ http://localhost:3001/src/routes/+layout.svelte:42
[  451035ms] [ERROR] view fail ReferenceError: viewID is not defined
    at extractNodeIdFromSvgId (http://localhost:3001/src/lib/components/View.svelte:150:40)
    at attachNodeListeners (http://localhost:3001/src/lib/components/View.svelte:110:19)
    at handleStateChange (http://localhost:3001/src/lib/components/View.svelte:289:6) @ http://localhost:3001/src/lib/components/View.svelte:303
[  451041ms] [LOG] [plausible] render {diagramType: flowchart-v2, isRough: false, lengthBucket: 0-10, renderTimeMsBucket: 50-100} @ http://localhost:3001/src/lib/util/stats.ts:89
[  451474ms] [LOG] [plausible] version {mermaidVersion: 11.14.0} @ http://localhost:3001/src/lib/util/stats.ts:89
[  451519ms] [LOG] Loading '' @ http://localhost:3001/src/lib/util/state.ts:192
[  451559ms] [LOG] Registration successful, scope is: http://localhost:3001/ @ http://localhost:3001/src/routes/+layout.svelte:42
[  451591ms] [ERROR] view fail ReferenceError: viewID is not defined
    at extractNodeIdFromSvgId (http://localhost:3001/src/lib/components/View.svelte:150:40)
    at attachNodeListeners (http://localhost:3001/src/lib/components/View.svelte:110:19)
    at handleStateChange (http://localhost:3001/src/lib/components/View.svelte:289:6) @ http://localhost:3001/src/lib/components/View.svelte:303
[  451591ms] [LOG] [plausible] render {diagramType: flowchart-v2, isRough: false, lengthBucket: 0-10, renderTimeMsBucket: 50-100} @ http://localhost:3001/src/lib/util/stats.ts:89
[  451992ms] [LOG] [plausible] version {mermaidVersion: 11.14.0} @ http://localhost:3001/src/lib/util/stats.ts:89
[  452038ms] [LOG] Loading '' @ http://localhost:3001/src/lib/util/state.ts:192
[  452073ms] [LOG] Registration successful, scope is: http://localhost:3001/ @ http://localhost:3001/src/routes/+layout.svelte:42
[  452102ms] [ERROR] view fail ReferenceError: viewID is not defined
    at extractNodeIdFromSvgId (http://localhost:3001/src/lib/components/View.svelte:150:40)
    at attachNodeListeners (http://localhost:3001/src/lib/components/View.svelte:110:19)
    at handleStateChange (http://localhost:3001/src/lib/components/View.svelte:289:6) @ http://localhost:3001/src/lib/components/View.svelte:303
[  452102ms] [LOG] [plausible] render {diagramType: flowchart-v2, isRough: false, lengthBucket: 0-10, renderTimeMsBucket: 25-50} @ http://localhost:3001/src/lib/util/stats.ts:89
[  452509ms] [LOG] [plausible] version {mermaidVersion: 11.14.0} @ http://localhost:3001/src/lib/util/stats.ts:89
[  452554ms] [LOG] Loading '' @ http://localhost:3001/src/lib/util/state.ts:192
[  452595ms] [LOG] Registration successful, scope is: http://localhost:3001/ @ http://localhost:3001/src/routes/+layout.svelte:42
[  452624ms] [ERROR] view fail ReferenceError: viewID is not defined
    at extractNodeIdFromSvgId (http://localhost:3001/src/lib/components/View.svelte:150:40)
    at attachNodeListeners (http://localhost:3001/src/lib/components/View.svelte:110:19)
    at handleStateChange (http://localhost:3001/src/lib/components/View.svelte:289:6) @ http://localhost:3001/src/lib/components/View.svelte:303
[  452624ms] [LOG] [plausible] render {diagramType: flowchart-v2, isRough: false, lengthBucket: 0-10, renderTimeMsBucket: 50-100} @ http://localhost:3001/src/lib/util/stats.ts:89
[  453066ms] [LOG] [plausible] version {mermaidVersion: 11.14.0} @ http://localhost:3001/src/lib/util/stats.ts:89
[  453112ms] [LOG] Loading '' @ http://localhost:3001/src/lib/util/state.ts:192
[  453148ms] [LOG] Registration successful, scope is: http://localhost:3001/ @ http://localhost:3001/src/routes/+layout.svelte:42
[  453184ms] [ERROR] view fail ReferenceError: viewID is not defined
    at extractNodeIdFromSvgId (http://localhost:3001/src/lib/components/View.svelte:150:40)
    at attachNodeListeners (http://localhost:3001/src/lib/components/View.svelte:110:19)
    at handleStateChange (http://localhost:3001/src/lib/components/View.svelte:289:6) @ http://localhost:3001/src/lib/components/View.svelte:303
[  453184ms] [LOG] [plausible] render {diagramType: flowchart-v2, isRough: false, lengthBucket: 0-10, renderTimeMsBucket: 50-100} @ http://localhost:3001/src/lib/util/stats.ts:89
[  453577ms] [LOG] [plausible] version {mermaidVersion: 11.14.0} @ http://localhost:3001/src/lib/util/stats.ts:89
[  453627ms] [LOG] Loading '' @ http://localhost:3001/src/lib/util/state.ts:192
[  453666ms] [LOG] Registration successful, scope is: http://localhost:3001/ @ http://localhost:3001/src/routes/+layout.svelte:42
[  453694ms] [ERROR] view fail ReferenceError: viewID is not defined
    at extractNodeIdFromSvgId (http://localhost:3001/src/lib/components/View.svelte:150:40)
    at attachNodeListeners (http://localhost:3001/src/lib/components/View.svelte:110:19)
    at handleStateChange (http://localhost:3001/src/lib/components/View.svelte:289:6) @ http://localhost:3001/src/lib/components/View.svelte:303
[  453694ms] [LOG] [plausible] render {diagramType: flowchart-v2, isRough: false, lengthBucket: 0-10, renderTimeMsBucket: 25-50} @ http://localhost:3001/src/lib/util/stats.ts:89
[  454139ms] [LOG] [plausible] version {mermaidVersion: 11.14.0} @ http://localhost:3001/src/lib/util/stats.ts:89
[  454191ms] [LOG] Loading '' @ http://localhost:3001/src/lib/util/state.ts:192
[  454232ms] [LOG] Registration successful, scope is: http://localhost:3001/ @ http://localhost:3001/src/routes/+layout.svelte:42
[  454272ms] [ERROR] view fail ReferenceError: viewID is not defined
    at extractNodeIdFromSvgId (http://localhost:3001/src/lib/components/View.svelte:150:40)
    at attachNodeListeners (http://localhost:3001/src/lib/components/View.svelte:110:19)
    at handleStateChange (http://localhost:3001/src/lib/components/View.svelte:289:6) @ http://localhost:3001/src/lib/components/View.svelte:303
[  454272ms] [LOG] [plausible] render {diagramType: flowchart-v2, isRough: false, lengthBucket: 0-10, renderTimeMsBucket: 50-100} @ http://localhost:3001/src/lib/util/stats.ts:89
[  454702ms] [LOG] [plausible] version {mermaidVersion: 11.14.0} @ http://localhost:3001/src/lib/util/stats.ts:89
[  454753ms] [LOG] Loading '' @ http://localhost:3001/src/lib/util/state.ts:192
[  454794ms] [LOG] Registration successful, scope is: http://localhost:3001/ @ http://localhost:3001/src/routes/+layout.svelte:42
[  454825ms] [ERROR] view fail ReferenceError: viewID is not defined
    at extractNodeIdFromSvgId (http://localhost:3001/src/lib/components/View.svelte:150:40)
    at attachNodeListeners (http://localhost:3001/src/lib/components/View.svelte:110:19)
    at handleStateChange (http://localhost:3001/src/lib/components/View.svelte:289:6) @ http://localhost:3001/src/lib/components/View.svelte:303
[  454825ms] [LOG] [plausible] render {diagramType: flowchart-v2, isRough: false, lengthBucket: 0-10, renderTimeMsBucket: 50-100} @ http://localhost:3001/src/lib/util/stats.ts:89
[  455268ms] [LOG] [plausible] version {mermaidVersion: 11.14.0} @ http://localhost:3001/src/lib/util/stats.ts:89
[  455319ms] [LOG] Loading '' @ http://localhost:3001/src/lib/util/state.ts:192
[  455359ms] [LOG] Registration successful, scope is: http://localhost:3001/ @ http://localhost:3001/src/routes/+layout.svelte:42
[  455392ms] [ERROR] view fail ReferenceError: viewID is not defined
    at extractNodeIdFromSvgId (http://localhost:3001/src/lib/components/View.svelte:150:40)
    at attachNodeListeners (http://localhost:3001/src/lib/components/View.svelte:110:19)
    at handleStateChange (http://localhost:3001/src/lib/components/View.svelte:289:6) @ http://localhost:3001/src/lib/components/View.svelte:303
[  455392ms] [LOG] [plausible] render {diagramType: flowchart-v2, isRough: false, lengthBucket: 0-10, renderTimeMsBucket: 50-100} @ http://localhost:3001/src/lib/util/stats.ts:89
[  455847ms] [LOG] [plausible] version {mermaidVersion: 11.14.0} @ http://localhost:3001/src/lib/util/stats.ts:89
[  455889ms] [LOG] Loading '' @ http://localhost:3001/src/lib/util/state.ts:192
[  455928ms] [LOG] Registration successful, scope is: http://localhost:3001/ @ http://localhost:3001/src/routes/+layout.svelte:42
[  455976ms] [ERROR] view fail ReferenceError: viewID is not defined
    at extractNodeIdFromSvgId (http://localhost:3001/src/lib/components/View.svelte:150:40)
    at attachNodeListeners (http://localhost:3001/src/lib/components/View.svelte:110:19)
    at handleStateChange (http://localhost:3001/src/lib/components/View.svelte:289:6) @ http://localhost:3001/src/lib/components/View.svelte:303
[  455976ms] [LOG] [plausible] render {diagramType: flowchart-v2, isRough: false, lengthBucket: 0-10, renderTimeMsBucket: 50-100} @ http://localhost:3001/src/lib/util/stats.ts:89
[  456441ms] [LOG] [plausible] version {mermaidVersion: 11.14.0} @ http://localhost:3001/src/lib/util/stats.ts:89
[  456493ms] [LOG] Loading '' @ http://localhost:3001/src/lib/util/state.ts:192
[  456533ms] [LOG] Registration successful, scope is: http://localhost:3001/ @ http://localhost:3001/src/routes/+layout.svelte:42
[  456577ms] [ERROR] view fail ReferenceError: viewID is not defined
    at extractNodeIdFromSvgId (http://localhost:3001/src/lib/components/View.svelte:150:40)
    at attachNodeListeners (http://localhost:3001/src/lib/components/View.svelte:110:19)
    at handleStateChange (http://localhost:3001/src/lib/components/View.svelte:289:6) @ http://localhost:3001/src/lib/components/View.svelte:303
[  456577ms] [LOG] [plausible] render {diagramType: flowchart-v2, isRough: false, lengthBucket: 0-10, renderTimeMsBucket: 50-100} @ http://localhost:3001/src/lib/util/stats.ts:89
[  457024ms] [LOG] [plausible] version {mermaidVersion: 11.14.0} @ http://localhost:3001/src/lib/util/stats.ts:89
[  457075ms] [LOG] Loading '' @ http://localhost:3001/src/lib/util/state.ts:192
[  457119ms] [LOG] Registration successful, scope is: http://localhost:3001/ @ http://localhost:3001/src/routes/+layout.svelte:42
[  457156ms] [ERROR] view fail ReferenceError: viewID is not defined
    at extractNodeIdFromSvgId (http://localhost:3001/src/lib/components/View.svelte:150:40)
    at attachNodeListeners (http://localhost:3001/src/lib/components/View.svelte:110:19)
    at handleStateChange (http://localhost:3001/src/lib/components/View.svelte:289:6) @ http://localhost:3001/src/lib/components/View.svelte:303
[  457156ms] [LOG] [plausible] render {diagramType: flowchart-v2, isRough: false, lengthBucket: 0-10, renderTimeMsBucket: 50-100} @ http://localhost:3001/src/lib/util/stats.ts:89
[  457591ms] [LOG] [plausible] version {mermaidVersion: 11.14.0} @ http://localhost:3001/src/lib/util/stats.ts:89
[  457644ms] [LOG] Loading '' @ http://localhost:3001/src/lib/util/state.ts:192
[  457685ms] [LOG] Registration successful, scope is: http://localhost:3001/ @ http://localhost:3001/src/routes/+layout.svelte:42
[  457715ms] [ERROR] view fail ReferenceError: viewID is not defined
    at extractNodeIdFromSvgId (http://localhost:3001/src/lib/components/View.svelte:150:40)
    at attachNodeListeners (http://localhost:3001/src/lib/components/View.svelte:110:19)
    at handleStateChange (http://localhost:3001/src/lib/components/View.svelte:289:6) @ http://localhost:3001/src/lib/components/View.svelte:303
[  457716ms] [LOG] [plausible] render {diagramType: flowchart-v2, isRough: false, lengthBucket: 0-10, renderTimeMsBucket: 50-100} @ http://localhost:3001/src/lib/util/stats.ts:89
[  458154ms] [LOG] [plausible] version {mermaidVersion: 11.14.0} @ http://localhost:3001/src/lib/util/stats.ts:89
[  458204ms] [LOG] Loading '' @ http://localhost:3001/src/lib/util/state.ts:192
[  458248ms] [LOG] Registration successful, scope is: http://localhost:3001/ @ http://localhost:3001/src/routes/+layout.svelte:42
[  458281ms] [ERROR] view fail ReferenceError: viewID is not defined
    at extractNodeIdFromSvgId (http://localhost:3001/src/lib/components/View.svelte:150:40)
    at attachNodeListeners (http://localhost:3001/src/lib/components/View.svelte:110:19)
    at handleStateChange (http://localhost:3001/src/lib/components/View.svelte:289:6) @ http://localhost:3001/src/lib/components/View.svelte:303
[  458281ms] [LOG] [plausible] render {diagramType: flowchart-v2, isRough: false, lengthBucket: 0-10, renderTimeMsBucket: 50-100} @ http://localhost:3001/src/lib/util/stats.ts:89
[  459358ms] [LOG] [plausible] version {mermaidVersion: 11.14.0} @ http://localhost:3001/src/lib/util/stats.ts:89
[  459433ms] [LOG] Loading '' @ http://localhost:3001/src/lib/util/state.ts:192
[  459487ms] [LOG] Registration successful, scope is: http://localhost:3001/ @ http://localhost:3001/src/routes/+layout.svelte:42
[  459538ms] [ERROR] view fail ReferenceError: viewID is not defined
    at extractNodeIdFromSvgId (http://localhost:3001/src/lib/components/View.svelte:150:40)
    at attachNodeListeners (http://localhost:3001/src/lib/components/View.svelte:110:19)
    at handleStateChange (http://localhost:3001/src/lib/components/View.svelte:289:6) @ http://localhost:3001/src/lib/components/View.svelte:303
[  459539ms] [LOG] [plausible] render {diagramType: flowchart-v2, isRough: false, lengthBucket: 0-10, renderTimeMsBucket: 50-100} @ http://localhost:3001/src/lib/util/stats.ts:89
[  460173ms] [LOG] [plausible] version {mermaidVersion: 11.14.0} @ http://localhost:3001/src/lib/util/stats.ts:89
[  460247ms] [LOG] Loading '' @ http://localhost:3001/src/lib/util/state.ts:192
[  460298ms] [LOG] Registration successful, scope is: http://localhost:3001/ @ http://localhost:3001/src/routes/+layout.svelte:42
[  460342ms] [ERROR] view fail ReferenceError: viewID is not defined
    at extractNodeIdFromSvgId (http://localhost:3001/src/lib/components/View.svelte:150:40)
    at attachNodeListeners (http://localhost:3001/src/lib/components/View.svelte:110:19)
    at handleStateChange (http://localhost:3001/src/lib/components/View.svelte:289:6) @ http://localhost:3001/src/lib/components/View.svelte:303
[  460342ms] [LOG] [plausible] render {diagramType: flowchart-v2, isRough: false, lengthBucket: 0-10, renderTimeMsBucket: 50-100} @ http://localhost:3001/src/lib/util/stats.ts:89
[  461692ms] [LOG] [plausible] version {mermaidVersion: 11.14.0} @ http://localhost:3001/src/lib/util/stats.ts:89
[  461756ms] [LOG] Loading '' @ http://localhost:3001/src/lib/util/state.ts:192
[  461818ms] [LOG] Registration successful, scope is: http://localhost:3001/ @ http://localhost:3001/src/routes/+layout.svelte:42
[  461885ms] [ERROR] view fail ReferenceError: viewID is not defined
    at extractNodeIdFromSvgId (http://localhost:3001/src/lib/components/View.svelte:150:40)
    at attachNodeListeners (http://localhost:3001/src/lib/components/View.svelte:110:19)
    at handleStateChange (http://localhost:3001/src/lib/components/View.svelte:289:6) @ http://localhost:3001/src/lib/components/View.svelte:303
[  461885ms] [LOG] [plausible] render {diagramType: flowchart-v2, isRough: false, lengthBucket: 0-10, renderTimeMsBucket: 100-200} @ http://localhost:3001/src/lib/util/stats.ts:89
[  462660ms] [LOG] [plausible] version {mermaidVersion: 11.14.0} @ http://localhost:3001/src/lib/util/stats.ts:89
[  462727ms] [LOG] Loading '' @ http://localhost:3001/src/lib/util/state.ts:192
[  462788ms] [LOG] Registration successful, scope is: http://localhost:3001/ @ http://localhost:3001/src/routes/+layout.svelte:42
[  462827ms] [ERROR] view fail ReferenceError: viewID is not defined
    at extractNodeIdFromSvgId (http://localhost:3001/src/lib/components/View.svelte:150:40)
    at attachNodeListeners (http://localhost:3001/src/lib/components/View.svelte:110:19)
    at handleStateChange (http://localhost:3001/src/lib/components/View.svelte:289:6) @ http://localhost:3001/src/lib/components/View.svelte:303
[  462827ms] [LOG] [plausible] render {diagramType: flowchart-v2, isRough: false, lengthBucket: 0-10, renderTimeMsBucket: 50-100} @ http://localhost:3001/src/lib/util/stats.ts:89
[  463462ms] [LOG] [plausible] version {mermaidVersion: 11.14.0} @ http://localhost:3001/src/lib/util/stats.ts:89
[  463529ms] [LOG] Loading '' @ http://localhost:3001/src/lib/util/state.ts:192
[  463589ms] [LOG] Registration successful, scope is: http://localhost:3001/ @ http://localhost:3001/src/routes/+layout.svelte:42
[  463628ms] [ERROR] view fail ReferenceError: viewID is not defined
    at extractNodeIdFromSvgId (http://localhost:3001/src/lib/components/View.svelte:150:40)
    at attachNodeListeners (http://localhost:3001/src/lib/components/View.svelte:110:19)
    at handleStateChange (http://localhost:3001/src/lib/components/View.svelte:289:6) @ http://localhost:3001/src/lib/components/View.svelte:303
[  463628ms] [LOG] [plausible] render {diagramType: flowchart-v2, isRough: false, lengthBucket: 0-10, renderTimeMsBucket: 50-100} @ http://localhost:3001/src/lib/util/stats.ts:89
[  464241ms] [LOG] [plausible] version {mermaidVersion: 11.14.0} @ http://localhost:3001/src/lib/util/stats.ts:89
[  464307ms] [LOG] Loading '' @ http://localhost:3001/src/lib/util/state.ts:192
[  464365ms] [LOG] Registration successful, scope is: http://localhost:3001/ @ http://localhost:3001/src/routes/+layout.svelte:42
[  464405ms] [ERROR] view fail ReferenceError: viewID is not defined
    at extractNodeIdFromSvgId (http://localhost:3001/src/lib/components/View.svelte:150:40)
    at attachNodeListeners (http://localhost:3001/src/lib/components/View.svelte:110:19)
    at handleStateChange (http://localhost:3001/src/lib/components/View.svelte:289:6) @ http://localhost:3001/src/lib/components/View.svelte:303
[  464405ms] [LOG] [plausible] render {diagramType: flowchart-v2, isRough: false, lengthBucket: 0-10, renderTimeMsBucket: 50-100} @ http://localhost:3001/src/lib/util/stats.ts:89
[  464976ms] [LOG] [plausible] version {mermaidVersion: 11.14.0} @ http://localhost:3001/src/lib/util/stats.ts:89
[  465044ms] [LOG] Loading '' @ http://localhost:3001/src/lib/util/state.ts:192
[  465096ms] [LOG] Registration successful, scope is: http://localhost:3001/ @ http://localhost:3001/src/routes/+layout.svelte:42
[  465143ms] [ERROR] view fail ReferenceError: viewID is not defined
    at extractNodeIdFromSvgId (http://localhost:3001/src/lib/components/View.svelte:150:40)
    at attachNodeListeners (http://localhost:3001/src/lib/components/View.svelte:110:19)
    at handleStateChange (http://localhost:3001/src/lib/components/View.svelte:289:6) @ http://localhost:3001/src/lib/components/View.svelte:303
[  465143ms] [LOG] [plausible] render {diagramType: flowchart-v2, isRough: false, lengthBucket: 0-10, renderTimeMsBucket: 50-100} @ http://localhost:3001/src/lib/util/stats.ts:89
[  465797ms] [LOG] [plausible] version {mermaidVersion: 11.14.0} @ http://localhost:3001/src/lib/util/stats.ts:89
[  465859ms] [LOG] Loading '' @ http://localhost:3001/src/lib/util/state.ts:192
[  465917ms] [LOG] Registration successful, scope is: http://localhost:3001/ @ http://localhost:3001/src/routes/+layout.svelte:42
[  465955ms] [ERROR] view fail ReferenceError: viewID is not defined
    at extractNodeIdFromSvgId (http://localhost:3001/src/lib/components/View.svelte:150:40)
    at attachNodeListeners (http://localhost:3001/src/lib/components/View.svelte:110:19)
    at handleStateChange (http://localhost:3001/src/lib/components/View.svelte:289:6) @ http://localhost:3001/src/lib/components/View.svelte:303
[  465955ms] [LOG] [plausible] render {diagramType: flowchart-v2, isRough: false, lengthBucket: 0-10, renderTimeMsBucket: 50-100} @ http://localhost:3001/src/lib/util/stats.ts:89
[  466544ms] [LOG] [plausible] version {mermaidVersion: 11.14.0} @ http://localhost:3001/src/lib/util/stats.ts:89
[  466613ms] [LOG] Loading '' @ http://localhost:3001/src/lib/util/state.ts:192
[  466668ms] [LOG] Registration successful, scope is: http://localhost:3001/ @ http://localhost:3001/src/routes/+layout.svelte:42
[  466723ms] [ERROR] view fail ReferenceError: viewID is not defined
    at extractNodeIdFromSvgId (http://localhost:3001/src/lib/components/View.svelte:150:40)
    at attachNodeListeners (http://localhost:3001/src/lib/components/View.svelte:110:19)
    at handleStateChange (http://localhost:3001/src/lib/components/View.svelte:289:6) @ http://localhost:3001/src/lib/components/View.svelte:303
[  466724ms] [LOG] [plausible] render {diagramType: flowchart-v2, isRough: false, lengthBucket: 0-10, renderTimeMsBucket: 50-100} @ http://localhost:3001/src/lib/util/stats.ts:89
[  467357ms] [LOG] [plausible] version {mermaidVersion: 11.14.0} @ http://localhost:3001/src/lib/util/stats.ts:89
[  467427ms] [LOG] Loading '' @ http://localhost:3001/src/lib/util/state.ts:192
[  467490ms] [LOG] Registration successful, scope is: http://localhost:3001/ @ http://localhost:3001/src/routes/+layout.svelte:42
[  467532ms] [ERROR] view fail ReferenceError: viewID is not defined
    at extractNodeIdFromSvgId (http://localhost:3001/src/lib/components/View.svelte:150:40)
    at attachNodeListeners (http://localhost:3001/src/lib/components/View.svelte:110:19)
    at handleStateChange (http://localhost:3001/src/lib/components/View.svelte:289:6) @ http://localhost:3001/src/lib/components/View.svelte:303
[  467532ms] [LOG] [plausible] render {diagramType: flowchart-v2, isRough: false, lengthBucket: 0-10, renderTimeMsBucket: 50-100} @ http://localhost:3001/src/lib/util/stats.ts:89
[  468124ms] [LOG] [plausible] version {mermaidVersion: 11.14.0} @ http://localhost:3001/src/lib/util/stats.ts:89
[  468196ms] [LOG] Loading '' @ http://localhost:3001/src/lib/util/state.ts:192
[  468253ms] [LOG] Registration successful, scope is: http://localhost:3001/ @ http://localhost:3001/src/routes/+layout.svelte:42
[  468290ms] [ERROR] view fail ReferenceError: viewID is not defined
    at extractNodeIdFromSvgId (http://localhost:3001/src/lib/components/View.svelte:150:40)
    at attachNodeListeners (http://localhost:3001/src/lib/components/View.svelte:110:19)
    at handleStateChange (http://localhost:3001/src/lib/components/View.svelte:289:6) @ http://localhost:3001/src/lib/components/View.svelte:303
[  468290ms] [LOG] [plausible] render {diagramType: flowchart-v2, isRough: false, lengthBucket: 0-10, renderTimeMsBucket: 50-100} @ http://localhost:3001/src/lib/util/stats.ts:89
[  468989ms] [LOG] [plausible] version {mermaidVersion: 11.14.0} @ http://localhost:3001/src/lib/util/stats.ts:89
[  469072ms] [LOG] Loading '' @ http://localhost:3001/src/lib/util/state.ts:192
[  469139ms] [LOG] Registration successful, scope is: http://localhost:3001/ @ http://localhost:3001/src/routes/+layout.svelte:42
[  469190ms] [ERROR] view fail ReferenceError: viewID is not defined
    at extractNodeIdFromSvgId (http://localhost:3001/src/lib/components/View.svelte:150:40)
    at attachNodeListeners (http://localhost:3001/src/lib/components/View.svelte:110:19)
    at handleStateChange (http://localhost:3001/src/lib/components/View.svelte:289:6) @ http://localhost:3001/src/lib/components/View.svelte:303
[  469190ms] [LOG] [plausible] render {diagramType: flowchart-v2, isRough: false, lengthBucket: 0-10, renderTimeMsBucket: 50-100} @ http://localhost:3001/src/lib/util/stats.ts:89
[  469810ms] [LOG] [plausible] version {mermaidVersion: 11.14.0} @ http://localhost:3001/src/lib/util/stats.ts:89
[  469871ms] [LOG] Loading '' @ http://localhost:3001/src/lib/util/state.ts:192
[  469921ms] [LOG] Registration successful, scope is: http://localhost:3001/ @ http://localhost:3001/src/routes/+layout.svelte:42
[  469956ms] [ERROR] view fail ReferenceError: viewID is not defined
    at extractNodeIdFromSvgId (http://localhost:3001/src/lib/components/View.svelte:150:40)
    at attachNodeListeners (http://localhost:3001/src/lib/components/View.svelte:110:19)
    at handleStateChange (http://localhost:3001/src/lib/components/View.svelte:289:6) @ http://localhost:3001/src/lib/components/View.svelte:303
[  469956ms] [LOG] [plausible] render {diagramType: flowchart-v2, isRough: false, lengthBucket: 0-10, renderTimeMsBucket: 50-100} @ http://localhost:3001/src/lib/util/stats.ts:89
[  470214ms] [WARNING] Avoid using `history.pushState(...)` and `history.replaceState(...)` as these will conflict with SvelteKit's router. Use the `pushState` and `replaceState` imports from `$app/navigation` instead. @ http://localhost:3001/node_modules/.pnpm/@sveltejs+kit@2.37.0_@svelt_451e8418fb2bf1e4b93263c948f3b481/node_modules/@sveltejs/kit/src/runtime/client/client.js?v=5ec1b7ca:3085
[  470964ms] [LOG] [plausible] version {mermaidVersion: 11.14.0} @ http://localhost:3001/src/lib/util/stats.ts:89
[  471031ms] [LOG] Loading 'pako:eNpFTsluwjAQ_RVrELeAIEsdfKiUgNQf6KmYwxDbSVQvyHHUpij_XpMKdU7ztpl3h8YJCQyUdl9Nhz6Q9xO36zVpnDHSBkYqfeuQDJ0btSBDwIn09qlyW50X_UI2m1dS1edaBrxEul6I4_kNjXkQQ5i0jAaieq3ZSqkmDiTQ-l4AC36UCRjpDT4g3LklhEPopJEcWFyFVDjqwIHbOcZuaD-cM8-kd2PbAVOoh4jGm8AgTz22Hv8t0grpj260AVixXAB2h29gaUq32Z4Wu3K3L2mRlwlMkd1vDxnNs8MLzVJa0JLOCfwsP3fbaEv-2tXYfLbxvX3UXjV4za85zL8WD2z8' @ http://localhost:3001/src/lib/util/state.ts:192
[  471085ms] [LOG] Registration successful, scope is: http://localhost:3001/ @ http://localhost:3001/src/routes/+layout.svelte:42
[  471139ms] [ERROR] view fail ReferenceError: viewID is not defined
    at extractNodeIdFromSvgId (http://localhost:3001/src/lib/components/View.svelte:150:40)
    at attachNodeListeners (http://localhost:3001/src/lib/components/View.svelte:110:19)
    at handleStateChange (http://localhost:3001/src/lib/components/View.svelte:289:6) @ http://localhost:3001/src/lib/components/View.svelte:303
[  471139ms] [LOG] [plausible] render {diagramType: flowchart-v2, isRough: false, lengthBucket: 0-10, renderTimeMsBucket: 50-100} @ http://localhost:3001/src/lib/util/stats.ts:89
[  471763ms] [LOG] [plausible] version {mermaidVersion: 11.14.0} @ http://localhost:3001/src/lib/util/stats.ts:89
[  471842ms] [LOG] Loading 'pako:eNpFTsluwjAQ_RVrELeAIEsdfKiUgNQf6KmYwxDbSVQvyHHUpij_XpMKdU7ztpl3h8YJCQyUdl9Nhz6Q9xO36zVpnDHSBkYqfeuQDJ0btSBDwIn09qlyW50X_UI2m1dS1edaBrxEul6I4_kNjXkQQ5i0jAaieq3ZSqkmDiTQ-l4AC36UCRjpDT4g3LklhEPopJEcWFyFVDjqwIHbOcZuaD-cM8-kd2PbAVOoh4jGm8AgTz22Hv8t0grpj260AVixXAB2h29gaUq32Z4Wu3K3L2mRlwlMkd1vDxnNs8MLzVJa0JLOCfwsP3fbaEv-2tXYfLbxvX3UXjV4za85zL8WD2z8' @ http://localhost:3001/src/lib/util/state.ts:192
[  471894ms] [LOG] Registration successful, scope is: http://localhost:3001/ @ http://localhost:3001/src/routes/+layout.svelte:42
[  471926ms] [ERROR] view fail ReferenceError: viewID is not defined
    at extractNodeIdFromSvgId (http://localhost:3001/src/lib/components/View.svelte:150:40)
    at attachNodeListeners (http://localhost:3001/src/lib/components/View.svelte:110:19)
    at handleStateChange (http://localhost:3001/src/lib/components/View.svelte:289:6) @ http://localhost:3001/src/lib/components/View.svelte:303
[  471926ms] [LOG] [plausible] render {diagramType: flowchart-v2, isRough: false, lengthBucket: 0-10, renderTimeMsBucket: 50-100} @ http://localhost:3001/src/lib/util/stats.ts:89
[  472539ms] [LOG] [plausible] version {mermaidVersion: 11.14.0} @ http://localhost:3001/src/lib/util/stats.ts:89
[  472604ms] [LOG] Loading 'pako:eNpFTsluwjAQ_RVrELeAIEsdfKiUgNQf6KmYwxDbSVQvyHHUpij_XpMKdU7ztpl3h8YJCQyUdl9Nhz6Q9xO36zVpnDHSBkYqfeuQDJ0btSBDwIn09qlyW50X_UI2m1dS1edaBrxEul6I4_kNjXkQQ5i0jAaieq3ZSqkmDiTQ-l4AC36UCRjpDT4g3LklhEPopJEcWFyFVDjqwIHbOcZuaD-cM8-kd2PbAVOoh4jGm8AgTz22Hv8t0grpj260AVixXAB2h29gaUq32Z4Wu3K3L2mRlwlMkd1vDxnNs8MLzVJa0JLOCfwsP3fbaEv-2tXYfLbxvX3UXjV4za85zL8WD2z8' @ http://localhost:3001/src/lib/util/state.ts:192
[  472657ms] [LOG] Registration successful, scope is: http://localhost:3001/ @ http://localhost:3001/src/routes/+layout.svelte:42
[  472710ms] [ERROR] view fail ReferenceError: viewID is not defined
    at extractNodeIdFromSvgId (http://localhost:3001/src/lib/components/View.svelte:150:40)
    at attachNodeListeners (http://localhost:3001/src/lib/components/View.svelte:110:19)
    at handleStateChange (http://localhost:3001/src/lib/components/View.svelte:289:6) @ http://localhost:3001/src/lib/components/View.svelte:303
[  472711ms] [LOG] [plausible] render {diagramType: flowchart-v2, isRough: false, lengthBucket: 0-10, renderTimeMsBucket: 50-100} @ http://localhost:3001/src/lib/util/stats.ts:89
[  474277ms] [LOG] [plausible] version {mermaidVersion: 11.14.0} @ http://localhost:3001/src/lib/util/stats.ts:89
[  474329ms] [LOG] Loading 'pako:eNpFTsluwjAQ_RVrELeAIEsdfKiUgNQf6KmYwxDbSVQvyHHUpij_XpMKdU7ztpl3h8YJCQyUdl9Nhz6Q9xO36zVpnDHSBkYqfeuQDJ0btSBDwIn09qlyW50X_UI2m1dS1edaBrxEul6I4_kNjXkQQ5i0jAaieq3ZSqkmDiTQ-l4AC36UCRjpDT4g3LklhEPopJEcWFyFVDjqwIHbOcZuaD-cM8-kd2PbAVOoh4jGm8AgTz22Hv8t0grpj260AVixXAB2h29gaUq32Z4Wu3K3L2mRlwlMkd1vDxnNs8MLzVJa0JLOCfwsP3fbaEv-2tXYfLbxvX3UXjV4za85zL8WD2z8' @ http://localhost:3001/src/lib/util/state.ts:192
[  474380ms] [LOG] Registration successful, scope is: http://localhost:3001/ @ http://localhost:3001/src/routes/+layout.svelte:42
[  474432ms] [ERROR] view fail ReferenceError: viewID is not defined
    at extractNodeIdFromSvgId (http://localhost:3001/src/lib/components/View.svelte:150:40)
    at attachNodeListeners (http://localhost:3001/src/lib/components/View.svelte:110:19)
    at handleStateChange (http://localhost:3001/src/lib/components/View.svelte:289:6) @ http://localhost:3001/src/lib/components/View.svelte:303
[  474432ms] [LOG] [plausible] render {diagramType: flowchart-v2, isRough: false, lengthBucket: 0-10, renderTimeMsBucket: 50-100} @ http://localhost:3001/src/lib/util/stats.ts:89
[  475174ms] [LOG] [plausible] version {mermaidVersion: 11.14.0} @ http://localhost:3001/src/lib/util/stats.ts:89
[  475232ms] [LOG] Loading 'pako:eNpFTsluwjAQ_RVrELeAIEsdfKiUgNQf6KmYwxDbSVQvyHHUpij_XpMKdU7ztpl3h8YJCQyUdl9Nhz6Q9xO36zVpnDHSBkYqfeuQDJ0btSBDwIn09qlyW50X_UI2m1dS1edaBrxEul6I4_kNjXkQQ5i0jAaieq3ZSqkmDiTQ-l4AC36UCRjpDT4g3LklhEPopJEcWFyFVDjqwIHbOcZuaD-cM8-kd2PbAVOoh4jGm8AgTz22Hv8t0grpj260AVixXAB2h29gaUq32Z4Wu3K3L2mRlwlMkd1vDxnNs8MLzVJa0JLOCfwsP3fbaEv-2tXYfLbxvX3UXjV4za85zL8WD2z8' @ http://localhost:3001/src/lib/util/state.ts:192
[  475281ms] [LOG] Registration successful, scope is: http://localhost:3001/ @ http://localhost:3001/src/routes/+layout.svelte:42
[  475345ms] [ERROR] view fail ReferenceError: viewID is not defined
    at extractNodeIdFromSvgId (http://localhost:3001/src/lib/components/View.svelte:150:40)
    at attachNodeListeners (http://localhost:3001/src/lib/components/View.svelte:110:19)
    at handleStateChange (http://localhost:3001/src/lib/components/View.svelte:289:6) @ http://localhost:3001/src/lib/components/View.svelte:303
[  475345ms] [LOG] [plausible] render {diagramType: flowchart-v2, isRough: false, lengthBucket: 0-10, renderTimeMsBucket: 50-100} @ http://localhost:3001/src/lib/util/stats.ts:89
[  475826ms] [LOG] [plausible] version {mermaidVersion: 11.14.0} @ http://localhost:3001/src/lib/util/stats.ts:89
[  475892ms] [LOG] Loading 'pako:eNpFTsluwjAQ_RVrELeAIEsdfKiUgNQf6KmYwxDbSVQvyHHUpij_XpMKdU7ztpl3h8YJCQyUdl9Nhz6Q9xO36zVpnDHSBkYqfeuQDJ0btSBDwIn09qlyW50X_UI2m1dS1edaBrxEul6I4_kNjXkQQ5i0jAaieq3ZSqkmDiTQ-l4AC36UCRjpDT4g3LklhEPopJEcWFyFVDjqwIHbOcZuaD-cM8-kd2PbAVOoh4jGm8AgTz22Hv8t0grpj260AVixXAB2h29gaUq32Z4Wu3K3L2mRlwlMkd1vDxnNs8MLzVJa0JLOCfwsP3fbaEv-2tXYfLbxvX3UXjV4za85zL8WD2z8' @ http://localhost:3001/src/lib/util/state.ts:192
[  475948ms] [LOG] Registration successful, scope is: http://localhost:3001/ @ http://localhost:3001/src/routes/+layout.svelte:42
[  475992ms] [ERROR] view fail ReferenceError: viewID is not defined
    at extractNodeIdFromSvgId (http://localhost:3001/src/lib/components/View.svelte:150:40)
    at attachNodeListeners (http://localhost:3001/src/lib/components/View.svelte:110:19)
    at handleStateChange (http://localhost:3001/src/lib/components/View.svelte:289:6) @ http://localhost:3001/src/lib/components/View.svelte:303
[  475992ms] [LOG] [plausible] render {diagramType: flowchart-v2, isRough: false, lengthBucket: 0-10, renderTimeMsBucket: 50-100} @ http://localhost:3001/src/lib/util/stats.ts:89
[  476518ms] [LOG] [plausible] version {mermaidVersion: 11.14.0} @ http://localhost:3001/src/lib/util/stats.ts:89
[  476577ms] [LOG] Loading 'pako:eNpFTsluwjAQ_RVrELeAIEsdfKiUgNQf6KmYwxDbSVQvyHHUpij_XpMKdU7ztpl3h8YJCQyUdl9Nhz6Q9xO36zVpnDHSBkYqfeuQDJ0btSBDwIn09qlyW50X_UI2m1dS1edaBrxEul6I4_kNjXkQQ5i0jAaieq3ZSqkmDiTQ-l4AC36UCRjpDT4g3LklhEPopJEcWFyFVDjqwIHbOcZuaD-cM8-kd2PbAVOoh4jGm8AgTz22Hv8t0grpj260AVixXAB2h29gaUq32Z4Wu3K3L2mRlwlMkd1vDxnNs8MLzVJa0JLOCfwsP3fbaEv-2tXYfLbxvX3UXjV4za85zL8WD2z8' @ http://localhost:3001/src/lib/util/state.ts:192
[  476627ms] [LOG] Registration successful, scope is: http://localhost:3001/ @ http://localhost:3001/src/routes/+layout.svelte:42
[  476660ms] [ERROR] view fail ReferenceError: viewID is not defined
    at extractNodeIdFromSvgId (http://localhost:3001/src/lib/components/View.svelte:150:40)
    at attachNodeListeners (http://localhost:3001/src/lib/components/View.svelte:110:19)
    at handleStateChange (http://localhost:3001/src/lib/components/View.svelte:289:6) @ http://localhost:3001/src/lib/components/View.svelte:303
[  476660ms] [LOG] [plausible] render {diagramType: flowchart-v2, isRough: false, lengthBucket: 0-10, renderTimeMsBucket: 50-100} @ http://localhost:3001/src/lib/util/stats.ts:89
[  477162ms] [LOG] [plausible] version {mermaidVersion: 11.14.0} @ http://localhost:3001/src/lib/util/stats.ts:89
[  477226ms] [LOG] Loading 'pako:eNpFTsluwjAQ_RVrELeAIEsdfKiUgNQf6KmYwxDbSVQvyHHUpij_XpMKdU7ztpl3h8YJCQyUdl9Nhz6Q9xO36zVpnDHSBkYqfeuQDJ0btSBDwIn09qlyW50X_UI2m1dS1edaBrxEul6I4_kNjXkQQ5i0jAaieq3ZSqkmDiTQ-l4AC36UCRjpDT4g3LklhEPopJEcWFyFVDjqwIHbOcZuaD-cM8-kd2PbAVOoh4jGm8AgTz22Hv8t0grpj260AVixXAB2h29gaUq32Z4Wu3K3L2mRlwlMkd1vDxnNs8MLzVJa0JLOCfwsP3fbaEv-2tXYfLbxvX3UXjV4za85zL8WD2z8' @ http://localhost:3001/src/lib/util/state.ts:192
[  477282ms] [LOG] Registration successful, scope is: http://localhost:3001/ @ http://localhost:3001/src/routes/+layout.svelte:42
[  477323ms] [ERROR] view fail ReferenceError: viewID is not defined
    at extractNodeIdFromSvgId (http://localhost:3001/src/lib/components/View.svelte:150:40)
    at attachNodeListeners (http://localhost:3001/src/lib/components/View.svelte:110:19)
    at handleStateChange (http://localhost:3001/src/lib/components/View.svelte:289:6) @ http://localhost:3001/src/lib/components/View.svelte:303
[  477323ms] [LOG] [plausible] render {diagramType: flowchart-v2, isRough: false, lengthBucket: 0-10, renderTimeMsBucket: 50-100} @ http://localhost:3001/src/lib/util/stats.ts:89
[  478133ms] [LOG] [plausible] version {mermaidVersion: 11.14.0} @ http://localhost:3001/src/lib/util/stats.ts:89
[  478197ms] [LOG] Loading 'pako:eNpFTsluwjAQ_RVrELeAIEsdfKiUgNQf6KmYwxDbSVQvyHHUpij_XpMKdU7ztpl3h8YJCQyUdl9Nhz6Q9xO36zVpnDHSBkYqfeuQDJ0btSBDwIn09qlyW50X_UI2m1dS1edaBrxEul6I4_kNjXkQQ5i0jAaieq3ZSqkmDiTQ-l4AC36UCRjpDT4g3LklhEPopJEcWFyFVDjqwIHbOcZuaD-cM8-kd2PbAVOoh4jGm8AgTz22Hv8t0grpj260AVixXAB2h29gaUq32Z4Wu3K3L2mRlwlMkd1vDxnNs8MLzVJa0JLOCfwsP3fbaEv-2tXYfLbxvX3UXjV4za85zL8WD2z8' @ http://localhost:3001/src/lib/util/state.ts:192
[  478254ms] [LOG] Registration successful, scope is: http://localhost:3001/ @ http://localhost:3001/src/routes/+layout.svelte:42
[  478301ms] [ERROR] view fail ReferenceError: viewID is not defined
    at extractNodeIdFromSvgId (http://localhost:3001/src/lib/components/View.svelte:150:40)
    at attachNodeListeners (http://localhost:3001/src/lib/components/View.svelte:110:19)
    at handleStateChange (http://localhost:3001/src/lib/components/View.svelte:289:6) @ http://localhost:3001/src/lib/components/View.svelte:303
[  478301ms] [LOG] [plausible] render {diagramType: flowchart-v2, isRough: false, lengthBucket: 0-10, renderTimeMsBucket: 50-100} @ http://localhost:3001/src/lib/util/stats.ts:89
[  478837ms] [LOG] [plausible] version {mermaidVersion: 11.14.0} @ http://localhost:3001/src/lib/util/stats.ts:89
[  478902ms] [LOG] Loading 'pako:eNpFTsluwjAQ_RVrELeAIEsdfKiUgNQf6KmYwxDbSVQvyHHUpij_XpMKdU7ztpl3h8YJCQyUdl9Nhz6Q9xO36zVpnDHSBkYqfeuQDJ0btSBDwIn09qlyW50X_UI2m1dS1edaBrxEul6I4_kNjXkQQ5i0jAaieq3ZSqkmDiTQ-l4AC36UCRjpDT4g3LklhEPopJEcWFyFVDjqwIHbOcZuaD-cM8-kd2PbAVOoh4jGm8AgTz22Hv8t0grpj260AVixXAB2h29gaUq32Z4Wu3K3L2mRlwlMkd1vDxnNs8MLzVJa0JLOCfwsP3fbaEv-2tXYfLbxvX3UXjV4za85zL8WD2z8' @ http://localhost:3001/src/lib/util/state.ts:192
[  478955ms] [LOG] Registration successful, scope is: http://localhost:3001/ @ http://localhost:3001/src/routes/+layout.svelte:42
[  478993ms] [ERROR] view fail ReferenceError: viewID is not defined
    at extractNodeIdFromSvgId (http://localhost:3001/src/lib/components/View.svelte:150:40)
    at attachNodeListeners (http://localhost:3001/src/lib/components/View.svelte:110:19)
    at handleStateChange (http://localhost:3001/src/lib/components/View.svelte:289:6) @ http://localhost:3001/src/lib/components/View.svelte:303
[  478993ms] [LOG] [plausible] render {diagramType: flowchart-v2, isRough: false, lengthBucket: 0-10, renderTimeMsBucket: 50-100} @ http://localhost:3001/src/lib/util/stats.ts:89
[  479511ms] [LOG] [plausible] version {mermaidVersion: 11.14.0} @ http://localhost:3001/src/lib/util/stats.ts:89
[  479574ms] [LOG] Loading 'pako:eNpFTsluwjAQ_RVrELeAIEsdfKiUgNQf6KmYwxDbSVQvyHHUpij_XpMKdU7ztpl3h8YJCQyUdl9Nhz6Q9xO36zVpnDHSBkYqfeuQDJ0btSBDwIn09qlyW50X_UI2m1dS1edaBrxEul6I4_kNjXkQQ5i0jAaieq3ZSqkmDiTQ-l4AC36UCRjpDT4g3LklhEPopJEcWFyFVDjqwIHbOcZuaD-cM8-kd2PbAVOoh4jGm8AgTz22Hv8t0grpj260AVixXAB2h29gaUq32Z4Wu3K3L2mRlwlMkd1vDxnNs8MLzVJa0JLOCfwsP3fbaEv-2tXYfLbxvX3UXjV4za85zL8WD2z8' @ http://localhost:3001/src/lib/util/state.ts:192
[  479634ms] [LOG] Registration successful, scope is: http://localhost:3001/ @ http://localhost:3001/src/routes/+layout.svelte:42
[  479683ms] [ERROR] view fail ReferenceError: viewID is not defined
    at extractNodeIdFromSvgId (http://localhost:3001/src/lib/components/View.svelte:150:40)
    at attachNodeListeners (http://localhost:3001/src/lib/components/View.svelte:110:19)
    at handleStateChange (http://localhost:3001/src/lib/components/View.svelte:289:6) @ http://localhost:3001/src/lib/components/View.svelte:303
[  479683ms] [LOG] [plausible] render {diagramType: flowchart-v2, isRough: false, lengthBucket: 0-10, renderTimeMsBucket: 50-100} @ http://localhost:3001/src/lib/util/stats.ts:89
[  480147ms] [LOG] [plausible] version {mermaidVersion: 11.14.0} @ http://localhost:3001/src/lib/util/stats.ts:89
[  480219ms] [LOG] Loading 'pako:eNpFTsluwjAQ_RVrELeAIEsdfKiUgNQf6KmYwxDbSVQvyHHUpij_XpMKdU7ztpl3h8YJCQyUdl9Nhz6Q9xO36zVpnDHSBkYqfeuQDJ0btSBDwIn09qlyW50X_UI2m1dS1edaBrxEul6I4_kNjXkQQ5i0jAaieq3ZSqkmDiTQ-l4AC36UCRjpDT4g3LklhEPopJEcWFyFVDjqwIHbOcZuaD-cM8-kd2PbAVOoh4jGm8AgTz22Hv8t0grpj260AVixXAB2h29gaUq32Z4Wu3K3L2mRlwlMkd1vDxnNs8MLzVJa0JLOCfwsP3fbaEv-2tXYfLbxvX3UXjV4za85zL8WD2z8' @ http://localhost:3001/src/lib/util/state.ts:192
[  480278ms] [LOG] Registration successful, scope is: http://localhost:3001/ @ http://localhost:3001/src/routes/+layout.svelte:42
[  480318ms] [ERROR] view fail ReferenceError: viewID is not defined
    at extractNodeIdFromSvgId (http://localhost:3001/src/lib/components/View.svelte:150:40)
    at attachNodeListeners (http://localhost:3001/src/lib/components/View.svelte:110:19)
    at handleStateChange (http://localhost:3001/src/lib/components/View.svelte:289:6) @ http://localhost:3001/src/lib/components/View.svelte:303
[  480319ms] [LOG] [plausible] render {diagramType: flowchart-v2, isRough: false, lengthBucket: 0-10, renderTimeMsBucket: 50-100} @ http://localhost:3001/src/lib/util/stats.ts:89
[  480755ms] [LOG] [plausible] version {mermaidVersion: 11.14.0} @ http://localhost:3001/src/lib/util/stats.ts:89
[  480822ms] [LOG] Loading 'pako:eNpFTsluwjAQ_RVrELeAIEsdfKiUgNQf6KmYwxDbSVQvyHHUpij_XpMKdU7ztpl3h8YJCQyUdl9Nhz6Q9xO36zVpnDHSBkYqfeuQDJ0btSBDwIn09qlyW50X_UI2m1dS1edaBrxEul6I4_kNjXkQQ5i0jAaieq3ZSqkmDiTQ-l4AC36UCRjpDT4g3LklhEPopJEcWFyFVDjqwIHbOcZuaD-cM8-kd2PbAVOoh4jGm8AgTz22Hv8t0grpj260AVixXAB2h29gaUq32Z4Wu3K3L2mRlwlMkd1vDxnNs8MLzVJa0JLOCfwsP3fbaEv-2tXYfLbxvX3UXjV4za85zL8WD2z8' @ http://localhost:3001/src/lib/util/state.ts:192
[  480880ms] [LOG] Registration successful, scope is: http://localhost:3001/ @ http://localhost:3001/src/routes/+layout.svelte:42
[  480919ms] [ERROR] view fail ReferenceError: viewID is not defined
    at extractNodeIdFromSvgId (http://localhost:3001/src/lib/components/View.svelte:150:40)
    at attachNodeListeners (http://localhost:3001/src/lib/components/View.svelte:110:19)
    at handleStateChange (http://localhost:3001/src/lib/components/View.svelte:289:6) @ http://localhost:3001/src/lib/components/View.svelte:303
[  480919ms] [LOG] [plausible] render {diagramType: flowchart-v2, isRough: false, lengthBucket: 0-10, renderTimeMsBucket: 50-100} @ http://localhost:3001/src/lib/util/stats.ts:89
[  481458ms] [LOG] [plausible] version {mermaidVersion: 11.14.0} @ http://localhost:3001/src/lib/util/stats.ts:89
[  481521ms] [LOG] Loading 'pako:eNpFTsluwjAQ_RVrELeAIEsdfKiUgNQf6KmYwxDbSVQvyHHUpij_XpMKdU7ztpl3h8YJCQyUdl9Nhz6Q9xO36zVpnDHSBkYqfeuQDJ0btSBDwIn09qlyW50X_UI2m1dS1edaBrxEul6I4_kNjXkQQ5i0jAaieq3ZSqkmDiTQ-l4AC36UCRjpDT4g3LklhEPopJEcWFyFVDjqwIHbOcZuaD-cM8-kd2PbAVOoh4jGm8AgTz22Hv8t0grpj260AVixXAB2h29gaUq32Z4Wu3K3L2mRlwlMkd1vDxnNs8MLzVJa0JLOCfwsP3fbaEv-2tXYfLbxvX3UXjV4za85zL8WD2z8' @ http://localhost:3001/src/lib/util/state.ts:192
[  481572ms] [LOG] Registration successful, scope is: http://localhost:3001/ @ http://localhost:3001/src/routes/+layout.svelte:42
[  481609ms] [ERROR] view fail ReferenceError: viewID is not defined
    at extractNodeIdFromSvgId (http://localhost:3001/src/lib/components/View.svelte:150:40)
    at attachNodeListeners (http://localhost:3001/src/lib/components/View.svelte:110:19)
    at handleStateChange (http://localhost:3001/src/lib/components/View.svelte:289:6) @ http://localhost:3001/src/lib/components/View.svelte:303
[  481609ms] [LOG] [plausible] render {diagramType: flowchart-v2, isRough: false, lengthBucket: 0-10, renderTimeMsBucket: 50-100} @ http://localhost:3001/src/lib/util/stats.ts:89
[  482236ms] [LOG] [plausible] version {mermaidVersion: 11.14.0} @ http://localhost:3001/src/lib/util/stats.ts:89
[  482296ms] [LOG] Loading 'pako:eNpFTsluwjAQ_RVrELeAIEsdfKiUgNQf6KmYwxDbSVQvyHHUpij_XpMKdU7ztpl3h8YJCQyUdl9Nhz6Q9xO36zVpnDHSBkYqfeuQDJ0btSBDwIn09qlyW50X_UI2m1dS1edaBrxEul6I4_kNjXkQQ5i0jAaieq3ZSqkmDiTQ-l4AC36UCRjpDT4g3LklhEPopJEcWFyFVDjqwIHbOcZuaD-cM8-kd2PbAVOoh4jGm8AgTz22Hv8t0grpj260AVixXAB2h29gaUq32Z4Wu3K3L2mRlwlMkd1vDxnNs8MLzVJa0JLOCfwsP3fbaEv-2tXYfLbxvX3UXjV4za85zL8WD2z8' @ http://localhost:3001/src/lib/util/state.ts:192
[  482343ms] [LOG] Registration successful, scope is: http://localhost:3001/ @ http://localhost:3001/src/routes/+layout.svelte:42
[  482387ms] [ERROR] view fail ReferenceError: viewID is not defined
    at extractNodeIdFromSvgId (http://localhost:3001/src/lib/components/View.svelte:150:40)
    at attachNodeListeners (http://localhost:3001/src/lib/components/View.svelte:110:19)
    at handleStateChange (http://localhost:3001/src/lib/components/View.svelte:289:6) @ http://localhost:3001/src/lib/components/View.svelte:303
[  482387ms] [LOG] [plausible] render {diagramType: flowchart-v2, isRough: false, lengthBucket: 0-10, renderTimeMsBucket: 50-100} @ http://localhost:3001/src/lib/util/stats.ts:89
[  483008ms] [LOG] [plausible] version {mermaidVersion: 11.14.0} @ http://localhost:3001/src/lib/util/stats.ts:89
[  483058ms] [LOG] Loading 'pako:eNpFTsluwjAQ_RVrELeAIEsdfKiUgNQf6KmYwxDbSVQvyHHUpij_XpMKdU7ztpl3h8YJCQyUdl9Nhz6Q9xO36zVpnDHSBkYqfeuQDJ0btSBDwIn09qlyW50X_UI2m1dS1edaBrxEul6I4_kNjXkQQ5i0jAaieq3ZSqkmDiTQ-l4AC36UCRjpDT4g3LklhEPopJEcWFyFVDjqwIHbOcZuaD-cM8-kd2PbAVOoh4jGm8AgTz22Hv8t0grpj260AVixXAB2h29gaUq32Z4Wu3K3L2mRlwlMkd1vDxnNs8MLzVJa0JLOCfwsP3fbaEv-2tXYfLbxvX3UXjV4za85zL8WD2z8' @ http://localhost:3001/src/lib/util/state.ts:192
[  483109ms] [LOG] Registration successful, scope is: http://localhost:3001/ @ http://localhost:3001/src/routes/+layout.svelte:42
[  483144ms] [ERROR] view fail ReferenceError: viewID is not defined
    at extractNodeIdFromSvgId (http://localhost:3001/src/lib/components/View.svelte:150:40)
    at attachNodeListeners (http://localhost:3001/src/lib/components/View.svelte:110:19)
    at handleStateChange (http://localhost:3001/src/lib/components/View.svelte:289:6) @ http://localhost:3001/src/lib/components/View.svelte:303
[  483144ms] [LOG] [plausible] render {diagramType: flowchart-v2, isRough: false, lengthBucket: 0-10, renderTimeMsBucket: 50-100} @ http://localhost:3001/src/lib/util/stats.ts:89
[  483795ms] [LOG] [plausible] version {mermaidVersion: 11.14.0} @ http://localhost:3001/src/lib/util/stats.ts:89
[  483866ms] [LOG] Loading 'pako:eNpFTsluwjAQ_RVrELeAIEsdfKiUgNQf6KmYwxDbSVQvyHHUpij_XpMKdU7ztpl3h8YJCQyUdl9Nhz6Q9xO36zVpnDHSBkYqfeuQDJ0btSBDwIn09qlyW50X_UI2m1dS1edaBrxEul6I4_kNjXkQQ5i0jAaieq3ZSqkmDiTQ-l4AC36UCRjpDT4g3LklhEPopJEcWFyFVDjqwIHbOcZuaD-cM8-kd2PbAVOoh4jGm8AgTz22Hv8t0grpj260AVixXAB2h29gaUq32Z4Wu3K3L2mRlwlMkd1vDxnNs8MLzVJa0JLOCfwsP3fbaEv-2tXYfLbxvX3UXjV4za85zL8WD2z8' @ http://localhost:3001/src/lib/util/state.ts:192
[  483916ms] [LOG] Registration successful, scope is: http://localhost:3001/ @ http://localhost:3001/src/routes/+layout.svelte:42
[  483963ms] [ERROR] view fail ReferenceError: viewID is not defined
    at extractNodeIdFromSvgId (http://localhost:3001/src/lib/components/View.svelte:150:40)
    at attachNodeListeners (http://localhost:3001/src/lib/components/View.svelte:110:19)
    at handleStateChange (http://localhost:3001/src/lib/components/View.svelte:289:6) @ http://localhost:3001/src/lib/components/View.svelte:303
[  483963ms] [LOG] [plausible] render {diagramType: flowchart-v2, isRough: false, lengthBucket: 0-10, renderTimeMsBucket: 50-100} @ http://localhost:3001/src/lib/util/stats.ts:89
[  484581ms] [LOG] [plausible] version {mermaidVersion: 11.14.0} @ http://localhost:3001/src/lib/util/stats.ts:89
[  484646ms] [LOG] Loading 'pako:eNpFTsluwjAQ_RVrELeAIEsdfKiUgNQf6KmYwxDbSVQvyHHUpij_XpMKdU7ztpl3h8YJCQyUdl9Nhz6Q9xO36zVpnDHSBkYqfeuQDJ0btSBDwIn09qlyW50X_UI2m1dS1edaBrxEul6I4_kNjXkQQ5i0jAaieq3ZSqkmDiTQ-l4AC36UCRjpDT4g3LklhEPopJEcWFyFVDjqwIHbOcZuaD-cM8-kd2PbAVOoh4jGm8AgTz22Hv8t0grpj260AVixXAB2h29gaUq32Z4Wu3K3L2mRlwlMkd1vDxnNs8MLzVJa0JLOCfwsP3fbaEv-2tXYfLbxvX3UXjV4za85zL8WD2z8' @ http://localhost:3001/src/lib/util/state.ts:192
[  484701ms] [LOG] Registration successful, scope is: http://localhost:3001/ @ http://localhost:3001/src/routes/+layout.svelte:42
[  484734ms] [ERROR] view fail ReferenceError: viewID is not defined
    at extractNodeIdFromSvgId (http://localhost:3001/src/lib/components/View.svelte:150:40)
    at attachNodeListeners (http://localhost:3001/src/lib/components/View.svelte:110:19)
    at handleStateChange (http://localhost:3001/src/lib/components/View.svelte:289:6) @ http://localhost:3001/src/lib/components/View.svelte:303
[  484734ms] [LOG] [plausible] render {diagramType: flowchart-v2, isRough: false, lengthBucket: 0-10, renderTimeMsBucket: 50-100} @ http://localhost:3001/src/lib/util/stats.ts:89
[  485347ms] [LOG] [plausible] version {mermaidVersion: 11.14.0} @ http://localhost:3001/src/lib/util/stats.ts:89
[  485412ms] [LOG] Loading 'pako:eNpFTsluwjAQ_RVrELeAIEsdfKiUgNQf6KmYwxDbSVQvyHHUpij_XpMKdU7ztpl3h8YJCQyUdl9Nhz6Q9xO36zVpnDHSBkYqfeuQDJ0btSBDwIn09qlyW50X_UI2m1dS1edaBrxEul6I4_kNjXkQQ5i0jAaieq3ZSqkmDiTQ-l4AC36UCRjpDT4g3LklhEPopJEcWFyFVDjqwIHbOcZuaD-cM8-kd2PbAVOoh4jGm8AgTz22Hv8t0grpj260AVixXAB2h29gaUq32Z4Wu3K3L2mRlwlMkd1vDxnNs8MLzVJa0JLOCfwsP3fbaEv-2tXYfLbxvX3UXjV4za85zL8WD2z8' @ http://localhost:3001/src/lib/util/state.ts:192
[  485470ms] [LOG] Registration successful, scope is: http://localhost:3001/ @ http://localhost:3001/src/routes/+layout.svelte:42
[  485521ms] [ERROR] view fail ReferenceError: viewID is not defined
    at extractNodeIdFromSvgId (http://localhost:3001/src/lib/components/View.svelte:150:40)
    at attachNodeListeners (http://localhost:3001/src/lib/components/View.svelte:110:19)
    at handleStateChange (http://localhost:3001/src/lib/components/View.svelte:289:6) @ http://localhost:3001/src/lib/components/View.svelte:303
[  485521ms] [LOG] [plausible] render {diagramType: flowchart-v2, isRough: false, lengthBucket: 0-10, renderTimeMsBucket: 50-100} @ http://localhost:3001/src/lib/util/stats.ts:89
[  486173ms] [LOG] [plausible] version {mermaidVersion: 11.14.0} @ http://localhost:3001/src/lib/util/stats.ts:89
[  486234ms] [LOG] Loading 'pako:eNpFTsluwjAQ_RVrELeAIEsdfKiUgNQf6KmYwxDbSVQvyHHUpij_XpMKdU7ztpl3h8YJCQyUdl9Nhz6Q9xO36zVpnDHSBkYqfeuQDJ0btSBDwIn09qlyW50X_UI2m1dS1edaBrxEul6I4_kNjXkQQ5i0jAaieq3ZSqkmDiTQ-l4AC36UCRjpDT4g3LklhEPopJEcWFyFVDjqwIHbOcZuaD-cM8-kd2PbAVOoh4jGm8AgTz22Hv8t0grpj260AVixXAB2h29gaUq32Z4Wu3K3L2mRlwlMkd1vDxnNs8MLzVJa0JLOCfwsP3fbaEv-2tXYfLbxvX3UXjV4za85zL8WD2z8' @ http://localhost:3001/src/lib/util/state.ts:192
[  486293ms] [LOG] Registration successful, scope is: http://localhost:3001/ @ http://localhost:3001/src/routes/+layout.svelte:42
[  486333ms] [ERROR] view fail ReferenceError: viewID is not defined
    at extractNodeIdFromSvgId (http://localhost:3001/src/lib/components/View.svelte:150:40)
    at attachNodeListeners (http://localhost:3001/src/lib/components/View.svelte:110:19)
    at handleStateChange (http://localhost:3001/src/lib/components/View.svelte:289:6) @ http://localhost:3001/src/lib/components/View.svelte:303
[  486333ms] [LOG] [plausible] render {diagramType: flowchart-v2, isRough: false, lengthBucket: 0-10, renderTimeMsBucket: 50-100} @ http://localhost:3001/src/lib/util/stats.ts:89
[  486918ms] [LOG] [plausible] version {mermaidVersion: 11.14.0} @ http://localhost:3001/src/lib/util/stats.ts:89
[  486989ms] [LOG] Loading 'pako:eNpFTsluwjAQ_RVrELeAIEsdfKiUgNQf6KmYwxDbSVQvyHHUpij_XpMKdU7ztpl3h8YJCQyUdl9Nhz6Q9xO36zVpnDHSBkYqfeuQDJ0btSBDwIn09qlyW50X_UI2m1dS1edaBrxEul6I4_kNjXkQQ5i0jAaieq3ZSqkmDiTQ-l4AC36UCRjpDT4g3LklhEPopJEcWFyFVDjqwIHbOcZuaD-cM8-kd2PbAVOoh4jGm8AgTz22Hv8t0grpj260AVixXAB2h29gaUq32Z4Wu3K3L2mRlwlMkd1vDxnNs8MLzVJa0JLOCfwsP3fbaEv-2tXYfLbxvX3UXjV4za85zL8WD2z8' @ http://localhost:3001/src/lib/util/state.ts:192
[  487039ms] [LOG] Registration successful, scope is: http://localhost:3001/ @ http://localhost:3001/src/routes/+layout.svelte:42
[  487072ms] [ERROR] view fail ReferenceError: viewID is not defined
    at extractNodeIdFromSvgId (http://localhost:3001/src/lib/components/View.svelte:150:40)
    at attachNodeListeners (http://localhost:3001/src/lib/components/View.svelte:110:19)
    at handleStateChange (http://localhost:3001/src/lib/components/View.svelte:289:6) @ http://localhost:3001/src/lib/components/View.svelte:303
[  487072ms] [LOG] [plausible] render {diagramType: flowchart-v2, isRough: false, lengthBucket: 0-10, renderTimeMsBucket: 50-100} @ http://localhost:3001/src/lib/util/stats.ts:89
[  487723ms] [LOG] [plausible] version {mermaidVersion: 11.14.0} @ http://localhost:3001/src/lib/util/stats.ts:89
[  487788ms] [LOG] Loading 'pako:eNpFTsluwjAQ_RVrELeAIEsdfKiUgNQf6KmYwxDbSVQvyHHUpij_XpMKdU7ztpl3h8YJCQyUdl9Nhz6Q9xO36zVpnDHSBkYqfeuQDJ0btSBDwIn09qlyW50X_UI2m1dS1edaBrxEul6I4_kNjXkQQ5i0jAaieq3ZSqkmDiTQ-l4AC36UCRjpDT4g3LklhEPopJEcWFyFVDjqwIHbOcZuaD-cM8-kd2PbAVOoh4jGm8AgTz22Hv8t0grpj260AVixXAB2h29gaUq32Z4Wu3K3L2mRlwlMkd1vDxnNs8MLzVJa0JLOCfwsP3fbaEv-2tXYfLbxvX3UXjV4za85zL8WD2z8' @ http://localhost:3001/src/lib/util/state.ts:192
[  487842ms] [LOG] Registration successful, scope is: http://localhost:3001/ @ http://localhost:3001/src/routes/+layout.svelte:42
[  487881ms] [ERROR] view fail ReferenceError: viewID is not defined
    at extractNodeIdFromSvgId (http://localhost:3001/src/lib/components/View.svelte:150:40)
    at attachNodeListeners (http://localhost:3001/src/lib/components/View.svelte:110:19)
    at handleStateChange (http://localhost:3001/src/lib/components/View.svelte:289:6) @ http://localhost:3001/src/lib/components/View.svelte:303
[  487881ms] [LOG] [plausible] render {diagramType: flowchart-v2, isRough: false, lengthBucket: 0-10, renderTimeMsBucket: 50-100} @ http://localhost:3001/src/lib/util/stats.ts:89
[  488467ms] [LOG] [plausible] version {mermaidVersion: 11.14.0} @ http://localhost:3001/src/lib/util/stats.ts:89
[  488530ms] [LOG] Loading 'pako:eNpFTsluwjAQ_RVrELeAIEsdfKiUgNQf6KmYwxDbSVQvyHHUpij_XpMKdU7ztpl3h8YJCQyUdl9Nhz6Q9xO36zVpnDHSBkYqfeuQDJ0btSBDwIn09qlyW50X_UI2m1dS1edaBrxEul6I4_kNjXkQQ5i0jAaieq3ZSqkmDiTQ-l4AC36UCRjpDT4g3LklhEPopJEcWFyFVDjqwIHbOcZuaD-cM8-kd2PbAVOoh4jGm8AgTz22Hv8t0grpj260AVixXAB2h29gaUq32Z4Wu3K3L2mRlwlMkd1vDxnNs8MLzVJa0JLOCfwsP3fbaEv-2tXYfLbxvX3UXjV4za85zL8WD2z8' @ http://localhost:3001/src/lib/util/state.ts:192
[  488591ms] [LOG] Registration successful, scope is: http://localhost:3001/ @ http://localhost:3001/src/routes/+layout.svelte:42
[  488627ms] [ERROR] view fail ReferenceError: viewID is not defined
    at extractNodeIdFromSvgId (http://localhost:3001/src/lib/components/View.svelte:150:40)
    at attachNodeListeners (http://localhost:3001/src/lib/components/View.svelte:110:19)
    at handleStateChange (http://localhost:3001/src/lib/components/View.svelte:289:6) @ http://localhost:3001/src/lib/components/View.svelte:303
[  488628ms] [LOG] [plausible] render {diagramType: flowchart-v2, isRough: false, lengthBucket: 0-10, renderTimeMsBucket: 50-100} @ http://localhost:3001/src/lib/util/stats.ts:89
[  489205ms] [LOG] [plausible] version {mermaidVersion: 11.14.0} @ http://localhost:3001/src/lib/util/stats.ts:89
[  489269ms] [LOG] Loading 'pako:eNpFTsluwjAQ_RVrELeAIEsdfKiUgNQf6KmYwxDbSVQvyHHUpij_XpMKdU7ztpl3h8YJCQyUdl9Nhz6Q9xO36zVpnDHSBkYqfeuQDJ0btSBDwIn09qlyW50X_UI2m1dS1edaBrxEul6I4_kNjXkQQ5i0jAaieq3ZSqkmDiTQ-l4AC36UCRjpDT4g3LklhEPopJEcWFyFVDjqwIHbOcZuaD-cM8-kd2PbAVOoh4jGm8AgTz22Hv8t0grpj260AVixXAB2h29gaUq32Z4Wu3K3L2mRlwlMkd1vDxnNs8MLzVJa0JLOCfwsP3fbaEv-2tXYfLbxvX3UXjV4za85zL8WD2z8' @ http://localhost:3001/src/lib/util/state.ts:192
[  489322ms] [LOG] Registration successful, scope is: http://localhost:3001/ @ http://localhost:3001/src/routes/+layout.svelte:42
[  489358ms] [ERROR] view fail ReferenceError: viewID is not defined
    at extractNodeIdFromSvgId (http://localhost:3001/src/lib/components/View.svelte:150:40)
    at attachNodeListeners (http://localhost:3001/src/lib/components/View.svelte:110:19)
    at handleStateChange (http://localhost:3001/src/lib/components/View.svelte:289:6) @ http://localhost:3001/src/lib/components/View.svelte:303
[  489358ms] [LOG] [plausible] render {diagramType: flowchart-v2, isRough: false, lengthBucket: 0-10, renderTimeMsBucket: 50-100} @ http://localhost:3001/src/lib/util/stats.ts:89
[  489975ms] [LOG] [plausible] version {mermaidVersion: 11.14.0} @ http://localhost:3001/src/lib/util/stats.ts:89
[  490039ms] [LOG] Loading 'pako:eNpFTsluwjAQ_RVrELeAIEsdfKiUgNQf6KmYwxDbSVQvyHHUpij_XpMKdU7ztpl3h8YJCQyUdl9Nhz6Q9xO36zVpnDHSBkYqfeuQDJ0btSBDwIn09qlyW50X_UI2m1dS1edaBrxEul6I4_kNjXkQQ5i0jAaieq3ZSqkmDiTQ-l4AC36UCRjpDT4g3LklhEPopJEcWFyFVDjqwIHbOcZuaD-cM8-kd2PbAVOoh4jGm8AgTz22Hv8t0grpj260AVixXAB2h29gaUq32Z4Wu3K3L2mRlwlMkd1vDxnNs8MLzVJa0JLOCfwsP3fbaEv-2tXYfLbxvX3UXjV4za85zL8WD2z8' @ http://localhost:3001/src/lib/util/state.ts:192
[  490101ms] [LOG] Registration successful, scope is: http://localhost:3001/ @ http://localhost:3001/src/routes/+layout.svelte:42
[  490143ms] [ERROR] view fail ReferenceError: viewID is not defined
    at extractNodeIdFromSvgId (http://localhost:3001/src/lib/components/View.svelte:150:40)
    at attachNodeListeners (http://localhost:3001/src/lib/components/View.svelte:110:19)
    at handleStateChange (http://localhost:3001/src/lib/components/View.svelte:289:6) @ http://localhost:3001/src/lib/components/View.svelte:303
[  490144ms] [LOG] [plausible] render {diagramType: flowchart-v2, isRough: false, lengthBucket: 0-10, renderTimeMsBucket: 50-100} @ http://localhost:3001/src/lib/util/stats.ts:89
[  490755ms] [LOG] [plausible] version {mermaidVersion: 11.14.0} @ http://localhost:3001/src/lib/util/stats.ts:89
[  490814ms] [LOG] Loading 'pako:eNpFTsluwjAQ_RVrELeAIEsdfKiUgNQf6KmYwxDbSVQvyHHUpij_XpMKdU7ztpl3h8YJCQyUdl9Nhz6Q9xO36zVpnDHSBkYqfeuQDJ0btSBDwIn09qlyW50X_UI2m1dS1edaBrxEul6I4_kNjXkQQ5i0jAaieq3ZSqkmDiTQ-l4AC36UCRjpDT4g3LklhEPopJEcWFyFVDjqwIHbOcZuaD-cM8-kd2PbAVOoh4jGm8AgTz22Hv8t0grpj260AVixXAB2h29gaUq32Z4Wu3K3L2mRlwlMkd1vDxnNs8MLzVJa0JLOCfwsP3fbaEv-2tXYfLbxvX3UXjV4za85zL8WD2z8' @ http://localhost:3001/src/lib/util/state.ts:192
[  490869ms] [LOG] Registration successful, scope is: http://localhost:3001/ @ http://localhost:3001/src/routes/+layout.svelte:42
[  490910ms] [ERROR] view fail ReferenceError: viewID is not defined
    at extractNodeIdFromSvgId (http://localhost:3001/src/lib/components/View.svelte:150:40)
    at attachNodeListeners (http://localhost:3001/src/lib/components/View.svelte:110:19)
    at handleStateChange (http://localhost:3001/src/lib/components/View.svelte:289:6) @ http://localhost:3001/src/lib/components/View.svelte:303
[  490911ms] [LOG] [plausible] render {diagramType: flowchart-v2, isRough: false, lengthBucket: 0-10, renderTimeMsBucket: 50-100} @ http://localhost:3001/src/lib/util/stats.ts:89
[  491528ms] [LOG] [plausible] version {mermaidVersion: 11.14.0} @ http://localhost:3001/src/lib/util/stats.ts:89
[  491588ms] [LOG] Loading 'pako:eNpFTsluwjAQ_RVrELeAIEsdfKiUgNQf6KmYwxDbSVQvyHHUpij_XpMKdU7ztpl3h8YJCQyUdl9Nhz6Q9xO36zVpnDHSBkYqfeuQDJ0btSBDwIn09qlyW50X_UI2m1dS1edaBrxEul6I4_kNjXkQQ5i0jAaieq3ZSqkmDiTQ-l4AC36UCRjpDT4g3LklhEPopJEcWFyFVDjqwIHbOcZuaD-cM8-kd2PbAVOoh4jGm8AgTz22Hv8t0grpj260AVixXAB2h29gaUq32Z4Wu3K3L2mRlwlMkd1vDxnNs8MLzVJa0JLOCfwsP3fbaEv-2tXYfLbxvX3UXjV4za85zL8WD2z8' @ http://localhost:3001/src/lib/util/state.ts:192
[  491646ms] [LOG] Registration successful, scope is: http://localhost:3001/ @ http://localhost:3001/src/routes/+layout.svelte:42
[  491682ms] [ERROR] view fail ReferenceError: viewID is not defined
    at extractNodeIdFromSvgId (http://localhost:3001/src/lib/components/View.svelte:150:40)
    at attachNodeListeners (http://localhost:3001/src/lib/components/View.svelte:110:19)
    at handleStateChange (http://localhost:3001/src/lib/components/View.svelte:289:6) @ http://localhost:3001/src/lib/components/View.svelte:303
[  491682ms] [LOG] [plausible] render {diagramType: flowchart-v2, isRough: false, lengthBucket: 0-10, renderTimeMsBucket: 50-100} @ http://localhost:3001/src/lib/util/stats.ts:89
[  492326ms] [LOG] [plausible] version {mermaidVersion: 11.14.0} @ http://localhost:3001/src/lib/util/stats.ts:89
[  492393ms] [LOG] Loading 'pako:eNpFTsluwjAQ_RVrELeAIEsdfKiUgNQf6KmYwxDbSVQvyHHUpij_XpMKdU7ztpl3h8YJCQyUdl9Nhz6Q9xO36zVpnDHSBkYqfeuQDJ0btSBDwIn09qlyW50X_UI2m1dS1edaBrxEul6I4_kNjXkQQ5i0jAaieq3ZSqkmDiTQ-l4AC36UCRjpDT4g3LklhEPopJEcWFyFVDjqwIHbOcZuaD-cM8-kd2PbAVOoh4jGm8AgTz22Hv8t0grpj260AVixXAB2h29gaUq32Z4Wu3K3L2mRlwlMkd1vDxnNs8MLzVJa0JLOCfwsP3fbaEv-2tXYfLbxvX3UXjV4za85zL8WD2z8' @ http://localhost:3001/src/lib/util/state.ts:192
[  492441ms] [LOG] Registration successful, scope is: http://localhost:3001/ @ http://localhost:3001/src/routes/+layout.svelte:42
[  492478ms] [ERROR] view fail ReferenceError: viewID is not defined
    at extractNodeIdFromSvgId (http://localhost:3001/src/lib/components/View.svelte:150:40)
    at attachNodeListeners (http://localhost:3001/src/lib/components/View.svelte:110:19)
    at handleStateChange (http://localhost:3001/src/lib/components/View.svelte:289:6) @ http://localhost:3001/src/lib/components/View.svelte:303
[  492479ms] [LOG] [plausible] render {diagramType: flowchart-v2, isRough: false, lengthBucket: 0-10, renderTimeMsBucket: 50-100} @ http://localhost:3001/src/lib/util/stats.ts:89
[  493085ms] [LOG] [plausible] version {mermaidVersion: 11.14.0} @ http://localhost:3001/src/lib/util/stats.ts:89
[  493147ms] [LOG] Loading 'pako:eNpFTsluwjAQ_RVrELeAIEsdfKiUgNQf6KmYwxDbSVQvyHHUpij_XpMKdU7ztpl3h8YJCQyUdl9Nhz6Q9xO36zVpnDHSBkYqfeuQDJ0btSBDwIn09qlyW50X_UI2m1dS1edaBrxEul6I4_kNjXkQQ5i0jAaieq3ZSqkmDiTQ-l4AC36UCRjpDT4g3LklhEPopJEcWFyFVDjqwIHbOcZuaD-cM8-kd2PbAVOoh4jGm8AgTz22Hv8t0grpj260AVixXAB2h29gaUq32Z4Wu3K3L2mRlwlMkd1vDxnNs8MLzVJa0JLOCfwsP3fbaEv-2tXYfLbxvX3UXjV4za85zL8WD2z8' @ http://localhost:3001/src/lib/util/state.ts:192
[  493204ms] [LOG] Registration successful, scope is: http://localhost:3001/ @ http://localhost:3001/src/routes/+layout.svelte:42
[  493245ms] [ERROR] view fail ReferenceError: viewID is not defined
    at extractNodeIdFromSvgId (http://localhost:3001/src/lib/components/View.svelte:150:40)
    at attachNodeListeners (http://localhost:3001/src/lib/components/View.svelte:110:19)
    at handleStateChange (http://localhost:3001/src/lib/components/View.svelte:289:6) @ http://localhost:3001/src/lib/components/View.svelte:303
[  493246ms] [LOG] [plausible] render {diagramType: flowchart-v2, isRough: false, lengthBucket: 0-10, renderTimeMsBucket: 50-100} @ http://localhost:3001/src/lib/util/stats.ts:89
[  493857ms] [LOG] [plausible] version {mermaidVersion: 11.14.0} @ http://localhost:3001/src/lib/util/stats.ts:89
[  493926ms] [LOG] Loading 'pako:eNpFTsluwjAQ_RVrELeAIEsdfKiUgNQf6KmYwxDbSVQvyHHUpij_XpMKdU7ztpl3h8YJCQyUdl9Nhz6Q9xO36zVpnDHSBkYqfeuQDJ0btSBDwIn09qlyW50X_UI2m1dS1edaBrxEul6I4_kNjXkQQ5i0jAaieq3ZSqkmDiTQ-l4AC36UCRjpDT4g3LklhEPopJEcWFyFVDjqwIHbOcZuaD-cM8-kd2PbAVOoh4jGm8AgTz22Hv8t0grpj260AVixXAB2h29gaUq32Z4Wu3K3L2mRlwlMkd1vDxnNs8MLzVJa0JLOCfwsP3fbaEv-2tXYfLbxvX3UXjV4za85zL8WD2z8' @ http://localhost:3001/src/lib/util/state.ts:192
[  493974ms] [LOG] Registration successful, scope is: http://localhost:3001/ @ http://localhost:3001/src/routes/+layout.svelte:42
[  494008ms] [ERROR] view fail ReferenceError: viewID is not defined
    at extractNodeIdFromSvgId (http://localhost:3001/src/lib/components/View.svelte:150:40)
    at attachNodeListeners (http://localhost:3001/src/lib/components/View.svelte:110:19)
    at handleStateChange (http://localhost:3001/src/lib/components/View.svelte:289:6) @ http://localhost:3001/src/lib/components/View.svelte:303
[  494009ms] [LOG] [plausible] render {diagramType: flowchart-v2, isRough: false, lengthBucket: 0-10, renderTimeMsBucket: 50-100} @ http://localhost:3001/src/lib/util/stats.ts:89
[  494631ms] [LOG] [plausible] version {mermaidVersion: 11.14.0} @ http://localhost:3001/src/lib/util/stats.ts:89
[  494703ms] [LOG] Loading 'pako:eNpFTsluwjAQ_RVrELeAIEsdfKiUgNQf6KmYwxDbSVQvyHHUpij_XpMKdU7ztpl3h8YJCQyUdl9Nhz6Q9xO36zVpnDHSBkYqfeuQDJ0btSBDwIn09qlyW50X_UI2m1dS1edaBrxEul6I4_kNjXkQQ5i0jAaieq3ZSqkmDiTQ-l4AC36UCRjpDT4g3LklhEPopJEcWFyFVDjqwIHbOcZuaD-cM8-kd2PbAVOoh4jGm8AgTz22Hv8t0grpj260AVixXAB2h29gaUq32Z4Wu3K3L2mRlwlMkd1vDxnNs8MLzVJa0JLOCfwsP3fbaEv-2tXYfLbxvX3UXjV4za85zL8WD2z8' @ http://localhost:3001/src/lib/util/state.ts:192
[  494754ms] [LOG] Registration successful, scope is: http://localhost:3001/ @ http://localhost:3001/src/routes/+layout.svelte:42
[  494792ms] [ERROR] view fail ReferenceError: viewID is not defined
    at extractNodeIdFromSvgId (http://localhost:3001/src/lib/components/View.svelte:150:40)
    at attachNodeListeners (http://localhost:3001/src/lib/components/View.svelte:110:19)
    at handleStateChange (http://localhost:3001/src/lib/components/View.svelte:289:6) @ http://localhost:3001/src/lib/components/View.svelte:303
[  494792ms] [LOG] [plausible] render {diagramType: flowchart-v2, isRough: false, lengthBucket: 0-10, renderTimeMsBucket: 50-100} @ http://localhost:3001/src/lib/util/stats.ts:89
[  495433ms] [LOG] [plausible] version {mermaidVersion: 11.14.0} @ http://localhost:3001/src/lib/util/stats.ts:89
[  495503ms] [LOG] Loading 'pako:eNpFTsluwjAQ_RVrELeAIEsdfKiUgNQf6KmYwxDbSVQvyHHUpij_XpMKdU7ztpl3h8YJCQyUdl9Nhz6Q9xO36zVpnDHSBkYqfeuQDJ0btSBDwIn09qlyW50X_UI2m1dS1edaBrxEul6I4_kNjXkQQ5i0jAaieq3ZSqkmDiTQ-l4AC36UCRjpDT4g3LklhEPopJEcWFyFVDjqwIHbOcZuaD-cM8-kd2PbAVOoh4jGm8AgTz22Hv8t0grpj260AVixXAB2h29gaUq32Z4Wu3K3L2mRlwlMkd1vDxnNs8MLzVJa0JLOCfwsP3fbaEv-2tXYfLbxvX3UXjV4za85zL8WD2z8' @ http://localhost:3001/src/lib/util/state.ts:192
[  495556ms] [LOG] Registration successful, scope is: http://localhost:3001/ @ http://localhost:3001/src/routes/+layout.svelte:42
[  495592ms] [ERROR] view fail ReferenceError: viewID is not defined
    at extractNodeIdFromSvgId (http://localhost:3001/src/lib/components/View.svelte:150:40)
    at attachNodeListeners (http://localhost:3001/src/lib/components/View.svelte:110:19)
    at handleStateChange (http://localhost:3001/src/lib/components/View.svelte:289:6) @ http://localhost:3001/src/lib/components/View.svelte:303
[  495592ms] [LOG] [plausible] render {diagramType: flowchart-v2, isRough: false, lengthBucket: 0-10, renderTimeMsBucket: 50-100} @ http://localhost:3001/src/lib/util/stats.ts:89
[  496196ms] [LOG] [plausible] version {mermaidVersion: 11.14.0} @ http://localhost:3001/src/lib/util/stats.ts:89
[  496259ms] [LOG] Loading 'pako:eNpFTsluwjAQ_RVrELeAIEsdfKiUgNQf6KmYwxDbSVQvyHHUpij_XpMKdU7ztpl3h8YJCQyUdl9Nhz6Q9xO36zVpnDHSBkYqfeuQDJ0btSBDwIn09qlyW50X_UI2m1dS1edaBrxEul6I4_kNjXkQQ5i0jAaieq3ZSqkmDiTQ-l4AC36UCRjpDT4g3LklhEPopJEcWFyFVDjqwIHbOcZuaD-cM8-kd2PbAVOoh4jGm8AgTz22Hv8t0grpj260AVixXAB2h29gaUq32Z4Wu3K3L2mRlwlMkd1vDxnNs8MLzVJa0JLOCfwsP3fbaEv-2tXYfLbxvX3UXjV4za85zL8WD2z8' @ http://localhost:3001/src/lib/util/state.ts:192
[  496312ms] [LOG] Registration successful, scope is: http://localhost:3001/ @ http://localhost:3001/src/routes/+layout.svelte:42
[  496350ms] [ERROR] view fail ReferenceError: viewID is not defined
    at extractNodeIdFromSvgId (http://localhost:3001/src/lib/components/View.svelte:150:40)
    at attachNodeListeners (http://localhost:3001/src/lib/components/View.svelte:110:19)
    at handleStateChange (http://localhost:3001/src/lib/components/View.svelte:289:6) @ http://localhost:3001/src/lib/components/View.svelte:303
[  496350ms] [LOG] [plausible] render {diagramType: flowchart-v2, isRough: false, lengthBucket: 0-10, renderTimeMsBucket: 50-100} @ http://localhost:3001/src/lib/util/stats.ts:89
[  496967ms] [LOG] [plausible] version {mermaidVersion: 11.14.0} @ http://localhost:3001/src/lib/util/stats.ts:89
[  497028ms] [LOG] Loading 'pako:eNpFTsluwjAQ_RVrELeAIEsdfKiUgNQf6KmYwxDbSVQvyHHUpij_XpMKdU7ztpl3h8YJCQyUdl9Nhz6Q9xO36zVpnDHSBkYqfeuQDJ0btSBDwIn09qlyW50X_UI2m1dS1edaBrxEul6I4_kNjXkQQ5i0jAaieq3ZSqkmDiTQ-l4AC36UCRjpDT4g3LklhEPopJEcWFyFVDjqwIHbOcZuaD-cM8-kd2PbAVOoh4jGm8AgTz22Hv8t0grpj260AVixXAB2h29gaUq32Z4Wu3K3L2mRlwlMkd1vDxnNs8MLzVJa0JLOCfwsP3fbaEv-2tXYfLbxvX3UXjV4za85zL8WD2z8' @ http://localhost:3001/src/lib/util/state.ts:192
[  497082ms] [LOG] Registration successful, scope is: http://localhost:3001/ @ http://localhost:3001/src/routes/+layout.svelte:42
[  497115ms] [ERROR] view fail ReferenceError: viewID is not defined
    at extractNodeIdFromSvgId (http://localhost:3001/src/lib/components/View.svelte:150:40)
    at attachNodeListeners (http://localhost:3001/src/lib/components/View.svelte:110:19)
    at handleStateChange (http://localhost:3001/src/lib/components/View.svelte:289:6) @ http://localhost:3001/src/lib/components/View.svelte:303
[  497115ms] [LOG] [plausible] render {diagramType: flowchart-v2, isRough: false, lengthBucket: 0-10, renderTimeMsBucket: 50-100} @ http://localhost:3001/src/lib/util/stats.ts:89
[  497701ms] [LOG] [plausible] version {mermaidVersion: 11.14.0} @ http://localhost:3001/src/lib/util/stats.ts:89
[  497767ms] [LOG] Loading 'pako:eNpFTsluwjAQ_RVrELeAIEsdfKiUgNQf6KmYwxDbSVQvyHHUpij_XpMKdU7ztpl3h8YJCQyUdl9Nhz6Q9xO36zVpnDHSBkYqfeuQDJ0btSBDwIn09qlyW50X_UI2m1dS1edaBrxEul6I4_kNjXkQQ5i0jAaieq3ZSqkmDiTQ-l4AC36UCRjpDT4g3LklhEPopJEcWFyFVDjqwIHbOcZuaD-cM8-kd2PbAVOoh4jGm8AgTz22Hv8t0grpj260AVixXAB2h29gaUq32Z4Wu3K3L2mRlwlMkd1vDxnNs8MLzVJa0JLOCfwsP3fbaEv-2tXYfLbxvX3UXjV4za85zL8WD2z8' @ http://localhost:3001/src/lib/util/state.ts:192
[  497820ms] [LOG] Registration successful, scope is: http://localhost:3001/ @ http://localhost:3001/src/routes/+layout.svelte:42
[  497864ms] [ERROR] view fail ReferenceError: viewID is not defined
    at extractNodeIdFromSvgId (http://localhost:3001/src/lib/components/View.svelte:150:40)
    at attachNodeListeners (http://localhost:3001/src/lib/components/View.svelte:110:19)
    at handleStateChange (http://localhost:3001/src/lib/components/View.svelte:289:6) @ http://localhost:3001/src/lib/components/View.svelte:303
[  497864ms] [LOG] [plausible] render {diagramType: flowchart-v2, isRough: false, lengthBucket: 0-10, renderTimeMsBucket: 50-100} @ http://localhost:3001/src/lib/util/stats.ts:89
[  498472ms] [LOG] [plausible] version {mermaidVersion: 11.14.0} @ http://localhost:3001/src/lib/util/stats.ts:89
[  498547ms] [LOG] Loading 'pako:eNpFTsluwjAQ_RVrELeAIEsdfKiUgNQf6KmYwxDbSVQvyHHUpij_XpMKdU7ztpl3h8YJCQyUdl9Nhz6Q9xO36zVpnDHSBkYqfeuQDJ0btSBDwIn09qlyW50X_UI2m1dS1edaBrxEul6I4_kNjXkQQ5i0jAaieq3ZSqkmDiTQ-l4AC36UCRjpDT4g3LklhEPopJEcWFyFVDjqwIHbOcZuaD-cM8-kd2PbAVOoh4jGm8AgTz22Hv8t0grpj260AVixXAB2h29gaUq32Z4Wu3K3L2mRlwlMkd1vDxnNs8MLzVJa0JLOCfwsP3fbaEv-2tXYfLbxvX3UXjV4za85zL8WD2z8' @ http://localhost:3001/src/lib/util/state.ts:192
[  498595ms] [LOG] Registration successful, scope is: http://localhost:3001/ @ http://localhost:3001/src/routes/+layout.svelte:42
[  498632ms] [ERROR] view fail ReferenceError: viewID is not defined
    at extractNodeIdFromSvgId (http://localhost:3001/src/lib/components/View.svelte:150:40)
    at attachNodeListeners (http://localhost:3001/src/lib/components/View.svelte:110:19)
    at handleStateChange (http://localhost:3001/src/lib/components/View.svelte:289:6) @ http://localhost:3001/src/lib/components/View.svelte:303
[  498632ms] [LOG] [plausible] render {diagramType: flowchart-v2, isRough: false, lengthBucket: 0-10, renderTimeMsBucket: 50-100} @ http://localhost:3001/src/lib/util/stats.ts:89
[  499206ms] [LOG] [plausible] version {mermaidVersion: 11.14.0} @ http://localhost:3001/src/lib/util/stats.ts:89
[  499271ms] [LOG] Loading 'pako:eNpFTsluwjAQ_RVrELeAIEsdfKiUgNQf6KmYwxDbSVQvyHHUpij_XpMKdU7ztpl3h8YJCQyUdl9Nhz6Q9xO36zVpnDHSBkYqfeuQDJ0btSBDwIn09qlyW50X_UI2m1dS1edaBrxEul6I4_kNjXkQQ5i0jAaieq3ZSqkmDiTQ-l4AC36UCRjpDT4g3LklhEPopJEcWFyFVDjqwIHbOcZuaD-cM8-kd2PbAVOoh4jGm8AgTz22Hv8t0grpj260AVixXAB2h29gaUq32Z4Wu3K3L2mRlwlMkd1vDxnNs8MLzVJa0JLOCfwsP3fbaEv-2tXYfLbxvX3UXjV4za85zL8WD2z8' @ http://localhost:3001/src/lib/util/state.ts:192
[  499325ms] [LOG] Registration successful, scope is: http://localhost:3001/ @ http://localhost:3001/src/routes/+layout.svelte:42
[  499375ms] [ERROR] view fail ReferenceError: viewID is not defined
    at extractNodeIdFromSvgId (http://localhost:3001/src/lib/components/View.svelte:150:40)
    at attachNodeListeners (http://localhost:3001/src/lib/components/View.svelte:110:19)
    at handleStateChange (http://localhost:3001/src/lib/components/View.svelte:289:6) @ http://localhost:3001/src/lib/components/View.svelte:303
[  499376ms] [LOG] [plausible] render {diagramType: flowchart-v2, isRough: false, lengthBucket: 0-10, renderTimeMsBucket: 50-100} @ http://localhost:3001/src/lib/util/stats.ts:89
[  500012ms] [LOG] [plausible] version {mermaidVersion: 11.14.0} @ http://localhost:3001/src/lib/util/stats.ts:89
[  500080ms] [LOG] Loading 'pako:eNpFTsluwjAQ_RVrELeAIEsdfKiUgNQf6KmYwxDbSVQvyHHUpij_XpMKdU7ztpl3h8YJCQyUdl9Nhz6Q9xO36zVpnDHSBkYqfeuQDJ0btSBDwIn09qlyW50X_UI2m1dS1edaBrxEul6I4_kNjXkQQ5i0jAaieq3ZSqkmDiTQ-l4AC36UCRjpDT4g3LklhEPopJEcWFyFVDjqwIHbOcZuaD-cM8-kd2PbAVOoh4jGm8AgTz22Hv8t0grpj260AVixXAB2h29gaUq32Z4Wu3K3L2mRlwlMkd1vDxnNs8MLzVJa0JLOCfwsP3fbaEv-2tXYfLbxvX3UXjV4za85zL8WD2z8' @ http://localhost:3001/src/lib/util/state.ts:192
[  500133ms] [LOG] Registration successful, scope is: http://localhost:3001/ @ http://localhost:3001/src/routes/+layout.svelte:42
[  500174ms] [ERROR] view fail ReferenceError: viewID is not defined
    at extractNodeIdFromSvgId (http://localhost:3001/src/lib/components/View.svelte:150:40)
    at attachNodeListeners (http://localhost:3001/src/lib/components/View.svelte:110:19)
    at handleStateChange (http://localhost:3001/src/lib/components/View.svelte:289:6) @ http://localhost:3001/src/lib/components/View.svelte:303
[  500174ms] [LOG] [plausible] render {diagramType: flowchart-v2, isRough: false, lengthBucket: 0-10, renderTimeMsBucket: 50-100} @ http://localhost:3001/src/lib/util/stats.ts:89
[  500813ms] [LOG] [plausible] version {mermaidVersion: 11.14.0} @ http://localhost:3001/src/lib/util/stats.ts:89
[  500884ms] [LOG] Loading 'pako:eNpFTsluwjAQ_RVrELeAIEsdfKiUgNQf6KmYwxDbSVQvyHHUpij_XpMKdU7ztpl3h8YJCQyUdl9Nhz6Q9xO36zVpnDHSBkYqfeuQDJ0btSBDwIn09qlyW50X_UI2m1dS1edaBrxEul6I4_kNjXkQQ5i0jAaieq3ZSqkmDiTQ-l4AC36UCRjpDT4g3LklhEPopJEcWFyFVDjqwIHbOcZuaD-cM8-kd2PbAVOoh4jGm8AgTz22Hv8t0grpj260AVixXAB2h29gaUq32Z4Wu3K3L2mRlwlMkd1vDxnNs8MLzVJa0JLOCfwsP3fbaEv-2tXYfLbxvX3UXjV4za85zL8WD2z8' @ http://localhost:3001/src/lib/util/state.ts:192
[  500938ms] [LOG] Registration successful, scope is: http://localhost:3001/ @ http://localhost:3001/src/routes/+layout.svelte:42
[  500975ms] [ERROR] view fail ReferenceError: viewID is not defined
    at extractNodeIdFromSvgId (http://localhost:3001/src/lib/components/View.svelte:150:40)
    at attachNodeListeners (http://localhost:3001/src/lib/components/View.svelte:110:19)
    at handleStateChange (http://localhost:3001/src/lib/components/View.svelte:289:6) @ http://localhost:3001/src/lib/components/View.svelte:303
[  500975ms] [LOG] [plausible] render {diagramType: flowchart-v2, isRough: false, lengthBucket: 0-10, renderTimeMsBucket: 50-100} @ http://localhost:3001/src/lib/util/stats.ts:89
[  501578ms] [LOG] [plausible] version {mermaidVersion: 11.14.0} @ http://localhost:3001/src/lib/util/stats.ts:89
[  501640ms] [LOG] Loading 'pako:eNpFTsluwjAQ_RVrELeAIEsdfKiUgNQf6KmYwxDbSVQvyHHUpij_XpMKdU7ztpl3h8YJCQyUdl9Nhz6Q9xO36zVpnDHSBkYqfeuQDJ0btSBDwIn09qlyW50X_UI2m1dS1edaBrxEul6I4_kNjXkQQ5i0jAaieq3ZSqkmDiTQ-l4AC36UCRjpDT4g3LklhEPopJEcWFyFVDjqwIHbOcZuaD-cM8-kd2PbAVOoh4jGm8AgTz22Hv8t0grpj260AVixXAB2h29gaUq32Z4Wu3K3L2mRlwlMkd1vDxnNs8MLzVJa0JLOCfwsP3fbaEv-2tXYfLbxvX3UXjV4za85zL8WD2z8' @ http://localhost:3001/src/lib/util/state.ts:192
[  501695ms] [LOG] Registration successful, scope is: http://localhost:3001/ @ http://localhost:3001/src/routes/+layout.svelte:42
[  501733ms] [ERROR] view fail ReferenceError: viewID is not defined
    at extractNodeIdFromSvgId (http://localhost:3001/src/lib/components/View.svelte:150:40)
    at attachNodeListeners (http://localhost:3001/src/lib/components/View.svelte:110:19)
    at handleStateChange (http://localhost:3001/src/lib/components/View.svelte:289:6) @ http://localhost:3001/src/lib/components/View.svelte:303
[  501733ms] [LOG] [plausible] render {diagramType: flowchart-v2, isRough: false, lengthBucket: 0-10, renderTimeMsBucket: 50-100} @ http://localhost:3001/src/lib/util/stats.ts:89
[  502307ms] [LOG] [plausible] version {mermaidVersion: 11.14.0} @ http://localhost:3001/src/lib/util/stats.ts:89
[  502375ms] [LOG] Loading 'pako:eNpFTsluwjAQ_RVrELeAIEsdfKiUgNQf6KmYwxDbSVQvyHHUpij_XpMKdU7ztpl3h8YJCQyUdl9Nhz6Q9xO36zVpnDHSBkYqfeuQDJ0btSBDwIn09qlyW50X_UI2m1dS1edaBrxEul6I4_kNjXkQQ5i0jAaieq3ZSqkmDiTQ-l4AC36UCRjpDT4g3LklhEPopJEcWFyFVDjqwIHbOcZuaD-cM8-kd2PbAVOoh4jGm8AgTz22Hv8t0grpj260AVixXAB2h29gaUq32Z4Wu3K3L2mRlwlMkd1vDxnNs8MLzVJa0JLOCfwsP3fbaEv-2tXYfLbxvX3UXjV4za85zL8WD2z8' @ http://localhost:3001/src/lib/util/state.ts:192
[  502428ms] [LOG] Registration successful, scope is: http://localhost:3001/ @ http://localhost:3001/src/routes/+layout.svelte:42
[  502474ms] [ERROR] view fail ReferenceError: viewID is not defined
    at extractNodeIdFromSvgId (http://localhost:3001/src/lib/components/View.svelte:150:40)
    at attachNodeListeners (http://localhost:3001/src/lib/components/View.svelte:110:19)
    at handleStateChange (http://localhost:3001/src/lib/components/View.svelte:289:6) @ http://localhost:3001/src/lib/components/View.svelte:303
[  502474ms] [LOG] [plausible] render {diagramType: flowchart-v2, isRough: false, lengthBucket: 0-10, renderTimeMsBucket: 50-100} @ http://localhost:3001/src/lib/util/stats.ts:89
[  503050ms] [LOG] [plausible] version {mermaidVersion: 11.14.0} @ http://localhost:3001/src/lib/util/stats.ts:89
[  503120ms] [LOG] Loading 'pako:eNpFTsluwjAQ_RVrELeAIEsdfKiUgNQf6KmYwxDbSVQvyHHUpij_XpMKdU7ztpl3h8YJCQyUdl9Nhz6Q9xO36zVpnDHSBkYqfeuQDJ0btSBDwIn09qlyW50X_UI2m1dS1edaBrxEul6I4_kNjXkQQ5i0jAaieq3ZSqkmDiTQ-l4AC36UCRjpDT4g3LklhEPopJEcWFyFVDjqwIHbOcZuaD-cM8-kd2PbAVOoh4jGm8AgTz22Hv8t0grpj260AVixXAB2h29gaUq32Z4Wu3K3L2mRlwlMkd1vDxnNs8MLzVJa0JLOCfwsP3fbaEv-2tXYfLbxvX3UXjV4za85zL8WD2z8' @ http://localhost:3001/src/lib/util/state.ts:192
[  503181ms] [LOG] Registration successful, scope is: http://localhost:3001/ @ http://localhost:3001/src/routes/+layout.svelte:42
[  503219ms] [ERROR] view fail ReferenceError: viewID is not defined
    at extractNodeIdFromSvgId (http://localhost:3001/src/lib/components/View.svelte:150:40)
    at attachNodeListeners (http://localhost:3001/src/lib/components/View.svelte:110:19)
    at handleStateChange (http://localhost:3001/src/lib/components/View.svelte:289:6) @ http://localhost:3001/src/lib/components/View.svelte:303
[  503219ms] [LOG] [plausible] render {diagramType: flowchart-v2, isRough: false, lengthBucket: 0-10, renderTimeMsBucket: 50-100} @ http://localhost:3001/src/lib/util/stats.ts:89
[  503818ms] [LOG] [plausible] version {mermaidVersion: 11.14.0} @ http://localhost:3001/src/lib/util/stats.ts:89
[  503883ms] [LOG] Loading 'pako:eNpFTsluwjAQ_RVrELeAIEsdfKiUgNQf6KmYwxDbSVQvyHHUpij_XpMKdU7ztpl3h8YJCQyUdl9Nhz6Q9xO36zVpnDHSBkYqfeuQDJ0btSBDwIn09qlyW50X_UI2m1dS1edaBrxEul6I4_kNjXkQQ5i0jAaieq3ZSqkmDiTQ-l4AC36UCRjpDT4g3LklhEPopJEcWFyFVDjqwIHbOcZuaD-cM8-kd2PbAVOoh4jGm8AgTz22Hv8t0grpj260AVixXAB2h29gaUq32Z4Wu3K3L2mRlwlMkd1vDxnNs8MLzVJa0JLOCfwsP3fbaEv-2tXYfLbxvX3UXjV4za85zL8WD2z8' @ http://localhost:3001/src/lib/util/state.ts:192
[  503943ms] [LOG] Registration successful, scope is: http://localhost:3001/ @ http://localhost:3001/src/routes/+layout.svelte:42
[  503995ms] [ERROR] view fail ReferenceError: viewID is not defined
    at extractNodeIdFromSvgId (http://localhost:3001/src/lib/components/View.svelte:150:40)
    at attachNodeListeners (http://localhost:3001/src/lib/components/View.svelte:110:19)
    at handleStateChange (http://localhost:3001/src/lib/components/View.svelte:289:6) @ http://localhost:3001/src/lib/components/View.svelte:303
[  503996ms] [LOG] [plausible] render {diagramType: flowchart-v2, isRough: false, lengthBucket: 0-10, renderTimeMsBucket: 50-100} @ http://localhost:3001/src/lib/util/stats.ts:89
[  504639ms] [LOG] [plausible] version {mermaidVersion: 11.14.0} @ http://localhost:3001/src/lib/util/stats.ts:89
[  504699ms] [LOG] Loading 'pako:eNpFTsluwjAQ_RVrELeAIEsdfKiUgNQf6KmYwxDbSVQvyHHUpij_XpMKdU7ztpl3h8YJCQyUdl9Nhz6Q9xO36zVpnDHSBkYqfeuQDJ0btSBDwIn09qlyW50X_UI2m1dS1edaBrxEul6I4_kNjXkQQ5i0jAaieq3ZSqkmDiTQ-l4AC36UCRjpDT4g3LklhEPopJEcWFyFVDjqwIHbOcZuaD-cM8-kd2PbAVOoh4jGm8AgTz22Hv8t0grpj260AVixXAB2h29gaUq32Z4Wu3K3L2mRlwlMkd1vDxnNs8MLzVJa0JLOCfwsP3fbaEv-2tXYfLbxvX3UXjV4za85zL8WD2z8' @ http://localhost:3001/src/lib/util/state.ts:192
[  504753ms] [LOG] Registration successful, scope is: http://localhost:3001/ @ http://localhost:3001/src/routes/+layout.svelte:42
[  504823ms] [ERROR] view fail ReferenceError: viewID is not defined
    at extractNodeIdFromSvgId (http://localhost:3001/src/lib/components/View.svelte:150:40)
    at attachNodeListeners (http://localhost:3001/src/lib/components/View.svelte:110:19)
    at handleStateChange (http://localhost:3001/src/lib/components/View.svelte:289:6) @ http://localhost:3001/src/lib/components/View.svelte:303
[  504823ms] [LOG] [plausible] render {diagramType: flowchart-v2, isRough: false, lengthBucket: 0-10, renderTimeMsBucket: 50-100} @ http://localhost:3001/src/lib/util/stats.ts:89
[  505697ms] [LOG] [plausible] version {mermaidVersion: 11.14.0} @ http://localhost:3001/src/lib/util/stats.ts:89
[  505749ms] [LOG] Loading 'pako:eNpFTsluwjAQ_RVrELeAIEsdfKiUgNQf6KmYwxDbSVQvyHHUpij_XpMKdU7ztpl3h8YJCQyUdl9Nhz6Q9xO36zVpnDHSBkYqfeuQDJ0btSBDwIn09qlyW50X_UI2m1dS1edaBrxEul6I4_kNjXkQQ5i0jAaieq3ZSqkmDiTQ-l4AC36UCRjpDT4g3LklhEPopJEcWFyFVDjqwIHbOcZuaD-cM8-kd2PbAVOoh4jGm8AgTz22Hv8t0grpj260AVixXAB2h29gaUq32Z4Wu3K3L2mRlwlMkd1vDxnNs8MLzVJa0JLOCfwsP3fbaEv-2tXYfLbxvX3UXjV4za85zL8WD2z8' @ http://localhost:3001/src/lib/util/state.ts:192
[  505807ms] [LOG] Registration successful, scope is: http://localhost:3001/ @ http://localhost:3001/src/routes/+layout.svelte:42
[  505853ms] [ERROR] view fail ReferenceError: viewID is not defined
    at extractNodeIdFromSvgId (http://localhost:3001/src/lib/components/View.svelte:150:40)
    at attachNodeListeners (http://localhost:3001/src/lib/components/View.svelte:110:19)
    at handleStateChange (http://localhost:3001/src/lib/components/View.svelte:289:6) @ http://localhost:3001/src/lib/components/View.svelte:303
[  505853ms] [LOG] [plausible] render {diagramType: flowchart-v2, isRough: false, lengthBucket: 0-10, renderTimeMsBucket: 50-100} @ http://localhost:3001/src/lib/util/stats.ts:89
[  506429ms] [LOG] [plausible] version {mermaidVersion: 11.14.0} @ http://localhost:3001/src/lib/util/stats.ts:89
[  506495ms] [LOG] Loading 'pako:eNpFTsluwjAQ_RVrELeAIEsdfKiUgNQf6KmYwxDbSVQvyHHUpij_XpMKdU7ztpl3h8YJCQyUdl9Nhz6Q9xO36zVpnDHSBkYqfeuQDJ0btSBDwIn09qlyW50X_UI2m1dS1edaBrxEul6I4_kNjXkQQ5i0jAaieq3ZSqkmDiTQ-l4AC36UCRjpDT4g3LklhEPopJEcWFyFVDjqwIHbOcZuaD-cM8-kd2PbAVOoh4jGm8AgTz22Hv8t0grpj260AVixXAB2h29gaUq32Z4Wu3K3L2mRlwlMkd1vDxnNs8MLzVJa0JLOCfwsP3fbaEv-2tXYfLbxvX3UXjV4za85zL8WD2z8' @ http://localhost:3001/src/lib/util/state.ts:192
[  506549ms] [LOG] Registration successful, scope is: http://localhost:3001/ @ http://localhost:3001/src/routes/+layout.svelte:42
[  506601ms] [ERROR] view fail ReferenceError: viewID is not defined
    at extractNodeIdFromSvgId (http://localhost:3001/src/lib/components/View.svelte:150:40)
    at attachNodeListeners (http://localhost:3001/src/lib/components/View.svelte:110:19)
    at handleStateChange (http://localhost:3001/src/lib/components/View.svelte:289:6) @ http://localhost:3001/src/lib/components/View.svelte:303
[  506601ms] [LOG] [plausible] render {diagramType: flowchart-v2, isRough: false, lengthBucket: 0-10, renderTimeMsBucket: 50-100} @ http://localhost:3001/src/lib/util/stats.ts:89
[  507244ms] [LOG] [plausible] version {mermaidVersion: 11.14.0} @ http://localhost:3001/src/lib/util/stats.ts:89
[  507311ms] [LOG] Loading 'pako:eNpFTsluwjAQ_RVrELeAIEsdfKiUgNQf6KmYwxDbSVQvyHHUpij_XpMKdU7ztpl3h8YJCQyUdl9Nhz6Q9xO36zVpnDHSBkYqfeuQDJ0btSBDwIn09qlyW50X_UI2m1dS1edaBrxEul6I4_kNjXkQQ5i0jAaieq3ZSqkmDiTQ-l4AC36UCRjpDT4g3LklhEPopJEcWFyFVDjqwIHbOcZuaD-cM8-kd2PbAVOoh4jGm8AgTz22Hv8t0grpj260AVixXAB2h29gaUq32Z4Wu3K3L2mRlwlMkd1vDxnNs8MLzVJa0JLOCfwsP3fbaEv-2tXYfLbxvX3UXjV4za85zL8WD2z8' @ http://localhost:3001/src/lib/util/state.ts:192
[  507369ms] [LOG] Registration successful, scope is: http://localhost:3001/ @ http://localhost:3001/src/routes/+layout.svelte:42
[  507422ms] [ERROR] view fail ReferenceError: viewID is not defined
    at extractNodeIdFromSvgId (http://localhost:3001/src/lib/components/View.svelte:150:40)
    at attachNodeListeners (http://localhost:3001/src/lib/components/View.svelte:110:19)
    at handleStateChange (http://localhost:3001/src/lib/components/View.svelte:289:6) @ http://localhost:3001/src/lib/components/View.svelte:303
[  507423ms] [LOG] [plausible] render {diagramType: flowchart-v2, isRough: false, lengthBucket: 0-10, renderTimeMsBucket: 50-100} @ http://localhost:3001/src/lib/util/stats.ts:89
[  508156ms] [LOG] [plausible] version {mermaidVersion: 11.14.0} @ http://localhost:3001/src/lib/util/stats.ts:89
[  508218ms] [LOG] Loading 'pako:eNpFTsluwjAQ_RVrELeAIEsdfKiUgNQf6KmYwxDbSVQvyHHUpij_XpMKdU7ztpl3h8YJCQyUdl9Nhz6Q9xO36zVpnDHSBkYqfeuQDJ0btSBDwIn09qlyW50X_UI2m1dS1edaBrxEul6I4_kNjXkQQ5i0jAaieq3ZSqkmDiTQ-l4AC36UCRjpDT4g3LklhEPopJEcWFyFVDjqwIHbOcZuaD-cM8-kd2PbAVOoh4jGm8AgTz22Hv8t0grpj260AVixXAB2h29gaUq32Z4Wu3K3L2mRlwlMkd1vDxnNs8MLzVJa0JLOCfwsP3fbaEv-2tXYfLbxvX3UXjV4za85zL8WD2z8' @ http://localhost:3001/src/lib/util/state.ts:192
[  508272ms] [LOG] Registration successful, scope is: http://localhost:3001/ @ http://localhost:3001/src/routes/+layout.svelte:42
[  508311ms] [ERROR] view fail ReferenceError: viewID is not defined
    at extractNodeIdFromSvgId (http://localhost:3001/src/lib/components/View.svelte:150:40)
    at attachNodeListeners (http://localhost:3001/src/lib/components/View.svelte:110:19)
    at handleStateChange (http://localhost:3001/src/lib/components/View.svelte:289:6) @ http://localhost:3001/src/lib/components/View.svelte:303
[  508311ms] [LOG] [plausible] render {diagramType: flowchart-v2, isRough: false, lengthBucket: 0-10, renderTimeMsBucket: 50-100} @ http://localhost:3001/src/lib/util/stats.ts:89
[  508899ms] [LOG] [plausible] version {mermaidVersion: 11.14.0} @ http://localhost:3001/src/lib/util/stats.ts:89
[  508970ms] [LOG] Loading 'pako:eNpFTsluwjAQ_RVrELeAIEsdfKiUgNQf6KmYwxDbSVQvyHHUpij_XpMKdU7ztpl3h8YJCQyUdl9Nhz6Q9xO36zVpnDHSBkYqfeuQDJ0btSBDwIn09qlyW50X_UI2m1dS1edaBrxEul6I4_kNjXkQQ5i0jAaieq3ZSqkmDiTQ-l4AC36UCRjpDT4g3LklhEPopJEcWFyFVDjqwIHbOcZuaD-cM8-kd2PbAVOoh4jGm8AgTz22Hv8t0grpj260AVixXAB2h29gaUq32Z4Wu3K3L2mRlwlMkd1vDxnNs8MLzVJa0JLOCfwsP3fbaEv-2tXYfLbxvX3UXjV4za85zL8WD2z8' @ http://localhost:3001/src/lib/util/state.ts:192
[  509026ms] [LOG] Registration successful, scope is: http://localhost:3001/ @ http://localhost:3001/src/routes/+layout.svelte:42
[  509066ms] [ERROR] view fail ReferenceError: viewID is not defined
    at extractNodeIdFromSvgId (http://localhost:3001/src/lib/components/View.svelte:150:40)
    at attachNodeListeners (http://localhost:3001/src/lib/components/View.svelte:110:19)
    at handleStateChange (http://localhost:3001/src/lib/components/View.svelte:289:6) @ http://localhost:3001/src/lib/components/View.svelte:303
[  509066ms] [LOG] [plausible] render {diagramType: flowchart-v2, isRough: false, lengthBucket: 0-10, renderTimeMsBucket: 50-100} @ http://localhost:3001/src/lib/util/stats.ts:89
[  509643ms] [LOG] [plausible] version {mermaidVersion: 11.14.0} @ http://localhost:3001/src/lib/util/stats.ts:89
[  509707ms] [LOG] Loading 'pako:eNpFTsluwjAQ_RVrELeAIEsdfKiUgNQf6KmYwxDbSVQvyHHUpij_XpMKdU7ztpl3h8YJCQyUdl9Nhz6Q9xO36zVpnDHSBkYqfeuQDJ0btSBDwIn09qlyW50X_UI2m1dS1edaBrxEul6I4_kNjXkQQ5i0jAaieq3ZSqkmDiTQ-l4AC36UCRjpDT4g3LklhEPopJEcWFyFVDjqwIHbOcZuaD-cM8-kd2PbAVOoh4jGm8AgTz22Hv8t0grpj260AVixXAB2h29gaUq32Z4Wu3K3L2mRlwlMkd1vDxnNs8MLzVJa0JLOCfwsP3fbaEv-2tXYfLbxvX3UXjV4za85zL8WD2z8' @ http://localhost:3001/src/lib/util/state.ts:192
[  509762ms] [LOG] Registration successful, scope is: http://localhost:3001/ @ http://localhost:3001/src/routes/+layout.svelte:42
[  509796ms] [ERROR] view fail ReferenceError: viewID is not defined
    at extractNodeIdFromSvgId (http://localhost:3001/src/lib/components/View.svelte:150:40)
    at attachNodeListeners (http://localhost:3001/src/lib/components/View.svelte:110:19)
    at handleStateChange (http://localhost:3001/src/lib/components/View.svelte:289:6) @ http://localhost:3001/src/lib/components/View.svelte:303
[  509796ms] [LOG] [plausible] render {diagramType: flowchart-v2, isRough: false, lengthBucket: 0-10, renderTimeMsBucket: 50-100} @ http://localhost:3001/src/lib/util/stats.ts:89
[  510404ms] [LOG] [plausible] version {mermaidVersion: 11.14.0} @ http://localhost:3001/src/lib/util/stats.ts:89
[  510472ms] [LOG] Loading 'pako:eNpFTsluwjAQ_RVrELeAIEsdfKiUgNQf6KmYwxDbSVQvyHHUpij_XpMKdU7ztpl3h8YJCQyUdl9Nhz6Q9xO36zVpnDHSBkYqfeuQDJ0btSBDwIn09qlyW50X_UI2m1dS1edaBrxEul6I4_kNjXkQQ5i0jAaieq3ZSqkmDiTQ-l4AC36UCRjpDT4g3LklhEPopJEcWFyFVDjqwIHbOcZuaD-cM8-kd2PbAVOoh4jGm8AgTz22Hv8t0grpj260AVixXAB2h29gaUq32Z4Wu3K3L2mRlwlMkd1vDxnNs8MLzVJa0JLOCfwsP3fbaEv-2tXYfLbxvX3UXjV4za85zL8WD2z8' @ http://localhost:3001/src/lib/util/state.ts:192
[  510529ms] [LOG] Registration successful, scope is: http://localhost:3001/ @ http://localhost:3001/src/routes/+layout.svelte:42
[  510568ms] [ERROR] view fail ReferenceError: viewID is not defined
    at extractNodeIdFromSvgId (http://localhost:3001/src/lib/components/View.svelte:150:40)
    at attachNodeListeners (http://localhost:3001/src/lib/components/View.svelte:110:19)
    at handleStateChange (http://localhost:3001/src/lib/components/View.svelte:289:6) @ http://localhost:3001/src/lib/components/View.svelte:303
[  510568ms] [LOG] [plausible] render {diagramType: flowchart-v2, isRough: false, lengthBucket: 0-10, renderTimeMsBucket: 50-100} @ http://localhost:3001/src/lib/util/stats.ts:89
[  511182ms] [LOG] [plausible] version {mermaidVersion: 11.14.0} @ http://localhost:3001/src/lib/util/stats.ts:89
[  511239ms] [LOG] Loading 'pako:eNpFTsluwjAQ_RVrELeAIEsdfKiUgNQf6KmYwxDbSVQvyHHUpij_XpMKdU7ztpl3h8YJCQyUdl9Nhz6Q9xO36zVpnDHSBkYqfeuQDJ0btSBDwIn09qlyW50X_UI2m1dS1edaBrxEul6I4_kNjXkQQ5i0jAaieq3ZSqkmDiTQ-l4AC36UCRjpDT4g3LklhEPopJEcWFyFVDjqwIHbOcZuaD-cM8-kd2PbAVOoh4jGm8AgTz22Hv8t0grpj260AVixXAB2h29gaUq32Z4Wu3K3L2mRlwlMkd1vDxnNs8MLzVJa0JLOCfwsP3fbaEv-2tXYfLbxvX3UXjV4za85zL8WD2z8' @ http://localhost:3001/src/lib/util/state.ts:192
[  511298ms] [LOG] Registration successful, scope is: http://localhost:3001/ @ http://localhost:3001/src/routes/+layout.svelte:42
[  511332ms] [ERROR] view fail ReferenceError: viewID is not defined
    at extractNodeIdFromSvgId (http://localhost:3001/src/lib/components/View.svelte:150:40)
    at attachNodeListeners (http://localhost:3001/src/lib/components/View.svelte:110:19)
    at handleStateChange (http://localhost:3001/src/lib/components/View.svelte:289:6) @ http://localhost:3001/src/lib/components/View.svelte:303
[  511332ms] [LOG] [plausible] render {diagramType: flowchart-v2, isRough: false, lengthBucket: 0-10, renderTimeMsBucket: 50-100} @ http://localhost:3001/src/lib/util/stats.ts:89
[  511997ms] [LOG] [plausible] version {mermaidVersion: 11.14.0} @ http://localhost:3001/src/lib/util/stats.ts:89
[  512072ms] [LOG] Loading 'pako:eNpFTsluwjAQ_RVrELeAIEsdfKiUgNQf6KmYwxDbSVQvyHHUpij_XpMKdU7ztpl3h8YJCQyUdl9Nhz6Q9xO36zVpnDHSBkYqfeuQDJ0btSBDwIn09qlyW50X_UI2m1dS1edaBrxEul6I4_kNjXkQQ5i0jAaieq3ZSqkmDiTQ-l4AC36UCRjpDT4g3LklhEPopJEcWFyFVDjqwIHbOcZuaD-cM8-kd2PbAVOoh4jGm8AgTz22Hv8t0grpj260AVixXAB2h29gaUq32Z4Wu3K3L2mRlwlMkd1vDxnNs8MLzVJa0JLOCfwsP3fbaEv-2tXYfLbxvX3UXjV4za85zL8WD2z8' @ http://localhost:3001/src/lib/util/state.ts:192
[  512135ms] [LOG] Registration successful, scope is: http://localhost:3001/ @ http://localhost:3001/src/routes/+layout.svelte:42
[  512191ms] [ERROR] view fail ReferenceError: viewID is not defined
    at extractNodeIdFromSvgId (http://localhost:3001/src/lib/components/View.svelte:150:40)
    at attachNodeListeners (http://localhost:3001/src/lib/components/View.svelte:110:19)
    at handleStateChange (http://localhost:3001/src/lib/components/View.svelte:289:6) @ http://localhost:3001/src/lib/components/View.svelte:303
[  512191ms] [LOG] [plausible] render {diagramType: flowchart-v2, isRough: false, lengthBucket: 0-10, renderTimeMsBucket: 50-100} @ http://localhost:3001/src/lib/util/stats.ts:89
[  512870ms] [LOG] [plausible] version {mermaidVersion: 11.14.0} @ http://localhost:3001/src/lib/util/stats.ts:89
[  512939ms] [LOG] Loading 'pako:eNpFTsluwjAQ_RVrELeAIEsdfKiUgNQf6KmYwxDbSVQvyHHUpij_XpMKdU7ztpl3h8YJCQyUdl9Nhz6Q9xO36zVpnDHSBkYqfeuQDJ0btSBDwIn09qlyW50X_UI2m1dS1edaBrxEul6I4_kNjXkQQ5i0jAaieq3ZSqkmDiTQ-l4AC36UCRjpDT4g3LklhEPopJEcWFyFVDjqwIHbOcZuaD-cM8-kd2PbAVOoh4jGm8AgTz22Hv8t0grpj260AVixXAB2h29gaUq32Z4Wu3K3L2mRlwlMkd1vDxnNs8MLzVJa0JLOCfwsP3fbaEv-2tXYfLbxvX3UXjV4za85zL8WD2z8' @ http://localhost:3001/src/lib/util/state.ts:192
[  512994ms] [LOG] Registration successful, scope is: http://localhost:3001/ @ http://localhost:3001/src/routes/+layout.svelte:42
[  513026ms] [ERROR] view fail ReferenceError: viewID is not defined
    at extractNodeIdFromSvgId (http://localhost:3001/src/lib/components/View.svelte:150:40)
    at attachNodeListeners (http://localhost:3001/src/lib/components/View.svelte:110:19)
    at handleStateChange (http://localhost:3001/src/lib/components/View.svelte:289:6) @ http://localhost:3001/src/lib/components/View.svelte:303
[  513026ms] [LOG] [plausible] render {diagramType: flowchart-v2, isRough: false, lengthBucket: 0-10, renderTimeMsBucket: 50-100} @ http://localhost:3001/src/lib/util/stats.ts:89
[  513629ms] [LOG] [plausible] version {mermaidVersion: 11.14.0} @ http://localhost:3001/src/lib/util/stats.ts:89
[  513704ms] [LOG] Loading 'pako:eNpFTsluwjAQ_RVrELeAIEsdfKiUgNQf6KmYwxDbSVQvyHHUpij_XpMKdU7ztpl3h8YJCQyUdl9Nhz6Q9xO36zVpnDHSBkYqfeuQDJ0btSBDwIn09qlyW50X_UI2m1dS1edaBrxEul6I4_kNjXkQQ5i0jAaieq3ZSqkmDiTQ-l4AC36UCRjpDT4g3LklhEPopJEcWFyFVDjqwIHbOcZuaD-cM8-kd2PbAVOoh4jGm8AgTz22Hv8t0grpj260AVixXAB2h29gaUq32Z4Wu3K3L2mRlwlMkd1vDxnNs8MLzVJa0JLOCfwsP3fbaEv-2tXYfLbxvX3UXjV4za85zL8WD2z8' @ http://localhost:3001/src/lib/util/state.ts:192
[  513757ms] [LOG] Registration successful, scope is: http://localhost:3001/ @ http://localhost:3001/src/routes/+layout.svelte:42
[  513787ms] [ERROR] view fail ReferenceError: viewID is not defined
    at extractNodeIdFromSvgId (http://localhost:3001/src/lib/components/View.svelte:150:40)
    at attachNodeListeners (http://localhost:3001/src/lib/components/View.svelte:110:19)
    at handleStateChange (http://localhost:3001/src/lib/components/View.svelte:289:6) @ http://localhost:3001/src/lib/components/View.svelte:303
[  513788ms] [LOG] [plausible] render {diagramType: flowchart-v2, isRough: false, lengthBucket: 0-10, renderTimeMsBucket: 50-100} @ http://localhost:3001/src/lib/util/stats.ts:89
[  514450ms] [LOG] [plausible] version {mermaidVersion: 11.14.0} @ http://localhost:3001/src/lib/util/stats.ts:89
[  514516ms] [LOG] Loading 'pako:eNpFTsluwjAQ_RVrELeAIEsdfKiUgNQf6KmYwxDbSVQvyHHUpij_XpMKdU7ztpl3h8YJCQyUdl9Nhz6Q9xO36zVpnDHSBkYqfeuQDJ0btSBDwIn09qlyW50X_UI2m1dS1edaBrxEul6I4_kNjXkQQ5i0jAaieq3ZSqkmDiTQ-l4AC36UCRjpDT4g3LklhEPopJEcWFyFVDjqwIHbOcZuaD-cM8-kd2PbAVOoh4jGm8AgTz22Hv8t0grpj260AVixXAB2h29gaUq32Z4Wu3K3L2mRlwlMkd1vDxnNs8MLzVJa0JLOCfwsP3fbaEv-2tXYfLbxvX3UXjV4za85zL8WD2z8' @ http://localhost:3001/src/lib/util/state.ts:192
[  514578ms] [LOG] Registration successful, scope is: http://localhost:3001/ @ http://localhost:3001/src/routes/+layout.svelte:42
[  514620ms] [ERROR] view fail ReferenceError: viewID is not defined
    at extractNodeIdFromSvgId (http://localhost:3001/src/lib/components/View.svelte:150:40)
    at attachNodeListeners (http://localhost:3001/src/lib/components/View.svelte:110:19)
    at handleStateChange (http://localhost:3001/src/lib/components/View.svelte:289:6) @ http://localhost:3001/src/lib/components/View.svelte:303
[  514620ms] [LOG] [plausible] render {diagramType: flowchart-v2, isRough: false, lengthBucket: 0-10, renderTimeMsBucket: 50-100} @ http://localhost:3001/src/lib/util/stats.ts:89
[  515229ms] [LOG] [plausible] version {mermaidVersion: 11.14.0} @ http://localhost:3001/src/lib/util/stats.ts:89
[  515290ms] [LOG] Loading 'pako:eNpFTsluwjAQ_RVrELeAIEsdfKiUgNQf6KmYwxDbSVQvyHHUpij_XpMKdU7ztpl3h8YJCQyUdl9Nhz6Q9xO36zVpnDHSBkYqfeuQDJ0btSBDwIn09qlyW50X_UI2m1dS1edaBrxEul6I4_kNjXkQQ5i0jAaieq3ZSqkmDiTQ-l4AC36UCRjpDT4g3LklhEPopJEcWFyFVDjqwIHbOcZuaD-cM8-kd2PbAVOoh4jGm8AgTz22Hv8t0grpj260AVixXAB2h29gaUq32Z4Wu3K3L2mRlwlMkd1vDxnNs8MLzVJa0JLOCfwsP3fbaEv-2tXYfLbxvX3UXjV4za85zL8WD2z8' @ http://localhost:3001/src/lib/util/state.ts:192
[  515347ms] [LOG] Registration successful, scope is: http://localhost:3001/ @ http://localhost:3001/src/routes/+layout.svelte:42
[  515388ms] [ERROR] view fail ReferenceError: viewID is not defined
    at extractNodeIdFromSvgId (http://localhost:3001/src/lib/components/View.svelte:150:40)
    at attachNodeListeners (http://localhost:3001/src/lib/components/View.svelte:110:19)
    at handleStateChange (http://localhost:3001/src/lib/components/View.svelte:289:6) @ http://localhost:3001/src/lib/components/View.svelte:303
[  515388ms] [LOG] [plausible] render {diagramType: flowchart-v2, isRough: false, lengthBucket: 0-10, renderTimeMsBucket: 50-100} @ http://localhost:3001/src/lib/util/stats.ts:89
[  515995ms] [LOG] [plausible] version {mermaidVersion: 11.14.0} @ http://localhost:3001/src/lib/util/stats.ts:89
[  516067ms] [LOG] Loading 'pako:eNpFTsluwjAQ_RVrELeAIEsdfKiUgNQf6KmYwxDbSVQvyHHUpij_XpMKdU7ztpl3h8YJCQyUdl9Nhz6Q9xO36zVpnDHSBkYqfeuQDJ0btSBDwIn09qlyW50X_UI2m1dS1edaBrxEul6I4_kNjXkQQ5i0jAaieq3ZSqkmDiTQ-l4AC36UCRjpDT4g3LklhEPopJEcWFyFVDjqwIHbOcZuaD-cM8-kd2PbAVOoh4jGm8AgTz22Hv8t0grpj260AVixXAB2h29gaUq32Z4Wu3K3L2mRlwlMkd1vDxnNs8MLzVJa0JLOCfwsP3fbaEv-2tXYfLbxvX3UXjV4za85zL8WD2z8' @ http://localhost:3001/src/lib/util/state.ts:192
[  516122ms] [LOG] Registration successful, scope is: http://localhost:3001/ @ http://localhost:3001/src/routes/+layout.svelte:42
[  516161ms] [ERROR] view fail ReferenceError: viewID is not defined
    at extractNodeIdFromSvgId (http://localhost:3001/src/lib/components/View.svelte:150:40)
    at attachNodeListeners (http://localhost:3001/src/lib/components/View.svelte:110:19)
    at handleStateChange (http://localhost:3001/src/lib/components/View.svelte:289:6) @ http://localhost:3001/src/lib/components/View.svelte:303
[  516161ms] [LOG] [plausible] render {diagramType: flowchart-v2, isRough: false, lengthBucket: 0-10, renderTimeMsBucket: 50-100} @ http://localhost:3001/src/lib/util/stats.ts:89
[  516801ms] [LOG] [plausible] version {mermaidVersion: 11.14.0} @ http://localhost:3001/src/lib/util/stats.ts:89
[  516869ms] [LOG] Loading 'pako:eNpFTsluwjAQ_RVrELeAIEsdfKiUgNQf6KmYwxDbSVQvyHHUpij_XpMKdU7ztpl3h8YJCQyUdl9Nhz6Q9xO36zVpnDHSBkYqfeuQDJ0btSBDwIn09qlyW50X_UI2m1dS1edaBrxEul6I4_kNjXkQQ5i0jAaieq3ZSqkmDiTQ-l4AC36UCRjpDT4g3LklhEPopJEcWFyFVDjqwIHbOcZuaD-cM8-kd2PbAVOoh4jGm8AgTz22Hv8t0grpj260AVixXAB2h29gaUq32Z4Wu3K3L2mRlwlMkd1vDxnNs8MLzVJa0JLOCfwsP3fbaEv-2tXYfLbxvX3UXjV4za85zL8WD2z8' @ http://localhost:3001/src/lib/util/state.ts:192
[  516926ms] [LOG] Registration successful, scope is: http://localhost:3001/ @ http://localhost:3001/src/routes/+layout.svelte:42
[  516959ms] [ERROR] view fail ReferenceError: viewID is not defined
    at extractNodeIdFromSvgId (http://localhost:3001/src/lib/components/View.svelte:150:40)
    at attachNodeListeners (http://localhost:3001/src/lib/components/View.svelte:110:19)
    at handleStateChange (http://localhost:3001/src/lib/components/View.svelte:289:6) @ http://localhost:3001/src/lib/components/View.svelte:303
[  516960ms] [LOG] [plausible] render {diagramType: flowchart-v2, isRough: false, lengthBucket: 0-10, renderTimeMsBucket: 50-100} @ http://localhost:3001/src/lib/util/stats.ts:89
[  517560ms] [LOG] [plausible] version {mermaidVersion: 11.14.0} @ http://localhost:3001/src/lib/util/stats.ts:89
[  517624ms] [LOG] Loading 'pako:eNpFTsluwjAQ_RVrELeAIEsdfKiUgNQf6KmYwxDbSVQvyHHUpij_XpMKdU7ztpl3h8YJCQyUdl9Nhz6Q9xO36zVpnDHSBkYqfeuQDJ0btSBDwIn09qlyW50X_UI2m1dS1edaBrxEul6I4_kNjXkQQ5i0jAaieq3ZSqkmDiTQ-l4AC36UCRjpDT4g3LklhEPopJEcWFyFVDjqwIHbOcZuaD-cM8-kd2PbAVOoh4jGm8AgTz22Hv8t0grpj260AVixXAB2h29gaUq32Z4Wu3K3L2mRlwlMkd1vDxnNs8MLzVJa0JLOCfwsP3fbaEv-2tXYfLbxvX3UXjV4za85zL8WD2z8' @ http://localhost:3001/src/lib/util/state.ts:192
[  517684ms] [LOG] Registration successful, scope is: http://localhost:3001/ @ http://localhost:3001/src/routes/+layout.svelte:42
[  517737ms] [ERROR] view fail ReferenceError: viewID is not defined
    at extractNodeIdFromSvgId (http://localhost:3001/src/lib/components/View.svelte:150:40)
    at attachNodeListeners (http://localhost:3001/src/lib/components/View.svelte:110:19)
    at handleStateChange (http://localhost:3001/src/lib/components/View.svelte:289:6) @ http://localhost:3001/src/lib/components/View.svelte:303
[  517737ms] [LOG] [plausible] render {diagramType: flowchart-v2, isRough: false, lengthBucket: 0-10, renderTimeMsBucket: 50-100} @ http://localhost:3001/src/lib/util/stats.ts:89
[  518917ms] [LOG] [plausible] version {mermaidVersion: 11.14.0} @ http://localhost:3001/src/lib/util/stats.ts:89
[  518977ms] [LOG] Loading 'pako:eNpFTsluwjAQ_RVrELeAIEsdfKiUgNQf6KmYwxDbSVQvyHHUpij_XpMKdU7ztpl3h8YJCQyUdl9Nhz6Q9xO36zVpnDHSBkYqfeuQDJ0btSBDwIn09qlyW50X_UI2m1dS1edaBrxEul6I4_kNjXkQQ5i0jAaieq3ZSqkmDiTQ-l4AC36UCRjpDT4g3LklhEPopJEcWFyFVDjqwIHbOcZuaD-cM8-kd2PbAVOoh4jGm8AgTz22Hv8t0grpj260AVixXAB2h29gaUq32Z4Wu3K3L2mRlwlMkd1vDxnNs8MLzVJa0JLOCfwsP3fbaEv-2tXYfLbxvX3UXjV4za85zL8WD2z8' @ http://localhost:3001/src/lib/util/state.ts:192
[  519035ms] [LOG] Registration successful, scope is: http://localhost:3001/ @ http://localhost:3001/src/routes/+layout.svelte:42
[  519084ms] [ERROR] view fail ReferenceError: viewID is not defined
    at extractNodeIdFromSvgId (http://localhost:3001/src/lib/components/View.svelte:150:40)
    at attachNodeListeners (http://localhost:3001/src/lib/components/View.svelte:110:19)
    at handleStateChange (http://localhost:3001/src/lib/components/View.svelte:289:6) @ http://localhost:3001/src/lib/components/View.svelte:303
[  519085ms] [LOG] [plausible] render {diagramType: flowchart-v2, isRough: false, lengthBucket: 0-10, renderTimeMsBucket: 50-100} @ http://localhost:3001/src/lib/util/stats.ts:89
[  519741ms] [LOG] [plausible] version {mermaidVersion: 11.14.0} @ http://localhost:3001/src/lib/util/stats.ts:89
[  519821ms] [LOG] Loading 'pako:eNpFTsluwjAQ_RVrELeAIEsdfKiUgNQf6KmYwxDbSVQvyHHUpij_XpMKdU7ztpl3h8YJCQyUdl9Nhz6Q9xO36zVpnDHSBkYqfeuQDJ0btSBDwIn09qlyW50X_UI2m1dS1edaBrxEul6I4_kNjXkQQ5i0jAaieq3ZSqkmDiTQ-l4AC36UCRjpDT4g3LklhEPopJEcWFyFVDjqwIHbOcZuaD-cM8-kd2PbAVOoh4jGm8AgTz22Hv8t0grpj260AVixXAB2h29gaUq32Z4Wu3K3L2mRlwlMkd1vDxnNs8MLzVJa0JLOCfwsP3fbaEv-2tXYfLbxvX3UXjV4za85zL8WD2z8' @ http://localhost:3001/src/lib/util/state.ts:192
[  519885ms] [LOG] Registration successful, scope is: http://localhost:3001/ @ http://localhost:3001/src/routes/+layout.svelte:42
[  519925ms] [ERROR] view fail ReferenceError: viewID is not defined
    at extractNodeIdFromSvgId (http://localhost:3001/src/lib/components/View.svelte:150:40)
    at attachNodeListeners (http://localhost:3001/src/lib/components/View.svelte:110:19)
    at handleStateChange (http://localhost:3001/src/lib/components/View.svelte:289:6) @ http://localhost:3001/src/lib/components/View.svelte:303
[  519925ms] [LOG] [plausible] render {diagramType: flowchart-v2, isRough: false, lengthBucket: 0-10, renderTimeMsBucket: 50-100} @ http://localhost:3001/src/lib/util/stats.ts:89
[  520497ms] [LOG] [plausible] version {mermaidVersion: 11.14.0} @ http://localhost:3001/src/lib/util/stats.ts:89
[  520555ms] [LOG] Loading 'pako:eNpFTsluwjAQ_RVrELeAIEsdfKiUgNQf6KmYwxDbSVQvyHHUpij_XpMKdU7ztpl3h8YJCQyUdl9Nhz6Q9xO36zVpnDHSBkYqfeuQDJ0btSBDwIn09qlyW50X_UI2m1dS1edaBrxEul6I4_kNjXkQQ5i0jAaieq3ZSqkmDiTQ-l4AC36UCRjpDT4g3LklhEPopJEcWFyFVDjqwIHbOcZuaD-cM8-kd2PbAVOoh4jGm8AgTz22Hv8t0grpj260AVixXAB2h29gaUq32Z4Wu3K3L2mRlwlMkd1vDxnNs8MLzVJa0JLOCfwsP3fbaEv-2tXYfLbxvX3UXjV4za85zL8WD2z8' @ http://localhost:3001/src/lib/util/state.ts:192
[  520611ms] [LOG] Registration successful, scope is: http://localhost:3001/ @ http://localhost:3001/src/routes/+layout.svelte:42
[  520667ms] [ERROR] view fail ReferenceError: viewID is not defined
    at extractNodeIdFromSvgId (http://localhost:3001/src/lib/components/View.svelte:150:40)
    at attachNodeListeners (http://localhost:3001/src/lib/components/View.svelte:110:19)
    at handleStateChange (http://localhost:3001/src/lib/components/View.svelte:289:6) @ http://localhost:3001/src/lib/components/View.svelte:303
[  520667ms] [LOG] [plausible] render {diagramType: flowchart-v2, isRough: false, lengthBucket: 0-10, renderTimeMsBucket: 50-100} @ http://localhost:3001/src/lib/util/stats.ts:89
[  521506ms] [LOG] [plausible] version {mermaidVersion: 11.14.0} @ http://localhost:3001/src/lib/util/stats.ts:89
[  521570ms] [LOG] Loading 'pako:eNpFTsluwjAQ_RVrELeAIEsdfKiUgNQf6KmYwxDbSVQvyHHUpij_XpMKdU7ztpl3h8YJCQyUdl9Nhz6Q9xO36zVpnDHSBkYqfeuQDJ0btSBDwIn09qlyW50X_UI2m1dS1edaBrxEul6I4_kNjXkQQ5i0jAaieq3ZSqkmDiTQ-l4AC36UCRjpDT4g3LklhEPopJEcWFyFVDjqwIHbOcZuaD-cM8-kd2PbAVOoh4jGm8AgTz22Hv8t0grpj260AVixXAB2h29gaUq32Z4Wu3K3L2mRlwlMkd1vDxnNs8MLzVJa0JLOCfwsP3fbaEv-2tXYfLbxvX3UXjV4za85zL8WD2z8' @ http://localhost:3001/src/lib/util/state.ts:192
[  521628ms] [LOG] Registration successful, scope is: http://localhost:3001/ @ http://localhost:3001/src/routes/+layout.svelte:42
[  521685ms] [ERROR] view fail ReferenceError: viewID is not defined
    at extractNodeIdFromSvgId (http://localhost:3001/src/lib/components/View.svelte:150:40)
    at attachNodeListeners (http://localhost:3001/src/lib/components/View.svelte:110:19)
    at handleStateChange (http://localhost:3001/src/lib/components/View.svelte:289:6) @ http://localhost:3001/src/lib/components/View.svelte:303
[  521686ms] [LOG] [plausible] render {diagramType: flowchart-v2, isRough: false, lengthBucket: 0-10, renderTimeMsBucket: 50-100} @ http://localhost:3001/src/lib/util/stats.ts:89
[  522315ms] [LOG] [plausible] version {mermaidVersion: 11.14.0} @ http://localhost:3001/src/lib/util/stats.ts:89
[  522380ms] [LOG] Loading 'pako:eNpFTsluwjAQ_RVrELeAIEsdfKiUgNQf6KmYwxDbSVQvyHHUpij_XpMKdU7ztpl3h8YJCQyUdl9Nhz6Q9xO36zVpnDHSBkYqfeuQDJ0btSBDwIn09qlyW50X_UI2m1dS1edaBrxEul6I4_kNjXkQQ5i0jAaieq3ZSqkmDiTQ-l4AC36UCRjpDT4g3LklhEPopJEcWFyFVDjqwIHbOcZuaD-cM8-kd2PbAVOoh4jGm8AgTz22Hv8t0grpj260AVixXAB2h29gaUq32Z4Wu3K3L2mRlwlMkd1vDxnNs8MLzVJa0JLOCfwsP3fbaEv-2tXYfLbxvX3UXjV4za85zL8WD2z8' @ http://localhost:3001/src/lib/util/state.ts:192
[  522437ms] [LOG] Registration successful, scope is: http://localhost:3001/ @ http://localhost:3001/src/routes/+layout.svelte:42
[  522492ms] [ERROR] view fail ReferenceError: viewID is not defined
    at extractNodeIdFromSvgId (http://localhost:3001/src/lib/components/View.svelte:150:40)
    at attachNodeListeners (http://localhost:3001/src/lib/components/View.svelte:110:19)
    at handleStateChange (http://localhost:3001/src/lib/components/View.svelte:289:6) @ http://localhost:3001/src/lib/components/View.svelte:303
[  522493ms] [LOG] [plausible] render {diagramType: flowchart-v2, isRough: false, lengthBucket: 0-10, renderTimeMsBucket: 50-100} @ http://localhost:3001/src/lib/util/stats.ts:89
[  523136ms] [LOG] [plausible] version {mermaidVersion: 11.14.0} @ http://localhost:3001/src/lib/util/stats.ts:89
[  523199ms] [LOG] Loading 'pako:eNpFTsluwjAQ_RVrELeAIEsdfKiUgNQf6KmYwxDbSVQvyHHUpij_XpMKdU7ztpl3h8YJCQyUdl9Nhz6Q9xO36zVpnDHSBkYqfeuQDJ0btSBDwIn09qlyW50X_UI2m1dS1edaBrxEul6I4_kNjXkQQ5i0jAaieq3ZSqkmDiTQ-l4AC36UCRjpDT4g3LklhEPopJEcWFyFVDjqwIHbOcZuaD-cM8-kd2PbAVOoh4jGm8AgTz22Hv8t0grpj260AVixXAB2h29gaUq32Z4Wu3K3L2mRlwlMkd1vDxnNs8MLzVJa0JLOCfwsP3fbaEv-2tXYfLbxvX3UXjV4za85zL8WD2z8' @ http://localhost:3001/src/lib/util/state.ts:192
[  523258ms] [LOG] Registration successful, scope is: http://localhost:3001/ @ http://localhost:3001/src/routes/+layout.svelte:42
[  523317ms] [ERROR] view fail ReferenceError: viewID is not defined
    at extractNodeIdFromSvgId (http://localhost:3001/src/lib/components/View.svelte:150:40)
    at attachNodeListeners (http://localhost:3001/src/lib/components/View.svelte:110:19)
    at handleStateChange (http://localhost:3001/src/lib/components/View.svelte:289:6) @ http://localhost:3001/src/lib/components/View.svelte:303
[  523318ms] [LOG] [plausible] render {diagramType: flowchart-v2, isRough: false, lengthBucket: 0-10, renderTimeMsBucket: 50-100} @ http://localhost:3001/src/lib/util/stats.ts:89
[  523914ms] [LOG] [plausible] version {mermaidVersion: 11.14.0} @ http://localhost:3001/src/lib/util/stats.ts:89
[  523982ms] [LOG] Loading 'pako:eNpFTsluwjAQ_RVrELeAIEsdfKiUgNQf6KmYwxDbSVQvyHHUpij_XpMKdU7ztpl3h8YJCQyUdl9Nhz6Q9xO36zVpnDHSBkYqfeuQDJ0btSBDwIn09qlyW50X_UI2m1dS1edaBrxEul6I4_kNjXkQQ5i0jAaieq3ZSqkmDiTQ-l4AC36UCRjpDT4g3LklhEPopJEcWFyFVDjqwIHbOcZuaD-cM8-kd2PbAVOoh4jGm8AgTz22Hv8t0grpj260AVixXAB2h29gaUq32Z4Wu3K3L2mRlwlMkd1vDxnNs8MLzVJa0JLOCfwsP3fbaEv-2tXYfLbxvX3UXjV4za85zL8WD2z8' @ http://localhost:3001/src/lib/util/state.ts:192
[  524031ms] [LOG] Registration successful, scope is: http://localhost:3001/ @ http://localhost:3001/src/routes/+layout.svelte:42
[  524080ms] [ERROR] view fail ReferenceError: viewID is not defined
    at extractNodeIdFromSvgId (http://localhost:3001/src/lib/components/View.svelte:150:40)
    at attachNodeListeners (http://localhost:3001/src/lib/components/View.svelte:110:19)
    at handleStateChange (http://localhost:3001/src/lib/components/View.svelte:289:6) @ http://localhost:3001/src/lib/components/View.svelte:303
[  524080ms] [LOG] [plausible] render {diagramType: flowchart-v2, isRough: false, lengthBucket: 0-10, renderTimeMsBucket: 50-100} @ http://localhost:3001/src/lib/util/stats.ts:89
[  524698ms] [LOG] [plausible] version {mermaidVersion: 11.14.0} @ http://localhost:3001/src/lib/util/stats.ts:89
[  524761ms] [LOG] Loading 'pako:eNpFTsluwjAQ_RVrELeAIEsdfKiUgNQf6KmYwxDbSVQvyHHUpij_XpMKdU7ztpl3h8YJCQyUdl9Nhz6Q9xO36zVpnDHSBkYqfeuQDJ0btSBDwIn09qlyW50X_UI2m1dS1edaBrxEul6I4_kNjXkQQ5i0jAaieq3ZSqkmDiTQ-l4AC36UCRjpDT4g3LklhEPopJEcWFyFVDjqwIHbOcZuaD-cM8-kd2PbAVOoh4jGm8AgTz22Hv8t0grpj260AVixXAB2h29gaUq32Z4Wu3K3L2mRlwlMkd1vDxnNs8MLzVJa0JLOCfwsP3fbaEv-2tXYfLbxvX3UXjV4za85zL8WD2z8' @ http://localhost:3001/src/lib/util/state.ts:192
[  524812ms] [LOG] Registration successful, scope is: http://localhost:3001/ @ http://localhost:3001/src/routes/+layout.svelte:42
[  524864ms] [ERROR] view fail ReferenceError: viewID is not defined
    at extractNodeIdFromSvgId (http://localhost:3001/src/lib/components/View.svelte:150:40)
    at attachNodeListeners (http://localhost:3001/src/lib/components/View.svelte:110:19)
    at handleStateChange (http://localhost:3001/src/lib/components/View.svelte:289:6) @ http://localhost:3001/src/lib/components/View.svelte:303
[  524864ms] [LOG] [plausible] render {diagramType: flowchart-v2, isRough: false, lengthBucket: 0-10, renderTimeMsBucket: 50-100} @ http://localhost:3001/src/lib/util/stats.ts:89
[  525445ms] [LOG] [plausible] version {mermaidVersion: 11.14.0} @ http://localhost:3001/src/lib/util/stats.ts:89
[  525515ms] [LOG] Loading 'pako:eNpFTsluwjAQ_RVrELeAIEsdfKiUgNQf6KmYwxDbSVQvyHHUpij_XpMKdU7ztpl3h8YJCQyUdl9Nhz6Q9xO36zVpnDHSBkYqfeuQDJ0btSBDwIn09qlyW50X_UI2m1dS1edaBrxEul6I4_kNjXkQQ5i0jAaieq3ZSqkmDiTQ-l4AC36UCRjpDT4g3LklhEPopJEcWFyFVDjqwIHbOcZuaD-cM8-kd2PbAVOoh4jGm8AgTz22Hv8t0grpj260AVixXAB2h29gaUq32Z4Wu3K3L2mRlwlMkd1vDxnNs8MLzVJa0JLOCfwsP3fbaEv-2tXYfLbxvX3UXjV4za85zL8WD2z8' @ http://localhost:3001/src/lib/util/state.ts:192
[  525567ms] [LOG] Registration successful, scope is: http://localhost:3001/ @ http://localhost:3001/src/routes/+layout.svelte:42
[  525614ms] [ERROR] view fail ReferenceError: viewID is not defined
    at extractNodeIdFromSvgId (http://localhost:3001/src/lib/components/View.svelte:150:40)
    at attachNodeListeners (http://localhost:3001/src/lib/components/View.svelte:110:19)
    at handleStateChange (http://localhost:3001/src/lib/components/View.svelte:289:6) @ http://localhost:3001/src/lib/components/View.svelte:303
[  525615ms] [LOG] [plausible] render {diagramType: flowchart-v2, isRough: false, lengthBucket: 0-10, renderTimeMsBucket: 50-100} @ http://localhost:3001/src/lib/util/stats.ts:89
[  526218ms] [LOG] [plausible] version {mermaidVersion: 11.14.0} @ http://localhost:3001/src/lib/util/stats.ts:89
[  526283ms] [LOG] Loading 'pako:eNpFTsluwjAQ_RVrELeAIEsdfKiUgNQf6KmYwxDbSVQvyHHUpij_XpMKdU7ztpl3h8YJCQyUdl9Nhz6Q9xO36zVpnDHSBkYqfeuQDJ0btSBDwIn09qlyW50X_UI2m1dS1edaBrxEul6I4_kNjXkQQ5i0jAaieq3ZSqkmDiTQ-l4AC36UCRjpDT4g3LklhEPopJEcWFyFVDjqwIHbOcZuaD-cM8-kd2PbAVOoh4jGm8AgTz22Hv8t0grpj260AVixXAB2h29gaUq32Z4Wu3K3L2mRlwlMkd1vDxnNs8MLzVJa0JLOCfwsP3fbaEv-2tXYfLbxvX3UXjV4za85zL8WD2z8' @ http://localhost:3001/src/lib/util/state.ts:192
[  526340ms] [LOG] Registration successful, scope is: http://localhost:3001/ @ http://localhost:3001/src/routes/+layout.svelte:42
[  526389ms] [ERROR] view fail ReferenceError: viewID is not defined
    at extractNodeIdFromSvgId (http://localhost:3001/src/lib/components/View.svelte:150:40)
    at attachNodeListeners (http://localhost:3001/src/lib/components/View.svelte:110:19)
    at handleStateChange (http://localhost:3001/src/lib/components/View.svelte:289:6) @ http://localhost:3001/src/lib/components/View.svelte:303
[  526389ms] [LOG] [plausible] render {diagramType: flowchart-v2, isRough: false, lengthBucket: 0-10, renderTimeMsBucket: 50-100} @ http://localhost:3001/src/lib/util/stats.ts:89
[  526977ms] [LOG] [plausible] version {mermaidVersion: 11.14.0} @ http://localhost:3001/src/lib/util/stats.ts:89
[  527042ms] [LOG] Loading 'pako:eNpFTsluwjAQ_RVrELeAIEsdfKiUgNQf6KmYwxDbSVQvyHHUpij_XpMKdU7ztpl3h8YJCQyUdl9Nhz6Q9xO36zVpnDHSBkYqfeuQDJ0btSBDwIn09qlyW50X_UI2m1dS1edaBrxEul6I4_kNjXkQQ5i0jAaieq3ZSqkmDiTQ-l4AC36UCRjpDT4g3LklhEPopJEcWFyFVDjqwIHbOcZuaD-cM8-kd2PbAVOoh4jGm8AgTz22Hv8t0grpj260AVixXAB2h29gaUq32Z4Wu3K3L2mRlwlMkd1vDxnNs8MLzVJa0JLOCfwsP3fbaEv-2tXYfLbxvX3UXjV4za85zL8WD2z8' @ http://localhost:3001/src/lib/util/state.ts:192
[  527095ms] [LOG] Registration successful, scope is: http://localhost:3001/ @ http://localhost:3001/src/routes/+layout.svelte:42
[  527149ms] [ERROR] view fail ReferenceError: viewID is not defined
    at extractNodeIdFromSvgId (http://localhost:3001/src/lib/components/View.svelte:150:40)
    at attachNodeListeners (http://localhost:3001/src/lib/components/View.svelte:110:19)
    at handleStateChange (http://localhost:3001/src/lib/components/View.svelte:289:6) @ http://localhost:3001/src/lib/components/View.svelte:303
[  527150ms] [LOG] [plausible] render {diagramType: flowchart-v2, isRough: false, lengthBucket: 0-10, renderTimeMsBucket: 50-100} @ http://localhost:3001/src/lib/util/stats.ts:89
[  527785ms] [LOG] [plausible] version {mermaidVersion: 11.14.0} @ http://localhost:3001/src/lib/util/stats.ts:89
[  527845ms] [LOG] Loading 'pako:eNpFTsluwjAQ_RVrELeAIEsdfKiUgNQf6KmYwxDbSVQvyHHUpij_XpMKdU7ztpl3h8YJCQyUdl9Nhz6Q9xO36zVpnDHSBkYqfeuQDJ0btSBDwIn09qlyW50X_UI2m1dS1edaBrxEul6I4_kNjXkQQ5i0jAaieq3ZSqkmDiTQ-l4AC36UCRjpDT4g3LklhEPopJEcWFyFVDjqwIHbOcZuaD-cM8-kd2PbAVOoh4jGm8AgTz22Hv8t0grpj260AVixXAB2h29gaUq32Z4Wu3K3L2mRlwlMkd1vDxnNs8MLzVJa0JLOCfwsP3fbaEv-2tXYfLbxvX3UXjV4za85zL8WD2z8' @ http://localhost:3001/src/lib/util/state.ts:192
[  527900ms] [LOG] Registration successful, scope is: http://localhost:3001/ @ http://localhost:3001/src/routes/+layout.svelte:42
[  527953ms] [ERROR] view fail ReferenceError: viewID is not defined
    at extractNodeIdFromSvgId (http://localhost:3001/src/lib/components/View.svelte:150:40)
    at attachNodeListeners (http://localhost:3001/src/lib/components/View.svelte:110:19)
    at handleStateChange (http://localhost:3001/src/lib/components/View.svelte:289:6) @ http://localhost:3001/src/lib/components/View.svelte:303
[  527954ms] [LOG] [plausible] render {diagramType: flowchart-v2, isRough: false, lengthBucket: 0-10, renderTimeMsBucket: 50-100} @ http://localhost:3001/src/lib/util/stats.ts:89
[  528588ms] [LOG] [plausible] version {mermaidVersion: 11.14.0} @ http://localhost:3001/src/lib/util/stats.ts:89
[  528648ms] [LOG] Loading 'pako:eNpFTsluwjAQ_RVrELeAIEsdfKiUgNQf6KmYwxDbSVQvyHHUpij_XpMKdU7ztpl3h8YJCQyUdl9Nhz6Q9xO36zVpnDHSBkYqfeuQDJ0btSBDwIn09qlyW50X_UI2m1dS1edaBrxEul6I4_kNjXkQQ5i0jAaieq3ZSqkmDiTQ-l4AC36UCRjpDT4g3LklhEPopJEcWFyFVDjqwIHbOcZuaD-cM8-kd2PbAVOoh4jGm8AgTz22Hv8t0grpj260AVixXAB2h29gaUq32Z4Wu3K3L2mRlwlMkd1vDxnNs8MLzVJa0JLOCfwsP3fbaEv-2tXYfLbxvX3UXjV4za85zL8WD2z8' @ http://localhost:3001/src/lib/util/state.ts:192
[  528695ms] [LOG] Registration successful, scope is: http://localhost:3001/ @ http://localhost:3001/src/routes/+layout.svelte:42
[  528729ms] [ERROR] view fail ReferenceError: viewID is not defined
    at extractNodeIdFromSvgId (http://localhost:3001/src/lib/components/View.svelte:150:40)
    at attachNodeListeners (http://localhost:3001/src/lib/components/View.svelte:110:19)
    at handleStateChange (http://localhost:3001/src/lib/components/View.svelte:289:6) @ http://localhost:3001/src/lib/components/View.svelte:303
[  528729ms] [LOG] [plausible] render {diagramType: flowchart-v2, isRough: false, lengthBucket: 0-10, renderTimeMsBucket: 50-100} @ http://localhost:3001/src/lib/util/stats.ts:89
[  529325ms] [LOG] [plausible] version {mermaidVersion: 11.14.0} @ http://localhost:3001/src/lib/util/stats.ts:89
[  529399ms] [LOG] Loading 'pako:eNpFTsluwjAQ_RVrELeAIEsdfKiUgNQf6KmYwxDbSVQvyHHUpij_XpMKdU7ztpl3h8YJCQyUdl9Nhz6Q9xO36zVpnDHSBkYqfeuQDJ0btSBDwIn09qlyW50X_UI2m1dS1edaBrxEul6I4_kNjXkQQ5i0jAaieq3ZSqkmDiTQ-l4AC36UCRjpDT4g3LklhEPopJEcWFyFVDjqwIHbOcZuaD-cM8-kd2PbAVOoh4jGm8AgTz22Hv8t0grpj260AVixXAB2h29gaUq32Z4Wu3K3L2mRlwlMkd1vDxnNs8MLzVJa0JLOCfwsP3fbaEv-2tXYfLbxvX3UXjV4za85zL8WD2z8' @ http://localhost:3001/src/lib/util/state.ts:192
[  529454ms] [LOG] Registration successful, scope is: http://localhost:3001/ @ http://localhost:3001/src/routes/+layout.svelte:42
[  529487ms] [ERROR] view fail ReferenceError: viewID is not defined
    at extractNodeIdFromSvgId (http://localhost:3001/src/lib/components/View.svelte:150:40)
    at attachNodeListeners (http://localhost:3001/src/lib/components/View.svelte:110:19)
    at handleStateChange (http://localhost:3001/src/lib/components/View.svelte:289:6) @ http://localhost:3001/src/lib/components/View.svelte:303
[  529487ms] [LOG] [plausible] render {diagramType: flowchart-v2, isRough: false, lengthBucket: 0-10, renderTimeMsBucket: 50-100} @ http://localhost:3001/src/lib/util/stats.ts:89
[  530112ms] [LOG] [plausible] version {mermaidVersion: 11.14.0} @ http://localhost:3001/src/lib/util/stats.ts:89
[  530180ms] [LOG] Loading 'pako:eNpFTsluwjAQ_RVrELeAIEsdfKiUgNQf6KmYwxDbSVQvyHHUpij_XpMKdU7ztpl3h8YJCQyUdl9Nhz6Q9xO36zVpnDHSBkYqfeuQDJ0btSBDwIn09qlyW50X_UI2m1dS1edaBrxEul6I4_kNjXkQQ5i0jAaieq3ZSqkmDiTQ-l4AC36UCRjpDT4g3LklhEPopJEcWFyFVDjqwIHbOcZuaD-cM8-kd2PbAVOoh4jGm8AgTz22Hv8t0grpj260AVixXAB2h29gaUq32Z4Wu3K3L2mRlwlMkd1vDxnNs8MLzVJa0JLOCfwsP3fbaEv-2tXYfLbxvX3UXjV4za85zL8WD2z8' @ http://localhost:3001/src/lib/util/state.ts:192
[  530233ms] [LOG] Registration successful, scope is: http://localhost:3001/ @ http://localhost:3001/src/routes/+layout.svelte:42
[  530272ms] [ERROR] view fail ReferenceError: viewID is not defined
    at extractNodeIdFromSvgId (http://localhost:3001/src/lib/components/View.svelte:150:40)
    at attachNodeListeners (http://localhost:3001/src/lib/components/View.svelte:110:19)
    at handleStateChange (http://localhost:3001/src/lib/components/View.svelte:289:6) @ http://localhost:3001/src/lib/components/View.svelte:303
[  530272ms] [LOG] [plausible] render {diagramType: flowchart-v2, isRough: false, lengthBucket: 0-10, renderTimeMsBucket: 50-100} @ http://localhost:3001/src/lib/util/stats.ts:89
[  530868ms] [LOG] [plausible] version {mermaidVersion: 11.14.0} @ http://localhost:3001/src/lib/util/stats.ts:89
[  530933ms] [LOG] Loading 'pako:eNpFTsluwjAQ_RVrELeAIEsdfKiUgNQf6KmYwxDbSVQvyHHUpij_XpMKdU7ztpl3h8YJCQyUdl9Nhz6Q9xO36zVpnDHSBkYqfeuQDJ0btSBDwIn09qlyW50X_UI2m1dS1edaBrxEul6I4_kNjXkQQ5i0jAaieq3ZSqkmDiTQ-l4AC36UCRjpDT4g3LklhEPopJEcWFyFVDjqwIHbOcZuaD-cM8-kd2PbAVOoh4jGm8AgTz22Hv8t0grpj260AVixXAB2h29gaUq32Z4Wu3K3L2mRlwlMkd1vDxnNs8MLzVJa0JLOCfwsP3fbaEv-2tXYfLbxvX3UXjV4za85zL8WD2z8' @ http://localhost:3001/src/lib/util/state.ts:192
[  530980ms] [LOG] Registration successful, scope is: http://localhost:3001/ @ http://localhost:3001/src/routes/+layout.svelte:42
[  531016ms] [ERROR] view fail ReferenceError: viewID is not defined
    at extractNodeIdFromSvgId (http://localhost:3001/src/lib/components/View.svelte:150:40)
    at attachNodeListeners (http://localhost:3001/src/lib/components/View.svelte:110:19)
    at handleStateChange (http://localhost:3001/src/lib/components/View.svelte:289:6) @ http://localhost:3001/src/lib/components/View.svelte:303
[  531016ms] [LOG] [plausible] render {diagramType: flowchart-v2, isRough: false, lengthBucket: 0-10, renderTimeMsBucket: 50-100} @ http://localhost:3001/src/lib/util/stats.ts:89
