[     737ms] [LOG] [plausible] version {mermaidVersion: 11.14.0} @ http://localhost:3001/src/lib/util/stats.ts:89
[     852ms] [LOG] Loading '' @ http://localhost:3001/src/lib/util/state.ts:192
[     934ms] [LOG] Registration successful, scope is: http://localhost:3001/ @ http://localhost:3001/src/routes/+layout.svelte:42
[    2045ms] [LOG] [plausible] version {mermaidVersion: 11.14.0} @ http://localhost:3001/src/lib/util/stats.ts:89
[    2118ms] [LOG] Loading '' @ http://localhost:3001/src/lib/util/state.ts:192
[    2173ms] [LOG] Registration successful, scope is: http://localhost:3001/ @ http://localhost:3001/src/routes/+layout.svelte:42
[    2238ms] [LOG] [plausible] render {diagramType: flowchart-v2, isRough: false, lengthBucket: 0-10, renderTimeMsBucket: 50-100} @ http://localhost:3001/src/lib/util/stats.ts:89
[    3447ms] [LOG] [plausible] version {mermaidVersion: 11.14.0} @ http://localhost:3001/src/lib/util/stats.ts:89
[    3508ms] [LOG] Loading '' @ http://localhost:3001/src/lib/util/state.ts:192
[    3557ms] [LOG] Registration successful, scope is: http://localhost:3001/ @ http://localhost:3001/src/routes/+layout.svelte:42
[    3599ms] [LOG] [plausible] render {diagramType: flowchart-v2, isRough: false, lengthBucket: 0-10, renderTimeMsBucket: 50-100} @ http://localhost:3001/src/lib/util/stats.ts:89
[    3662ms] [LOG] [plausible] render {diagramType: flowchart-v2, isRough: false, lengthBucket: 0-10, renderTimeMsBucket: 50-100} @ http://localhost:3001/src/lib/util/stats.ts:89
[    4340ms] [LOG] [plausible] version {mermaidVersion: 11.14.0} @ http://localhost:3001/src/lib/util/stats.ts:89
[    4415ms] [LOG] Loading '' @ http://localhost:3001/src/lib/util/state.ts:192
[    4474ms] [LOG] Registration successful, scope is: http://localhost:3001/ @ http://localhost:3001/src/routes/+layout.svelte:42
[    4521ms] [LOG] [plausible] render {diagramType: flowchart-v2, isRough: false, lengthBucket: 0-10, renderTimeMsBucket: 50-100} @ http://localhost:3001/src/lib/util/stats.ts:89
[    5177ms] [LOG] [plausible] version {mermaidVersion: 11.14.0} @ http://localhost:3001/src/lib/util/stats.ts:89
[    5245ms] [LOG] Loading '' @ http://localhost:3001/src/lib/util/state.ts:192
[    5299ms] [LOG] Registration successful, scope is: http://localhost:3001/ @ http://localhost:3001/src/routes/+layout.svelte:42
[    5341ms] [LOG] [plausible] render {diagramType: flowchart-v2, isRough: false, lengthBucket: 0-10, renderTimeMsBucket: 50-100} @ http://localhost:3001/src/lib/util/stats.ts:89
[    5962ms] [LOG] [plausible] version {mermaidVersion: 11.14.0} @ http://localhost:3001/src/lib/util/stats.ts:89
[    6022ms] [LOG] Loading '' @ http://localhost:3001/src/lib/util/state.ts:192
[    6076ms] [LOG] Registration successful, scope is: http://localhost:3001/ @ http://localhost:3001/src/routes/+layout.svelte:42
[    6114ms] [LOG] [plausible] render {diagramType: flowchart-v2, isRough: false, lengthBucket: 0-10, renderTimeMsBucket: 50-100} @ http://localhost:3001/src/lib/util/stats.ts:89
[    6714ms] [LOG] [plausible] version {mermaidVersion: 11.14.0} @ http://localhost:3001/src/lib/util/stats.ts:89
[    6789ms] [LOG] Loading '' @ http://localhost:3001/src/lib/util/state.ts:192
[    6844ms] [LOG] Registration successful, scope is: http://localhost:3001/ @ http://localhost:3001/src/routes/+layout.svelte:42
[    6885ms] [LOG] [plausible] render {diagramType: flowchart-v2, isRough: false, lengthBucket: 0-10, renderTimeMsBucket: 50-100} @ http://localhost:3001/src/lib/util/stats.ts:89
[    7558ms] [LOG] [plausible] version {mermaidVersion: 11.14.0} @ http://localhost:3001/src/lib/util/stats.ts:89
[    7639ms] [LOG] Loading '' @ http://localhost:3001/src/lib/util/state.ts:192
[    7693ms] [LOG] Registration successful, scope is: http://localhost:3001/ @ http://localhost:3001/src/routes/+layout.svelte:42
[    7738ms] [LOG] [plausible] render {diagramType: flowchart-v2, isRough: false, lengthBucket: 0-10, renderTimeMsBucket: 50-100} @ http://localhost:3001/src/lib/util/stats.ts:89
[    8346ms] [LOG] [plausible] version {mermaidVersion: 11.14.0} @ http://localhost:3001/src/lib/util/stats.ts:89
[    8413ms] [LOG] Loading '' @ http://localhost:3001/src/lib/util/state.ts:192
[    8467ms] [LOG] Registration successful, scope is: http://localhost:3001/ @ http://localhost:3001/src/routes/+layout.svelte:42
[    8505ms] [LOG] [plausible] render {diagramType: flowchart-v2, isRough: false, lengthBucket: 0-10, renderTimeMsBucket: 50-100} @ http://localhost:3001/src/lib/util/stats.ts:89
[    9177ms] [LOG] [plausible] version {mermaidVersion: 11.14.0} @ http://localhost:3001/src/lib/util/stats.ts:89
[    9245ms] [LOG] Loading '' @ http://localhost:3001/src/lib/util/state.ts:192
[    9297ms] [LOG] Registration successful, scope is: http://localhost:3001/ @ http://localhost:3001/src/routes/+layout.svelte:42
[    9338ms] [LOG] [plausible] render {diagramType: flowchart-v2, isRough: false, lengthBucket: 0-10, renderTimeMsBucket: 50-100} @ http://localhost:3001/src/lib/util/stats.ts:89
[    9945ms] [LOG] [plausible] version {mermaidVersion: 11.14.0} @ http://localhost:3001/src/lib/util/stats.ts:89
[   10010ms] [LOG] Loading '' @ http://localhost:3001/src/lib/util/state.ts:192
[   10070ms] [LOG] Registration successful, scope is: http://localhost:3001/ @ http://localhost:3001/src/routes/+layout.svelte:42
[   10112ms] [LOG] [plausible] render {diagramType: flowchart-v2, isRough: false, lengthBucket: 0-10, renderTimeMsBucket: 50-100} @ http://localhost:3001/src/lib/util/stats.ts:89
[   10717ms] [LOG] [plausible] version {mermaidVersion: 11.14.0} @ http://localhost:3001/src/lib/util/stats.ts:89
[   10799ms] [LOG] Loading '' @ http://localhost:3001/src/lib/util/state.ts:192
[   10856ms] [LOG] Registration successful, scope is: http://localhost:3001/ @ http://localhost:3001/src/routes/+layout.svelte:42
[   10897ms] [LOG] [plausible] render {diagramType: flowchart-v2, isRough: false, lengthBucket: 0-10, renderTimeMsBucket: 50-100} @ http://localhost:3001/src/lib/util/stats.ts:89
[   11561ms] [LOG] [plausible] version {mermaidVersion: 11.14.0} @ http://localhost:3001/src/lib/util/stats.ts:89
[   11627ms] [LOG] Loading '' @ http://localhost:3001/src/lib/util/state.ts:192
[   11679ms] [LOG] Registration successful, scope is: http://localhost:3001/ @ http://localhost:3001/src/routes/+layout.svelte:42
[   11733ms] [LOG] [plausible] render {diagramType: flowchart-v2, isRough: false, lengthBucket: 0-10, renderTimeMsBucket: 50-100} @ http://localhost:3001/src/lib/util/stats.ts:89
[   12442ms] [LOG] [plausible] version {mermaidVersion: 11.14.0} @ http://localhost:3001/src/lib/util/stats.ts:89
[   12514ms] [LOG] Loading '' @ http://localhost:3001/src/lib/util/state.ts:192
[   12571ms] [LOG] Registration successful, scope is: http://localhost:3001/ @ http://localhost:3001/src/routes/+layout.svelte:42
[   12619ms] [LOG] [plausible] render {diagramType: flowchart-v2, isRough: false, lengthBucket: 0-10, renderTimeMsBucket: 50-100} @ http://localhost:3001/src/lib/util/stats.ts:89
[   13737ms] [LOG] [plausible] version {mermaidVersion: 11.14.0} @ http://localhost:3001/src/lib/util/stats.ts:89
[   13808ms] [LOG] Loading '' @ http://localhost:3001/src/lib/util/state.ts:192
[   13867ms] [LOG] Registration successful, scope is: http://localhost:3001/ @ http://localhost:3001/src/routes/+layout.svelte:42
[   13916ms] [LOG] [plausible] render {diagramType: flowchart-v2, isRough: false, lengthBucket: 0-10, renderTimeMsBucket: 50-100} @ http://localhost:3001/src/lib/util/stats.ts:89
[   14820ms] [LOG] [plausible] version {mermaidVersion: 11.14.0} @ http://localhost:3001/src/lib/util/stats.ts:89
[   14901ms] [LOG] Loading '' @ http://localhost:3001/src/lib/util/state.ts:192
[   14961ms] [LOG] Registration successful, scope is: http://localhost:3001/ @ http://localhost:3001/src/routes/+layout.svelte:42
[   15005ms] [LOG] [plausible] render {diagramType: flowchart-v2, isRough: false, lengthBucket: 0-10, renderTimeMsBucket: 50-100} @ http://localhost:3001/src/lib/util/stats.ts:89
[   15671ms] [LOG] [plausible] version {mermaidVersion: 11.14.0} @ http://localhost:3001/src/lib/util/stats.ts:89
[   15747ms] [LOG] Loading '' @ http://localhost:3001/src/lib/util/state.ts:192
[   15800ms] [LOG] Registration successful, scope is: http://localhost:3001/ @ http://localhost:3001/src/routes/+layout.svelte:42
[   15842ms] [LOG] [plausible] render {diagramType: flowchart-v2, isRough: false, lengthBucket: 0-10, renderTimeMsBucket: 50-100} @ http://localhost:3001/src/lib/util/stats.ts:89
[   16494ms] [LOG] [plausible] version {mermaidVersion: 11.14.0} @ http://localhost:3001/src/lib/util/stats.ts:89
[   16564ms] [LOG] Loading '' @ http://localhost:3001/src/lib/util/state.ts:192
[   16617ms] [LOG] Registration successful, scope is: http://localhost:3001/ @ http://localhost:3001/src/routes/+layout.svelte:42
[   16658ms] [LOG] [plausible] render {diagramType: flowchart-v2, isRough: false, lengthBucket: 0-10, renderTimeMsBucket: 50-100} @ http://localhost:3001/src/lib/util/stats.ts:89
[   17281ms] [LOG] [plausible] version {mermaidVersion: 11.14.0} @ http://localhost:3001/src/lib/util/stats.ts:89
[   17353ms] [LOG] Loading '' @ http://localhost:3001/src/lib/util/state.ts:192
[   17408ms] [LOG] Registration successful, scope is: http://localhost:3001/ @ http://localhost:3001/src/routes/+layout.svelte:42
[   17448ms] [LOG] [plausible] render {diagramType: flowchart-v2, isRough: false, lengthBucket: 0-10, renderTimeMsBucket: 50-100} @ http://localhost:3001/src/lib/util/stats.ts:89
[   18056ms] [LOG] [plausible] version {mermaidVersion: 11.14.0} @ http://localhost:3001/src/lib/util/stats.ts:89
[   18127ms] [LOG] Loading '' @ http://localhost:3001/src/lib/util/state.ts:192
[   18193ms] [LOG] Registration successful, scope is: http://localhost:3001/ @ http://localhost:3001/src/routes/+layout.svelte:42
[   18252ms] [LOG] [plausible] render {diagramType: flowchart-v2, isRough: false, lengthBucket: 0-10, renderTimeMsBucket: 50-100} @ http://localhost:3001/src/lib/util/stats.ts:89
[   18934ms] [LOG] [plausible] version {mermaidVersion: 11.14.0} @ http://localhost:3001/src/lib/util/stats.ts:89
[   19005ms] [LOG] Loading '' @ http://localhost:3001/src/lib/util/state.ts:192
[   19058ms] [LOG] Registration successful, scope is: http://localhost:3001/ @ http://localhost:3001/src/routes/+layout.svelte:42
[   19111ms] [LOG] [plausible] render {diagramType: flowchart-v2, isRough: false, lengthBucket: 0-10, renderTimeMsBucket: 50-100} @ http://localhost:3001/src/lib/util/stats.ts:89
[   19734ms] [LOG] [plausible] version {mermaidVersion: 11.14.0} @ http://localhost:3001/src/lib/util/stats.ts:89
[   19808ms] [LOG] Loading '' @ http://localhost:3001/src/lib/util/state.ts:192
[   19866ms] [LOG] Registration successful, scope is: http://localhost:3001/ @ http://localhost:3001/src/routes/+layout.svelte:42
[   19927ms] [LOG] [plausible] render {diagramType: flowchart-v2, isRough: false, lengthBucket: 0-10, renderTimeMsBucket: 50-100} @ http://localhost:3001/src/lib/util/stats.ts:89
[   19982ms] [LOG] [plausible] render {diagramType: flowchart-v2, isRough: false, lengthBucket: 0-10, renderTimeMsBucket: 50-100} @ http://localhost:3001/src/lib/util/stats.ts:89
[   20663ms] [LOG] [plausible] version {mermaidVersion: 11.14.0} @ http://localhost:3001/src/lib/util/stats.ts:89
[   20744ms] [LOG] Loading '' @ http://localhost:3001/src/lib/util/state.ts:192
[   20799ms] [LOG] Registration successful, scope is: http://localhost:3001/ @ http://localhost:3001/src/routes/+layout.svelte:42
[   20871ms] [LOG] [plausible] render {diagramType: flowchart-v2, isRough: false, lengthBucket: 0-10, renderTimeMsBucket: 50-100} @ http://localhost:3001/src/lib/util/stats.ts:89
[   21501ms] [LOG] [plausible] version {mermaidVersion: 11.14.0} @ http://localhost:3001/src/lib/util/stats.ts:89
[   21572ms] [LOG] Loading '' @ http://localhost:3001/src/lib/util/state.ts:192
[   21633ms] [LOG] Registration successful, scope is: http://localhost:3001/ @ http://localhost:3001/src/routes/+layout.svelte:42
[   21676ms] [LOG] [plausible] render {diagramType: flowchart-v2, isRough: false, lengthBucket: 0-10, renderTimeMsBucket: 50-100} @ http://localhost:3001/src/lib/util/stats.ts:89
[   22297ms] [LOG] [plausible] version {mermaidVersion: 11.14.0} @ http://localhost:3001/src/lib/util/stats.ts:89
[   22377ms] [LOG] Loading '' @ http://localhost:3001/src/lib/util/state.ts:192
[   22434ms] [LOG] Registration successful, scope is: http://localhost:3001/ @ http://localhost:3001/src/routes/+layout.svelte:42
[   22486ms] [LOG] [plausible] render {diagramType: flowchart-v2, isRough: false, lengthBucket: 0-10, renderTimeMsBucket: 50-100} @ http://localhost:3001/src/lib/util/stats.ts:89
[   23147ms] [LOG] [plausible] version {mermaidVersion: 11.14.0} @ http://localhost:3001/src/lib/util/stats.ts:89
[   23231ms] [LOG] Loading '' @ http://localhost:3001/src/lib/util/state.ts:192
[   23293ms] [LOG] Registration successful, scope is: http://localhost:3001/ @ http://localhost:3001/src/routes/+layout.svelte:42
[   23336ms] [LOG] [plausible] render {diagramType: flowchart-v2, isRough: false, lengthBucket: 0-10, renderTimeMsBucket: 50-100} @ http://localhost:3001/src/lib/util/stats.ts:89
[   25014ms] [LOG] [plausible] version {mermaidVersion: 11.14.0} @ http://localhost:3001/src/lib/util/stats.ts:89
[   25084ms] [LOG] Loading '' @ http://localhost:3001/src/lib/util/state.ts:192
[   25141ms] [LOG] Registration successful, scope is: http://localhost:3001/ @ http://localhost:3001/src/routes/+layout.svelte:42
[   25197ms] [LOG] [plausible] render {diagramType: flowchart-v2, isRough: false, lengthBucket: 0-10, renderTimeMsBucket: 50-100} @ http://localhost:3001/src/lib/util/stats.ts:89
[   25824ms] [LOG] [plausible] version {mermaidVersion: 11.14.0} @ http://localhost:3001/src/lib/util/stats.ts:89
[   25896ms] [LOG] Loading '' @ http://localhost:3001/src/lib/util/state.ts:192
[   25956ms] [LOG] Registration successful, scope is: http://localhost:3001/ @ http://localhost:3001/src/routes/+layout.svelte:42
[   26014ms] [LOG] [plausible] render {diagramType: flowchart-v2, isRough: false, lengthBucket: 0-10, renderTimeMsBucket: 50-100} @ http://localhost:3001/src/lib/util/stats.ts:89
[   26071ms] [LOG] [plausible] render {diagramType: flowchart-v2, isRough: false, lengthBucket: 0-10, renderTimeMsBucket: 50-100} @ http://localhost:3001/src/lib/util/stats.ts:89
[   26697ms] [LOG] [plausible] version {mermaidVersion: 11.14.0} @ http://localhost:3001/src/lib/util/stats.ts:89
[   26771ms] [LOG] Loading '' @ http://localhost:3001/src/lib/util/state.ts:192
[   26829ms] [LOG] Registration successful, scope is: http://localhost:3001/ @ http://localhost:3001/src/routes/+layout.svelte:42
[   26891ms] [LOG] [plausible] render {diagramType: flowchart-v2, isRough: false, lengthBucket: 0-10, renderTimeMsBucket: 50-100} @ http://localhost:3001/src/lib/util/stats.ts:89
[   27542ms] [LOG] [plausible] version {mermaidVersion: 11.14.0} @ http://localhost:3001/src/lib/util/stats.ts:89
[   27621ms] [LOG] Loading '' @ http://localhost:3001/src/lib/util/state.ts:192
[   27677ms] [LOG] Registration successful, scope is: http://localhost:3001/ @ http://localhost:3001/src/routes/+layout.svelte:42
[   27719ms] [LOG] [plausible] render {diagramType: flowchart-v2, isRough: false, lengthBucket: 0-10, renderTimeMsBucket: 50-100} @ http://localhost:3001/src/lib/util/stats.ts:89
[   28346ms] [LOG] [plausible] version {mermaidVersion: 11.14.0} @ http://localhost:3001/src/lib/util/stats.ts:89
[   28419ms] [LOG] Loading '' @ http://localhost:3001/src/lib/util/state.ts:192
[   28481ms] [LOG] Registration successful, scope is: http://localhost:3001/ @ http://localhost:3001/src/routes/+layout.svelte:42
[   28533ms] [LOG] [plausible] render {diagramType: flowchart-v2, isRough: false, lengthBucket: 0-10, renderTimeMsBucket: 50-100} @ http://localhost:3001/src/lib/util/stats.ts:89
[   29189ms] [LOG] [plausible] version {mermaidVersion: 11.14.0} @ http://localhost:3001/src/lib/util/stats.ts:89
[   29254ms] [LOG] Loading '' @ http://localhost:3001/src/lib/util/state.ts:192
[   29311ms] [LOG] Registration successful, scope is: http://localhost:3001/ @ http://localhost:3001/src/routes/+layout.svelte:42
[   29362ms] [LOG] [plausible] render {diagramType: flowchart-v2, isRough: false, lengthBucket: 0-10, renderTimeMsBucket: 50-100} @ http://localhost:3001/src/lib/util/stats.ts:89
[   29974ms] [LOG] [plausible] version {mermaidVersion: 11.14.0} @ http://localhost:3001/src/lib/util/stats.ts:89
[   30042ms] [LOG] Loading '' @ http://localhost:3001/src/lib/util/state.ts:192
[   30096ms] [LOG] Registration successful, scope is: http://localhost:3001/ @ http://localhost:3001/src/routes/+layout.svelte:42
[   30140ms] [LOG] [plausible] render {diagramType: flowchart-v2, isRough: false, lengthBucket: 0-10, renderTimeMsBucket: 50-100} @ http://localhost:3001/src/lib/util/stats.ts:89
[   30761ms] [LOG] [plausible] version {mermaidVersion: 11.14.0} @ http://localhost:3001/src/lib/util/stats.ts:89
[   30831ms] [LOG] Loading '' @ http://localhost:3001/src/lib/util/state.ts:192
[   30896ms] [LOG] Registration successful, scope is: http://localhost:3001/ @ http://localhost:3001/src/routes/+layout.svelte:42
[   30937ms] [LOG] [plausible] render {diagramType: flowchart-v2, isRough: false, lengthBucket: 0-10, renderTimeMsBucket: 50-100} @ http://localhost:3001/src/lib/util/stats.ts:89
[   31567ms] [LOG] [plausible] version {mermaidVersion: 11.14.0} @ http://localhost:3001/src/lib/util/stats.ts:89
[   31631ms] [LOG] Loading '' @ http://localhost:3001/src/lib/util/state.ts:192
[   31688ms] [LOG] Registration successful, scope is: http://localhost:3001/ @ http://localhost:3001/src/routes/+layout.svelte:42
[   31727ms] [LOG] [plausible] render {diagramType: flowchart-v2, isRough: false, lengthBucket: 0-10, renderTimeMsBucket: 50-100} @ http://localhost:3001/src/lib/util/stats.ts:89
[   32362ms] [LOG] [plausible] version {mermaidVersion: 11.14.0} @ http://localhost:3001/src/lib/util/stats.ts:89
[   32433ms] [LOG] Loading '' @ http://localhost:3001/src/lib/util/state.ts:192
[   32496ms] [LOG] Registration successful, scope is: http://localhost:3001/ @ http://localhost:3001/src/routes/+layout.svelte:42
[   32543ms] [LOG] [plausible] render {diagramType: flowchart-v2, isRough: false, lengthBucket: 0-10, renderTimeMsBucket: 50-100} @ http://localhost:3001/src/lib/util/stats.ts:89
[   33336ms] [LOG] [plausible] version {mermaidVersion: 11.14.0} @ http://localhost:3001/src/lib/util/stats.ts:89
[   33403ms] [LOG] Loading '' @ http://localhost:3001/src/lib/util/state.ts:192
[   33459ms] [LOG] Registration successful, scope is: http://localhost:3001/ @ http://localhost:3001/src/routes/+layout.svelte:42
[   33512ms] [LOG] [plausible] render {diagramType: flowchart-v2, isRough: false, lengthBucket: 0-10, renderTimeMsBucket: 50-100} @ http://localhost:3001/src/lib/util/stats.ts:89
[   34179ms] [LOG] [plausible] version {mermaidVersion: 11.14.0} @ http://localhost:3001/src/lib/util/stats.ts:89
[   34248ms] [LOG] Loading '' @ http://localhost:3001/src/lib/util/state.ts:192
[   34306ms] [LOG] Registration successful, scope is: http://localhost:3001/ @ http://localhost:3001/src/routes/+layout.svelte:42
[   34361ms] [LOG] [plausible] render {diagramType: flowchart-v2, isRough: false, lengthBucket: 0-10, renderTimeMsBucket: 50-100} @ http://localhost:3001/src/lib/util/stats.ts:89
[   35026ms] [LOG] [plausible] version {mermaidVersion: 11.14.0} @ http://localhost:3001/src/lib/util/stats.ts:89
[   35090ms] [LOG] Loading '' @ http://localhost:3001/src/lib/util/state.ts:192
[   35136ms] [LOG] Registration successful, scope is: http://localhost:3001/ @ http://localhost:3001/src/routes/+layout.svelte:42
[   35172ms] [LOG] [plausible] render {diagramType: flowchart-v2, isRough: false, lengthBucket: 0-10, renderTimeMsBucket: 50-100} @ http://localhost:3001/src/lib/util/stats.ts:89
[   35775ms] [LOG] [plausible] version {mermaidVersion: 11.14.0} @ http://localhost:3001/src/lib/util/stats.ts:89
[   35848ms] [LOG] Loading '' @ http://localhost:3001/src/lib/util/state.ts:192
[   35904ms] [LOG] Registration successful, scope is: http://localhost:3001/ @ http://localhost:3001/src/routes/+layout.svelte:42
[   35951ms] [LOG] [plausible] render {diagramType: flowchart-v2, isRough: false, lengthBucket: 0-10, renderTimeMsBucket: 50-100} @ http://localhost:3001/src/lib/util/stats.ts:89
[   36586ms] [LOG] [plausible] version {mermaidVersion: 11.14.0} @ http://localhost:3001/src/lib/util/stats.ts:89
[   36652ms] [LOG] Loading '' @ http://localhost:3001/src/lib/util/state.ts:192
[   36707ms] [LOG] Registration successful, scope is: http://localhost:3001/ @ http://localhost:3001/src/routes/+layout.svelte:42
[   36748ms] [LOG] [plausible] render {diagramType: flowchart-v2, isRough: false, lengthBucket: 0-10, renderTimeMsBucket: 50-100} @ http://localhost:3001/src/lib/util/stats.ts:89
[   37348ms] [LOG] [plausible] version {mermaidVersion: 11.14.0} @ http://localhost:3001/src/lib/util/stats.ts:89
[   37422ms] [LOG] Loading '' @ http://localhost:3001/src/lib/util/state.ts:192
[   37475ms] [LOG] Registration successful, scope is: http://localhost:3001/ @ http://localhost:3001/src/routes/+layout.svelte:42
[   37512ms] [LOG] [plausible] render {diagramType: flowchart-v2, isRough: false, lengthBucket: 0-10, renderTimeMsBucket: 50-100} @ http://localhost:3001/src/lib/util/stats.ts:89
[   37573ms] [LOG] [plausible] render {diagramType: flowchart-v2, isRough: false, lengthBucket: 0-10, renderTimeMsBucket: 25-50} @ http://localhost:3001/src/lib/util/stats.ts:89
[   38214ms] [LOG] [plausible] version {mermaidVersion: 11.14.0} @ http://localhost:3001/src/lib/util/stats.ts:89
[   38284ms] [LOG] Loading '' @ http://localhost:3001/src/lib/util/state.ts:192
[   38340ms] [LOG] Registration successful, scope is: http://localhost:3001/ @ http://localhost:3001/src/routes/+layout.svelte:42
[   38373ms] [LOG] [plausible] render {diagramType: flowchart-v2, isRough: false, lengthBucket: 0-10, renderTimeMsBucket: 50-100} @ http://localhost:3001/src/lib/util/stats.ts:89
[   38990ms] [LOG] [plausible] version {mermaidVersion: 11.14.0} @ http://localhost:3001/src/lib/util/stats.ts:89
[   39065ms] [LOG] Loading '' @ http://localhost:3001/src/lib/util/state.ts:192
[   39126ms] [LOG] Registration successful, scope is: http://localhost:3001/ @ http://localhost:3001/src/routes/+layout.svelte:42
[   39170ms] [LOG] [plausible] render {diagramType: flowchart-v2, isRough: false, lengthBucket: 0-10, renderTimeMsBucket: 50-100} @ http://localhost:3001/src/lib/util/stats.ts:89
[   40290ms] [LOG] [plausible] version {mermaidVersion: 11.14.0} @ http://localhost:3001/src/lib/util/stats.ts:89
[   40361ms] [LOG] Loading '' @ http://localhost:3001/src/lib/util/state.ts:192
[   40421ms] [LOG] Registration successful, scope is: http://localhost:3001/ @ http://localhost:3001/src/routes/+layout.svelte:42
[   40474ms] [LOG] [plausible] render {diagramType: flowchart-v2, isRough: false, lengthBucket: 0-10, renderTimeMsBucket: 50-100} @ http://localhost:3001/src/lib/util/stats.ts:89
[   41162ms] [LOG] [plausible] version {mermaidVersion: 11.14.0} @ http://localhost:3001/src/lib/util/stats.ts:89
[   41228ms] [LOG] Loading '' @ http://localhost:3001/src/lib/util/state.ts:192
[   41278ms] [LOG] Registration successful, scope is: http://localhost:3001/ @ http://localhost:3001/src/routes/+layout.svelte:42
[   41313ms] [LOG] [plausible] render {diagramType: flowchart-v2, isRough: false, lengthBucket: 0-10, renderTimeMsBucket: 50-100} @ http://localhost:3001/src/lib/util/stats.ts:89
[   41915ms] [LOG] [plausible] version {mermaidVersion: 11.14.0} @ http://localhost:3001/src/lib/util/stats.ts:89
[   41988ms] [LOG] Loading '' @ http://localhost:3001/src/lib/util/state.ts:192
[   42042ms] [LOG] Registration successful, scope is: http://localhost:3001/ @ http://localhost:3001/src/routes/+layout.svelte:42
[   42091ms] [LOG] [plausible] render {diagramType: flowchart-v2, isRough: false, lengthBucket: 0-10, renderTimeMsBucket: 50-100} @ http://localhost:3001/src/lib/util/stats.ts:89
[   42727ms] [LOG] [plausible] version {mermaidVersion: 11.14.0} @ http://localhost:3001/src/lib/util/stats.ts:89
[   42807ms] [LOG] Loading '' @ http://localhost:3001/src/lib/util/state.ts:192
[   42863ms] [LOG] Registration successful, scope is: http://localhost:3001/ @ http://localhost:3001/src/routes/+layout.svelte:42
[   42900ms] [LOG] [plausible] render {diagramType: flowchart-v2, isRough: false, lengthBucket: 0-10, renderTimeMsBucket: 50-100} @ http://localhost:3001/src/lib/util/stats.ts:89
[   42956ms] [LOG] [plausible] render {diagramType: flowchart-v2, isRough: false, lengthBucket: 0-10, renderTimeMsBucket: 50-100} @ http://localhost:3001/src/lib/util/stats.ts:89
[   43620ms] [LOG] [plausible] version {mermaidVersion: 11.14.0} @ http://localhost:3001/src/lib/util/stats.ts:89
[   43691ms] [LOG] Loading '' @ http://localhost:3001/src/lib/util/state.ts:192
[   43748ms] [LOG] Registration successful, scope is: http://localhost:3001/ @ http://localhost:3001/src/routes/+layout.svelte:42
[   43800ms] [LOG] [plausible] render {diagramType: flowchart-v2, isRough: false, lengthBucket: 0-10, renderTimeMsBucket: 50-100} @ http://localhost:3001/src/lib/util/stats.ts:89
[   44386ms] [LOG] [plausible] version {mermaidVersion: 11.14.0} @ http://localhost:3001/src/lib/util/stats.ts:89
[   44456ms] [LOG] Loading '' @ http://localhost:3001/src/lib/util/state.ts:192
[   44508ms] [LOG] Registration successful, scope is: http://localhost:3001/ @ http://localhost:3001/src/routes/+layout.svelte:42
[   44556ms] [LOG] [plausible] render {diagramType: flowchart-v2, isRough: false, lengthBucket: 0-10, renderTimeMsBucket: 50-100} @ http://localhost:3001/src/lib/util/stats.ts:89
[   45187ms] [LOG] [plausible] version {mermaidVersion: 11.14.0} @ http://localhost:3001/src/lib/util/stats.ts:89
[   45258ms] [LOG] Loading '' @ http://localhost:3001/src/lib/util/state.ts:192
[   45309ms] [LOG] Registration successful, scope is: http://localhost:3001/ @ http://localhost:3001/src/routes/+layout.svelte:42
[   45353ms] [LOG] [plausible] render {diagramType: flowchart-v2, isRough: false, lengthBucket: 0-10, renderTimeMsBucket: 50-100} @ http://localhost:3001/src/lib/util/stats.ts:89
[   46029ms] [LOG] [plausible] version {mermaidVersion: 11.14.0} @ http://localhost:3001/src/lib/util/stats.ts:89
[   46096ms] [LOG] Loading '' @ http://localhost:3001/src/lib/util/state.ts:192
[   46145ms] [LOG] Registration successful, scope is: http://localhost:3001/ @ http://localhost:3001/src/routes/+layout.svelte:42
[   46190ms] [LOG] [plausible] render {diagramType: flowchart-v2, isRough: false, lengthBucket: 0-10, renderTimeMsBucket: 50-100} @ http://localhost:3001/src/lib/util/stats.ts:89
[   46802ms] [LOG] [plausible] version {mermaidVersion: 11.14.0} @ http://localhost:3001/src/lib/util/stats.ts:89
[   46873ms] [LOG] Loading '' @ http://localhost:3001/src/lib/util/state.ts:192
[   46924ms] [LOG] Registration successful, scope is: http://localhost:3001/ @ http://localhost:3001/src/routes/+layout.svelte:42
[   46970ms] [LOG] [plausible] render {diagramType: flowchart-v2, isRough: false, lengthBucket: 0-10, renderTimeMsBucket: 50-100} @ http://localhost:3001/src/lib/util/stats.ts:89
[   47028ms] [LOG] [plausible] render {diagramType: flowchart-v2, isRough: false, lengthBucket: 0-10, renderTimeMsBucket: 50-100} @ http://localhost:3001/src/lib/util/stats.ts:89
[   47623ms] [LOG] [plausible] version {mermaidVersion: 11.14.0} @ http://localhost:3001/src/lib/util/stats.ts:89
[   47690ms] [LOG] Loading '' @ http://localhost:3001/src/lib/util/state.ts:192
[   47742ms] [LOG] Registration successful, scope is: http://localhost:3001/ @ http://localhost:3001/src/routes/+layout.svelte:42
[   47783ms] [LOG] [plausible] render {diagramType: flowchart-v2, isRough: false, lengthBucket: 0-10, renderTimeMsBucket: 50-100} @ http://localhost:3001/src/lib/util/stats.ts:89
[   48418ms] [LOG] [plausible] version {mermaidVersion: 11.14.0} @ http://localhost:3001/src/lib/util/stats.ts:89
[   48489ms] [LOG] Loading '' @ http://localhost:3001/src/lib/util/state.ts:192
[   48542ms] [LOG] Registration successful, scope is: http://localhost:3001/ @ http://localhost:3001/src/routes/+layout.svelte:42
[   48586ms] [LOG] [plausible] render {diagramType: flowchart-v2, isRough: false, lengthBucket: 0-10, renderTimeMsBucket: 50-100} @ http://localhost:3001/src/lib/util/stats.ts:89
[   49233ms] [LOG] [plausible] version {mermaidVersion: 11.14.0} @ http://localhost:3001/src/lib/util/stats.ts:89
[   49299ms] [LOG] Loading '' @ http://localhost:3001/src/lib/util/state.ts:192
[   49353ms] [LOG] Registration successful, scope is: http://localhost:3001/ @ http://localhost:3001/src/routes/+layout.svelte:42
[   49399ms] [LOG] [plausible] render {diagramType: flowchart-v2, isRough: false, lengthBucket: 0-10, renderTimeMsBucket: 50-100} @ http://localhost:3001/src/lib/util/stats.ts:89
[   50837ms] [LOG] [plausible] version {mermaidVersion: 11.14.0} @ http://localhost:3001/src/lib/util/stats.ts:89
[   50918ms] [LOG] Loading '' @ http://localhost:3001/src/lib/util/state.ts:192
[   50982ms] [LOG] Registration successful, scope is: http://localhost:3001/ @ http://localhost:3001/src/routes/+layout.svelte:42
[   51023ms] [LOG] [plausible] render {diagramType: flowchart-v2, isRough: false, lengthBucket: 0-10, renderTimeMsBucket: 50-100} @ http://localhost:3001/src/lib/util/stats.ts:89
[   51908ms] [LOG] [plausible] version {mermaidVersion: 11.14.0} @ http://localhost:3001/src/lib/util/stats.ts:89
[   51972ms] [LOG] Loading '' @ http://localhost:3001/src/lib/util/state.ts:192
[   52030ms] [LOG] Registration successful, scope is: http://localhost:3001/ @ http://localhost:3001/src/routes/+layout.svelte:42
[   52076ms] [LOG] [plausible] render {diagramType: flowchart-v2, isRough: false, lengthBucket: 0-10, renderTimeMsBucket: 50-100} @ http://localhost:3001/src/lib/util/stats.ts:89
[   52655ms] [LOG] [plausible] version {mermaidVersion: 11.14.0} @ http://localhost:3001/src/lib/util/stats.ts:89
[   52737ms] [LOG] Loading '' @ http://localhost:3001/src/lib/util/state.ts:192
[   52794ms] [LOG] Registration successful, scope is: http://localhost:3001/ @ http://localhost:3001/src/routes/+layout.svelte:42
[   52845ms] [LOG] [plausible] render {diagramType: flowchart-v2, isRough: false, lengthBucket: 0-10, renderTimeMsBucket: 50-100} @ http://localhost:3001/src/lib/util/stats.ts:89
[   52923ms] [LOG] [plausible] render {diagramType: flowchart-v2, isRough: false, lengthBucket: 0-10, renderTimeMsBucket: 50-100} @ http://localhost:3001/src/lib/util/stats.ts:89
[   53571ms] [LOG] [plausible] version {mermaidVersion: 11.14.0} @ http://localhost:3001/src/lib/util/stats.ts:89
[   53635ms] [LOG] Loading '' @ http://localhost:3001/src/lib/util/state.ts:192
[   53687ms] [LOG] Registration successful, scope is: http://localhost:3001/ @ http://localhost:3001/src/routes/+layout.svelte:42
[   53752ms] [LOG] [plausible] render {diagramType: flowchart-v2, isRough: false, lengthBucket: 0-10, renderTimeMsBucket: 50-100} @ http://localhost:3001/src/lib/util/stats.ts:89
[   54386ms] [LOG] [plausible] version {mermaidVersion: 11.14.0} @ http://localhost:3001/src/lib/util/stats.ts:89
[   54457ms] [LOG] Loading '' @ http://localhost:3001/src/lib/util/state.ts:192
[   54509ms] [LOG] Registration successful, scope is: http://localhost:3001/ @ http://localhost:3001/src/routes/+layout.svelte:42
[   54546ms] [LOG] [plausible] render {diagramType: flowchart-v2, isRough: false, lengthBucket: 0-10, renderTimeMsBucket: 50-100} @ http://localhost:3001/src/lib/util/stats.ts:89
[   54601ms] [LOG] [plausible] render {diagramType: flowchart-v2, isRough: false, lengthBucket: 0-10, renderTimeMsBucket: 50-100} @ http://localhost:3001/src/lib/util/stats.ts:89
[   55255ms] [LOG] [plausible] version {mermaidVersion: 11.14.0} @ http://localhost:3001/src/lib/util/stats.ts:89
[   55321ms] [LOG] Loading '' @ http://localhost:3001/src/lib/util/state.ts:192
[   55374ms] [LOG] Registration successful, scope is: http://localhost:3001/ @ http://localhost:3001/src/routes/+layout.svelte:42
[   55419ms] [LOG] [plausible] render {diagramType: flowchart-v2, isRough: false, lengthBucket: 0-10, renderTimeMsBucket: 50-100} @ http://localhost:3001/src/lib/util/stats.ts:89
[   56062ms] [LOG] [plausible] version {mermaidVersion: 11.14.0} @ http://localhost:3001/src/lib/util/stats.ts:89
[   56130ms] [LOG] Loading '' @ http://localhost:3001/src/lib/util/state.ts:192
[   56190ms] [LOG] Registration successful, scope is: http://localhost:3001/ @ http://localhost:3001/src/routes/+layout.svelte:42
[   56240ms] [LOG] [plausible] render {diagramType: flowchart-v2, isRough: false, lengthBucket: 0-10, renderTimeMsBucket: 50-100} @ http://localhost:3001/src/lib/util/stats.ts:89
[   56840ms] [LOG] [plausible] version {mermaidVersion: 11.14.0} @ http://localhost:3001/src/lib/util/stats.ts:89
[   56907ms] [LOG] Loading '' @ http://localhost:3001/src/lib/util/state.ts:192
[   56954ms] [LOG] Registration successful, scope is: http://localhost:3001/ @ http://localhost:3001/src/routes/+layout.svelte:42
[   56990ms] [LOG] [plausible] render {diagramType: flowchart-v2, isRough: false, lengthBucket: 0-10, renderTimeMsBucket: 50-100} @ http://localhost:3001/src/lib/util/stats.ts:89
[   57614ms] [LOG] [plausible] version {mermaidVersion: 11.14.0} @ http://localhost:3001/src/lib/util/stats.ts:89
[   57687ms] [LOG] Loading '' @ http://localhost:3001/src/lib/util/state.ts:192
[   57743ms] [LOG] Registration successful, scope is: http://localhost:3001/ @ http://localhost:3001/src/routes/+layout.svelte:42
[   57780ms] [LOG] [plausible] render {diagramType: flowchart-v2, isRough: false, lengthBucket: 0-10, renderTimeMsBucket: 50-100} @ http://localhost:3001/src/lib/util/stats.ts:89
[   58457ms] [LOG] [plausible] version {mermaidVersion: 11.14.0} @ http://localhost:3001/src/lib/util/stats.ts:89
[   58533ms] [LOG] Loading '' @ http://localhost:3001/src/lib/util/state.ts:192
[   58589ms] [LOG] Registration successful, scope is: http://localhost:3001/ @ http://localhost:3001/src/routes/+layout.svelte:42
[   58645ms] [LOG] [plausible] render {diagramType: flowchart-v2, isRough: false, lengthBucket: 0-10, renderTimeMsBucket: 50-100} @ http://localhost:3001/src/lib/util/stats.ts:89
[   59277ms] [LOG] [plausible] version {mermaidVersion: 11.14.0} @ http://localhost:3001/src/lib/util/stats.ts:89
[   59354ms] [LOG] Loading '' @ http://localhost:3001/src/lib/util/state.ts:192
[   59408ms] [LOG] Registration successful, scope is: http://localhost:3001/ @ http://localhost:3001/src/routes/+layout.svelte:42
[   59449ms] [LOG] [plausible] render {diagramType: flowchart-v2, isRough: false, lengthBucket: 0-10, renderTimeMsBucket: 50-100} @ http://localhost:3001/src/lib/util/stats.ts:89
[   60042ms] [LOG] [plausible] version {mermaidVersion: 11.14.0} @ http://localhost:3001/src/lib/util/stats.ts:89
[   60107ms] [LOG] Loading '' @ http://localhost:3001/src/lib/util/state.ts:192
[   60157ms] [LOG] Registration successful, scope is: http://localhost:3001/ @ http://localhost:3001/src/routes/+layout.svelte:42
[   60202ms] [LOG] [plausible] render {diagramType: flowchart-v2, isRough: false, lengthBucket: 0-10, renderTimeMsBucket: 50-100} @ http://localhost:3001/src/lib/util/stats.ts:89
[   60829ms] [LOG] [plausible] version {mermaidVersion: 11.14.0} @ http://localhost:3001/src/lib/util/stats.ts:89
[   60898ms] [LOG] Loading '' @ http://localhost:3001/src/lib/util/state.ts:192
[   60949ms] [LOG] Registration successful, scope is: http://localhost:3001/ @ http://localhost:3001/src/routes/+layout.svelte:42
[   60996ms] [LOG] [plausible] render {diagramType: flowchart-v2, isRough: false, lengthBucket: 0-10, renderTimeMsBucket: 50-100} @ http://localhost:3001/src/lib/util/stats.ts:89
[   61086ms] [LOG] [plausible] render {diagramType: flowchart-v2, isRough: false, lengthBucket: 0-10, renderTimeMsBucket: 50-100} @ http://localhost:3001/src/lib/util/stats.ts:89
[   61704ms] [LOG] [plausible] version {mermaidVersion: 11.14.0} @ http://localhost:3001/src/lib/util/stats.ts:89
[   61772ms] [LOG] Loading '' @ http://localhost:3001/src/lib/util/state.ts:192
[   61824ms] [LOG] Registration successful, scope is: http://localhost:3001/ @ http://localhost:3001/src/routes/+layout.svelte:42
[   61870ms] [LOG] [plausible] render {diagramType: flowchart-v2, isRough: false, lengthBucket: 0-10, renderTimeMsBucket: 50-100} @ http://localhost:3001/src/lib/util/stats.ts:89
[   62505ms] [LOG] [plausible] version {mermaidVersion: 11.14.0} @ http://localhost:3001/src/lib/util/stats.ts:89
[   62578ms] [LOG] Loading '' @ http://localhost:3001/src/lib/util/state.ts:192
[   62635ms] [LOG] Registration successful, scope is: http://localhost:3001/ @ http://localhost:3001/src/routes/+layout.svelte:42
[   62692ms] [LOG] [plausible] render {diagramType: flowchart-v2, isRough: false, lengthBucket: 0-10, renderTimeMsBucket: 50-100} @ http://localhost:3001/src/lib/util/stats.ts:89
[   62773ms] [LOG] [plausible] render {diagramType: flowchart-v2, isRough: false, lengthBucket: 0-10, renderTimeMsBucket: 50-100} @ http://localhost:3001/src/lib/util/stats.ts:89
[   64178ms] [LOG] [plausible] version {mermaidVersion: 11.14.0} @ http://localhost:3001/src/lib/util/stats.ts:89
[   64248ms] [LOG] Loading '' @ http://localhost:3001/src/lib/util/state.ts:192
[   64308ms] [LOG] Registration successful, scope is: http://localhost:3001/ @ http://localhost:3001/src/routes/+layout.svelte:42
[   64353ms] [LOG] [plausible] render {diagramType: flowchart-v2, isRough: false, lengthBucket: 0-10, renderTimeMsBucket: 50-100} @ http://localhost:3001/src/lib/util/stats.ts:89
[   65392ms] [LOG] [plausible] version {mermaidVersion: 11.14.0} @ http://localhost:3001/src/lib/util/stats.ts:89
[   65461ms] [LOG] Loading '' @ http://localhost:3001/src/lib/util/state.ts:192
[   65513ms] [LOG] Registration successful, scope is: http://localhost:3001/ @ http://localhost:3001/src/routes/+layout.svelte:42
[   66169ms] [LOG] [plausible] version {mermaidVersion: 11.14.0} @ http://localhost:3001/src/lib/util/stats.ts:89
[   66245ms] [LOG] Loading '' @ http://localhost:3001/src/lib/util/state.ts:192
[   66295ms] [LOG] Registration successful, scope is: http://localhost:3001/ @ http://localhost:3001/src/routes/+layout.svelte:42
[   66332ms] [LOG] [plausible] render {diagramType: flowchart-v2, isRough: false, lengthBucket: 0-10, renderTimeMsBucket: 50-100} @ http://localhost:3001/src/lib/util/stats.ts:89
[   66933ms] [LOG] [plausible] version {mermaidVersion: 11.14.0} @ http://localhost:3001/src/lib/util/stats.ts:89
[   66999ms] [LOG] Loading '' @ http://localhost:3001/src/lib/util/state.ts:192
[   67057ms] [LOG] Registration successful, scope is: http://localhost:3001/ @ http://localhost:3001/src/routes/+layout.svelte:42
[   67098ms] [LOG] [plausible] render {diagramType: flowchart-v2, isRough: false, lengthBucket: 0-10, renderTimeMsBucket: 50-100} @ http://localhost:3001/src/lib/util/stats.ts:89
[   67744ms] [LOG] [plausible] version {mermaidVersion: 11.14.0} @ http://localhost:3001/src/lib/util/stats.ts:89
[   67818ms] [LOG] Loading '' @ http://localhost:3001/src/lib/util/state.ts:192
[   67869ms] [LOG] Registration successful, scope is: http://localhost:3001/ @ http://localhost:3001/src/routes/+layout.svelte:42
[   67910ms] [LOG] [plausible] render {diagramType: flowchart-v2, isRough: false, lengthBucket: 0-10, renderTimeMsBucket: 50-100} @ http://localhost:3001/src/lib/util/stats.ts:89
[   68544ms] [LOG] [plausible] version {mermaidVersion: 11.14.0} @ http://localhost:3001/src/lib/util/stats.ts:89
[   68619ms] [LOG] Loading '' @ http://localhost:3001/src/lib/util/state.ts:192
[   68672ms] [LOG] Registration successful, scope is: http://localhost:3001/ @ http://localhost:3001/src/routes/+layout.svelte:42
[   68713ms] [LOG] [plausible] render {diagramType: flowchart-v2, isRough: false, lengthBucket: 0-10, renderTimeMsBucket: 50-100} @ http://localhost:3001/src/lib/util/stats.ts:89
[   69346ms] [LOG] [plausible] version {mermaidVersion: 11.14.0} @ http://localhost:3001/src/lib/util/stats.ts:89
[   69414ms] [LOG] Loading '' @ http://localhost:3001/src/lib/util/state.ts:192
[   69479ms] [LOG] Registration successful, scope is: http://localhost:3001/ @ http://localhost:3001/src/routes/+layout.svelte:42
[   69518ms] [LOG] [plausible] render {diagramType: flowchart-v2, isRough: false, lengthBucket: 0-10, renderTimeMsBucket: 50-100} @ http://localhost:3001/src/lib/util/stats.ts:89
[   70134ms] [LOG] [plausible] version {mermaidVersion: 11.14.0} @ http://localhost:3001/src/lib/util/stats.ts:89
[   70205ms] [LOG] Loading '' @ http://localhost:3001/src/lib/util/state.ts:192
[   70256ms] [LOG] Registration successful, scope is: http://localhost:3001/ @ http://localhost:3001/src/routes/+layout.svelte:42
[   70303ms] [LOG] [plausible] render {diagramType: flowchart-v2, isRough: false, lengthBucket: 0-10, renderTimeMsBucket: 50-100} @ http://localhost:3001/src/lib/util/stats.ts:89
[   70979ms] [LOG] [plausible] version {mermaidVersion: 11.14.0} @ http://localhost:3001/src/lib/util/stats.ts:89
[   71050ms] [LOG] Loading '' @ http://localhost:3001/src/lib/util/state.ts:192
[   71101ms] [LOG] Registration successful, scope is: http://localhost:3001/ @ http://localhost:3001/src/routes/+layout.svelte:42
[   71137ms] [LOG] [plausible] render {diagramType: flowchart-v2, isRough: false, lengthBucket: 0-10, renderTimeMsBucket: 50-100} @ http://localhost:3001/src/lib/util/stats.ts:89
[   71752ms] [LOG] [plausible] version {mermaidVersion: 11.14.0} @ http://localhost:3001/src/lib/util/stats.ts:89
[   71826ms] [LOG] Loading '' @ http://localhost:3001/src/lib/util/state.ts:192
[   71880ms] [LOG] Registration successful, scope is: http://localhost:3001/ @ http://localhost:3001/src/routes/+layout.svelte:42
[   71920ms] [LOG] [plausible] render {diagramType: flowchart-v2, isRough: false, lengthBucket: 0-10, renderTimeMsBucket: 50-100} @ http://localhost:3001/src/lib/util/stats.ts:89
[   72557ms] [LOG] [plausible] version {mermaidVersion: 11.14.0} @ http://localhost:3001/src/lib/util/stats.ts:89
[   72624ms] [LOG] Loading '' @ http://localhost:3001/src/lib/util/state.ts:192
[   72680ms] [LOG] Registration successful, scope is: http://localhost:3001/ @ http://localhost:3001/src/routes/+layout.svelte:42
[   72751ms] [LOG] [plausible] render {diagramType: flowchart-v2, isRough: false, lengthBucket: 0-10, renderTimeMsBucket: 50-100} @ http://localhost:3001/src/lib/util/stats.ts:89
[   73410ms] [LOG] [plausible] version {mermaidVersion: 11.14.0} @ http://localhost:3001/src/lib/util/stats.ts:89
[   73478ms] [LOG] Loading '' @ http://localhost:3001/src/lib/util/state.ts:192
[   73532ms] [LOG] Registration successful, scope is: http://localhost:3001/ @ http://localhost:3001/src/routes/+layout.svelte:42
[   73571ms] [LOG] [plausible] render {diagramType: flowchart-v2, isRough: false, lengthBucket: 0-10, renderTimeMsBucket: 50-100} @ http://localhost:3001/src/lib/util/stats.ts:89
[   74205ms] [LOG] [plausible] version {mermaidVersion: 11.14.0} @ http://localhost:3001/src/lib/util/stats.ts:89
[   74271ms] [LOG] Loading '' @ http://localhost:3001/src/lib/util/state.ts:192
[   74330ms] [LOG] Registration successful, scope is: http://localhost:3001/ @ http://localhost:3001/src/routes/+layout.svelte:42
[   74363ms] [LOG] [plausible] render {diagramType: flowchart-v2, isRough: false, lengthBucket: 0-10, renderTimeMsBucket: 50-100} @ http://localhost:3001/src/lib/util/stats.ts:89
[   74962ms] [LOG] [plausible] version {mermaidVersion: 11.14.0} @ http://localhost:3001/src/lib/util/stats.ts:89
[   75037ms] [LOG] Loading '' @ http://localhost:3001/src/lib/util/state.ts:192
[   75096ms] [LOG] Registration successful, scope is: http://localhost:3001/ @ http://localhost:3001/src/routes/+layout.svelte:42
[   75139ms] [LOG] [plausible] render {diagramType: flowchart-v2, isRough: false, lengthBucket: 0-10, renderTimeMsBucket: 50-100} @ http://localhost:3001/src/lib/util/stats.ts:89
[   75723ms] [LOG] [plausible] version {mermaidVersion: 11.14.0} @ http://localhost:3001/src/lib/util/stats.ts:89
[   75791ms] [LOG] Loading '' @ http://localhost:3001/src/lib/util/state.ts:192
[   75850ms] [LOG] Registration successful, scope is: http://localhost:3001/ @ http://localhost:3001/src/routes/+layout.svelte:42
[   75892ms] [LOG] [plausible] render {diagramType: flowchart-v2, isRough: false, lengthBucket: 0-10, renderTimeMsBucket: 50-100} @ http://localhost:3001/src/lib/util/stats.ts:89
[   76590ms] [LOG] [plausible] version {mermaidVersion: 11.14.0} @ http://localhost:3001/src/lib/util/stats.ts:89
[   76648ms] [LOG] Loading '' @ http://localhost:3001/src/lib/util/state.ts:192
[   76711ms] [LOG] Registration successful, scope is: http://localhost:3001/ @ http://localhost:3001/src/routes/+layout.svelte:42
[   76752ms] [LOG] [plausible] render {diagramType: flowchart-v2, isRough: false, lengthBucket: 0-10, renderTimeMsBucket: 50-100} @ http://localhost:3001/src/lib/util/stats.ts:89
[   77365ms] [LOG] [plausible] version {mermaidVersion: 11.14.0} @ http://localhost:3001/src/lib/util/stats.ts:89
[   77430ms] [LOG] Loading '' @ http://localhost:3001/src/lib/util/state.ts:192
[   77497ms] [LOG] Registration successful, scope is: http://localhost:3001/ @ http://localhost:3001/src/routes/+layout.svelte:42
[   77537ms] [LOG] [plausible] render {diagramType: flowchart-v2, isRough: false, lengthBucket: 0-10, renderTimeMsBucket: 50-100} @ http://localhost:3001/src/lib/util/stats.ts:89
[   78203ms] [LOG] [plausible] version {mermaidVersion: 11.14.0} @ http://localhost:3001/src/lib/util/stats.ts:89
[   78277ms] [LOG] Loading '' @ http://localhost:3001/src/lib/util/state.ts:192
[   78334ms] [LOG] Registration successful, scope is: http://localhost:3001/ @ http://localhost:3001/src/routes/+layout.svelte:42
[   78379ms] [LOG] [plausible] render {diagramType: flowchart-v2, isRough: false, lengthBucket: 0-10, renderTimeMsBucket: 50-100} @ http://localhost:3001/src/lib/util/stats.ts:89
[   79013ms] [LOG] [plausible] version {mermaidVersion: 11.14.0} @ http://localhost:3001/src/lib/util/stats.ts:89
[   79075ms] [LOG] Loading '' @ http://localhost:3001/src/lib/util/state.ts:192
[   79140ms] [LOG] Registration successful, scope is: http://localhost:3001/ @ http://localhost:3001/src/routes/+layout.svelte:42
[   79738ms] [LOG] [plausible] version {mermaidVersion: 11.14.0} @ http://localhost:3001/src/lib/util/stats.ts:89
[   79812ms] [LOG] Loading '' @ http://localhost:3001/src/lib/util/state.ts:192
[   79867ms] [LOG] Registration successful, scope is: http://localhost:3001/ @ http://localhost:3001/src/routes/+layout.svelte:42
[   79907ms] [LOG] [plausible] render {diagramType: flowchart-v2, isRough: false, lengthBucket: 0-10, renderTimeMsBucket: 50-100} @ http://localhost:3001/src/lib/util/stats.ts:89
[   80571ms] [LOG] [plausible] version {mermaidVersion: 11.14.0} @ http://localhost:3001/src/lib/util/stats.ts:89
[   80649ms] [LOG] Loading '' @ http://localhost:3001/src/lib/util/state.ts:192
[   80706ms] [LOG] Registration successful, scope is: http://localhost:3001/ @ http://localhost:3001/src/routes/+layout.svelte:42
[   80749ms] [LOG] [plausible] render {diagramType: flowchart-v2, isRough: false, lengthBucket: 0-10, renderTimeMsBucket: 50-100} @ http://localhost:3001/src/lib/util/stats.ts:89
[   81371ms] [LOG] [plausible] version {mermaidVersion: 11.14.0} @ http://localhost:3001/src/lib/util/stats.ts:89
[   81436ms] [LOG] Loading '' @ http://localhost:3001/src/lib/util/state.ts:192
[   81499ms] [LOG] Registration successful, scope is: http://localhost:3001/ @ http://localhost:3001/src/routes/+layout.svelte:42
[   81544ms] [LOG] [plausible] render {diagramType: flowchart-v2, isRough: false, lengthBucket: 0-10, renderTimeMsBucket: 50-100} @ http://localhost:3001/src/lib/util/stats.ts:89
[   82228ms] [LOG] [plausible] version {mermaidVersion: 11.14.0} @ http://localhost:3001/src/lib/util/stats.ts:89
[   82298ms] [LOG] Loading '' @ http://localhost:3001/src/lib/util/state.ts:192
[   82353ms] [LOG] Registration successful, scope is: http://localhost:3001/ @ http://localhost:3001/src/routes/+layout.svelte:42
[   82399ms] [LOG] [plausible] render {diagramType: flowchart-v2, isRough: false, lengthBucket: 0-10, renderTimeMsBucket: 50-100} @ http://localhost:3001/src/lib/util/stats.ts:89
[   83002ms] [LOG] [plausible] version {mermaidVersion: 11.14.0} @ http://localhost:3001/src/lib/util/stats.ts:89
[   83070ms] [LOG] Loading '' @ http://localhost:3001/src/lib/util/state.ts:192
[   83127ms] [LOG] Registration successful, scope is: http://localhost:3001/ @ http://localhost:3001/src/routes/+layout.svelte:42
[   83170ms] [LOG] [plausible] render {diagramType: flowchart-v2, isRough: false, lengthBucket: 0-10, renderTimeMsBucket: 50-100} @ http://localhost:3001/src/lib/util/stats.ts:89
[   83807ms] [LOG] [plausible] version {mermaidVersion: 11.14.0} @ http://localhost:3001/src/lib/util/stats.ts:89
[   83881ms] [LOG] Loading '' @ http://localhost:3001/src/lib/util/state.ts:192
[   83935ms] [LOG] Registration successful, scope is: http://localhost:3001/ @ http://localhost:3001/src/routes/+layout.svelte:42
[   83971ms] [LOG] [plausible] render {diagramType: flowchart-v2, isRough: false, lengthBucket: 0-10, renderTimeMsBucket: 50-100} @ http://localhost:3001/src/lib/util/stats.ts:89
[   84623ms] [LOG] [plausible] version {mermaidVersion: 11.14.0} @ http://localhost:3001/src/lib/util/stats.ts:89
[   84684ms] [LOG] Loading '' @ http://localhost:3001/src/lib/util/state.ts:192
[   84745ms] [LOG] Registration successful, scope is: http://localhost:3001/ @ http://localhost:3001/src/routes/+layout.svelte:42
[   84787ms] [LOG] [plausible] render {diagramType: flowchart-v2, isRough: false, lengthBucket: 0-10, renderTimeMsBucket: 50-100} @ http://localhost:3001/src/lib/util/stats.ts:89
[   85384ms] [LOG] [plausible] version {mermaidVersion: 11.14.0} @ http://localhost:3001/src/lib/util/stats.ts:89
[   85456ms] [LOG] Loading '' @ http://localhost:3001/src/lib/util/state.ts:192
[   85510ms] [LOG] Registration successful, scope is: http://localhost:3001/ @ http://localhost:3001/src/routes/+layout.svelte:42
[   85556ms] [LOG] [plausible] render {diagramType: flowchart-v2, isRough: false, lengthBucket: 0-10, renderTimeMsBucket: 50-100} @ http://localhost:3001/src/lib/util/stats.ts:89
[   86222ms] [LOG] [plausible] version {mermaidVersion: 11.14.0} @ http://localhost:3001/src/lib/util/stats.ts:89
[   86295ms] [LOG] Loading '' @ http://localhost:3001/src/lib/util/state.ts:192
[   86348ms] [LOG] Registration successful, scope is: http://localhost:3001/ @ http://localhost:3001/src/routes/+layout.svelte:42
[   86389ms] [LOG] [plausible] render {diagramType: flowchart-v2, isRough: false, lengthBucket: 0-10, renderTimeMsBucket: 50-100} @ http://localhost:3001/src/lib/util/stats.ts:89
[   86998ms] [LOG] [plausible] version {mermaidVersion: 11.14.0} @ http://localhost:3001/src/lib/util/stats.ts:89
[   87068ms] [LOG] Loading '' @ http://localhost:3001/src/lib/util/state.ts:192
[   87118ms] [LOG] Registration successful, scope is: http://localhost:3001/ @ http://localhost:3001/src/routes/+layout.svelte:42
[   87157ms] [LOG] [plausible] render {diagramType: flowchart-v2, isRough: false, lengthBucket: 0-10, renderTimeMsBucket: 50-100} @ http://localhost:3001/src/lib/util/stats.ts:89
[   87749ms] [LOG] [plausible] version {mermaidVersion: 11.14.0} @ http://localhost:3001/src/lib/util/stats.ts:89
[   87819ms] [LOG] Loading '' @ http://localhost:3001/src/lib/util/state.ts:192
[   87874ms] [LOG] Registration successful, scope is: http://localhost:3001/ @ http://localhost:3001/src/routes/+layout.svelte:42
[   87910ms] [LOG] [plausible] render {diagramType: flowchart-v2, isRough: false, lengthBucket: 0-10, renderTimeMsBucket: 50-100} @ http://localhost:3001/src/lib/util/stats.ts:89
[   88542ms] [LOG] [plausible] version {mermaidVersion: 11.14.0} @ http://localhost:3001/src/lib/util/stats.ts:89
[   88615ms] [LOG] Loading '' @ http://localhost:3001/src/lib/util/state.ts:192
[   88685ms] [LOG] Registration successful, scope is: http://localhost:3001/ @ http://localhost:3001/src/routes/+layout.svelte:42
[   88743ms] [LOG] [plausible] render {diagramType: flowchart-v2, isRough: false, lengthBucket: 0-10, renderTimeMsBucket: 50-100} @ http://localhost:3001/src/lib/util/stats.ts:89
[   89396ms] [LOG] [plausible] version {mermaidVersion: 11.14.0} @ http://localhost:3001/src/lib/util/stats.ts:89
[   89478ms] [LOG] Loading '' @ http://localhost:3001/src/lib/util/state.ts:192
[   89533ms] [LOG] Registration successful, scope is: http://localhost:3001/ @ http://localhost:3001/src/routes/+layout.svelte:42
[   89575ms] [LOG] [plausible] render {diagramType: flowchart-v2, isRough: false, lengthBucket: 0-10, renderTimeMsBucket: 50-100} @ http://localhost:3001/src/lib/util/stats.ts:89
[   90226ms] [LOG] [plausible] version {mermaidVersion: 11.14.0} @ http://localhost:3001/src/lib/util/stats.ts:89
[   90304ms] [LOG] Loading '' @ http://localhost:3001/src/lib/util/state.ts:192
[   90366ms] [LOG] Registration successful, scope is: http://localhost:3001/ @ http://localhost:3001/src/routes/+layout.svelte:42
[   90413ms] [LOG] [plausible] render {diagramType: flowchart-v2, isRough: false, lengthBucket: 0-10, renderTimeMsBucket: 50-100} @ http://localhost:3001/src/lib/util/stats.ts:89
[   91131ms] [LOG] [plausible] version {mermaidVersion: 11.14.0} @ http://localhost:3001/src/lib/util/stats.ts:89
[   91192ms] [LOG] Loading '' @ http://localhost:3001/src/lib/util/state.ts:192
[   91246ms] [LOG] Registration successful, scope is: http://localhost:3001/ @ http://localhost:3001/src/routes/+layout.svelte:42
[   91945ms] [LOG] [plausible] version {mermaidVersion: 11.14.0} @ http://localhost:3001/src/lib/util/stats.ts:89
[   92009ms] [LOG] Loading '' @ http://localhost:3001/src/lib/util/state.ts:192
[   92064ms] [LOG] Registration successful, scope is: http://localhost:3001/ @ http://localhost:3001/src/routes/+layout.svelte:42
[   92694ms] [LOG] [plausible] version {mermaidVersion: 11.14.0} @ http://localhost:3001/src/lib/util/stats.ts:89
[   92769ms] [LOG] Loading '' @ http://localhost:3001/src/lib/util/state.ts:192
[   92828ms] [LOG] Registration successful, scope is: http://localhost:3001/ @ http://localhost:3001/src/routes/+layout.svelte:42
[   92895ms] [LOG] [plausible] render {diagramType: flowchart-v2, isRough: false, lengthBucket: 0-10, renderTimeMsBucket: 50-100} @ http://localhost:3001/src/lib/util/stats.ts:89
[   92951ms] [LOG] [plausible] render {diagramType: flowchart-v2, isRough: false, lengthBucket: 0-10, renderTimeMsBucket: 50-100} @ http://localhost:3001/src/lib/util/stats.ts:89
[   94503ms] [LOG] [plausible] version {mermaidVersion: 11.14.0} @ http://localhost:3001/src/lib/util/stats.ts:89
[   94574ms] [LOG] Loading '' @ http://localhost:3001/src/lib/util/state.ts:192
[   94630ms] [LOG] Registration successful, scope is: http://localhost:3001/ @ http://localhost:3001/src/routes/+layout.svelte:42
[   94711ms] [LOG] [plausible] render {diagramType: flowchart-v2, isRough: false, lengthBucket: 0-10, renderTimeMsBucket: 100-200} @ http://localhost:3001/src/lib/util/stats.ts:89
[   95546ms] [LOG] [plausible] version {mermaidVersion: 11.14.0} @ http://localhost:3001/src/lib/util/stats.ts:89
[   95615ms] [LOG] Loading '' @ http://localhost:3001/src/lib/util/state.ts:192
[   95678ms] [LOG] Registration successful, scope is: http://localhost:3001/ @ http://localhost:3001/src/routes/+layout.svelte:42
[   95733ms] [LOG] [plausible] render {diagramType: flowchart-v2, isRough: false, lengthBucket: 0-10, renderTimeMsBucket: 50-100} @ http://localhost:3001/src/lib/util/stats.ts:89
[   96395ms] [LOG] [plausible] version {mermaidVersion: 11.14.0} @ http://localhost:3001/src/lib/util/stats.ts:89
[   96468ms] [LOG] Loading '' @ http://localhost:3001/src/lib/util/state.ts:192
[   96522ms] [LOG] Registration successful, scope is: http://localhost:3001/ @ http://localhost:3001/src/routes/+layout.svelte:42
[   96583ms] [LOG] [plausible] render {diagramType: flowchart-v2, isRough: false, lengthBucket: 0-10, renderTimeMsBucket: 50-100} @ http://localhost:3001/src/lib/util/stats.ts:89
[   97207ms] [LOG] [plausible] version {mermaidVersion: 11.14.0} @ http://localhost:3001/src/lib/util/stats.ts:89
[   97276ms] [LOG] Loading '' @ http://localhost:3001/src/lib/util/state.ts:192
[   97325ms] [LOG] Registration successful, scope is: http://localhost:3001/ @ http://localhost:3001/src/routes/+layout.svelte:42
[   97376ms] [LOG] [plausible] render {diagramType: flowchart-v2, isRough: false, lengthBucket: 0-10, renderTimeMsBucket: 50-100} @ http://localhost:3001/src/lib/util/stats.ts:89
[   97980ms] [LOG] [plausible] version {mermaidVersion: 11.14.0} @ http://localhost:3001/src/lib/util/stats.ts:89
[   98045ms] [LOG] Loading '' @ http://localhost:3001/src/lib/util/state.ts:192
[   98095ms] [LOG] Registration successful, scope is: http://localhost:3001/ @ http://localhost:3001/src/routes/+layout.svelte:42
[   98158ms] [LOG] [plausible] render {diagramType: flowchart-v2, isRough: false, lengthBucket: 0-10, renderTimeMsBucket: 50-100} @ http://localhost:3001/src/lib/util/stats.ts:89
[   98744ms] [LOG] [plausible] version {mermaidVersion: 11.14.0} @ http://localhost:3001/src/lib/util/stats.ts:89
[   98805ms] [LOG] Loading '' @ http://localhost:3001/src/lib/util/state.ts:192
[   98862ms] [LOG] Registration successful, scope is: http://localhost:3001/ @ http://localhost:3001/src/routes/+layout.svelte:42
[   98934ms] [LOG] [plausible] render {diagramType: flowchart-v2, isRough: false, lengthBucket: 0-10, renderTimeMsBucket: 100-200} @ http://localhost:3001/src/lib/util/stats.ts:89
[   98995ms] [LOG] [plausible] render {diagramType: flowchart-v2, isRough: false, lengthBucket: 0-10, renderTimeMsBucket: 50-100} @ http://localhost:3001/src/lib/util/stats.ts:89
[   99634ms] [LOG] [plausible] version {mermaidVersion: 11.14.0} @ http://localhost:3001/src/lib/util/stats.ts:89
[   99698ms] [LOG] Loading '' @ http://localhost:3001/src/lib/util/state.ts:192
[   99755ms] [LOG] Registration successful, scope is: http://localhost:3001/ @ http://localhost:3001/src/routes/+layout.svelte:42
[   99815ms] [LOG] [plausible] render {diagramType: flowchart-v2, isRough: false, lengthBucket: 0-10, renderTimeMsBucket: 50-100} @ http://localhost:3001/src/lib/util/stats.ts:89
[  100473ms] [LOG] [plausible] version {mermaidVersion: 11.14.0} @ http://localhost:3001/src/lib/util/stats.ts:89
[  100546ms] [LOG] Loading '' @ http://localhost:3001/src/lib/util/state.ts:192
[  100603ms] [LOG] Registration successful, scope is: http://localhost:3001/ @ http://localhost:3001/src/routes/+layout.svelte:42
[  100656ms] [LOG] [plausible] render {diagramType: flowchart-v2, isRough: false, lengthBucket: 0-10, renderTimeMsBucket: 50-100} @ http://localhost:3001/src/lib/util/stats.ts:89
[  101332ms] [LOG] [plausible] version {mermaidVersion: 11.14.0} @ http://localhost:3001/src/lib/util/stats.ts:89
[  101402ms] [LOG] Loading '' @ http://localhost:3001/src/lib/util/state.ts:192
[  101456ms] [LOG] Registration successful, scope is: http://localhost:3001/ @ http://localhost:3001/src/routes/+layout.svelte:42
[  101515ms] [LOG] [plausible] render {diagramType: flowchart-v2, isRough: false, lengthBucket: 0-10, renderTimeMsBucket: 50-100} @ http://localhost:3001/src/lib/util/stats.ts:89
[  102161ms] [LOG] [plausible] version {mermaidVersion: 11.14.0} @ http://localhost:3001/src/lib/util/stats.ts:89
[  102228ms] [LOG] Loading '' @ http://localhost:3001/src/lib/util/state.ts:192
[  102288ms] [LOG] Registration successful, scope is: http://localhost:3001/ @ http://localhost:3001/src/routes/+layout.svelte:42
[  102341ms] [LOG] [plausible] render {diagramType: flowchart-v2, isRough: false, lengthBucket: 0-10, renderTimeMsBucket: 50-100} @ http://localhost:3001/src/lib/util/stats.ts:89
[  102982ms] [LOG] [plausible] version {mermaidVersion: 11.14.0} @ http://localhost:3001/src/lib/util/stats.ts:89
[  103053ms] [LOG] Loading '' @ http://localhost:3001/src/lib/util/state.ts:192
[  103100ms] [LOG] Registration successful, scope is: http://localhost:3001/ @ http://localhost:3001/src/routes/+layout.svelte:42
[  103146ms] [LOG] [plausible] render {diagramType: flowchart-v2, isRough: false, lengthBucket: 0-10, renderTimeMsBucket: 50-100} @ http://localhost:3001/src/lib/util/stats.ts:89
[  103756ms] [LOG] [plausible] version {mermaidVersion: 11.14.0} @ http://localhost:3001/src/lib/util/stats.ts:89
[  103827ms] [LOG] Loading '' @ http://localhost:3001/src/lib/util/state.ts:192
[  103877ms] [LOG] Registration successful, scope is: http://localhost:3001/ @ http://localhost:3001/src/routes/+layout.svelte:42
[  103922ms] [LOG] [plausible] render {diagramType: flowchart-v2, isRough: false, lengthBucket: 0-10, renderTimeMsBucket: 50-100} @ http://localhost:3001/src/lib/util/stats.ts:89
[  104012ms] [LOG] [plausible] render {diagramType: flowchart-v2, isRough: false, lengthBucket: 0-10, renderTimeMsBucket: 50-100} @ http://localhost:3001/src/lib/util/stats.ts:89
[  104615ms] [LOG] [plausible] version {mermaidVersion: 11.14.0} @ http://localhost:3001/src/lib/util/stats.ts:89
[  104688ms] [LOG] Loading '' @ http://localhost:3001/src/lib/util/state.ts:192
[  104737ms] [LOG] Registration successful, scope is: http://localhost:3001/ @ http://localhost:3001/src/routes/+layout.svelte:42
[  104772ms] [LOG] [plausible] render {diagramType: flowchart-v2, isRough: false, lengthBucket: 0-10, renderTimeMsBucket: 50-100} @ http://localhost:3001/src/lib/util/stats.ts:89
[  105412ms] [LOG] [plausible] version {mermaidVersion: 11.14.0} @ http://localhost:3001/src/lib/util/stats.ts:89
[  105491ms] [LOG] Loading '' @ http://localhost:3001/src/lib/util/state.ts:192
[  105544ms] [LOG] Registration successful, scope is: http://localhost:3001/ @ http://localhost:3001/src/routes/+layout.svelte:42
[  105582ms] [LOG] [plausible] render {diagramType: flowchart-v2, isRough: false, lengthBucket: 0-10, renderTimeMsBucket: 50-100} @ http://localhost:3001/src/lib/util/stats.ts:89
[  106215ms] [LOG] [plausible] version {mermaidVersion: 11.14.0} @ http://localhost:3001/src/lib/util/stats.ts:89
[  106290ms] [LOG] Loading '' @ http://localhost:3001/src/lib/util/state.ts:192
[  106347ms] [LOG] Registration successful, scope is: http://localhost:3001/ @ http://localhost:3001/src/routes/+layout.svelte:42
[  106387ms] [LOG] [plausible] render {diagramType: flowchart-v2, isRough: false, lengthBucket: 0-10, renderTimeMsBucket: 50-100} @ http://localhost:3001/src/lib/util/stats.ts:89
[  107016ms] [LOG] [plausible] version {mermaidVersion: 11.14.0} @ http://localhost:3001/src/lib/util/stats.ts:89
[  107087ms] [LOG] Loading '' @ http://localhost:3001/src/lib/util/state.ts:192
[  107145ms] [LOG] Registration successful, scope is: http://localhost:3001/ @ http://localhost:3001/src/routes/+layout.svelte:42
[  107187ms] [LOG] [plausible] render {diagramType: flowchart-v2, isRough: false, lengthBucket: 0-10, renderTimeMsBucket: 50-100} @ http://localhost:3001/src/lib/util/stats.ts:89
[  107750ms] [LOG] [plausible] version {mermaidVersion: 11.14.0} @ http://localhost:3001/src/lib/util/stats.ts:89
[  107817ms] [LOG] Loading '' @ http://localhost:3001/src/lib/util/state.ts:192
[  107874ms] [LOG] Registration successful, scope is: http://localhost:3001/ @ http://localhost:3001/src/routes/+layout.svelte:42
[  107914ms] [LOG] [plausible] render {diagramType: flowchart-v2, isRough: false, lengthBucket: 0-10, renderTimeMsBucket: 50-100} @ http://localhost:3001/src/lib/util/stats.ts:89
[  108549ms] [LOG] [plausible] version {mermaidVersion: 11.14.0} @ http://localhost:3001/src/lib/util/stats.ts:89
[  108619ms] [LOG] Loading '' @ http://localhost:3001/src/lib/util/state.ts:192
[  108683ms] [LOG] Registration successful, scope is: http://localhost:3001/ @ http://localhost:3001/src/routes/+layout.svelte:42
[  108727ms] [LOG] [plausible] render {diagramType: flowchart-v2, isRough: false, lengthBucket: 0-10, renderTimeMsBucket: 50-100} @ http://localhost:3001/src/lib/util/stats.ts:89
[  109352ms] [LOG] [plausible] version {mermaidVersion: 11.14.0} @ http://localhost:3001/src/lib/util/stats.ts:89
[  109424ms] [LOG] Loading '' @ http://localhost:3001/src/lib/util/state.ts:192
[  109487ms] [LOG] Registration successful, scope is: http://localhost:3001/ @ http://localhost:3001/src/routes/+layout.svelte:42
[  109539ms] [LOG] [plausible] render {diagramType: flowchart-v2, isRough: false, lengthBucket: 0-10, renderTimeMsBucket: 50-100} @ http://localhost:3001/src/lib/util/stats.ts:89
[  110175ms] [LOG] [plausible] version {mermaidVersion: 11.14.0} @ http://localhost:3001/src/lib/util/stats.ts:89
[  110247ms] [LOG] Loading '' @ http://localhost:3001/src/lib/util/state.ts:192
[  110303ms] [LOG] Registration successful, scope is: http://localhost:3001/ @ http://localhost:3001/src/routes/+layout.svelte:42
[  110350ms] [LOG] [plausible] render {diagramType: flowchart-v2, isRough: false, lengthBucket: 0-10, renderTimeMsBucket: 50-100} @ http://localhost:3001/src/lib/util/stats.ts:89
[  110925ms] [LOG] [plausible] version {mermaidVersion: 11.14.0} @ http://localhost:3001/src/lib/util/stats.ts:89
[  110998ms] [LOG] Loading '' @ http://localhost:3001/src/lib/util/state.ts:192
[  111050ms] [LOG] Registration successful, scope is: http://localhost:3001/ @ http://localhost:3001/src/routes/+layout.svelte:42
[  111088ms] [LOG] [plausible] render {diagramType: flowchart-v2, isRough: false, lengthBucket: 0-10, renderTimeMsBucket: 50-100} @ http://localhost:3001/src/lib/util/stats.ts:89
[  111742ms] [LOG] [plausible] version {mermaidVersion: 11.14.0} @ http://localhost:3001/src/lib/util/stats.ts:89
[  111819ms] [LOG] Loading '' @ http://localhost:3001/src/lib/util/state.ts:192
[  111872ms] [LOG] Registration successful, scope is: http://localhost:3001/ @ http://localhost:3001/src/routes/+layout.svelte:42
[  111911ms] [LOG] [plausible] render {diagramType: flowchart-v2, isRough: false, lengthBucket: 0-10, renderTimeMsBucket: 50-100} @ http://localhost:3001/src/lib/util/stats.ts:89
[  111965ms] [LOG] [plausible] render {diagramType: flowchart-v2, isRough: false, lengthBucket: 0-10, renderTimeMsBucket: 25-50} @ http://localhost:3001/src/lib/util/stats.ts:89
[  112596ms] [LOG] [plausible] version {mermaidVersion: 11.14.0} @ http://localhost:3001/src/lib/util/stats.ts:89
[  112665ms] [LOG] Loading '' @ http://localhost:3001/src/lib/util/state.ts:192
[  112713ms] [LOG] Registration successful, scope is: http://localhost:3001/ @ http://localhost:3001/src/routes/+layout.svelte:42
[  112747ms] [LOG] [plausible] render {diagramType: flowchart-v2, isRough: false, lengthBucket: 0-10, renderTimeMsBucket: 50-100} @ http://localhost:3001/src/lib/util/stats.ts:89
[  113384ms] [LOG] [plausible] version {mermaidVersion: 11.14.0} @ http://localhost:3001/src/lib/util/stats.ts:89
[  113455ms] [LOG] Loading '' @ http://localhost:3001/src/lib/util/state.ts:192
[  113510ms] [LOG] Registration successful, scope is: http://localhost:3001/ @ http://localhost:3001/src/routes/+layout.svelte:42
[  113546ms] [LOG] [plausible] render {diagramType: flowchart-v2, isRough: false, lengthBucket: 0-10, renderTimeMsBucket: 50-100} @ http://localhost:3001/src/lib/util/stats.ts:89
[  114190ms] [LOG] [plausible] version {mermaidVersion: 11.14.0} @ http://localhost:3001/src/lib/util/stats.ts:89
[  114260ms] [LOG] Loading '' @ http://localhost:3001/src/lib/util/state.ts:192
[  114317ms] [LOG] Registration successful, scope is: http://localhost:3001/ @ http://localhost:3001/src/routes/+layout.svelte:42
[  114362ms] [LOG] [plausible] render {diagramType: flowchart-v2, isRough: false, lengthBucket: 0-10, renderTimeMsBucket: 50-100} @ http://localhost:3001/src/lib/util/stats.ts:89
[  114949ms] [LOG] [plausible] version {mermaidVersion: 11.14.0} @ http://localhost:3001/src/lib/util/stats.ts:89
[  115010ms] [LOG] Loading '' @ http://localhost:3001/src/lib/util/state.ts:192
[  115066ms] [LOG] Registration successful, scope is: http://localhost:3001/ @ http://localhost:3001/src/routes/+layout.svelte:42
[  115128ms] [LOG] [plausible] render {diagramType: flowchart-v2, isRough: false, lengthBucket: 0-10, renderTimeMsBucket: 50-100} @ http://localhost:3001/src/lib/util/stats.ts:89
[  115770ms] [LOG] [plausible] version {mermaidVersion: 11.14.0} @ http://localhost:3001/src/lib/util/stats.ts:89
[  115837ms] [LOG] Loading '' @ http://localhost:3001/src/lib/util/state.ts:192
[  115892ms] [LOG] Registration successful, scope is: http://localhost:3001/ @ http://localhost:3001/src/routes/+layout.svelte:42
[  115957ms] [LOG] [plausible] render {diagramType: flowchart-v2, isRough: false, lengthBucket: 0-10, renderTimeMsBucket: 50-100} @ http://localhost:3001/src/lib/util/stats.ts:89
[  116017ms] [LOG] [plausible] render {diagramType: flowchart-v2, isRough: false, lengthBucket: 0-10, renderTimeMsBucket: 50-100} @ http://localhost:3001/src/lib/util/stats.ts:89
[  116673ms] [LOG] [plausible] version {mermaidVersion: 11.14.0} @ http://localhost:3001/src/lib/util/stats.ts:89
[  116749ms] [LOG] Loading '' @ http://localhost:3001/src/lib/util/state.ts:192
[  116807ms] [LOG] Registration successful, scope is: http://localhost:3001/ @ http://localhost:3001/src/routes/+layout.svelte:42
[  116853ms] [LOG] [plausible] render {diagramType: flowchart-v2, isRough: false, lengthBucket: 0-10, renderTimeMsBucket: 50-100} @ http://localhost:3001/src/lib/util/stats.ts:89
[  117459ms] [LOG] [plausible] version {mermaidVersion: 11.14.0} @ http://localhost:3001/src/lib/util/stats.ts:89
[  117516ms] [LOG] Loading '' @ http://localhost:3001/src/lib/util/state.ts:192
[  117574ms] [LOG] Registration successful, scope is: http://localhost:3001/ @ http://localhost:3001/src/routes/+layout.svelte:42
[  117627ms] [LOG] [plausible] render {diagramType: flowchart-v2, isRough: false, lengthBucket: 0-10, renderTimeMsBucket: 50-100} @ http://localhost:3001/src/lib/util/stats.ts:89
[  117692ms] [LOG] [plausible] render {diagramType: flowchart-v2, isRough: false, lengthBucket: 0-10, renderTimeMsBucket: 50-100} @ http://localhost:3001/src/lib/util/stats.ts:89
[  118073ms] [LOG] Registration successful, scope is: http://localhost:3001/ @ http://localhost:3001/src/routes/+layout.svelte:42
[  118355ms] [LOG] Registration successful, scope is: http://localhost:3001/ @ http://localhost:3001/src/routes/+layout.svelte:42
[  118602ms] [LOG] Registration successful, scope is: http://localhost:3001/ @ http://localhost:3001/src/routes/+layout.svelte:42
[  118912ms] [LOG] Registration successful, scope is: http://localhost:3001/ @ http://localhost:3001/src/routes/+layout.svelte:42
[  119225ms] [LOG] Registration successful, scope is: http://localhost:3001/ @ http://localhost:3001/src/routes/+layout.svelte:42
[  119522ms] [LOG] Registration successful, scope is: http://localhost:3001/ @ http://localhost:3001/src/routes/+layout.svelte:42
[  119769ms] [LOG] Registration successful, scope is: http://localhost:3001/ @ http://localhost:3001/src/routes/+layout.svelte:42
[  120678ms] [LOG] [plausible] version {mermaidVersion: 11.14.0} @ http://localhost:3001/src/lib/util/stats.ts:89
[  120739ms] [LOG] Loading '' @ http://localhost:3001/src/lib/util/state.ts:192
[  120792ms] [LOG] Registration successful, scope is: http://localhost:3001/ @ http://localhost:3001/src/routes/+layout.svelte:42
[  121512ms] [LOG] [plausible] version {mermaidVersion: 11.14.0} @ http://localhost:3001/src/lib/util/stats.ts:89
[  121583ms] [LOG] Loading '' @ http://localhost:3001/src/lib/util/state.ts:192
[  121644ms] [LOG] Registration successful, scope is: http://localhost:3001/ @ http://localhost:3001/src/routes/+layout.svelte:42
[  122334ms] [LOG] [plausible] version {mermaidVersion: 11.14.0} @ http://localhost:3001/src/lib/util/stats.ts:89
[  122400ms] [LOG] Loading '' @ http://localhost:3001/src/lib/util/state.ts:192
[  122451ms] [LOG] Registration successful, scope is: http://localhost:3001/ @ http://localhost:3001/src/routes/+layout.svelte:42
[  123137ms] [LOG] [plausible] version {mermaidVersion: 11.14.0} @ http://localhost:3001/src/lib/util/stats.ts:89
[  123209ms] [LOG] Loading '' @ http://localhost:3001/src/lib/util/state.ts:192
[  123266ms] [LOG] Registration successful, scope is: http://localhost:3001/ @ http://localhost:3001/src/routes/+layout.svelte:42
[  123318ms] [LOG] [plausible] render {diagramType: flowchart-v2, isRough: false, lengthBucket: 0-10, renderTimeMsBucket: 50-100} @ http://localhost:3001/src/lib/util/stats.ts:89
[  123999ms] [LOG] [plausible] version {mermaidVersion: 11.14.0} @ http://localhost:3001/src/lib/util/stats.ts:89
[  124068ms] [LOG] Loading '' @ http://localhost:3001/src/lib/util/state.ts:192
[  124122ms] [LOG] Registration successful, scope is: http://localhost:3001/ @ http://localhost:3001/src/routes/+layout.svelte:42
[  124163ms] [LOG] [plausible] render {diagramType: flowchart-v2, isRough: false, lengthBucket: 0-10, renderTimeMsBucket: 50-100} @ http://localhost:3001/src/lib/util/stats.ts:89
[  124798ms] [LOG] [plausible] version {mermaidVersion: 11.14.0} @ http://localhost:3001/src/lib/util/stats.ts:89
[  124869ms] [LOG] Loading '' @ http://localhost:3001/src/lib/util/state.ts:192
[  124923ms] [LOG] Registration successful, scope is: http://localhost:3001/ @ http://localhost:3001/src/routes/+layout.svelte:42
[  125000ms] [LOG] [plausible] render {diagramType: flowchart-v2, isRough: false, lengthBucket: 0-10, renderTimeMsBucket: 100-200} @ http://localhost:3001/src/lib/util/stats.ts:89
[  125596ms] [LOG] [plausible] version {mermaidVersion: 11.14.0} @ http://localhost:3001/src/lib/util/stats.ts:89
[  125661ms] [LOG] Loading '' @ http://localhost:3001/src/lib/util/state.ts:192
[  125720ms] [LOG] Registration successful, scope is: http://localhost:3001/ @ http://localhost:3001/src/routes/+layout.svelte:42
[  125769ms] [LOG] [plausible] render {diagramType: flowchart-v2, isRough: false, lengthBucket: 0-10, renderTimeMsBucket: 50-100} @ http://localhost:3001/src/lib/util/stats.ts:89
[  126395ms] [LOG] [plausible] version {mermaidVersion: 11.14.0} @ http://localhost:3001/src/lib/util/stats.ts:89
[  126467ms] [LOG] Loading '' @ http://localhost:3001/src/lib/util/state.ts:192
[  126515ms] [LOG] Registration successful, scope is: http://localhost:3001/ @ http://localhost:3001/src/routes/+layout.svelte:42
[  126551ms] [LOG] [plausible] render {diagramType: flowchart-v2, isRough: false, lengthBucket: 0-10, renderTimeMsBucket: 50-100} @ http://localhost:3001/src/lib/util/stats.ts:89
[  127181ms] [LOG] [plausible] version {mermaidVersion: 11.14.0} @ http://localhost:3001/src/lib/util/stats.ts:89
[  127251ms] [LOG] Loading '' @ http://localhost:3001/src/lib/util/state.ts:192
[  127302ms] [LOG] Registration successful, scope is: http://localhost:3001/ @ http://localhost:3001/src/routes/+layout.svelte:42
[  127342ms] [LOG] [plausible] render {diagramType: flowchart-v2, isRough: false, lengthBucket: 0-10, renderTimeMsBucket: 50-100} @ http://localhost:3001/src/lib/util/stats.ts:89
[  128014ms] [LOG] [plausible] version {mermaidVersion: 11.14.0} @ http://localhost:3001/src/lib/util/stats.ts:89
[  128078ms] [LOG] Loading '' @ http://localhost:3001/src/lib/util/state.ts:192
[  128132ms] [LOG] Registration successful, scope is: http://localhost:3001/ @ http://localhost:3001/src/routes/+layout.svelte:42
[  128177ms] [LOG] [plausible] render {diagramType: flowchart-v2, isRough: false, lengthBucket: 0-10, renderTimeMsBucket: 50-100} @ http://localhost:3001/src/lib/util/stats.ts:89
[  128748ms] [LOG] [plausible] version {mermaidVersion: 11.14.0} @ http://localhost:3001/src/lib/util/stats.ts:89
[  128816ms] [LOG] Loading '' @ http://localhost:3001/src/lib/util/state.ts:192
[  128873ms] [LOG] Registration successful, scope is: http://localhost:3001/ @ http://localhost:3001/src/routes/+layout.svelte:42
[  128916ms] [LOG] [plausible] render {diagramType: flowchart-v2, isRough: false, lengthBucket: 0-10, renderTimeMsBucket: 50-100} @ http://localhost:3001/src/lib/util/stats.ts:89
[  129544ms] [LOG] [plausible] version {mermaidVersion: 11.14.0} @ http://localhost:3001/src/lib/util/stats.ts:89
[  129610ms] [LOG] Loading '' @ http://localhost:3001/src/lib/util/state.ts:192
[  129672ms] [LOG] Registration successful, scope is: http://localhost:3001/ @ http://localhost:3001/src/routes/+layout.svelte:42
[  129728ms] [LOG] [plausible] render {diagramType: flowchart-v2, isRough: false, lengthBucket: 0-10, renderTimeMsBucket: 50-100} @ http://localhost:3001/src/lib/util/stats.ts:89
[  130362ms] [LOG] [plausible] version {mermaidVersion: 11.14.0} @ http://localhost:3001/src/lib/util/stats.ts:89
[  130434ms] [LOG] Loading '' @ http://localhost:3001/src/lib/util/state.ts:192
[  130488ms] [LOG] Registration successful, scope is: http://localhost:3001/ @ http://localhost:3001/src/routes/+layout.svelte:42
[  130528ms] [LOG] [plausible] render {diagramType: flowchart-v2, isRough: false, lengthBucket: 0-10, renderTimeMsBucket: 50-100} @ http://localhost:3001/src/lib/util/stats.ts:89
[  131190ms] [LOG] [plausible] version {mermaidVersion: 11.14.0} @ http://localhost:3001/src/lib/util/stats.ts:89
[  131259ms] [LOG] Loading '' @ http://localhost:3001/src/lib/util/state.ts:192
[  131312ms] [LOG] Registration successful, scope is: http://localhost:3001/ @ http://localhost:3001/src/routes/+layout.svelte:42
[  132991ms] [LOG] [plausible] version {mermaidVersion: 11.14.0} @ http://localhost:3001/src/lib/util/stats.ts:89
[  133062ms] [LOG] Loading '' @ http://localhost:3001/src/lib/util/state.ts:192
[  133118ms] [LOG] Registration successful, scope is: http://localhost:3001/ @ http://localhost:3001/src/routes/+layout.svelte:42
[  133171ms] [LOG] [plausible] render {diagramType: flowchart-v2, isRough: false, lengthBucket: 0-10, renderTimeMsBucket: 50-100} @ http://localhost:3001/src/lib/util/stats.ts:89
[  133897ms] [LOG] [plausible] version {mermaidVersion: 11.14.0} @ http://localhost:3001/src/lib/util/stats.ts:89
[  133971ms] [LOG] Loading '' @ http://localhost:3001/src/lib/util/state.ts:192
[  134027ms] [LOG] Registration successful, scope is: http://localhost:3001/ @ http://localhost:3001/src/routes/+layout.svelte:42
[  134067ms] [LOG] [plausible] render {diagramType: flowchart-v2, isRough: false, lengthBucket: 0-10, renderTimeMsBucket: 50-100} @ http://localhost:3001/src/lib/util/stats.ts:89
[  134651ms] [LOG] [plausible] version {mermaidVersion: 11.14.0} @ http://localhost:3001/src/lib/util/stats.ts:89
[  134724ms] [LOG] Loading '' @ http://localhost:3001/src/lib/util/state.ts:192
[  134785ms] [LOG] Registration successful, scope is: http://localhost:3001/ @ http://localhost:3001/src/routes/+layout.svelte:42
[  134827ms] [LOG] [plausible] render {diagramType: flowchart-v2, isRough: false, lengthBucket: 0-10, renderTimeMsBucket: 50-100} @ http://localhost:3001/src/lib/util/stats.ts:89
[  135492ms] [LOG] [plausible] version {mermaidVersion: 11.14.0} @ http://localhost:3001/src/lib/util/stats.ts:89
[  135576ms] [LOG] Loading '' @ http://localhost:3001/src/lib/util/state.ts:192
[  135633ms] [LOG] Registration successful, scope is: http://localhost:3001/ @ http://localhost:3001/src/routes/+layout.svelte:42
[  135683ms] [LOG] [plausible] render {diagramType: flowchart-v2, isRough: false, lengthBucket: 0-10, renderTimeMsBucket: 50-100} @ http://localhost:3001/src/lib/util/stats.ts:89
[  136329ms] [LOG] [plausible] version {mermaidVersion: 11.14.0} @ http://localhost:3001/src/lib/util/stats.ts:89
[  136402ms] [LOG] Loading '' @ http://localhost:3001/src/lib/util/state.ts:192
[  136458ms] [LOG] Registration successful, scope is: http://localhost:3001/ @ http://localhost:3001/src/routes/+layout.svelte:42
[  136514ms] [LOG] [plausible] render {diagramType: flowchart-v2, isRough: false, lengthBucket: 0-10, renderTimeMsBucket: 50-100} @ http://localhost:3001/src/lib/util/stats.ts:89
[  137198ms] [LOG] [plausible] version {mermaidVersion: 11.14.0} @ http://localhost:3001/src/lib/util/stats.ts:89
[  137269ms] [LOG] Loading '' @ http://localhost:3001/src/lib/util/state.ts:192
[  137325ms] [LOG] Registration successful, scope is: http://localhost:3001/ @ http://localhost:3001/src/routes/+layout.svelte:42
[  137367ms] [LOG] [plausible] render {diagramType: flowchart-v2, isRough: false, lengthBucket: 0-10, renderTimeMsBucket: 50-100} @ http://localhost:3001/src/lib/util/stats.ts:89
[  137978ms] [LOG] [plausible] version {mermaidVersion: 11.14.0} @ http://localhost:3001/src/lib/util/stats.ts:89
[  138044ms] [LOG] Loading '' @ http://localhost:3001/src/lib/util/state.ts:192
[  138102ms] [LOG] Registration successful, scope is: http://localhost:3001/ @ http://localhost:3001/src/routes/+layout.svelte:42
[  138142ms] [LOG] [plausible] render {diagramType: flowchart-v2, isRough: false, lengthBucket: 0-10, renderTimeMsBucket: 50-100} @ http://localhost:3001/src/lib/util/stats.ts:89
[  138734ms] [LOG] [plausible] version {mermaidVersion: 11.14.0} @ http://localhost:3001/src/lib/util/stats.ts:89
[  138804ms] [LOG] Loading '' @ http://localhost:3001/src/lib/util/state.ts:192
[  138858ms] [LOG] Registration successful, scope is: http://localhost:3001/ @ http://localhost:3001/src/routes/+layout.svelte:42
[  138895ms] [LOG] [plausible] render {diagramType: flowchart-v2, isRough: false, lengthBucket: 0-10, renderTimeMsBucket: 50-100} @ http://localhost:3001/src/lib/util/stats.ts:89
[  139572ms] [LOG] [plausible] version {mermaidVersion: 11.14.0} @ http://localhost:3001/src/lib/util/stats.ts:89
[  139648ms] [LOG] Loading '' @ http://localhost:3001/src/lib/util/state.ts:192
[  139704ms] [LOG] Registration successful, scope is: http://localhost:3001/ @ http://localhost:3001/src/routes/+layout.svelte:42
[  139759ms] [LOG] [plausible] render {diagramType: flowchart-v2, isRough: false, lengthBucket: 0-10, renderTimeMsBucket: 50-100} @ http://localhost:3001/src/lib/util/stats.ts:89
[  140401ms] [LOG] [plausible] version {mermaidVersion: 11.14.0} @ http://localhost:3001/src/lib/util/stats.ts:89
[  140474ms] [LOG] Loading '' @ http://localhost:3001/src/lib/util/state.ts:192
[  140535ms] [LOG] Registration successful, scope is: http://localhost:3001/ @ http://localhost:3001/src/routes/+layout.svelte:42
[  140578ms] [LOG] [plausible] render {diagramType: flowchart-v2, isRough: false, lengthBucket: 0-10, renderTimeMsBucket: 50-100} @ http://localhost:3001/src/lib/util/stats.ts:89
[  141286ms] [LOG] [plausible] version {mermaidVersion: 11.14.0} @ http://localhost:3001/src/lib/util/stats.ts:89
[  141358ms] [LOG] Loading '' @ http://localhost:3001/src/lib/util/state.ts:192
[  141415ms] [LOG] Registration successful, scope is: http://localhost:3001/ @ http://localhost:3001/src/routes/+layout.svelte:42
[  141471ms] [LOG] [plausible] render {diagramType: flowchart-v2, isRough: false, lengthBucket: 0-10, renderTimeMsBucket: 50-100} @ http://localhost:3001/src/lib/util/stats.ts:89
[  142060ms] [LOG] [plausible] version {mermaidVersion: 11.14.0} @ http://localhost:3001/src/lib/util/stats.ts:89
[  142130ms] [LOG] Loading '' @ http://localhost:3001/src/lib/util/state.ts:192
[  142183ms] [LOG] Registration successful, scope is: http://localhost:3001/ @ http://localhost:3001/src/routes/+layout.svelte:42
[  142227ms] [LOG] [plausible] render {diagramType: flowchart-v2, isRough: false, lengthBucket: 0-10, renderTimeMsBucket: 50-100} @ http://localhost:3001/src/lib/util/stats.ts:89
[  142832ms] [LOG] [plausible] version {mermaidVersion: 11.14.0} @ http://localhost:3001/src/lib/util/stats.ts:89
[  142890ms] [LOG] Loading '' @ http://localhost:3001/src/lib/util/state.ts:192
[  142945ms] [LOG] Registration successful, scope is: http://localhost:3001/ @ http://localhost:3001/src/routes/+layout.svelte:42
[  142995ms] [LOG] [plausible] render {diagramType: flowchart-v2, isRough: false, lengthBucket: 0-10, renderTimeMsBucket: 50-100} @ http://localhost:3001/src/lib/util/stats.ts:89
[  143608ms] [LOG] [plausible] version {mermaidVersion: 11.14.0} @ http://localhost:3001/src/lib/util/stats.ts:89
[  143684ms] [LOG] Loading '' @ http://localhost:3001/src/lib/util/state.ts:192
[  143744ms] [LOG] Registration successful, scope is: http://localhost:3001/ @ http://localhost:3001/src/routes/+layout.svelte:42
[  143788ms] [LOG] [plausible] render {diagramType: flowchart-v2, isRough: false, lengthBucket: 0-10, renderTimeMsBucket: 50-100} @ http://localhost:3001/src/lib/util/stats.ts:89
[  144423ms] [LOG] [plausible] version {mermaidVersion: 11.14.0} @ http://localhost:3001/src/lib/util/stats.ts:89
[  144494ms] [LOG] Loading '' @ http://localhost:3001/src/lib/util/state.ts:192
[  144546ms] [LOG] Registration successful, scope is: http://localhost:3001/ @ http://localhost:3001/src/routes/+layout.svelte:42
[  144596ms] [LOG] [plausible] render {diagramType: flowchart-v2, isRough: false, lengthBucket: 0-10, renderTimeMsBucket: 50-100} @ http://localhost:3001/src/lib/util/stats.ts:89
[  145275ms] [LOG] [plausible] version {mermaidVersion: 11.14.0} @ http://localhost:3001/src/lib/util/stats.ts:89
[  145337ms] [LOG] Loading '' @ http://localhost:3001/src/lib/util/state.ts:192
[  145390ms] [LOG] Registration successful, scope is: http://localhost:3001/ @ http://localhost:3001/src/routes/+layout.svelte:42
[  145443ms] [LOG] [plausible] render {diagramType: flowchart-v2, isRough: false, lengthBucket: 0-10, renderTimeMsBucket: 50-100} @ http://localhost:3001/src/lib/util/stats.ts:89
[  146085ms] [LOG] [plausible] version {mermaidVersion: 11.14.0} @ http://localhost:3001/src/lib/util/stats.ts:89
[  146158ms] [LOG] Loading '' @ http://localhost:3001/src/lib/util/state.ts:192
[  146217ms] [LOG] Registration successful, scope is: http://localhost:3001/ @ http://localhost:3001/src/routes/+layout.svelte:42
[  146283ms] [LOG] [plausible] render {diagramType: flowchart-v2, isRough: false, lengthBucket: 0-10, renderTimeMsBucket: 50-100} @ http://localhost:3001/src/lib/util/stats.ts:89
[  146898ms] [LOG] [plausible] version {mermaidVersion: 11.14.0} @ http://localhost:3001/src/lib/util/stats.ts:89
[  146963ms] [LOG] Loading '' @ http://localhost:3001/src/lib/util/state.ts:192
[  147019ms] [LOG] Registration successful, scope is: http://localhost:3001/ @ http://localhost:3001/src/routes/+layout.svelte:42
[  147058ms] [LOG] [plausible] render {diagramType: flowchart-v2, isRough: false, lengthBucket: 0-10, renderTimeMsBucket: 50-100} @ http://localhost:3001/src/lib/util/stats.ts:89
[  147648ms] [LOG] [plausible] version {mermaidVersion: 11.14.0} @ http://localhost:3001/src/lib/util/stats.ts:89
[  147721ms] [LOG] Loading '' @ http://localhost:3001/src/lib/util/state.ts:192
[  147771ms] [LOG] Registration successful, scope is: http://localhost:3001/ @ http://localhost:3001/src/routes/+layout.svelte:42
[  147809ms] [LOG] [plausible] render {diagramType: flowchart-v2, isRough: false, lengthBucket: 0-10, renderTimeMsBucket: 50-100} @ http://localhost:3001/src/lib/util/stats.ts:89
[  147863ms] [LOG] [plausible] render {diagramType: flowchart-v2, isRough: false, lengthBucket: 0-10, renderTimeMsBucket: 50-100} @ http://localhost:3001/src/lib/util/stats.ts:89
[  148496ms] [LOG] [plausible] version {mermaidVersion: 11.14.0} @ http://localhost:3001/src/lib/util/stats.ts:89
[  148566ms] [LOG] Loading '' @ http://localhost:3001/src/lib/util/state.ts:192
[  148618ms] [LOG] Registration successful, scope is: http://localhost:3001/ @ http://localhost:3001/src/routes/+layout.svelte:42
[  149253ms] [LOG] [plausible] version {mermaidVersion: 11.14.0} @ http://localhost:3001/src/lib/util/stats.ts:89
[  149336ms] [LOG] Loading '' @ http://localhost:3001/src/lib/util/state.ts:192
[  149395ms] [LOG] Registration successful, scope is: http://localhost:3001/ @ http://localhost:3001/src/routes/+layout.svelte:42
[  149439ms] [LOG] [plausible] render {diagramType: flowchart-v2, isRough: false, lengthBucket: 0-10, renderTimeMsBucket: 50-100} @ http://localhost:3001/src/lib/util/stats.ts:89
[  150023ms] [LOG] [plausible] version {mermaidVersion: 11.14.0} @ http://localhost:3001/src/lib/util/stats.ts:89
[  150091ms] [LOG] Loading '' @ http://localhost:3001/src/lib/util/state.ts:192
[  150145ms] [LOG] Registration successful, scope is: http://localhost:3001/ @ http://localhost:3001/src/routes/+layout.svelte:42
[  150186ms] [LOG] [plausible] render {diagramType: flowchart-v2, isRough: false, lengthBucket: 0-10, renderTimeMsBucket: 50-100} @ http://localhost:3001/src/lib/util/stats.ts:89
[  150820ms] [LOG] [plausible] version {mermaidVersion: 11.14.0} @ http://localhost:3001/src/lib/util/stats.ts:89
[  150881ms] [LOG] Loading '' @ http://localhost:3001/src/lib/util/state.ts:192
[  150938ms] [LOG] Registration successful, scope is: http://localhost:3001/ @ http://localhost:3001/src/routes/+layout.svelte:42
[  150977ms] [LOG] [plausible] render {diagramType: flowchart-v2, isRough: false, lengthBucket: 0-10, renderTimeMsBucket: 50-100} @ http://localhost:3001/src/lib/util/stats.ts:89
[  151614ms] [LOG] [plausible] version {mermaidVersion: 11.14.0} @ http://localhost:3001/src/lib/util/stats.ts:89
[  151686ms] [LOG] Loading '' @ http://localhost:3001/src/lib/util/state.ts:192
[  151738ms] [LOG] Registration successful, scope is: http://localhost:3001/ @ http://localhost:3001/src/routes/+layout.svelte:42
[  151776ms] [LOG] [plausible] render {diagramType: flowchart-v2, isRough: false, lengthBucket: 0-10, renderTimeMsBucket: 50-100} @ http://localhost:3001/src/lib/util/stats.ts:89
[  151834ms] [LOG] [plausible] render {diagramType: flowchart-v2, isRough: false, lengthBucket: 0-10, renderTimeMsBucket: 50-100} @ http://localhost:3001/src/lib/util/stats.ts:89
[  152477ms] [LOG] [plausible] version {mermaidVersion: 11.14.0} @ http://localhost:3001/src/lib/util/stats.ts:89
[  152547ms] [LOG] Loading '' @ http://localhost:3001/src/lib/util/state.ts:192
[  152598ms] [LOG] Registration successful, scope is: http://localhost:3001/ @ http://localhost:3001/src/routes/+layout.svelte:42
[  152637ms] [LOG] [plausible] render {diagramType: flowchart-v2, isRough: false, lengthBucket: 0-10, renderTimeMsBucket: 50-100} @ http://localhost:3001/src/lib/util/stats.ts:89
[  153275ms] [LOG] [plausible] version {mermaidVersion: 11.14.0} @ http://localhost:3001/src/lib/util/stats.ts:89
[  153349ms] [LOG] Loading '' @ http://localhost:3001/src/lib/util/state.ts:192
[  153410ms] [LOG] Registration successful, scope is: http://localhost:3001/ @ http://localhost:3001/src/routes/+layout.svelte:42
[  153466ms] [LOG] [plausible] render {diagramType: flowchart-v2, isRough: false, lengthBucket: 0-10, renderTimeMsBucket: 50-100} @ http://localhost:3001/src/lib/util/stats.ts:89
[  153524ms] [LOG] [plausible] render {diagramType: flowchart-v2, isRough: false, lengthBucket: 0-10, renderTimeMsBucket: 50-100} @ http://localhost:3001/src/lib/util/stats.ts:89
[  154122ms] [LOG] [plausible] version {mermaidVersion: 11.14.0} @ http://localhost:3001/src/lib/util/stats.ts:89
[  154190ms] [LOG] Loading '' @ http://localhost:3001/src/lib/util/state.ts:192
[  154244ms] [LOG] Registration successful, scope is: http://localhost:3001/ @ http://localhost:3001/src/routes/+layout.svelte:42
[  154293ms] [LOG] [plausible] render {diagramType: flowchart-v2, isRough: false, lengthBucket: 0-10, renderTimeMsBucket: 50-100} @ http://localhost:3001/src/lib/util/stats.ts:89
[  154897ms] [LOG] [plausible] version {mermaidVersion: 11.14.0} @ http://localhost:3001/src/lib/util/stats.ts:89
[  155644ms] [LOG] [plausible] version {mermaidVersion: 11.14.0} @ http://localhost:3001/src/lib/util/stats.ts:89
[  155728ms] [LOG] Loading '' @ http://localhost:3001/src/lib/util/state.ts:192
[  155791ms] [LOG] Registration successful, scope is: http://localhost:3001/ @ http://localhost:3001/src/routes/+layout.svelte:42
[  155836ms] [LOG] [plausible] render {diagramType: flowchart-v2, isRough: false, lengthBucket: 0-10, renderTimeMsBucket: 50-100} @ http://localhost:3001/src/lib/util/stats.ts:89
[  156513ms] [LOG] [plausible] version {mermaidVersion: 11.14.0} @ http://localhost:3001/src/lib/util/stats.ts:89
[  156573ms] [LOG] Loading '' @ http://localhost:3001/src/lib/util/state.ts:192
[  156636ms] [LOG] Registration successful, scope is: http://localhost:3001/ @ http://localhost:3001/src/routes/+layout.svelte:42
[  156685ms] [LOG] [plausible] render {diagramType: flowchart-v2, isRough: false, lengthBucket: 0-10, renderTimeMsBucket: 50-100} @ http://localhost:3001/src/lib/util/stats.ts:89
[  157323ms] [LOG] [plausible] version {mermaidVersion: 11.14.0} @ http://localhost:3001/src/lib/util/stats.ts:89
[  157387ms] [LOG] Loading '' @ http://localhost:3001/src/lib/util/state.ts:192
[  157443ms] [LOG] Registration successful, scope is: http://localhost:3001/ @ http://localhost:3001/src/routes/+layout.svelte:42
[  157497ms] [LOG] [plausible] render {diagramType: flowchart-v2, isRough: false, lengthBucket: 0-10, renderTimeMsBucket: 50-100} @ http://localhost:3001/src/lib/util/stats.ts:89
[  158184ms] [LOG] [plausible] version {mermaidVersion: 11.14.0} @ http://localhost:3001/src/lib/util/stats.ts:89
[  158255ms] [LOG] Loading '' @ http://localhost:3001/src/lib/util/state.ts:192
[  158309ms] [LOG] Registration successful, scope is: http://localhost:3001/ @ http://localhost:3001/src/routes/+layout.svelte:42
[  158364ms] [LOG] [plausible] render {diagramType: flowchart-v2, isRough: false, lengthBucket: 0-10, renderTimeMsBucket: 50-100} @ http://localhost:3001/src/lib/util/stats.ts:89
[  159018ms] [LOG] [plausible] version {mermaidVersion: 11.14.0} @ http://localhost:3001/src/lib/util/stats.ts:89
[  159089ms] [LOG] Loading '' @ http://localhost:3001/src/lib/util/state.ts:192
[  159146ms] [LOG] Registration successful, scope is: http://localhost:3001/ @ http://localhost:3001/src/routes/+layout.svelte:42
[  159193ms] [LOG] [plausible] render {diagramType: flowchart-v2, isRough: false, lengthBucket: 0-10, renderTimeMsBucket: 50-100} @ http://localhost:3001/src/lib/util/stats.ts:89
[  159790ms] [LOG] [plausible] version {mermaidVersion: 11.14.0} @ http://localhost:3001/src/lib/util/stats.ts:89
[  159861ms] [LOG] Loading '' @ http://localhost:3001/src/lib/util/state.ts:192
[  159920ms] [LOG] Registration successful, scope is: http://localhost:3001/ @ http://localhost:3001/src/routes/+layout.svelte:42
[  159979ms] [LOG] [plausible] render {diagramType: flowchart-v2, isRough: false, lengthBucket: 0-10, renderTimeMsBucket: 50-100} @ http://localhost:3001/src/lib/util/stats.ts:89
[  160618ms] [LOG] [plausible] version {mermaidVersion: 11.14.0} @ http://localhost:3001/src/lib/util/stats.ts:89
[  160691ms] [LOG] Loading '' @ http://localhost:3001/src/lib/util/state.ts:192
[  160748ms] [LOG] Registration successful, scope is: http://localhost:3001/ @ http://localhost:3001/src/routes/+layout.svelte:42
[  160788ms] [LOG] [plausible] render {diagramType: flowchart-v2, isRough: false, lengthBucket: 0-10, renderTimeMsBucket: 50-100} @ http://localhost:3001/src/lib/util/stats.ts:89
[  161460ms] [LOG] [plausible] version {mermaidVersion: 11.14.0} @ http://localhost:3001/src/lib/util/stats.ts:89
[  161535ms] [LOG] Loading '' @ http://localhost:3001/src/lib/util/state.ts:192
[  161591ms] [LOG] Registration successful, scope is: http://localhost:3001/ @ http://localhost:3001/src/routes/+layout.svelte:42
[  161626ms] [LOG] [plausible] render {diagramType: flowchart-v2, isRough: false, lengthBucket: 0-10, renderTimeMsBucket: 50-100} @ http://localhost:3001/src/lib/util/stats.ts:89
[  162245ms] [LOG] [plausible] version {mermaidVersion: 11.14.0} @ http://localhost:3001/src/lib/util/stats.ts:89
[  162314ms] [LOG] Loading '' @ http://localhost:3001/src/lib/util/state.ts:192
[  162369ms] [LOG] Registration successful, scope is: http://localhost:3001/ @ http://localhost:3001/src/routes/+layout.svelte:42
[  162450ms] [LOG] [plausible] render {diagramType: flowchart-v2, isRough: false, lengthBucket: 0-10, renderTimeMsBucket: 100-200} @ http://localhost:3001/src/lib/util/stats.ts:89
[  163081ms] [LOG] [plausible] version {mermaidVersion: 11.14.0} @ http://localhost:3001/src/lib/util/stats.ts:89
[  163145ms] [LOG] Loading '' @ http://localhost:3001/src/lib/util/state.ts:192
[  163208ms] [LOG] Registration successful, scope is: http://localhost:3001/ @ http://localhost:3001/src/routes/+layout.svelte:42
[  163251ms] [LOG] [plausible] render {diagramType: flowchart-v2, isRough: false, lengthBucket: 0-10, renderTimeMsBucket: 50-100} @ http://localhost:3001/src/lib/util/stats.ts:89
[  163877ms] [LOG] [plausible] version {mermaidVersion: 11.14.0} @ http://localhost:3001/src/lib/util/stats.ts:89
[  163956ms] [LOG] Loading '' @ http://localhost:3001/src/lib/util/state.ts:192
[  164014ms] [LOG] Registration successful, scope is: http://localhost:3001/ @ http://localhost:3001/src/routes/+layout.svelte:42
[  164051ms] [LOG] [plausible] render {diagramType: flowchart-v2, isRough: false, lengthBucket: 0-10, renderTimeMsBucket: 50-100} @ http://localhost:3001/src/lib/util/stats.ts:89
[  164628ms] [LOG] [plausible] version {mermaidVersion: 11.14.0} @ http://localhost:3001/src/lib/util/stats.ts:89
[  164704ms] [LOG] Loading '' @ http://localhost:3001/src/lib/util/state.ts:192
[  164764ms] [LOG] Registration successful, scope is: http://localhost:3001/ @ http://localhost:3001/src/routes/+layout.svelte:42
[  164809ms] [LOG] [plausible] render {diagramType: flowchart-v2, isRough: false, lengthBucket: 0-10, renderTimeMsBucket: 50-100} @ http://localhost:3001/src/lib/util/stats.ts:89
[  165489ms] [LOG] [plausible] version {mermaidVersion: 11.14.0} @ http://localhost:3001/src/lib/util/stats.ts:89
[  165562ms] [LOG] Loading '' @ http://localhost:3001/src/lib/util/state.ts:192
[  165618ms] [LOG] Registration successful, scope is: http://localhost:3001/ @ http://localhost:3001/src/routes/+layout.svelte:42
[  165674ms] [LOG] [plausible] render {diagramType: flowchart-v2, isRough: false, lengthBucket: 0-10, renderTimeMsBucket: 50-100} @ http://localhost:3001/src/lib/util/stats.ts:89
[  166357ms] [LOG] [plausible] version {mermaidVersion: 11.14.0} @ http://localhost:3001/src/lib/util/stats.ts:89
[  166444ms] [LOG] Loading '' @ http://localhost:3001/src/lib/util/state.ts:192
[  166512ms] [LOG] Registration successful, scope is: http://localhost:3001/ @ http://localhost:3001/src/routes/+layout.svelte:42
[  166555ms] [LOG] [plausible] render {diagramType: flowchart-v2, isRough: false, lengthBucket: 0-10, renderTimeMsBucket: 50-100} @ http://localhost:3001/src/lib/util/stats.ts:89
[  167200ms] [LOG] [plausible] version {mermaidVersion: 11.14.0} @ http://localhost:3001/src/lib/util/stats.ts:89
[  167271ms] [LOG] Loading '' @ http://localhost:3001/src/lib/util/state.ts:192
[  167329ms] [LOG] Registration successful, scope is: http://localhost:3001/ @ http://localhost:3001/src/routes/+layout.svelte:42
[  167384ms] [LOG] [plausible] render {diagramType: flowchart-v2, isRough: false, lengthBucket: 0-10, renderTimeMsBucket: 50-100} @ http://localhost:3001/src/lib/util/stats.ts:89
[  168064ms] [LOG] [plausible] version {mermaidVersion: 11.14.0} @ http://localhost:3001/src/lib/util/stats.ts:89
[  168134ms] [LOG] Loading '' @ http://localhost:3001/src/lib/util/state.ts:192
[  168188ms] [LOG] Registration successful, scope is: http://localhost:3001/ @ http://localhost:3001/src/routes/+layout.svelte:42
[  168254ms] [LOG] [plausible] render {diagramType: flowchart-v2, isRough: false, lengthBucket: 0-10, renderTimeMsBucket: 50-100} @ http://localhost:3001/src/lib/util/stats.ts:89
[  168873ms] [LOG] [plausible] version {mermaidVersion: 11.14.0} @ http://localhost:3001/src/lib/util/stats.ts:89
[  168931ms] [LOG] Loading '' @ http://localhost:3001/src/lib/util/state.ts:192
[  168988ms] [LOG] Registration successful, scope is: http://localhost:3001/ @ http://localhost:3001/src/routes/+layout.svelte:42
[  169029ms] [LOG] [plausible] render {diagramType: flowchart-v2, isRough: false, lengthBucket: 0-10, renderTimeMsBucket: 50-100} @ http://localhost:3001/src/lib/util/stats.ts:89
[  169644ms] [LOG] [plausible] version {mermaidVersion: 11.14.0} @ http://localhost:3001/src/lib/util/stats.ts:89
[  169719ms] [LOG] Loading '' @ http://localhost:3001/src/lib/util/state.ts:192
[  169778ms] [LOG] Registration successful, scope is: http://localhost:3001/ @ http://localhost:3001/src/routes/+layout.svelte:42
[  169821ms] [LOG] [plausible] render {diagramType: flowchart-v2, isRough: false, lengthBucket: 0-10, renderTimeMsBucket: 50-100} @ http://localhost:3001/src/lib/util/stats.ts:89
[  170469ms] [LOG] [plausible] version {mermaidVersion: 11.14.0} @ http://localhost:3001/src/lib/util/stats.ts:89
[  170538ms] [LOG] Loading '' @ http://localhost:3001/src/lib/util/state.ts:192
[  170593ms] [LOG] Registration successful, scope is: http://localhost:3001/ @ http://localhost:3001/src/routes/+layout.svelte:42
[  170645ms] [LOG] [plausible] render {diagramType: flowchart-v2, isRough: false, lengthBucket: 0-10, renderTimeMsBucket: 50-100} @ http://localhost:3001/src/lib/util/stats.ts:89
[  171296ms] [LOG] [plausible] version {mermaidVersion: 11.14.0} @ http://localhost:3001/src/lib/util/stats.ts:89
[  171379ms] [LOG] Loading '' @ http://localhost:3001/src/lib/util/state.ts:192
[  171447ms] [LOG] Registration successful, scope is: http://localhost:3001/ @ http://localhost:3001/src/routes/+layout.svelte:42
[  171510ms] [LOG] [plausible] render {diagramType: flowchart-v2, isRough: false, lengthBucket: 0-10, renderTimeMsBucket: 50-100} @ http://localhost:3001/src/lib/util/stats.ts:89
[  172167ms] [LOG] [plausible] version {mermaidVersion: 11.14.0} @ http://localhost:3001/src/lib/util/stats.ts:89
[  172233ms] [LOG] Loading '' @ http://localhost:3001/src/lib/util/state.ts:192
[  172284ms] [LOG] Registration successful, scope is: http://localhost:3001/ @ http://localhost:3001/src/routes/+layout.svelte:42
[  172325ms] [LOG] [plausible] render {diagramType: flowchart-v2, isRough: false, lengthBucket: 0-10, renderTimeMsBucket: 50-100} @ http://localhost:3001/src/lib/util/stats.ts:89
[  172948ms] [LOG] [plausible] version {mermaidVersion: 11.14.0} @ http://localhost:3001/src/lib/util/stats.ts:89
[  173014ms] [LOG] Loading '' @ http://localhost:3001/src/lib/util/state.ts:192
[  173055ms] [LOG] Registration successful, scope is: http://localhost:3001/ @ http://localhost:3001/src/routes/+layout.svelte:42
[  173100ms] [LOG] [plausible] render {diagramType: flowchart-v2, isRough: false, lengthBucket: 0-10, renderTimeMsBucket: 50-100} @ http://localhost:3001/src/lib/util/stats.ts:89
[  173734ms] [LOG] [plausible] version {mermaidVersion: 11.14.0} @ http://localhost:3001/src/lib/util/stats.ts:89
[  173797ms] [LOG] Loading '' @ http://localhost:3001/src/lib/util/state.ts:192
[  173853ms] [LOG] Registration successful, scope is: http://localhost:3001/ @ http://localhost:3001/src/routes/+layout.svelte:42
[  173903ms] [LOG] [plausible] render {diagramType: flowchart-v2, isRough: false, lengthBucket: 0-10, renderTimeMsBucket: 50-100} @ http://localhost:3001/src/lib/util/stats.ts:89
[  174568ms] [LOG] [plausible] version {mermaidVersion: 11.14.0} @ http://localhost:3001/src/lib/util/stats.ts:89
[  174637ms] [LOG] Loading '' @ http://localhost:3001/src/lib/util/state.ts:192
[  174690ms] [LOG] Registration successful, scope is: http://localhost:3001/ @ http://localhost:3001/src/routes/+layout.svelte:42
[  174734ms] [LOG] [plausible] render {diagramType: flowchart-v2, isRough: false, lengthBucket: 0-10, renderTimeMsBucket: 50-100} @ http://localhost:3001/src/lib/util/stats.ts:89
[  175367ms] [LOG] [plausible] version {mermaidVersion: 11.14.0} @ http://localhost:3001/src/lib/util/stats.ts:89
[  175440ms] [LOG] Loading '' @ http://localhost:3001/src/lib/util/state.ts:192
[  175493ms] [LOG] Registration successful, scope is: http://localhost:3001/ @ http://localhost:3001/src/routes/+layout.svelte:42
[  175528ms] [LOG] [plausible] render {diagramType: flowchart-v2, isRough: false, lengthBucket: 0-10, renderTimeMsBucket: 50-100} @ http://localhost:3001/src/lib/util/stats.ts:89
[  175988ms] [LOG] [plausible] version {mermaidVersion: 11.14.0} @ http://localhost:3001/src/lib/util/stats.ts:89
[  176038ms] [LOG] Loading '' @ http://localhost:3001/src/lib/util/state.ts:192
[  176078ms] [LOG] Registration successful, scope is: http://localhost:3001/ @ http://localhost:3001/src/routes/+layout.svelte:42
[  176108ms] [LOG] [plausible] render {diagramType: flowchart-v2, isRough: false, lengthBucket: 0-10, renderTimeMsBucket: 50-100} @ http://localhost:3001/src/lib/util/stats.ts:89
[  176533ms] [LOG] [plausible] version {mermaidVersion: 11.14.0} @ http://localhost:3001/src/lib/util/stats.ts:89
[  176602ms] [LOG] Loading '' @ http://localhost:3001/src/lib/util/state.ts:192
[  176655ms] [LOG] Registration successful, scope is: http://localhost:3001/ @ http://localhost:3001/src/routes/+layout.svelte:42
[  176705ms] [LOG] [plausible] render {diagramType: flowchart-v2, isRough: false, lengthBucket: 0-10, renderTimeMsBucket: 50-100} @ http://localhost:3001/src/lib/util/stats.ts:89
[  177280ms] [LOG] [plausible] version {mermaidVersion: 11.14.0} @ http://localhost:3001/src/lib/util/stats.ts:89
[  177347ms] [LOG] Loading '' @ http://localhost:3001/src/lib/util/state.ts:192
[  177395ms] [LOG] Registration successful, scope is: http://localhost:3001/ @ http://localhost:3001/src/routes/+layout.svelte:42
[  177431ms] [LOG] [plausible] render {diagramType: flowchart-v2, isRough: false, lengthBucket: 0-10, renderTimeMsBucket: 50-100} @ http://localhost:3001/src/lib/util/stats.ts:89
[  177979ms] [LOG] [plausible] version {mermaidVersion: 11.14.0} @ http://localhost:3001/src/lib/util/stats.ts:89
[  178042ms] [LOG] Loading '' @ http://localhost:3001/src/lib/util/state.ts:192
[  178101ms] [LOG] Registration successful, scope is: http://localhost:3001/ @ http://localhost:3001/src/routes/+layout.svelte:42
[  178148ms] [LOG] [plausible] render {diagramType: flowchart-v2, isRough: false, lengthBucket: 0-10, renderTimeMsBucket: 50-100} @ http://localhost:3001/src/lib/util/stats.ts:89
[  178765ms] [LOG] [plausible] version {mermaidVersion: 11.14.0} @ http://localhost:3001/src/lib/util/stats.ts:89
[  178844ms] [LOG] Loading '' @ http://localhost:3001/src/lib/util/state.ts:192
[  178898ms] [LOG] Registration successful, scope is: http://localhost:3001/ @ http://localhost:3001/src/routes/+layout.svelte:42
[  178937ms] [LOG] [plausible] render {diagramType: flowchart-v2, isRough: false, lengthBucket: 0-10, renderTimeMsBucket: 50-100} @ http://localhost:3001/src/lib/util/stats.ts:89
[  179579ms] [LOG] [plausible] version {mermaidVersion: 11.14.0} @ http://localhost:3001/src/lib/util/stats.ts:89
[  179646ms] [LOG] Loading '' @ http://localhost:3001/src/lib/util/state.ts:192
[  179703ms] [LOG] Registration successful, scope is: http://localhost:3001/ @ http://localhost:3001/src/routes/+layout.svelte:42
[  179741ms] [LOG] [plausible] render {diagramType: flowchart-v2, isRough: false, lengthBucket: 0-10, renderTimeMsBucket: 50-100} @ http://localhost:3001/src/lib/util/stats.ts:89
[  180366ms] [LOG] [plausible] version {mermaidVersion: 11.14.0} @ http://localhost:3001/src/lib/util/stats.ts:89
[  180440ms] [LOG] Loading '' @ http://localhost:3001/src/lib/util/state.ts:192
[  180496ms] [LOG] Registration successful, scope is: http://localhost:3001/ @ http://localhost:3001/src/routes/+layout.svelte:42
[  180530ms] [LOG] [plausible] render {diagramType: flowchart-v2, isRough: false, lengthBucket: 0-10, renderTimeMsBucket: 50-100} @ http://localhost:3001/src/lib/util/stats.ts:89
[  181162ms] [LOG] [plausible] version {mermaidVersion: 11.14.0} @ http://localhost:3001/src/lib/util/stats.ts:89
[  181228ms] [LOG] Loading '' @ http://localhost:3001/src/lib/util/state.ts:192
[  181284ms] [LOG] Registration successful, scope is: http://localhost:3001/ @ http://localhost:3001/src/routes/+layout.svelte:42
[  181325ms] [LOG] [plausible] render {diagramType: flowchart-v2, isRough: false, lengthBucket: 0-10, renderTimeMsBucket: 50-100} @ http://localhost:3001/src/lib/util/stats.ts:89
[  181920ms] [LOG] [plausible] version {mermaidVersion: 11.14.0} @ http://localhost:3001/src/lib/util/stats.ts:89
[  181985ms] [LOG] Loading '' @ http://localhost:3001/src/lib/util/state.ts:192
[  182046ms] [LOG] Registration successful, scope is: http://localhost:3001/ @ http://localhost:3001/src/routes/+layout.svelte:42
[  182090ms] [LOG] [plausible] render {diagramType: flowchart-v2, isRough: false, lengthBucket: 0-10, renderTimeMsBucket: 50-100} @ http://localhost:3001/src/lib/util/stats.ts:89
[  182679ms] [LOG] [plausible] version {mermaidVersion: 11.14.0} @ http://localhost:3001/src/lib/util/stats.ts:89
[  182748ms] [LOG] Loading '' @ http://localhost:3001/src/lib/util/state.ts:192
[  182802ms] [LOG] Registration successful, scope is: http://localhost:3001/ @ http://localhost:3001/src/routes/+layout.svelte:42
[  182838ms] [LOG] [plausible] render {diagramType: flowchart-v2, isRough: false, lengthBucket: 0-10, renderTimeMsBucket: 50-100} @ http://localhost:3001/src/lib/util/stats.ts:89
[  182892ms] [LOG] [plausible] render {diagramType: flowchart-v2, isRough: false, lengthBucket: 0-10, renderTimeMsBucket: 25-50} @ http://localhost:3001/src/lib/util/stats.ts:89
[  183550ms] [LOG] [plausible] version {mermaidVersion: 11.14.0} @ http://localhost:3001/src/lib/util/stats.ts:89
[  183615ms] [LOG] Loading '' @ http://localhost:3001/src/lib/util/state.ts:192
[  183696ms] [LOG] [plausible] render {diagramType: flowchart-v2, isRough: false, lengthBucket: 0-10, renderTimeMsBucket: 50-100} @ http://localhost:3001/src/lib/util/stats.ts:89
[  183706ms] [LOG] Registration successful, scope is: http://localhost:3001/ @ http://localhost:3001/src/routes/+layout.svelte:42
[  184862ms] [LOG] [plausible] version {mermaidVersion: 11.14.0} @ http://localhost:3001/src/lib/util/stats.ts:89
[  184940ms] [LOG] Loading '' @ http://localhost:3001/src/lib/util/state.ts:192
[  184998ms] [LOG] Registration successful, scope is: http://localhost:3001/ @ http://localhost:3001/src/routes/+layout.svelte:42
[  185040ms] [LOG] [plausible] render {diagramType: flowchart-v2, isRough: false, lengthBucket: 0-10, renderTimeMsBucket: 50-100} @ http://localhost:3001/src/lib/util/stats.ts:89
[  185941ms] [LOG] [plausible] version {mermaidVersion: 11.14.0} @ http://localhost:3001/src/lib/util/stats.ts:89
[  186004ms] [LOG] Loading '' @ http://localhost:3001/src/lib/util/state.ts:192
[  186074ms] [LOG] Registration successful, scope is: http://localhost:3001/ @ http://localhost:3001/src/routes/+layout.svelte:42
[  186123ms] [LOG] [plausible] render {diagramType: flowchart-v2, isRough: false, lengthBucket: 0-10, renderTimeMsBucket: 50-100} @ http://localhost:3001/src/lib/util/stats.ts:89
[  186728ms] [LOG] [plausible] version {mermaidVersion: 11.14.0} @ http://localhost:3001/src/lib/util/stats.ts:89
[  186794ms] [LOG] Loading '' @ http://localhost:3001/src/lib/util/state.ts:192
[  186858ms] [LOG] Registration successful, scope is: http://localhost:3001/ @ http://localhost:3001/src/routes/+layout.svelte:42
[  186919ms] [LOG] [plausible] render {diagramType: flowchart-v2, isRough: false, lengthBucket: 0-10, renderTimeMsBucket: 50-100} @ http://localhost:3001/src/lib/util/stats.ts:89
[  187515ms] [LOG] [plausible] version {mermaidVersion: 11.14.0} @ http://localhost:3001/src/lib/util/stats.ts:89
[  187591ms] [LOG] Loading '' @ http://localhost:3001/src/lib/util/state.ts:192
[  187652ms] [LOG] Registration successful, scope is: http://localhost:3001/ @ http://localhost:3001/src/routes/+layout.svelte:42
[  187694ms] [LOG] [plausible] render {diagramType: flowchart-v2, isRough: false, lengthBucket: 0-10, renderTimeMsBucket: 50-100} @ http://localhost:3001/src/lib/util/stats.ts:89
[  188311ms] [LOG] [plausible] version {mermaidVersion: 11.14.0} @ http://localhost:3001/src/lib/util/stats.ts:89
[  188369ms] [LOG] Loading '' @ http://localhost:3001/src/lib/util/state.ts:192
[  188428ms] [LOG] Registration successful, scope is: http://localhost:3001/ @ http://localhost:3001/src/routes/+layout.svelte:42
[  188470ms] [LOG] [plausible] render {diagramType: flowchart-v2, isRough: false, lengthBucket: 0-10, renderTimeMsBucket: 50-100} @ http://localhost:3001/src/lib/util/stats.ts:89
[  189227ms] [LOG] [plausible] version {mermaidVersion: 11.14.0} @ http://localhost:3001/src/lib/util/stats.ts:89
[  189294ms] [LOG] Loading '' @ http://localhost:3001/src/lib/util/state.ts:192
[  189349ms] [LOG] Registration successful, scope is: http://localhost:3001/ @ http://localhost:3001/src/routes/+layout.svelte:42
[  189391ms] [LOG] [plausible] render {diagramType: flowchart-v2, isRough: false, lengthBucket: 0-10, renderTimeMsBucket: 50-100} @ http://localhost:3001/src/lib/util/stats.ts:89
[  190004ms] [LOG] [plausible] version {mermaidVersion: 11.14.0} @ http://localhost:3001/src/lib/util/stats.ts:89
[  190072ms] [LOG] Loading '' @ http://localhost:3001/src/lib/util/state.ts:192
[  190126ms] [LOG] Registration successful, scope is: http://localhost:3001/ @ http://localhost:3001/src/routes/+layout.svelte:42
[  190168ms] [LOG] [plausible] render {diagramType: flowchart-v2, isRough: false, lengthBucket: 0-10, renderTimeMsBucket: 50-100} @ http://localhost:3001/src/lib/util/stats.ts:89
[  190785ms] [LOG] [plausible] version {mermaidVersion: 11.14.0} @ http://localhost:3001/src/lib/util/stats.ts:89
[  190857ms] [LOG] Loading '' @ http://localhost:3001/src/lib/util/state.ts:192
[  190912ms] [LOG] Registration successful, scope is: http://localhost:3001/ @ http://localhost:3001/src/routes/+layout.svelte:42
[  190954ms] [LOG] [plausible] render {diagramType: flowchart-v2, isRough: false, lengthBucket: 0-10, renderTimeMsBucket: 50-100} @ http://localhost:3001/src/lib/util/stats.ts:89
[  191548ms] [LOG] [plausible] version {mermaidVersion: 11.14.0} @ http://localhost:3001/src/lib/util/stats.ts:89
[  191612ms] [LOG] Loading '' @ http://localhost:3001/src/lib/util/state.ts:192
[  191672ms] [LOG] Registration successful, scope is: http://localhost:3001/ @ http://localhost:3001/src/routes/+layout.svelte:42
[  191713ms] [LOG] [plausible] render {diagramType: flowchart-v2, isRough: false, lengthBucket: 0-10, renderTimeMsBucket: 50-100} @ http://localhost:3001/src/lib/util/stats.ts:89
[  192355ms] [LOG] [plausible] version {mermaidVersion: 11.14.0} @ http://localhost:3001/src/lib/util/stats.ts:89
[  192428ms] [LOG] Loading '' @ http://localhost:3001/src/lib/util/state.ts:192
[  192488ms] [LOG] Registration successful, scope is: http://localhost:3001/ @ http://localhost:3001/src/routes/+layout.svelte:42
[  192534ms] [LOG] [plausible] render {diagramType: flowchart-v2, isRough: false, lengthBucket: 0-10, renderTimeMsBucket: 50-100} @ http://localhost:3001/src/lib/util/stats.ts:89
[  193130ms] [LOG] [plausible] version {mermaidVersion: 11.14.0} @ http://localhost:3001/src/lib/util/stats.ts:89
[  193196ms] [LOG] Loading '' @ http://localhost:3001/src/lib/util/state.ts:192
[  193250ms] [LOG] Registration successful, scope is: http://localhost:3001/ @ http://localhost:3001/src/routes/+layout.svelte:42
[  193292ms] [LOG] [plausible] render {diagramType: flowchart-v2, isRough: false, lengthBucket: 0-10, renderTimeMsBucket: 50-100} @ http://localhost:3001/src/lib/util/stats.ts:89
[  193886ms] [LOG] [plausible] version {mermaidVersion: 11.14.0} @ http://localhost:3001/src/lib/util/stats.ts:89
[  193956ms] [LOG] Loading '' @ http://localhost:3001/src/lib/util/state.ts:192
[  194002ms] [LOG] Registration successful, scope is: http://localhost:3001/ @ http://localhost:3001/src/routes/+layout.svelte:42
[  194036ms] [LOG] [plausible] render {diagramType: flowchart-v2, isRough: false, lengthBucket: 0-10, renderTimeMsBucket: 50-100} @ http://localhost:3001/src/lib/util/stats.ts:89
[  194638ms] [LOG] [plausible] version {mermaidVersion: 11.14.0} @ http://localhost:3001/src/lib/util/stats.ts:89
[  194704ms] [LOG] Loading '' @ http://localhost:3001/src/lib/util/state.ts:192
[  194765ms] [LOG] Registration successful, scope is: http://localhost:3001/ @ http://localhost:3001/src/routes/+layout.svelte:42
[  194816ms] [LOG] [plausible] render {diagramType: flowchart-v2, isRough: false, lengthBucket: 0-10, renderTimeMsBucket: 50-100} @ http://localhost:3001/src/lib/util/stats.ts:89
[  194866ms] [LOG] [plausible] render {diagramType: flowchart-v2, isRough: false, lengthBucket: 0-10, renderTimeMsBucket: 25-50} @ http://localhost:3001/src/lib/util/stats.ts:89
[  195449ms] [LOG] [plausible] version {mermaidVersion: 11.14.0} @ http://localhost:3001/src/lib/util/stats.ts:89
[  195523ms] [LOG] Loading '' @ http://localhost:3001/src/lib/util/state.ts:192
[  195580ms] [LOG] Registration successful, scope is: http://localhost:3001/ @ http://localhost:3001/src/routes/+layout.svelte:42
[  195622ms] [LOG] [plausible] render {diagramType: flowchart-v2, isRough: false, lengthBucket: 0-10, renderTimeMsBucket: 50-100} @ http://localhost:3001/src/lib/util/stats.ts:89
[  196241ms] [LOG] [plausible] version {mermaidVersion: 11.14.0} @ http://localhost:3001/src/lib/util/stats.ts:89
[  196313ms] [LOG] Loading '' @ http://localhost:3001/src/lib/util/state.ts:192
[  196372ms] [LOG] Registration successful, scope is: http://localhost:3001/ @ http://localhost:3001/src/routes/+layout.svelte:42
[  196412ms] [LOG] [plausible] render {diagramType: flowchart-v2, isRough: false, lengthBucket: 0-10, renderTimeMsBucket: 50-100} @ http://localhost:3001/src/lib/util/stats.ts:89
[  197025ms] [LOG] [plausible] version {mermaidVersion: 11.14.0} @ http://localhost:3001/src/lib/util/stats.ts:89
[  197081ms] [LOG] Loading '' @ http://localhost:3001/src/lib/util/state.ts:192
[  197134ms] [LOG] Registration successful, scope is: http://localhost:3001/ @ http://localhost:3001/src/routes/+layout.svelte:42
[  197187ms] [LOG] [plausible] render {diagramType: flowchart-v2, isRough: false, lengthBucket: 0-10, renderTimeMsBucket: 50-100} @ http://localhost:3001/src/lib/util/stats.ts:89
[  197781ms] [LOG] [plausible] version {mermaidVersion: 11.14.0} @ http://localhost:3001/src/lib/util/stats.ts:89
[  197855ms] [LOG] Loading '' @ http://localhost:3001/src/lib/util/state.ts:192
[  197910ms] [LOG] Registration successful, scope is: http://localhost:3001/ @ http://localhost:3001/src/routes/+layout.svelte:42
[  197957ms] [LOG] [plausible] render {diagramType: flowchart-v2, isRough: false, lengthBucket: 0-10, renderTimeMsBucket: 50-100} @ http://localhost:3001/src/lib/util/stats.ts:89
[  198577ms] [LOG] [plausible] version {mermaidVersion: 11.14.0} @ http://localhost:3001/src/lib/util/stats.ts:89
[  198652ms] [LOG] Loading '' @ http://localhost:3001/src/lib/util/state.ts:192
[  198713ms] [LOG] Registration successful, scope is: http://localhost:3001/ @ http://localhost:3001/src/routes/+layout.svelte:42
[  198756ms] [LOG] [plausible] render {diagramType: flowchart-v2, isRough: false, lengthBucket: 0-10, renderTimeMsBucket: 50-100} @ http://localhost:3001/src/lib/util/stats.ts:89
[  199359ms] [LOG] [plausible] version {mermaidVersion: 11.14.0} @ http://localhost:3001/src/lib/util/stats.ts:89
[  199425ms] [LOG] Loading '' @ http://localhost:3001/src/lib/util/state.ts:192
[  199480ms] [LOG] Registration successful, scope is: http://localhost:3001/ @ http://localhost:3001/src/routes/+layout.svelte:42
[  199528ms] [LOG] [plausible] render {diagramType: flowchart-v2, isRough: false, lengthBucket: 0-10, renderTimeMsBucket: 50-100} @ http://localhost:3001/src/lib/util/stats.ts:89
[  200154ms] [LOG] [plausible] version {mermaidVersion: 11.14.0} @ http://localhost:3001/src/lib/util/stats.ts:89
[  200228ms] [LOG] Loading '' @ http://localhost:3001/src/lib/util/state.ts:192
[  200288ms] [LOG] Registration successful, scope is: http://localhost:3001/ @ http://localhost:3001/src/routes/+layout.svelte:42
[  200334ms] [LOG] [plausible] render {diagramType: flowchart-v2, isRough: false, lengthBucket: 0-10, renderTimeMsBucket: 50-100} @ http://localhost:3001/src/lib/util/stats.ts:89
[  200937ms] [LOG] [plausible] version {mermaidVersion: 11.14.0} @ http://localhost:3001/src/lib/util/stats.ts:89
[  201000ms] [LOG] Loading '' @ http://localhost:3001/src/lib/util/state.ts:192
[  201060ms] [LOG] Registration successful, scope is: http://localhost:3001/ @ http://localhost:3001/src/routes/+layout.svelte:42
[  201105ms] [LOG] [plausible] render {diagramType: flowchart-v2, isRough: false, lengthBucket: 0-10, renderTimeMsBucket: 50-100} @ http://localhost:3001/src/lib/util/stats.ts:89
[  201685ms] [LOG] [plausible] version {mermaidVersion: 11.14.0} @ http://localhost:3001/src/lib/util/stats.ts:89
[  201756ms] [LOG] Loading '' @ http://localhost:3001/src/lib/util/state.ts:192
[  201813ms] [LOG] Registration successful, scope is: http://localhost:3001/ @ http://localhost:3001/src/routes/+layout.svelte:42
[  201854ms] [LOG] [plausible] render {diagramType: flowchart-v2, isRough: false, lengthBucket: 0-10, renderTimeMsBucket: 50-100} @ http://localhost:3001/src/lib/util/stats.ts:89
[  202723ms] [LOG] [plausible] version {mermaidVersion: 11.14.0} @ http://localhost:3001/src/lib/util/stats.ts:89
[  202792ms] [LOG] Loading '' @ http://localhost:3001/src/lib/util/state.ts:192
[  202854ms] [LOG] Registration successful, scope is: http://localhost:3001/ @ http://localhost:3001/src/routes/+layout.svelte:42
[  202907ms] [LOG] [plausible] render {diagramType: flowchart-v2, isRough: false, lengthBucket: 0-10, renderTimeMsBucket: 50-100} @ http://localhost:3001/src/lib/util/stats.ts:89
[  204029ms] [LOG] [plausible] version {mermaidVersion: 11.14.0} @ http://localhost:3001/src/lib/util/stats.ts:89
[  204092ms] [LOG] Loading '' @ http://localhost:3001/src/lib/util/state.ts:192
[  204158ms] [LOG] Registration successful, scope is: http://localhost:3001/ @ http://localhost:3001/src/routes/+layout.svelte:42
[  204223ms] [LOG] [plausible] render {diagramType: flowchart-v2, isRough: false, lengthBucket: 0-10, renderTimeMsBucket: 100-200} @ http://localhost:3001/src/lib/util/stats.ts:89
[  204280ms] [LOG] [plausible] render {diagramType: flowchart-v2, isRough: false, lengthBucket: 0-10, renderTimeMsBucket: 50-100} @ http://localhost:3001/src/lib/util/stats.ts:89
[  204859ms] [LOG] [plausible] version {mermaidVersion: 11.14.0} @ http://localhost:3001/src/lib/util/stats.ts:89
[  204927ms] [LOG] Loading '' @ http://localhost:3001/src/lib/util/state.ts:192
[  204973ms] [LOG] Registration successful, scope is: http://localhost:3001/ @ http://localhost:3001/src/routes/+layout.svelte:42
[  205030ms] [LOG] [plausible] render {diagramType: flowchart-v2, isRough: false, lengthBucket: 0-10, renderTimeMsBucket: 50-100} @ http://localhost:3001/src/lib/util/stats.ts:89
[  205616ms] [LOG] [plausible] version {mermaidVersion: 11.14.0} @ http://localhost:3001/src/lib/util/stats.ts:89
[  205680ms] [LOG] Loading '' @ http://localhost:3001/src/lib/util/state.ts:192
[  205735ms] [LOG] Registration successful, scope is: http://localhost:3001/ @ http://localhost:3001/src/routes/+layout.svelte:42
[  205799ms] [LOG] [plausible] render {diagramType: flowchart-v2, isRough: false, lengthBucket: 0-10, renderTimeMsBucket: 50-100} @ http://localhost:3001/src/lib/util/stats.ts:89
[  206431ms] [LOG] [plausible] version {mermaidVersion: 11.14.0} @ http://localhost:3001/src/lib/util/stats.ts:89
[  206494ms] [LOG] Loading '' @ http://localhost:3001/src/lib/util/state.ts:192
[  206551ms] [LOG] Registration successful, scope is: http://localhost:3001/ @ http://localhost:3001/src/routes/+layout.svelte:42
[  206612ms] [LOG] [plausible] render {diagramType: flowchart-v2, isRough: false, lengthBucket: 0-10, renderTimeMsBucket: 50-100} @ http://localhost:3001/src/lib/util/stats.ts:89
[  206667ms] [LOG] [plausible] render {diagramType: flowchart-v2, isRough: false, lengthBucket: 0-10, renderTimeMsBucket: 50-100} @ http://localhost:3001/src/lib/util/stats.ts:89
[  207306ms] [LOG] [plausible] version {mermaidVersion: 11.14.0} @ http://localhost:3001/src/lib/util/stats.ts:89
[  207378ms] [LOG] Loading '' @ http://localhost:3001/src/lib/util/state.ts:192
[  207434ms] [LOG] Registration successful, scope is: http://localhost:3001/ @ http://localhost:3001/src/routes/+layout.svelte:42
[  207508ms] [LOG] [plausible] render {diagramType: flowchart-v2, isRough: false, lengthBucket: 0-10, renderTimeMsBucket: 100-200} @ http://localhost:3001/src/lib/util/stats.ts:89
[  208107ms] [LOG] [plausible] version {mermaidVersion: 11.14.0} @ http://localhost:3001/src/lib/util/stats.ts:89
[  208192ms] [LOG] Loading '' @ http://localhost:3001/src/lib/util/state.ts:192
[  208248ms] [LOG] Registration successful, scope is: http://localhost:3001/ @ http://localhost:3001/src/routes/+layout.svelte:42
[  208309ms] [LOG] [plausible] render {diagramType: flowchart-v2, isRough: false, lengthBucket: 0-10, renderTimeMsBucket: 50-100} @ http://localhost:3001/src/lib/util/stats.ts:89
[  208917ms] [LOG] [plausible] version {mermaidVersion: 11.14.0} @ http://localhost:3001/src/lib/util/stats.ts:89
[  208979ms] [LOG] Loading '' @ http://localhost:3001/src/lib/util/state.ts:192
[  209037ms] [LOG] Registration successful, scope is: http://localhost:3001/ @ http://localhost:3001/src/routes/+layout.svelte:42
[  209076ms] [LOG] [plausible] render {diagramType: flowchart-v2, isRough: false, lengthBucket: 0-10, renderTimeMsBucket: 50-100} @ http://localhost:3001/src/lib/util/stats.ts:89
[  209653ms] [LOG] [plausible] version {mermaidVersion: 11.14.0} @ http://localhost:3001/src/lib/util/stats.ts:89
[  209719ms] [LOG] Loading '' @ http://localhost:3001/src/lib/util/state.ts:192
[  209778ms] [LOG] Registration successful, scope is: http://localhost:3001/ @ http://localhost:3001/src/routes/+layout.svelte:42
[  209846ms] [LOG] [plausible] render {diagramType: flowchart-v2, isRough: false, lengthBucket: 0-10, renderTimeMsBucket: 50-100} @ http://localhost:3001/src/lib/util/stats.ts:89
[  209898ms] [LOG] [plausible] render {diagramType: flowchart-v2, isRough: false, lengthBucket: 0-10, renderTimeMsBucket: 25-50} @ http://localhost:3001/src/lib/util/stats.ts:89
[  210510ms] [LOG] [plausible] version {mermaidVersion: 11.14.0} @ http://localhost:3001/src/lib/util/stats.ts:89
[  210577ms] [LOG] Loading '' @ http://localhost:3001/src/lib/util/state.ts:192
[  210630ms] [LOG] Registration successful, scope is: http://localhost:3001/ @ http://localhost:3001/src/routes/+layout.svelte:42
[  210677ms] [LOG] [plausible] render {diagramType: flowchart-v2, isRough: false, lengthBucket: 0-10, renderTimeMsBucket: 50-100} @ http://localhost:3001/src/lib/util/stats.ts:89
[  211281ms] [LOG] [plausible] version {mermaidVersion: 11.14.0} @ http://localhost:3001/src/lib/util/stats.ts:89
[  211353ms] [LOG] Loading '' @ http://localhost:3001/src/lib/util/state.ts:192
[  211420ms] [LOG] Registration successful, scope is: http://localhost:3001/ @ http://localhost:3001/src/routes/+layout.svelte:42
[  211462ms] [LOG] [plausible] render {diagramType: flowchart-v2, isRough: false, lengthBucket: 0-10, renderTimeMsBucket: 50-100} @ http://localhost:3001/src/lib/util/stats.ts:89
[  212056ms] [LOG] [plausible] version {mermaidVersion: 11.14.0} @ http://localhost:3001/src/lib/util/stats.ts:89
[  212126ms] [LOG] Loading '' @ http://localhost:3001/src/lib/util/state.ts:192
[  212183ms] [LOG] Registration successful, scope is: http://localhost:3001/ @ http://localhost:3001/src/routes/+layout.svelte:42
[  212248ms] [LOG] [plausible] render {diagramType: flowchart-v2, isRough: false, lengthBucket: 0-10, renderTimeMsBucket: 50-100} @ http://localhost:3001/src/lib/util/stats.ts:89
[  212872ms] [LOG] [plausible] version {mermaidVersion: 11.14.0} @ http://localhost:3001/src/lib/util/stats.ts:89
[  212954ms] [LOG] Loading '' @ http://localhost:3001/src/lib/util/state.ts:192
[  213011ms] [LOG] Registration successful, scope is: http://localhost:3001/ @ http://localhost:3001/src/routes/+layout.svelte:42
[  213054ms] [LOG] [plausible] render {diagramType: flowchart-v2, isRough: false, lengthBucket: 0-10, renderTimeMsBucket: 50-100} @ http://localhost:3001/src/lib/util/stats.ts:89
[  213657ms] [LOG] [plausible] version {mermaidVersion: 11.14.0} @ http://localhost:3001/src/lib/util/stats.ts:89
[  213730ms] [LOG] Loading '' @ http://localhost:3001/src/lib/util/state.ts:192
[  213810ms] [LOG] [plausible] render {diagramType: flowchart-v2, isRough: false, lengthBucket: 0-10, renderTimeMsBucket: 50-100} @ http://localhost:3001/src/lib/util/stats.ts:89
[  213820ms] [LOG] Registration successful, scope is: http://localhost:3001/ @ http://localhost:3001/src/routes/+layout.svelte:42
[  214465ms] [LOG] [plausible] version {mermaidVersion: 11.14.0} @ http://localhost:3001/src/lib/util/stats.ts:89
[  214537ms] [LOG] Loading '' @ http://localhost:3001/src/lib/util/state.ts:192
[  214588ms] [LOG] Registration successful, scope is: http://localhost:3001/ @ http://localhost:3001/src/routes/+layout.svelte:42
[  214627ms] [LOG] [plausible] render {diagramType: flowchart-v2, isRough: false, lengthBucket: 0-10, renderTimeMsBucket: 50-100} @ http://localhost:3001/src/lib/util/stats.ts:89
[  215247ms] [LOG] [plausible] version {mermaidVersion: 11.14.0} @ http://localhost:3001/src/lib/util/stats.ts:89
[  215321ms] [LOG] Loading '' @ http://localhost:3001/src/lib/util/state.ts:192
[  215381ms] [LOG] Registration successful, scope is: http://localhost:3001/ @ http://localhost:3001/src/routes/+layout.svelte:42
[  215435ms] [LOG] [plausible] render {diagramType: flowchart-v2, isRough: false, lengthBucket: 0-10, renderTimeMsBucket: 50-100} @ http://localhost:3001/src/lib/util/stats.ts:89
[  216307ms] [LOG] [plausible] version {mermaidVersion: 11.14.0} @ http://localhost:3001/src/lib/util/stats.ts:89
[  216388ms] [LOG] Loading '' @ http://localhost:3001/src/lib/util/state.ts:192
[  216449ms] [LOG] Registration successful, scope is: http://localhost:3001/ @ http://localhost:3001/src/routes/+layout.svelte:42
[  216499ms] [LOG] [plausible] render {diagramType: flowchart-v2, isRough: false, lengthBucket: 0-10, renderTimeMsBucket: 50-100} @ http://localhost:3001/src/lib/util/stats.ts:89
[  217130ms] [LOG] [plausible] version {mermaidVersion: 11.14.0} @ http://localhost:3001/src/lib/util/stats.ts:89
[  217206ms] [LOG] Loading '' @ http://localhost:3001/src/lib/util/state.ts:192
[  217269ms] [LOG] Registration successful, scope is: http://localhost:3001/ @ http://localhost:3001/src/routes/+layout.svelte:42
[  217312ms] [LOG] [plausible] render {diagramType: flowchart-v2, isRough: false, lengthBucket: 0-10, renderTimeMsBucket: 50-100} @ http://localhost:3001/src/lib/util/stats.ts:89
[  217914ms] [LOG] [plausible] version {mermaidVersion: 11.14.0} @ http://localhost:3001/src/lib/util/stats.ts:89
[  217976ms] [LOG] Loading '' @ http://localhost:3001/src/lib/util/state.ts:192
[  218031ms] [LOG] Registration successful, scope is: http://localhost:3001/ @ http://localhost:3001/src/routes/+layout.svelte:42
[  218078ms] [LOG] [plausible] render {diagramType: flowchart-v2, isRough: false, lengthBucket: 0-10, renderTimeMsBucket: 50-100} @ http://localhost:3001/src/lib/util/stats.ts:89
[  218669ms] [LOG] [plausible] version {mermaidVersion: 11.14.0} @ http://localhost:3001/src/lib/util/stats.ts:89
[  218739ms] [LOG] Loading '' @ http://localhost:3001/src/lib/util/state.ts:192
[  218792ms] [LOG] Registration successful, scope is: http://localhost:3001/ @ http://localhost:3001/src/routes/+layout.svelte:42
[  218830ms] [LOG] [plausible] render {diagramType: flowchart-v2, isRough: false, lengthBucket: 0-10, renderTimeMsBucket: 50-100} @ http://localhost:3001/src/lib/util/stats.ts:89
[  219493ms] [LOG] [plausible] version {mermaidVersion: 11.14.0} @ http://localhost:3001/src/lib/util/stats.ts:89
[  219567ms] [LOG] Loading '' @ http://localhost:3001/src/lib/util/state.ts:192
[  219626ms] [LOG] Registration successful, scope is: http://localhost:3001/ @ http://localhost:3001/src/routes/+layout.svelte:42
[  219673ms] [LOG] [plausible] render {diagramType: flowchart-v2, isRough: false, lengthBucket: 0-10, renderTimeMsBucket: 50-100} @ http://localhost:3001/src/lib/util/stats.ts:89
[  220296ms] [LOG] [plausible] version {mermaidVersion: 11.14.0} @ http://localhost:3001/src/lib/util/stats.ts:89
[  220371ms] [LOG] Loading '' @ http://localhost:3001/src/lib/util/state.ts:192
[  220426ms] [LOG] Registration successful, scope is: http://localhost:3001/ @ http://localhost:3001/src/routes/+layout.svelte:42
[  220475ms] [LOG] [plausible] render {diagramType: flowchart-v2, isRough: false, lengthBucket: 0-10, renderTimeMsBucket: 50-100} @ http://localhost:3001/src/lib/util/stats.ts:89
[  221057ms] [LOG] [plausible] version {mermaidVersion: 11.14.0} @ http://localhost:3001/src/lib/util/stats.ts:89
[  221120ms] [LOG] Loading '' @ http://localhost:3001/src/lib/util/state.ts:192
[  221172ms] [LOG] Registration successful, scope is: http://localhost:3001/ @ http://localhost:3001/src/routes/+layout.svelte:42
[  221210ms] [LOG] [plausible] render {diagramType: flowchart-v2, isRough: false, lengthBucket: 0-10, renderTimeMsBucket: 50-100} @ http://localhost:3001/src/lib/util/stats.ts:89
[  222458ms] [LOG] [plausible] version {mermaidVersion: 11.14.0} @ http://localhost:3001/src/lib/util/stats.ts:89
[  222537ms] [LOG] Loading '' @ http://localhost:3001/src/lib/util/state.ts:192
[  222594ms] [LOG] Registration successful, scope is: http://localhost:3001/ @ http://localhost:3001/src/routes/+layout.svelte:42
[  222638ms] [LOG] [plausible] render {diagramType: flowchart-v2, isRough: false, lengthBucket: 0-10, renderTimeMsBucket: 50-100} @ http://localhost:3001/src/lib/util/stats.ts:89
[  223259ms] [LOG] [plausible] version {mermaidVersion: 11.14.0} @ http://localhost:3001/src/lib/util/stats.ts:89
[  223332ms] [LOG] Loading '' @ http://localhost:3001/src/lib/util/state.ts:192
[  223390ms] [LOG] Registration successful, scope is: http://localhost:3001/ @ http://localhost:3001/src/routes/+layout.svelte:42
[  223435ms] [LOG] [plausible] render {diagramType: flowchart-v2, isRough: false, lengthBucket: 0-10, renderTimeMsBucket: 50-100} @ http://localhost:3001/src/lib/util/stats.ts:89
[  224050ms] [LOG] [plausible] version {mermaidVersion: 11.14.0} @ http://localhost:3001/src/lib/util/stats.ts:89
[  224117ms] [LOG] Loading '' @ http://localhost:3001/src/lib/util/state.ts:192
[  224178ms] [LOG] Registration successful, scope is: http://localhost:3001/ @ http://localhost:3001/src/routes/+layout.svelte:42
[  224220ms] [LOG] [plausible] render {diagramType: flowchart-v2, isRough: false, lengthBucket: 0-10, renderTimeMsBucket: 50-100} @ http://localhost:3001/src/lib/util/stats.ts:89
[  224811ms] [LOG] [plausible] version {mermaidVersion: 11.14.0} @ http://localhost:3001/src/lib/util/stats.ts:89
[  224884ms] [LOG] Loading '' @ http://localhost:3001/src/lib/util/state.ts:192
[  224938ms] [LOG] Registration successful, scope is: http://localhost:3001/ @ http://localhost:3001/src/routes/+layout.svelte:42
[  224972ms] [LOG] [plausible] render {diagramType: flowchart-v2, isRough: false, lengthBucket: 0-10, renderTimeMsBucket: 50-100} @ http://localhost:3001/src/lib/util/stats.ts:89
[  225564ms] [LOG] [plausible] version {mermaidVersion: 11.14.0} @ http://localhost:3001/src/lib/util/stats.ts:89
[  225640ms] [LOG] Loading '' @ http://localhost:3001/src/lib/util/state.ts:192
[  225694ms] [LOG] Registration successful, scope is: http://localhost:3001/ @ http://localhost:3001/src/routes/+layout.svelte:42
[  225763ms] [LOG] [plausible] render {diagramType: flowchart-v2, isRough: false, lengthBucket: 0-10, renderTimeMsBucket: 50-100} @ http://localhost:3001/src/lib/util/stats.ts:89
[  225816ms] [LOG] [plausible] render {diagramType: flowchart-v2, isRough: false, lengthBucket: 0-10, renderTimeMsBucket: 25-50} @ http://localhost:3001/src/lib/util/stats.ts:89
[  226457ms] [LOG] [plausible] version {mermaidVersion: 11.14.0} @ http://localhost:3001/src/lib/util/stats.ts:89
[  226535ms] [LOG] Loading '' @ http://localhost:3001/src/lib/util/state.ts:192
[  226594ms] [LOG] Registration successful, scope is: http://localhost:3001/ @ http://localhost:3001/src/routes/+layout.svelte:42
[  226635ms] [LOG] [plausible] render {diagramType: flowchart-v2, isRough: false, lengthBucket: 0-10, renderTimeMsBucket: 50-100} @ http://localhost:3001/src/lib/util/stats.ts:89
[  227247ms] [LOG] [plausible] version {mermaidVersion: 11.14.0} @ http://localhost:3001/src/lib/util/stats.ts:89
[  227318ms] [LOG] Loading '' @ http://localhost:3001/src/lib/util/state.ts:192
[  227375ms] [LOG] Registration successful, scope is: http://localhost:3001/ @ http://localhost:3001/src/routes/+layout.svelte:42
[  227406ms] [LOG] [plausible] render {diagramType: flowchart-v2, isRough: false, lengthBucket: 0-10, renderTimeMsBucket: 50-100} @ http://localhost:3001/src/lib/util/stats.ts:89
[  227992ms] [LOG] [plausible] version {mermaidVersion: 11.14.0} @ http://localhost:3001/src/lib/util/stats.ts:89
[  228062ms] [LOG] Loading '' @ http://localhost:3001/src/lib/util/state.ts:192
[  228117ms] [LOG] Registration successful, scope is: http://localhost:3001/ @ http://localhost:3001/src/routes/+layout.svelte:42
[  228160ms] [LOG] [plausible] render {diagramType: flowchart-v2, isRough: false, lengthBucket: 0-10, renderTimeMsBucket: 50-100} @ http://localhost:3001/src/lib/util/stats.ts:89
[  228756ms] [LOG] [plausible] version {mermaidVersion: 11.14.0} @ http://localhost:3001/src/lib/util/stats.ts:89
[  228829ms] [LOG] Loading '' @ http://localhost:3001/src/lib/util/state.ts:192
[  228891ms] [LOG] Registration successful, scope is: http://localhost:3001/ @ http://localhost:3001/src/routes/+layout.svelte:42
[  228935ms] [LOG] [plausible] render {diagramType: flowchart-v2, isRough: false, lengthBucket: 0-10, renderTimeMsBucket: 50-100} @ http://localhost:3001/src/lib/util/stats.ts:89
[  229601ms] [LOG] [plausible] version {mermaidVersion: 11.14.0} @ http://localhost:3001/src/lib/util/stats.ts:89
[  229680ms] [LOG] Loading '' @ http://localhost:3001/src/lib/util/state.ts:192
[  229745ms] [LOG] Registration successful, scope is: http://localhost:3001/ @ http://localhost:3001/src/routes/+layout.svelte:42
[  229789ms] [LOG] [plausible] render {diagramType: flowchart-v2, isRough: false, lengthBucket: 0-10, renderTimeMsBucket: 50-100} @ http://localhost:3001/src/lib/util/stats.ts:89
[  230407ms] [LOG] [plausible] version {mermaidVersion: 11.14.0} @ http://localhost:3001/src/lib/util/stats.ts:89
[  230482ms] [LOG] Loading '' @ http://localhost:3001/src/lib/util/state.ts:192
[  230535ms] [LOG] Registration successful, scope is: http://localhost:3001/ @ http://localhost:3001/src/routes/+layout.svelte:42
[  230573ms] [LOG] [plausible] render {diagramType: flowchart-v2, isRough: false, lengthBucket: 0-10, renderTimeMsBucket: 50-100} @ http://localhost:3001/src/lib/util/stats.ts:89
[  231454ms] [LOG] [plausible] version {mermaidVersion: 11.14.0} @ http://localhost:3001/src/lib/util/stats.ts:89
[  231524ms] [LOG] Loading '' @ http://localhost:3001/src/lib/util/state.ts:192
[  231586ms] [LOG] Registration successful, scope is: http://localhost:3001/ @ http://localhost:3001/src/routes/+layout.svelte:42
[  231635ms] [LOG] [plausible] render {diagramType: flowchart-v2, isRough: false, lengthBucket: 0-10, renderTimeMsBucket: 50-100} @ http://localhost:3001/src/lib/util/stats.ts:89
[  233068ms] [LOG] [plausible] version {mermaidVersion: 11.14.0} @ http://localhost:3001/src/lib/util/stats.ts:89
[  233149ms] [LOG] Loading '' @ http://localhost:3001/src/lib/util/state.ts:192
[  233206ms] [LOG] Registration successful, scope is: http://localhost:3001/ @ http://localhost:3001/src/routes/+layout.svelte:42
[  233247ms] [LOG] [plausible] render {diagramType: flowchart-v2, isRough: false, lengthBucket: 0-10, renderTimeMsBucket: 50-100} @ http://localhost:3001/src/lib/util/stats.ts:89
[  234195ms] [LOG] [plausible] version {mermaidVersion: 11.14.0} @ http://localhost:3001/src/lib/util/stats.ts:89
[  234266ms] [LOG] Loading '' @ http://localhost:3001/src/lib/util/state.ts:192
[  234323ms] [LOG] Registration successful, scope is: http://localhost:3001/ @ http://localhost:3001/src/routes/+layout.svelte:42
[  234389ms] [LOG] [plausible] render {diagramType: flowchart-v2, isRough: false, lengthBucket: 0-10, renderTimeMsBucket: 50-100} @ http://localhost:3001/src/lib/util/stats.ts:89
[  235019ms] [LOG] [plausible] version {mermaidVersion: 11.14.0} @ http://localhost:3001/src/lib/util/stats.ts:89
[  235092ms] [LOG] Loading '' @ http://localhost:3001/src/lib/util/state.ts:192
[  235146ms] [LOG] Registration successful, scope is: http://localhost:3001/ @ http://localhost:3001/src/routes/+layout.svelte:42
[  235206ms] [LOG] [plausible] render {diagramType: flowchart-v2, isRough: false, lengthBucket: 0-10, renderTimeMsBucket: 50-100} @ http://localhost:3001/src/lib/util/stats.ts:89
[  235825ms] [LOG] [plausible] version {mermaidVersion: 11.14.0} @ http://localhost:3001/src/lib/util/stats.ts:89
[  235888ms] [LOG] Loading '' @ http://localhost:3001/src/lib/util/state.ts:192
[  235947ms] [LOG] Registration successful, scope is: http://localhost:3001/ @ http://localhost:3001/src/routes/+layout.svelte:42
[  236001ms] [LOG] [plausible] render {diagramType: flowchart-v2, isRough: false, lengthBucket: 0-10, renderTimeMsBucket: 50-100} @ http://localhost:3001/src/lib/util/stats.ts:89
[  236636ms] [LOG] [plausible] version {mermaidVersion: 11.14.0} @ http://localhost:3001/src/lib/util/stats.ts:89
[  236694ms] [LOG] Loading '' @ http://localhost:3001/src/lib/util/state.ts:192
[  236753ms] [LOG] Registration successful, scope is: http://localhost:3001/ @ http://localhost:3001/src/routes/+layout.svelte:42
[  236799ms] [LOG] [plausible] render {diagramType: flowchart-v2, isRough: false, lengthBucket: 0-10, renderTimeMsBucket: 50-100} @ http://localhost:3001/src/lib/util/stats.ts:89
[  237451ms] [LOG] [plausible] version {mermaidVersion: 11.14.0} @ http://localhost:3001/src/lib/util/stats.ts:89
[  237524ms] [LOG] Loading '' @ http://localhost:3001/src/lib/util/state.ts:192
[  237579ms] [LOG] Registration successful, scope is: http://localhost:3001/ @ http://localhost:3001/src/routes/+layout.svelte:42
[  237651ms] [LOG] [plausible] render {diagramType: flowchart-v2, isRough: false, lengthBucket: 0-10, renderTimeMsBucket: 50-100} @ http://localhost:3001/src/lib/util/stats.ts:89
[  238266ms] [LOG] [plausible] version {mermaidVersion: 11.14.0} @ http://localhost:3001/src/lib/util/stats.ts:89
[  238345ms] [LOG] Loading '' @ http://localhost:3001/src/lib/util/state.ts:192
[  238391ms] [LOG] Registration successful, scope is: http://localhost:3001/ @ http://localhost:3001/src/routes/+layout.svelte:42
[  238441ms] [LOG] [plausible] render {diagramType: flowchart-v2, isRough: false, lengthBucket: 0-10, renderTimeMsBucket: 50-100} @ http://localhost:3001/src/lib/util/stats.ts:89
[  239083ms] [LOG] [plausible] version {mermaidVersion: 11.14.0} @ http://localhost:3001/src/lib/util/stats.ts:89
[  239155ms] [LOG] Loading '' @ http://localhost:3001/src/lib/util/state.ts:192
[  239217ms] [LOG] Registration successful, scope is: http://localhost:3001/ @ http://localhost:3001/src/routes/+layout.svelte:42
[  239269ms] [LOG] [plausible] render {diagramType: flowchart-v2, isRough: false, lengthBucket: 0-10, renderTimeMsBucket: 50-100} @ http://localhost:3001/src/lib/util/stats.ts:89
[  239324ms] [LOG] [plausible] render {diagramType: flowchart-v2, isRough: false, lengthBucket: 0-10, renderTimeMsBucket: 25-50} @ http://localhost:3001/src/lib/util/stats.ts:89
[  239971ms] [LOG] [plausible] version {mermaidVersion: 11.14.0} @ http://localhost:3001/src/lib/util/stats.ts:89
[  240043ms] [LOG] Loading '' @ http://localhost:3001/src/lib/util/state.ts:192
[  240102ms] [LOG] Registration successful, scope is: http://localhost:3001/ @ http://localhost:3001/src/routes/+layout.svelte:42
[  240142ms] [LOG] [plausible] render {diagramType: flowchart-v2, isRough: false, lengthBucket: 0-10, renderTimeMsBucket: 50-100} @ http://localhost:3001/src/lib/util/stats.ts:89
[  240773ms] [LOG] [plausible] version {mermaidVersion: 11.14.0} @ http://localhost:3001/src/lib/util/stats.ts:89
[  240844ms] [LOG] Loading '' @ http://localhost:3001/src/lib/util/state.ts:192
[  240905ms] [LOG] Registration successful, scope is: http://localhost:3001/ @ http://localhost:3001/src/routes/+layout.svelte:42
[  240941ms] [LOG] [plausible] render {diagramType: flowchart-v2, isRough: false, lengthBucket: 0-10, renderTimeMsBucket: 50-100} @ http://localhost:3001/src/lib/util/stats.ts:89
[  241593ms] [LOG] [plausible] version {mermaidVersion: 11.14.0} @ http://localhost:3001/src/lib/util/stats.ts:89
[  241665ms] [LOG] Loading '' @ http://localhost:3001/src/lib/util/state.ts:192
[  241725ms] [LOG] Registration successful, scope is: http://localhost:3001/ @ http://localhost:3001/src/routes/+layout.svelte:42
[  241776ms] [LOG] [plausible] render {diagramType: flowchart-v2, isRough: false, lengthBucket: 0-10, renderTimeMsBucket: 50-100} @ http://localhost:3001/src/lib/util/stats.ts:89
[  242428ms] [LOG] [plausible] version {mermaidVersion: 11.14.0} @ http://localhost:3001/src/lib/util/stats.ts:89
[  242510ms] [LOG] Loading '' @ http://localhost:3001/src/lib/util/state.ts:192
[  242565ms] [LOG] Registration successful, scope is: http://localhost:3001/ @ http://localhost:3001/src/routes/+layout.svelte:42
[  242617ms] [LOG] [plausible] render {diagramType: flowchart-v2, isRough: false, lengthBucket: 0-10, renderTimeMsBucket: 50-100} @ http://localhost:3001/src/lib/util/stats.ts:89
[  243218ms] [LOG] [plausible] version {mermaidVersion: 11.14.0} @ http://localhost:3001/src/lib/util/stats.ts:89
[  243291ms] [LOG] Loading '' @ http://localhost:3001/src/lib/util/state.ts:192
[  243356ms] [LOG] Registration successful, scope is: http://localhost:3001/ @ http://localhost:3001/src/routes/+layout.svelte:42
[  243398ms] [LOG] [plausible] render {diagramType: flowchart-v2, isRough: false, lengthBucket: 0-10, renderTimeMsBucket: 50-100} @ http://localhost:3001/src/lib/util/stats.ts:89
[  244171ms] [LOG] [plausible] version {mermaidVersion: 11.14.0} @ http://localhost:3001/src/lib/util/stats.ts:89
[  244242ms] [LOG] Loading '' @ http://localhost:3001/src/lib/util/state.ts:192
[  244299ms] [LOG] Registration successful, scope is: http://localhost:3001/ @ http://localhost:3001/src/routes/+layout.svelte:42
[  244355ms] [LOG] [plausible] render {diagramType: flowchart-v2, isRough: false, lengthBucket: 0-10, renderTimeMsBucket: 50-100} @ http://localhost:3001/src/lib/util/stats.ts:89
[  245004ms] [LOG] [plausible] version {mermaidVersion: 11.14.0} @ http://localhost:3001/src/lib/util/stats.ts:89
[  245073ms] [LOG] Loading '' @ http://localhost:3001/src/lib/util/state.ts:192
[  245125ms] [LOG] Registration successful, scope is: http://localhost:3001/ @ http://localhost:3001/src/routes/+layout.svelte:42
[  245158ms] [LOG] [plausible] render {diagramType: flowchart-v2, isRough: false, lengthBucket: 0-10, renderTimeMsBucket: 50-100} @ http://localhost:3001/src/lib/util/stats.ts:89
[  245804ms] [LOG] [plausible] version {mermaidVersion: 11.14.0} @ http://localhost:3001/src/lib/util/stats.ts:89
[  245878ms] [LOG] Loading '' @ http://localhost:3001/src/lib/util/state.ts:192
[  245935ms] [LOG] Registration successful, scope is: http://localhost:3001/ @ http://localhost:3001/src/routes/+layout.svelte:42
[  245975ms] [LOG] [plausible] render {diagramType: flowchart-v2, isRough: false, lengthBucket: 0-10, renderTimeMsBucket: 50-100} @ http://localhost:3001/src/lib/util/stats.ts:89
[  246681ms] [LOG] [plausible] version {mermaidVersion: 11.14.0} @ http://localhost:3001/src/lib/util/stats.ts:89
[  246755ms] [LOG] Loading '' @ http://localhost:3001/src/lib/util/state.ts:192
[  246824ms] [LOG] Registration successful, scope is: http://localhost:3001/ @ http://localhost:3001/src/routes/+layout.svelte:42
[  246872ms] [LOG] [plausible] render {diagramType: flowchart-v2, isRough: false, lengthBucket: 0-10, renderTimeMsBucket: 50-100} @ http://localhost:3001/src/lib/util/stats.ts:89
[  247645ms] [LOG] [plausible] version {mermaidVersion: 11.14.0} @ http://localhost:3001/src/lib/util/stats.ts:89
[  247710ms] [LOG] Loading '' @ http://localhost:3001/src/lib/util/state.ts:192
[  247774ms] [LOG] Registration successful, scope is: http://localhost:3001/ @ http://localhost:3001/src/routes/+layout.svelte:42
[  247870ms] [LOG] [plausible] render {diagramType: flowchart-v2, isRough: false, lengthBucket: 0-10, renderTimeMsBucket: 100-200} @ http://localhost:3001/src/lib/util/stats.ts:89
[  247923ms] [LOG] [plausible] render {diagramType: flowchart-v2, isRough: false, lengthBucket: 0-10, renderTimeMsBucket: 25-50} @ http://localhost:3001/src/lib/util/stats.ts:89
[  249062ms] [LOG] [plausible] version {mermaidVersion: 11.14.0} @ http://localhost:3001/src/lib/util/stats.ts:89
[  249129ms] [LOG] Loading '' @ http://localhost:3001/src/lib/util/state.ts:192
[  249190ms] [LOG] Registration successful, scope is: http://localhost:3001/ @ http://localhost:3001/src/routes/+layout.svelte:42
[  249235ms] [LOG] [plausible] render {diagramType: flowchart-v2, isRough: false, lengthBucket: 0-10, renderTimeMsBucket: 50-100} @ http://localhost:3001/src/lib/util/stats.ts:89
[  249892ms] [LOG] [plausible] version {mermaidVersion: 11.14.0} @ http://localhost:3001/src/lib/util/stats.ts:89
[  249965ms] [LOG] Loading '' @ http://localhost:3001/src/lib/util/state.ts:192
[  250023ms] [LOG] Registration successful, scope is: http://localhost:3001/ @ http://localhost:3001/src/routes/+layout.svelte:42
[  250072ms] [LOG] [plausible] render {diagramType: flowchart-v2, isRough: false, lengthBucket: 0-10, renderTimeMsBucket: 50-100} @ http://localhost:3001/src/lib/util/stats.ts:89
[  250694ms] [LOG] [plausible] version {mermaidVersion: 11.14.0} @ http://localhost:3001/src/lib/util/stats.ts:89
[  250768ms] [LOG] Loading '' @ http://localhost:3001/src/lib/util/state.ts:192
[  250826ms] [LOG] Registration successful, scope is: http://localhost:3001/ @ http://localhost:3001/src/routes/+layout.svelte:42
[  250866ms] [LOG] [plausible] render {diagramType: flowchart-v2, isRough: false, lengthBucket: 0-10, renderTimeMsBucket: 50-100} @ http://localhost:3001/src/lib/util/stats.ts:89
[  251551ms] [LOG] [plausible] version {mermaidVersion: 11.14.0} @ http://localhost:3001/src/lib/util/stats.ts:89
[  251622ms] [LOG] Loading '' @ http://localhost:3001/src/lib/util/state.ts:192
[  251677ms] [LOG] Registration successful, scope is: http://localhost:3001/ @ http://localhost:3001/src/routes/+layout.svelte:42
[  251716ms] [LOG] [plausible] render {diagramType: flowchart-v2, isRough: false, lengthBucket: 0-10, renderTimeMsBucket: 50-100} @ http://localhost:3001/src/lib/util/stats.ts:89
[  252355ms] [LOG] [plausible] version {mermaidVersion: 11.14.0} @ http://localhost:3001/src/lib/util/stats.ts:89
[  252432ms] [LOG] Loading '' @ http://localhost:3001/src/lib/util/state.ts:192
[  252497ms] [LOG] Registration successful, scope is: http://localhost:3001/ @ http://localhost:3001/src/routes/+layout.svelte:42
[  252543ms] [LOG] [plausible] render {diagramType: flowchart-v2, isRough: false, lengthBucket: 0-10, renderTimeMsBucket: 50-100} @ http://localhost:3001/src/lib/util/stats.ts:89
[  253189ms] [LOG] [plausible] version {mermaidVersion: 11.14.0} @ http://localhost:3001/src/lib/util/stats.ts:89
[  253259ms] [LOG] Loading '' @ http://localhost:3001/src/lib/util/state.ts:192
[  253316ms] [LOG] Registration successful, scope is: http://localhost:3001/ @ http://localhost:3001/src/routes/+layout.svelte:42
[  253358ms] [LOG] [plausible] render {diagramType: flowchart-v2, isRough: false, lengthBucket: 0-10, renderTimeMsBucket: 50-100} @ http://localhost:3001/src/lib/util/stats.ts:89
[  253993ms] [LOG] [plausible] version {mermaidVersion: 11.14.0} @ http://localhost:3001/src/lib/util/stats.ts:89
[  254072ms] [LOG] Loading '' @ http://localhost:3001/src/lib/util/state.ts:192
[  254141ms] [LOG] Registration successful, scope is: http://localhost:3001/ @ http://localhost:3001/src/routes/+layout.svelte:42
[  254203ms] [LOG] [plausible] render {diagramType: flowchart-v2, isRough: false, lengthBucket: 0-10, renderTimeMsBucket: 50-100} @ http://localhost:3001/src/lib/util/stats.ts:89
[  254865ms] [LOG] [plausible] version {mermaidVersion: 11.14.0} @ http://localhost:3001/src/lib/util/stats.ts:89
[  254953ms] [LOG] Loading '' @ http://localhost:3001/src/lib/util/state.ts:192
[  255009ms] [LOG] Registration successful, scope is: http://localhost:3001/ @ http://localhost:3001/src/routes/+layout.svelte:42
[  255045ms] [LOG] [plausible] render {diagramType: flowchart-v2, isRough: false, lengthBucket: 0-10, renderTimeMsBucket: 50-100} @ http://localhost:3001/src/lib/util/stats.ts:89
[  255765ms] [LOG] [plausible] version {mermaidVersion: 11.14.0} @ http://localhost:3001/src/lib/util/stats.ts:89
[  255840ms] [LOG] Loading '' @ http://localhost:3001/src/lib/util/state.ts:192
[  255900ms] [LOG] Registration successful, scope is: http://localhost:3001/ @ http://localhost:3001/src/routes/+layout.svelte:42
[  255946ms] [LOG] [plausible] render {diagramType: flowchart-v2, isRough: false, lengthBucket: 0-10, renderTimeMsBucket: 50-100} @ http://localhost:3001/src/lib/util/stats.ts:89
[  256629ms] [LOG] [plausible] version {mermaidVersion: 11.14.0} @ http://localhost:3001/src/lib/util/stats.ts:89
[  256705ms] [LOG] Loading '' @ http://localhost:3001/src/lib/util/state.ts:192
[  256759ms] [LOG] Registration successful, scope is: http://localhost:3001/ @ http://localhost:3001/src/routes/+layout.svelte:42
[  256804ms] [LOG] [plausible] render {diagramType: flowchart-v2, isRough: false, lengthBucket: 0-10, renderTimeMsBucket: 50-100} @ http://localhost:3001/src/lib/util/stats.ts:89
[  257390ms] [LOG] [plausible] version {mermaidVersion: 11.14.0} @ http://localhost:3001/src/lib/util/stats.ts:89
[  257458ms] [LOG] Loading '' @ http://localhost:3001/src/lib/util/state.ts:192
[  257512ms] [LOG] Registration successful, scope is: http://localhost:3001/ @ http://localhost:3001/src/routes/+layout.svelte:42
[  257555ms] [LOG] [plausible] render {diagramType: flowchart-v2, isRough: false, lengthBucket: 0-10, renderTimeMsBucket: 50-100} @ http://localhost:3001/src/lib/util/stats.ts:89
[  258196ms] [LOG] [plausible] version {mermaidVersion: 11.14.0} @ http://localhost:3001/src/lib/util/stats.ts:89
[  258267ms] [LOG] Loading '' @ http://localhost:3001/src/lib/util/state.ts:192
[  258325ms] [LOG] Registration successful, scope is: http://localhost:3001/ @ http://localhost:3001/src/routes/+layout.svelte:42
[  258366ms] [LOG] [plausible] render {diagramType: flowchart-v2, isRough: false, lengthBucket: 0-10, renderTimeMsBucket: 50-100} @ http://localhost:3001/src/lib/util/stats.ts:89
[  258967ms] [LOG] [plausible] version {mermaidVersion: 11.14.0} @ http://localhost:3001/src/lib/util/stats.ts:89
[  259034ms] [LOG] Loading '' @ http://localhost:3001/src/lib/util/state.ts:192
[  259091ms] [LOG] Registration successful, scope is: http://localhost:3001/ @ http://localhost:3001/src/routes/+layout.svelte:42
[  259129ms] [LOG] [plausible] render {diagramType: flowchart-v2, isRough: false, lengthBucket: 0-10, renderTimeMsBucket: 50-100} @ http://localhost:3001/src/lib/util/stats.ts:89
[  259737ms] [LOG] [plausible] version {mermaidVersion: 11.14.0} @ http://localhost:3001/src/lib/util/stats.ts:89
[  259812ms] [LOG] Loading '' @ http://localhost:3001/src/lib/util/state.ts:192
[  259865ms] [LOG] Registration successful, scope is: http://localhost:3001/ @ http://localhost:3001/src/routes/+layout.svelte:42
[  259904ms] [LOG] [plausible] render {diagramType: flowchart-v2, isRough: false, lengthBucket: 0-10, renderTimeMsBucket: 50-100} @ http://localhost:3001/src/lib/util/stats.ts:89
[  259953ms] [LOG] [plausible] render {diagramType: flowchart-v2, isRough: false, lengthBucket: 0-10, renderTimeMsBucket: 25-50} @ http://localhost:3001/src/lib/util/stats.ts:89
[  260590ms] [LOG] [plausible] version {mermaidVersion: 11.14.0} @ http://localhost:3001/src/lib/util/stats.ts:89
[  260663ms] [LOG] Loading '' @ http://localhost:3001/src/lib/util/state.ts:192
[  260719ms] [LOG] Registration successful, scope is: http://localhost:3001/ @ http://localhost:3001/src/routes/+layout.svelte:42
[  260769ms] [LOG] [plausible] render {diagramType: flowchart-v2, isRough: false, lengthBucket: 0-10, renderTimeMsBucket: 50-100} @ http://localhost:3001/src/lib/util/stats.ts:89
[  261329ms] [LOG] [plausible] version {mermaidVersion: 11.14.0} @ http://localhost:3001/src/lib/util/stats.ts:89
[  261411ms] [LOG] Loading '' @ http://localhost:3001/src/lib/util/state.ts:192
[  261471ms] [LOG] Registration successful, scope is: http://localhost:3001/ @ http://localhost:3001/src/routes/+layout.svelte:42
[  261508ms] [LOG] [plausible] render {diagramType: flowchart-v2, isRough: false, lengthBucket: 0-10, renderTimeMsBucket: 50-100} @ http://localhost:3001/src/lib/util/stats.ts:89
[  262151ms] [LOG] [plausible] version {mermaidVersion: 11.14.0} @ http://localhost:3001/src/lib/util/stats.ts:89
[  262218ms] [LOG] Loading '' @ http://localhost:3001/src/lib/util/state.ts:192
[  262273ms] [LOG] Registration successful, scope is: http://localhost:3001/ @ http://localhost:3001/src/routes/+layout.svelte:42
[  262314ms] [LOG] [plausible] render {diagramType: flowchart-v2, isRough: false, lengthBucket: 0-10, renderTimeMsBucket: 50-100} @ http://localhost:3001/src/lib/util/stats.ts:89
[  262902ms] [LOG] [plausible] version {mermaidVersion: 11.14.0} @ http://localhost:3001/src/lib/util/stats.ts:89
[  262973ms] [LOG] Loading '' @ http://localhost:3001/src/lib/util/state.ts:192
[  263019ms] [LOG] Registration successful, scope is: http://localhost:3001/ @ http://localhost:3001/src/routes/+layout.svelte:42
[  263057ms] [LOG] [plausible] render {diagramType: flowchart-v2, isRough: false, lengthBucket: 0-10, renderTimeMsBucket: 50-100} @ http://localhost:3001/src/lib/util/stats.ts:89
[  263677ms] [LOG] [plausible] version {mermaidVersion: 11.14.0} @ http://localhost:3001/src/lib/util/stats.ts:89
[  263741ms] [LOG] Loading '' @ http://localhost:3001/src/lib/util/state.ts:192
[  263799ms] [LOG] Registration successful, scope is: http://localhost:3001/ @ http://localhost:3001/src/routes/+layout.svelte:42
[  263839ms] [LOG] [plausible] render {diagramType: flowchart-v2, isRough: false, lengthBucket: 0-10, renderTimeMsBucket: 50-100} @ http://localhost:3001/src/lib/util/stats.ts:89
[  264483ms] [LOG] [plausible] version {mermaidVersion: 11.14.0} @ http://localhost:3001/src/lib/util/stats.ts:89
[  264555ms] [LOG] Loading '' @ http://localhost:3001/src/lib/util/state.ts:192
[  264609ms] [LOG] Registration successful, scope is: http://localhost:3001/ @ http://localhost:3001/src/routes/+layout.svelte:42
[  264653ms] [LOG] [plausible] render {diagramType: flowchart-v2, isRough: false, lengthBucket: 0-10, renderTimeMsBucket: 50-100} @ http://localhost:3001/src/lib/util/stats.ts:89
[  265263ms] [LOG] [plausible] version {mermaidVersion: 11.14.0} @ http://localhost:3001/src/lib/util/stats.ts:89
[  265333ms] [LOG] Loading '' @ http://localhost:3001/src/lib/util/state.ts:192
[  265389ms] [LOG] Registration successful, scope is: http://localhost:3001/ @ http://localhost:3001/src/routes/+layout.svelte:42
[  265430ms] [LOG] [plausible] render {diagramType: flowchart-v2, isRough: false, lengthBucket: 0-10, renderTimeMsBucket: 50-100} @ http://localhost:3001/src/lib/util/stats.ts:89
[  266047ms] [LOG] [plausible] version {mermaidVersion: 11.14.0} @ http://localhost:3001/src/lib/util/stats.ts:89
[  266111ms] [LOG] Loading '' @ http://localhost:3001/src/lib/util/state.ts:192
[  266173ms] [LOG] Registration successful, scope is: http://localhost:3001/ @ http://localhost:3001/src/routes/+layout.svelte:42
[  266227ms] [LOG] [plausible] render {diagramType: flowchart-v2, isRough: false, lengthBucket: 0-10, renderTimeMsBucket: 50-100} @ http://localhost:3001/src/lib/util/stats.ts:89
[  266840ms] [LOG] [plausible] version {mermaidVersion: 11.14.0} @ http://localhost:3001/src/lib/util/stats.ts:89
[  266908ms] [LOG] Loading '' @ http://localhost:3001/src/lib/util/state.ts:192
[  266963ms] [LOG] Registration successful, scope is: http://localhost:3001/ @ http://localhost:3001/src/routes/+layout.svelte:42
[  267005ms] [LOG] [plausible] render {diagramType: flowchart-v2, isRough: false, lengthBucket: 0-10, renderTimeMsBucket: 50-100} @ http://localhost:3001/src/lib/util/stats.ts:89
[  267573ms] [LOG] [plausible] version {mermaidVersion: 11.14.0} @ http://localhost:3001/src/lib/util/stats.ts:89
[  267644ms] [LOG] Loading '' @ http://localhost:3001/src/lib/util/state.ts:192
[  267700ms] [LOG] Registration successful, scope is: http://localhost:3001/ @ http://localhost:3001/src/routes/+layout.svelte:42
[  267758ms] [LOG] [plausible] render {diagramType: flowchart-v2, isRough: false, lengthBucket: 0-10, renderTimeMsBucket: 50-100} @ http://localhost:3001/src/lib/util/stats.ts:89
[  267811ms] [LOG] [plausible] render {diagramType: flowchart-v2, isRough: false, lengthBucket: 0-10, renderTimeMsBucket: 25-50} @ http://localhost:3001/src/lib/util/stats.ts:89
[  268414ms] [LOG] [plausible] version {mermaidVersion: 11.14.0} @ http://localhost:3001/src/lib/util/stats.ts:89
[  268484ms] [LOG] Loading '' @ http://localhost:3001/src/lib/util/state.ts:192
[  268538ms] [LOG] Registration successful, scope is: http://localhost:3001/ @ http://localhost:3001/src/routes/+layout.svelte:42
[  268584ms] [LOG] [plausible] render {diagramType: flowchart-v2, isRough: false, lengthBucket: 0-10, renderTimeMsBucket: 50-100} @ http://localhost:3001/src/lib/util/stats.ts:89
[  269220ms] [LOG] [plausible] version {mermaidVersion: 11.14.0} @ http://localhost:3001/src/lib/util/stats.ts:89
[  269289ms] [LOG] Loading '' @ http://localhost:3001/src/lib/util/state.ts:192
[  269356ms] [LOG] Registration successful, scope is: http://localhost:3001/ @ http://localhost:3001/src/routes/+layout.svelte:42
[  269401ms] [LOG] [plausible] render {diagramType: flowchart-v2, isRough: false, lengthBucket: 0-10, renderTimeMsBucket: 50-100} @ http://localhost:3001/src/lib/util/stats.ts:89
[  269994ms] [LOG] [plausible] version {mermaidVersion: 11.14.0} @ http://localhost:3001/src/lib/util/stats.ts:89
[  270065ms] [LOG] Loading '' @ http://localhost:3001/src/lib/util/state.ts:192
[  270126ms] [LOG] Registration successful, scope is: http://localhost:3001/ @ http://localhost:3001/src/routes/+layout.svelte:42
[  270171ms] [LOG] [plausible] render {diagramType: flowchart-v2, isRough: false, lengthBucket: 0-10, renderTimeMsBucket: 50-100} @ http://localhost:3001/src/lib/util/stats.ts:89
[  270778ms] [LOG] [plausible] version {mermaidVersion: 11.14.0} @ http://localhost:3001/src/lib/util/stats.ts:89
[  270848ms] [LOG] Loading '' @ http://localhost:3001/src/lib/util/state.ts:192
[  270908ms] [LOG] Registration successful, scope is: http://localhost:3001/ @ http://localhost:3001/src/routes/+layout.svelte:42
[  270968ms] [LOG] [plausible] render {diagramType: flowchart-v2, isRough: false, lengthBucket: 0-10, renderTimeMsBucket: 50-100} @ http://localhost:3001/src/lib/util/stats.ts:89
[  271020ms] [LOG] [plausible] render {diagramType: flowchart-v2, isRough: false, lengthBucket: 0-10, renderTimeMsBucket: 25-50} @ http://localhost:3001/src/lib/util/stats.ts:89
[  272778ms] [LOG] [plausible] version {mermaidVersion: 11.14.0} @ http://localhost:3001/src/lib/util/stats.ts:89
[  272845ms] [LOG] Loading '' @ http://localhost:3001/src/lib/util/state.ts:192
[  272909ms] [LOG] Registration successful, scope is: http://localhost:3001/ @ http://localhost:3001/src/routes/+layout.svelte:42
[  272957ms] [LOG] [plausible] render {diagramType: flowchart-v2, isRough: false, lengthBucket: 0-10, renderTimeMsBucket: 50-100} @ http://localhost:3001/src/lib/util/stats.ts:89
[  273014ms] [LOG] [plausible] render {diagramType: flowchart-v2, isRough: false, lengthBucket: 0-10, renderTimeMsBucket: 50-100} @ http://localhost:3001/src/lib/util/stats.ts:89
[  273649ms] [LOG] [plausible] version {mermaidVersion: 11.14.0} @ http://localhost:3001/src/lib/util/stats.ts:89
[  273723ms] [LOG] Loading '' @ http://localhost:3001/src/lib/util/state.ts:192
[  273777ms] [LOG] Registration successful, scope is: http://localhost:3001/ @ http://localhost:3001/src/routes/+layout.svelte:42
[  273812ms] [LOG] [plausible] render {diagramType: flowchart-v2, isRough: false, lengthBucket: 0-10, renderTimeMsBucket: 50-100} @ http://localhost:3001/src/lib/util/stats.ts:89
[  274550ms] [LOG] [plausible] version {mermaidVersion: 11.14.0} @ http://localhost:3001/src/lib/util/stats.ts:89
[  274618ms] [LOG] Loading '' @ http://localhost:3001/src/lib/util/state.ts:192
[  274672ms] [LOG] Registration successful, scope is: http://localhost:3001/ @ http://localhost:3001/src/routes/+layout.svelte:42
[  274714ms] [LOG] [plausible] render {diagramType: flowchart-v2, isRough: false, lengthBucket: 0-10, renderTimeMsBucket: 50-100} @ http://localhost:3001/src/lib/util/stats.ts:89
[  275326ms] [LOG] [plausible] version {mermaidVersion: 11.14.0} @ http://localhost:3001/src/lib/util/stats.ts:89
[  275393ms] [LOG] Loading '' @ http://localhost:3001/src/lib/util/state.ts:192
[  275450ms] [LOG] Registration successful, scope is: http://localhost:3001/ @ http://localhost:3001/src/routes/+layout.svelte:42
[  275492ms] [LOG] [plausible] render {diagramType: flowchart-v2, isRough: false, lengthBucket: 0-10, renderTimeMsBucket: 50-100} @ http://localhost:3001/src/lib/util/stats.ts:89
[  276156ms] [LOG] [plausible] version {mermaidVersion: 11.14.0} @ http://localhost:3001/src/lib/util/stats.ts:89
[  276226ms] [LOG] Loading '' @ http://localhost:3001/src/lib/util/state.ts:192
[  276283ms] [LOG] Registration successful, scope is: http://localhost:3001/ @ http://localhost:3001/src/routes/+layout.svelte:42
[  276328ms] [LOG] [plausible] render {diagramType: flowchart-v2, isRough: false, lengthBucket: 0-10, renderTimeMsBucket: 50-100} @ http://localhost:3001/src/lib/util/stats.ts:89
[  276953ms] [LOG] [plausible] version {mermaidVersion: 11.14.0} @ http://localhost:3001/src/lib/util/stats.ts:89
[  277017ms] [LOG] Loading '' @ http://localhost:3001/src/lib/util/state.ts:192
[  277076ms] [LOG] Registration successful, scope is: http://localhost:3001/ @ http://localhost:3001/src/routes/+layout.svelte:42
[  277118ms] [LOG] [plausible] render {diagramType: flowchart-v2, isRough: false, lengthBucket: 0-10, renderTimeMsBucket: 50-100} @ http://localhost:3001/src/lib/util/stats.ts:89
[  277707ms] [LOG] [plausible] version {mermaidVersion: 11.14.0} @ http://localhost:3001/src/lib/util/stats.ts:89
[  277774ms] [LOG] Loading '' @ http://localhost:3001/src/lib/util/state.ts:192
[  277823ms] [LOG] Registration successful, scope is: http://localhost:3001/ @ http://localhost:3001/src/routes/+layout.svelte:42
[  277860ms] [LOG] [plausible] render {diagramType: flowchart-v2, isRough: false, lengthBucket: 0-10, renderTimeMsBucket: 50-100} @ http://localhost:3001/src/lib/util/stats.ts:89
[  277914ms] [LOG] [plausible] render {diagramType: flowchart-v2, isRough: false, lengthBucket: 0-10, renderTimeMsBucket: 25-50} @ http://localhost:3001/src/lib/util/stats.ts:89
[  278553ms] [LOG] [plausible] version {mermaidVersion: 11.14.0} @ http://localhost:3001/src/lib/util/stats.ts:89
[  278621ms] [LOG] Loading '' @ http://localhost:3001/src/lib/util/state.ts:192
[  278675ms] [LOG] Registration successful, scope is: http://localhost:3001/ @ http://localhost:3001/src/routes/+layout.svelte:42
[  278714ms] [LOG] [plausible] render {diagramType: flowchart-v2, isRough: false, lengthBucket: 0-10, renderTimeMsBucket: 50-100} @ http://localhost:3001/src/lib/util/stats.ts:89
[  279357ms] [LOG] [plausible] version {mermaidVersion: 11.14.0} @ http://localhost:3001/src/lib/util/stats.ts:89
[  279420ms] [LOG] Loading '' @ http://localhost:3001/src/lib/util/state.ts:192
[  279485ms] [LOG] Registration successful, scope is: http://localhost:3001/ @ http://localhost:3001/src/routes/+layout.svelte:42
[  279541ms] [LOG] [plausible] render {diagramType: flowchart-v2, isRough: false, lengthBucket: 0-10, renderTimeMsBucket: 50-100} @ http://localhost:3001/src/lib/util/stats.ts:89
[  280193ms] [LOG] [plausible] version {mermaidVersion: 11.14.0} @ http://localhost:3001/src/lib/util/stats.ts:89
[  280265ms] [LOG] Loading '' @ http://localhost:3001/src/lib/util/state.ts:192
[  280321ms] [LOG] Registration successful, scope is: http://localhost:3001/ @ http://localhost:3001/src/routes/+layout.svelte:42
[  280372ms] [LOG] [plausible] render {diagramType: flowchart-v2, isRough: false, lengthBucket: 0-10, renderTimeMsBucket: 50-100} @ http://localhost:3001/src/lib/util/stats.ts:89
[  281040ms] [LOG] [plausible] version {mermaidVersion: 11.14.0} @ http://localhost:3001/src/lib/util/stats.ts:89
[  281114ms] [LOG] Loading '' @ http://localhost:3001/src/lib/util/state.ts:192
[  281178ms] [LOG] Registration successful, scope is: http://localhost:3001/ @ http://localhost:3001/src/routes/+layout.svelte:42
[  281227ms] [LOG] [plausible] render {diagramType: flowchart-v2, isRough: false, lengthBucket: 0-10, renderTimeMsBucket: 50-100} @ http://localhost:3001/src/lib/util/stats.ts:89
[  281892ms] [LOG] [plausible] version {mermaidVersion: 11.14.0} @ http://localhost:3001/src/lib/util/stats.ts:89
[  281969ms] [LOG] Loading '' @ http://localhost:3001/src/lib/util/state.ts:192
[  282036ms] [LOG] Registration successful, scope is: http://localhost:3001/ @ http://localhost:3001/src/routes/+layout.svelte:42
[  282087ms] [LOG] [plausible] render {diagramType: flowchart-v2, isRough: false, lengthBucket: 0-10, renderTimeMsBucket: 50-100} @ http://localhost:3001/src/lib/util/stats.ts:89
[  282145ms] [LOG] [plausible] render {diagramType: flowchart-v2, isRough: false, lengthBucket: 0-10, renderTimeMsBucket: 50-100} @ http://localhost:3001/src/lib/util/stats.ts:89
[  282767ms] [LOG] [plausible] version {mermaidVersion: 11.14.0} @ http://localhost:3001/src/lib/util/stats.ts:89
[  282833ms] [LOG] Loading '' @ http://localhost:3001/src/lib/util/state.ts:192
[  282885ms] [LOG] Registration successful, scope is: http://localhost:3001/ @ http://localhost:3001/src/routes/+layout.svelte:42
[  282922ms] [LOG] [plausible] render {diagramType: flowchart-v2, isRough: false, lengthBucket: 0-10, renderTimeMsBucket: 50-100} @ http://localhost:3001/src/lib/util/stats.ts:89
[  283562ms] [LOG] [plausible] version {mermaidVersion: 11.14.0} @ http://localhost:3001/src/lib/util/stats.ts:89
[  283622ms] [LOG] Loading '' @ http://localhost:3001/src/lib/util/state.ts:192
[  283678ms] [LOG] Registration successful, scope is: http://localhost:3001/ @ http://localhost:3001/src/routes/+layout.svelte:42
[  283734ms] [LOG] [plausible] render {diagramType: flowchart-v2, isRough: false, lengthBucket: 0-10, renderTimeMsBucket: 50-100} @ http://localhost:3001/src/lib/util/stats.ts:89
[  285112ms] [LOG] [plausible] version {mermaidVersion: 11.14.0} @ http://localhost:3001/src/lib/util/stats.ts:89
[  285185ms] [LOG] Loading '' @ http://localhost:3001/src/lib/util/state.ts:192
[  285243ms] [LOG] Registration successful, scope is: http://localhost:3001/ @ http://localhost:3001/src/routes/+layout.svelte:42
[  285288ms] [LOG] [plausible] render {diagramType: flowchart-v2, isRough: false, lengthBucket: 0-10, renderTimeMsBucket: 50-100} @ http://localhost:3001/src/lib/util/stats.ts:89
[  285921ms] [LOG] [plausible] version {mermaidVersion: 11.14.0} @ http://localhost:3001/src/lib/util/stats.ts:89
[  285997ms] [LOG] Loading '' @ http://localhost:3001/src/lib/util/state.ts:192
[  286051ms] [LOG] Registration successful, scope is: http://localhost:3001/ @ http://localhost:3001/src/routes/+layout.svelte:42
[  286094ms] [LOG] [plausible] render {diagramType: flowchart-v2, isRough: false, lengthBucket: 0-10, renderTimeMsBucket: 50-100} @ http://localhost:3001/src/lib/util/stats.ts:89
[  286736ms] [LOG] [plausible] version {mermaidVersion: 11.14.0} @ http://localhost:3001/src/lib/util/stats.ts:89
[  286806ms] [LOG] Loading '' @ http://localhost:3001/src/lib/util/state.ts:192
[  286865ms] [LOG] Registration successful, scope is: http://localhost:3001/ @ http://localhost:3001/src/routes/+layout.svelte:42
[  286910ms] [LOG] [plausible] render {diagramType: flowchart-v2, isRough: false, lengthBucket: 0-10, renderTimeMsBucket: 50-100} @ http://localhost:3001/src/lib/util/stats.ts:89
[  287550ms] [LOG] [plausible] version {mermaidVersion: 11.14.0} @ http://localhost:3001/src/lib/util/stats.ts:89
[  287631ms] [LOG] Loading '' @ http://localhost:3001/src/lib/util/state.ts:192
[  287691ms] [LOG] Registration successful, scope is: http://localhost:3001/ @ http://localhost:3001/src/routes/+layout.svelte:42
[  287733ms] [LOG] [plausible] render {diagramType: flowchart-v2, isRough: false, lengthBucket: 0-10, renderTimeMsBucket: 50-100} @ http://localhost:3001/src/lib/util/stats.ts:89
[  288374ms] [LOG] [plausible] version {mermaidVersion: 11.14.0} @ http://localhost:3001/src/lib/util/stats.ts:89
[  288444ms] [LOG] Loading '' @ http://localhost:3001/src/lib/util/state.ts:192
[  288499ms] [LOG] Registration successful, scope is: http://localhost:3001/ @ http://localhost:3001/src/routes/+layout.svelte:42
[  288541ms] [LOG] [plausible] render {diagramType: flowchart-v2, isRough: false, lengthBucket: 0-10, renderTimeMsBucket: 50-100} @ http://localhost:3001/src/lib/util/stats.ts:89
[  289457ms] [LOG] [plausible] version {mermaidVersion: 11.14.0} @ http://localhost:3001/src/lib/util/stats.ts:89
[  289537ms] [LOG] Loading '' @ http://localhost:3001/src/lib/util/state.ts:192
[  289588ms] [LOG] Registration successful, scope is: http://localhost:3001/ @ http://localhost:3001/src/routes/+layout.svelte:42
[  290236ms] [LOG] [plausible] version {mermaidVersion: 11.14.0} @ http://localhost:3001/src/lib/util/stats.ts:89
[  290315ms] [LOG] Loading '' @ http://localhost:3001/src/lib/util/state.ts:192
[  290374ms] [LOG] Registration successful, scope is: http://localhost:3001/ @ http://localhost:3001/src/routes/+layout.svelte:42
[  290417ms] [LOG] [plausible] render {diagramType: flowchart-v2, isRough: false, lengthBucket: 0-10, renderTimeMsBucket: 50-100} @ http://localhost:3001/src/lib/util/stats.ts:89
[  291199ms] [LOG] [plausible] version {mermaidVersion: 11.14.0} @ http://localhost:3001/src/lib/util/stats.ts:89
[  291267ms] [LOG] Loading '' @ http://localhost:3001/src/lib/util/state.ts:192
[  291323ms] [LOG] Registration successful, scope is: http://localhost:3001/ @ http://localhost:3001/src/routes/+layout.svelte:42
[  291369ms] [LOG] [plausible] render {diagramType: flowchart-v2, isRough: false, lengthBucket: 0-10, renderTimeMsBucket: 50-100} @ http://localhost:3001/src/lib/util/stats.ts:89
[  292020ms] [LOG] [plausible] version {mermaidVersion: 11.14.0} @ http://localhost:3001/src/lib/util/stats.ts:89
[  292091ms] [LOG] Loading '' @ http://localhost:3001/src/lib/util/state.ts:192
[  292148ms] [LOG] Registration successful, scope is: http://localhost:3001/ @ http://localhost:3001/src/routes/+layout.svelte:42
[  292190ms] [LOG] [plausible] render {diagramType: flowchart-v2, isRough: false, lengthBucket: 0-10, renderTimeMsBucket: 50-100} @ http://localhost:3001/src/lib/util/stats.ts:89
[  292837ms] [LOG] [plausible] version {mermaidVersion: 11.14.0} @ http://localhost:3001/src/lib/util/stats.ts:89
[  292902ms] [LOG] Loading '' @ http://localhost:3001/src/lib/util/state.ts:192
[  292956ms] [LOG] Registration successful, scope is: http://localhost:3001/ @ http://localhost:3001/src/routes/+layout.svelte:42
[  293003ms] [LOG] [plausible] render {diagramType: flowchart-v2, isRough: false, lengthBucket: 0-10, renderTimeMsBucket: 50-100} @ http://localhost:3001/src/lib/util/stats.ts:89
[  293628ms] [LOG] [plausible] version {mermaidVersion: 11.14.0} @ http://localhost:3001/src/lib/util/stats.ts:89
[  293701ms] [LOG] Loading '' @ http://localhost:3001/src/lib/util/state.ts:192
[  293762ms] [LOG] Registration successful, scope is: http://localhost:3001/ @ http://localhost:3001/src/routes/+layout.svelte:42
[  293801ms] [LOG] [plausible] render {diagramType: flowchart-v2, isRough: false, lengthBucket: 0-10, renderTimeMsBucket: 50-100} @ http://localhost:3001/src/lib/util/stats.ts:89
[  294462ms] [LOG] [plausible] version {mermaidVersion: 11.14.0} @ http://localhost:3001/src/lib/util/stats.ts:89
[  294533ms] [LOG] Loading '' @ http://localhost:3001/src/lib/util/state.ts:192
[  294587ms] [LOG] Registration successful, scope is: http://localhost:3001/ @ http://localhost:3001/src/routes/+layout.svelte:42
[  294642ms] [LOG] [plausible] render {diagramType: flowchart-v2, isRough: false, lengthBucket: 0-10, renderTimeMsBucket: 50-100} @ http://localhost:3001/src/lib/util/stats.ts:89
[  295276ms] [LOG] [plausible] version {mermaidVersion: 11.14.0} @ http://localhost:3001/src/lib/util/stats.ts:89
[  295343ms] [LOG] Loading '' @ http://localhost:3001/src/lib/util/state.ts:192
[  295400ms] [LOG] Registration successful, scope is: http://localhost:3001/ @ http://localhost:3001/src/routes/+layout.svelte:42
[  295431ms] [LOG] [plausible] render {diagramType: flowchart-v2, isRough: false, lengthBucket: 0-10, renderTimeMsBucket: 50-100} @ http://localhost:3001/src/lib/util/stats.ts:89
[  296018ms] [LOG] [plausible] version {mermaidVersion: 11.14.0} @ http://localhost:3001/src/lib/util/stats.ts:89
[  296084ms] [LOG] Loading '' @ http://localhost:3001/src/lib/util/state.ts:192
[  296143ms] [LOG] Registration successful, scope is: http://localhost:3001/ @ http://localhost:3001/src/routes/+layout.svelte:42
[  296180ms] [LOG] [plausible] render {diagramType: flowchart-v2, isRough: false, lengthBucket: 0-10, renderTimeMsBucket: 50-100} @ http://localhost:3001/src/lib/util/stats.ts:89
[  296783ms] [LOG] [plausible] version {mermaidVersion: 11.14.0} @ http://localhost:3001/src/lib/util/stats.ts:89
[  296848ms] [LOG] Loading '' @ http://localhost:3001/src/lib/util/state.ts:192
[  296899ms] [LOG] Registration successful, scope is: http://localhost:3001/ @ http://localhost:3001/src/routes/+layout.svelte:42
[  296938ms] [LOG] [plausible] render {diagramType: flowchart-v2, isRough: false, lengthBucket: 0-10, renderTimeMsBucket: 50-100} @ http://localhost:3001/src/lib/util/stats.ts:89
[  296988ms] [LOG] [plausible] render {diagramType: flowchart-v2, isRough: false, lengthBucket: 0-10, renderTimeMsBucket: 25-50} @ http://localhost:3001/src/lib/util/stats.ts:89
[  297628ms] [LOG] [plausible] version {mermaidVersion: 11.14.0} @ http://localhost:3001/src/lib/util/stats.ts:89
[  297693ms] [LOG] Loading '' @ http://localhost:3001/src/lib/util/state.ts:192
[  297748ms] [LOG] Registration successful, scope is: http://localhost:3001/ @ http://localhost:3001/src/routes/+layout.svelte:42
[  297789ms] [LOG] [plausible] render {diagramType: flowchart-v2, isRough: false, lengthBucket: 0-10, renderTimeMsBucket: 50-100} @ http://localhost:3001/src/lib/util/stats.ts:89
[  298400ms] [LOG] [plausible] version {mermaidVersion: 11.14.0} @ http://localhost:3001/src/lib/util/stats.ts:89
[  298466ms] [LOG] Loading '' @ http://localhost:3001/src/lib/util/state.ts:192
[  298527ms] [LOG] Registration successful, scope is: http://localhost:3001/ @ http://localhost:3001/src/routes/+layout.svelte:42
[  298570ms] [LOG] [plausible] render {diagramType: flowchart-v2, isRough: false, lengthBucket: 0-10, renderTimeMsBucket: 50-100} @ http://localhost:3001/src/lib/util/stats.ts:89
[  299174ms] [LOG] [plausible] version {mermaidVersion: 11.14.0} @ http://localhost:3001/src/lib/util/stats.ts:89
[  299245ms] [LOG] Loading '' @ http://localhost:3001/src/lib/util/state.ts:192
[  299306ms] [LOG] Registration successful, scope is: http://localhost:3001/ @ http://localhost:3001/src/routes/+layout.svelte:42
[  299351ms] [LOG] [plausible] render {diagramType: flowchart-v2, isRough: false, lengthBucket: 0-10, renderTimeMsBucket: 50-100} @ http://localhost:3001/src/lib/util/stats.ts:89
[  299951ms] [LOG] [plausible] version {mermaidVersion: 11.14.0} @ http://localhost:3001/src/lib/util/stats.ts:89
[  300023ms] [LOG] Loading '' @ http://localhost:3001/src/lib/util/state.ts:192
[  300078ms] [LOG] Registration successful, scope is: http://localhost:3001/ @ http://localhost:3001/src/routes/+layout.svelte:42
[  300120ms] [LOG] [plausible] render {diagramType: flowchart-v2, isRough: false, lengthBucket: 0-10, renderTimeMsBucket: 50-100} @ http://localhost:3001/src/lib/util/stats.ts:89
[  300736ms] [LOG] [plausible] version {mermaidVersion: 11.14.0} @ http://localhost:3001/src/lib/util/stats.ts:89
[  300802ms] [LOG] Loading '' @ http://localhost:3001/src/lib/util/state.ts:192
[  300863ms] [LOG] Registration successful, scope is: http://localhost:3001/ @ http://localhost:3001/src/routes/+layout.svelte:42
[  300913ms] [LOG] [plausible] render {diagramType: flowchart-v2, isRough: false, lengthBucket: 0-10, renderTimeMsBucket: 50-100} @ http://localhost:3001/src/lib/util/stats.ts:89
[  301595ms] [LOG] [plausible] version {mermaidVersion: 11.14.0} @ http://localhost:3001/src/lib/util/stats.ts:89
[  301664ms] [LOG] Loading '' @ http://localhost:3001/src/lib/util/state.ts:192
[  301729ms] [LOG] Registration successful, scope is: http://localhost:3001/ @ http://localhost:3001/src/routes/+layout.svelte:42
[  301771ms] [LOG] [plausible] render {diagramType: flowchart-v2, isRough: false, lengthBucket: 0-10, renderTimeMsBucket: 50-100} @ http://localhost:3001/src/lib/util/stats.ts:89
[  302396ms] [LOG] [plausible] version {mermaidVersion: 11.14.0} @ http://localhost:3001/src/lib/util/stats.ts:89
[  302469ms] [LOG] Loading '' @ http://localhost:3001/src/lib/util/state.ts:192
[  302526ms] [LOG] Registration successful, scope is: http://localhost:3001/ @ http://localhost:3001/src/routes/+layout.svelte:42
[  302569ms] [LOG] [plausible] render {diagramType: flowchart-v2, isRough: false, lengthBucket: 0-10, renderTimeMsBucket: 50-100} @ http://localhost:3001/src/lib/util/stats.ts:89
[  303213ms] [LOG] [plausible] version {mermaidVersion: 11.14.0} @ http://localhost:3001/src/lib/util/stats.ts:89
[  303282ms] [LOG] Loading '' @ http://localhost:3001/src/lib/util/state.ts:192
[  303337ms] [LOG] Registration successful, scope is: http://localhost:3001/ @ http://localhost:3001/src/routes/+layout.svelte:42
[  303379ms] [LOG] [plausible] render {diagramType: flowchart-v2, isRough: false, lengthBucket: 0-10, renderTimeMsBucket: 50-100} @ http://localhost:3001/src/lib/util/stats.ts:89
[  303987ms] [LOG] [plausible] version {mermaidVersion: 11.14.0} @ http://localhost:3001/src/lib/util/stats.ts:89
[  304068ms] [LOG] Loading '' @ http://localhost:3001/src/lib/util/state.ts:192
[  304174ms] [LOG] [plausible] render {diagramType: flowchart-v2, isRough: false, lengthBucket: 0-10, renderTimeMsBucket: 50-100} @ http://localhost:3001/src/lib/util/stats.ts:89
[  304187ms] [LOG] Registration successful, scope is: http://localhost:3001/ @ http://localhost:3001/src/routes/+layout.svelte:42
[  304770ms] [LOG] [plausible] version {mermaidVersion: 11.14.0} @ http://localhost:3001/src/lib/util/stats.ts:89
[  304847ms] [LOG] Loading '' @ http://localhost:3001/src/lib/util/state.ts:192
[  304907ms] [LOG] Registration successful, scope is: http://localhost:3001/ @ http://localhost:3001/src/routes/+layout.svelte:42
[  304954ms] [LOG] [plausible] render {diagramType: flowchart-v2, isRough: false, lengthBucket: 0-10, renderTimeMsBucket: 50-100} @ http://localhost:3001/src/lib/util/stats.ts:89
[  305612ms] [LOG] [plausible] version {mermaidVersion: 11.14.0} @ http://localhost:3001/src/lib/util/stats.ts:89
[  305684ms] [LOG] Loading '' @ http://localhost:3001/src/lib/util/state.ts:192
[  305744ms] [LOG] Registration successful, scope is: http://localhost:3001/ @ http://localhost:3001/src/routes/+layout.svelte:42
[  305789ms] [LOG] [plausible] render {diagramType: flowchart-v2, isRough: false, lengthBucket: 0-10, renderTimeMsBucket: 50-100} @ http://localhost:3001/src/lib/util/stats.ts:89
[  306446ms] [LOG] [plausible] version {mermaidVersion: 11.14.0} @ http://localhost:3001/src/lib/util/stats.ts:89
[  306516ms] [LOG] Loading '' @ http://localhost:3001/src/lib/util/state.ts:192
[  306572ms] [LOG] Registration successful, scope is: http://localhost:3001/ @ http://localhost:3001/src/routes/+layout.svelte:42
[  306618ms] [LOG] [plausible] render {diagramType: flowchart-v2, isRough: false, lengthBucket: 0-10, renderTimeMsBucket: 50-100} @ http://localhost:3001/src/lib/util/stats.ts:89
[  307266ms] [LOG] [plausible] version {mermaidVersion: 11.14.0} @ http://localhost:3001/src/lib/util/stats.ts:89
[  307335ms] [LOG] Loading '' @ http://localhost:3001/src/lib/util/state.ts:192
[  307395ms] [LOG] Registration successful, scope is: http://localhost:3001/ @ http://localhost:3001/src/routes/+layout.svelte:42
[  307440ms] [LOG] [plausible] render {diagramType: flowchart-v2, isRough: false, lengthBucket: 0-10, renderTimeMsBucket: 50-100} @ http://localhost:3001/src/lib/util/stats.ts:89
[  308073ms] [LOG] [plausible] version {mermaidVersion: 11.14.0} @ http://localhost:3001/src/lib/util/stats.ts:89
[  308145ms] [LOG] Loading '' @ http://localhost:3001/src/lib/util/state.ts:192
[  308202ms] [LOG] Registration successful, scope is: http://localhost:3001/ @ http://localhost:3001/src/routes/+layout.svelte:42
[  308244ms] [LOG] [plausible] render {diagramType: flowchart-v2, isRough: false, lengthBucket: 0-10, renderTimeMsBucket: 50-100} @ http://localhost:3001/src/lib/util/stats.ts:89
[  308841ms] [LOG] [plausible] version {mermaidVersion: 11.14.0} @ http://localhost:3001/src/lib/util/stats.ts:89
[  308914ms] [LOG] Loading '' @ http://localhost:3001/src/lib/util/state.ts:192
[  308964ms] [LOG] Registration successful, scope is: http://localhost:3001/ @ http://localhost:3001/src/routes/+layout.svelte:42
[  309002ms] [LOG] [plausible] render {diagramType: flowchart-v2, isRough: false, lengthBucket: 0-10, renderTimeMsBucket: 50-100} @ http://localhost:3001/src/lib/util/stats.ts:89
[  309618ms] [LOG] [plausible] version {mermaidVersion: 11.14.0} @ http://localhost:3001/src/lib/util/stats.ts:89
[  309691ms] [LOG] Loading '' @ http://localhost:3001/src/lib/util/state.ts:192
[  309745ms] [LOG] Registration successful, scope is: http://localhost:3001/ @ http://localhost:3001/src/routes/+layout.svelte:42
[  309785ms] [LOG] [plausible] render {diagramType: flowchart-v2, isRough: false, lengthBucket: 0-10, renderTimeMsBucket: 50-100} @ http://localhost:3001/src/lib/util/stats.ts:89
[  309836ms] [LOG] [plausible] render {diagramType: flowchart-v2, isRough: false, lengthBucket: 0-10, renderTimeMsBucket: 25-50} @ http://localhost:3001/src/lib/util/stats.ts:89
[  310659ms] [LOG] [plausible] version {mermaidVersion: 11.14.0} @ http://localhost:3001/src/lib/util/stats.ts:89
[  310735ms] [LOG] Loading '' @ http://localhost:3001/src/lib/util/state.ts:192
[  310795ms] [LOG] Registration successful, scope is: http://localhost:3001/ @ http://localhost:3001/src/routes/+layout.svelte:42
[  310838ms] [LOG] [plausible] render {diagramType: flowchart-v2, isRough: false, lengthBucket: 0-10, renderTimeMsBucket: 50-100} @ http://localhost:3001/src/lib/util/stats.ts:89
[  311485ms] [LOG] [plausible] version {mermaidVersion: 11.14.0} @ http://localhost:3001/src/lib/util/stats.ts:89
[  311557ms] [LOG] Loading '' @ http://localhost:3001/src/lib/util/state.ts:192
[  311614ms] [LOG] Registration successful, scope is: http://localhost:3001/ @ http://localhost:3001/src/routes/+layout.svelte:42
[  311654ms] [LOG] [plausible] render {diagramType: flowchart-v2, isRough: false, lengthBucket: 0-10, renderTimeMsBucket: 50-100} @ http://localhost:3001/src/lib/util/stats.ts:89
[  312310ms] [LOG] [plausible] version {mermaidVersion: 11.14.0} @ http://localhost:3001/src/lib/util/stats.ts:89
[  312379ms] [LOG] Loading '' @ http://localhost:3001/src/lib/util/state.ts:192
[  312429ms] [LOG] Registration successful, scope is: http://localhost:3001/ @ http://localhost:3001/src/routes/+layout.svelte:42
[  312467ms] [LOG] [plausible] render {diagramType: flowchart-v2, isRough: false, lengthBucket: 0-10, renderTimeMsBucket: 50-100} @ http://localhost:3001/src/lib/util/stats.ts:89
[  313100ms] [LOG] [plausible] version {mermaidVersion: 11.14.0} @ http://localhost:3001/src/lib/util/stats.ts:89
[  313172ms] [LOG] Loading '' @ http://localhost:3001/src/lib/util/state.ts:192
[  313227ms] [LOG] Registration successful, scope is: http://localhost:3001/ @ http://localhost:3001/src/routes/+layout.svelte:42
[  313268ms] [LOG] [plausible] render {diagramType: flowchart-v2, isRough: false, lengthBucket: 0-10, renderTimeMsBucket: 50-100} @ http://localhost:3001/src/lib/util/stats.ts:89
[  313877ms] [LOG] [plausible] version {mermaidVersion: 11.14.0} @ http://localhost:3001/src/lib/util/stats.ts:89
[  313944ms] [LOG] Loading '' @ http://localhost:3001/src/lib/util/state.ts:192
[  314004ms] [LOG] Registration successful, scope is: http://localhost:3001/ @ http://localhost:3001/src/routes/+layout.svelte:42
[  314041ms] [LOG] [plausible] render {diagramType: flowchart-v2, isRough: false, lengthBucket: 0-10, renderTimeMsBucket: 50-100} @ http://localhost:3001/src/lib/util/stats.ts:89
[  314648ms] [LOG] [plausible] version {mermaidVersion: 11.14.0} @ http://localhost:3001/src/lib/util/stats.ts:89
[  314721ms] [LOG] Loading '' @ http://localhost:3001/src/lib/util/state.ts:192
[  314772ms] [LOG] Registration successful, scope is: http://localhost:3001/ @ http://localhost:3001/src/routes/+layout.svelte:42
[  314802ms] [LOG] [plausible] render {diagramType: flowchart-v2, isRough: false, lengthBucket: 0-10, renderTimeMsBucket: 50-100} @ http://localhost:3001/src/lib/util/stats.ts:89
[  315449ms] [LOG] [plausible] version {mermaidVersion: 11.14.0} @ http://localhost:3001/src/lib/util/stats.ts:89
[  315513ms] [LOG] Loading '' @ http://localhost:3001/src/lib/util/state.ts:192
[  315558ms] [LOG] Registration successful, scope is: http://localhost:3001/ @ http://localhost:3001/src/routes/+layout.svelte:42
[  316199ms] [LOG] [plausible] version {mermaidVersion: 11.14.0} @ http://localhost:3001/src/lib/util/stats.ts:89
[  316278ms] [LOG] Loading '' @ http://localhost:3001/src/lib/util/state.ts:192
[  316332ms] [LOG] Registration successful, scope is: http://localhost:3001/ @ http://localhost:3001/src/routes/+layout.svelte:42
[  316372ms] [LOG] [plausible] render {diagramType: flowchart-v2, isRough: false, lengthBucket: 0-10, renderTimeMsBucket: 50-100} @ http://localhost:3001/src/lib/util/stats.ts:89
[  316968ms] [LOG] [plausible] version {mermaidVersion: 11.14.0} @ http://localhost:3001/src/lib/util/stats.ts:89
[  317027ms] [LOG] Loading '' @ http://localhost:3001/src/lib/util/state.ts:192
[  317087ms] [LOG] Registration successful, scope is: http://localhost:3001/ @ http://localhost:3001/src/routes/+layout.svelte:42
[  317125ms] [LOG] [plausible] render {diagramType: flowchart-v2, isRough: false, lengthBucket: 0-10, renderTimeMsBucket: 50-100} @ http://localhost:3001/src/lib/util/stats.ts:89
[  317710ms] [LOG] [plausible] version {mermaidVersion: 11.14.0} @ http://localhost:3001/src/lib/util/stats.ts:89
[  317781ms] [LOG] Loading '' @ http://localhost:3001/src/lib/util/state.ts:192
[  317836ms] [LOG] Registration successful, scope is: http://localhost:3001/ @ http://localhost:3001/src/routes/+layout.svelte:42
[  317877ms] [LOG] [plausible] render {diagramType: flowchart-v2, isRough: false, lengthBucket: 0-10, renderTimeMsBucket: 50-100} @ http://localhost:3001/src/lib/util/stats.ts:89
[  318539ms] [LOG] [plausible] version {mermaidVersion: 11.14.0} @ http://localhost:3001/src/lib/util/stats.ts:89
[  318612ms] [LOG] Loading '' @ http://localhost:3001/src/lib/util/state.ts:192
[  318668ms] [LOG] Registration successful, scope is: http://localhost:3001/ @ http://localhost:3001/src/routes/+layout.svelte:42
[  318708ms] [LOG] [plausible] render {diagramType: flowchart-v2, isRough: false, lengthBucket: 0-10, renderTimeMsBucket: 50-100} @ http://localhost:3001/src/lib/util/stats.ts:89
[  319330ms] [LOG] [plausible] version {mermaidVersion: 11.14.0} @ http://localhost:3001/src/lib/util/stats.ts:89
[  319401ms] [LOG] Loading '' @ http://localhost:3001/src/lib/util/state.ts:192
[  319462ms] [LOG] Registration successful, scope is: http://localhost:3001/ @ http://localhost:3001/src/routes/+layout.svelte:42
[  319506ms] [LOG] [plausible] render {diagramType: flowchart-v2, isRough: false, lengthBucket: 0-10, renderTimeMsBucket: 50-100} @ http://localhost:3001/src/lib/util/stats.ts:89
[  320127ms] [LOG] [plausible] version {mermaidVersion: 11.14.0} @ http://localhost:3001/src/lib/util/stats.ts:89
[  320199ms] [LOG] Loading '' @ http://localhost:3001/src/lib/util/state.ts:192
[  320256ms] [LOG] Registration successful, scope is: http://localhost:3001/ @ http://localhost:3001/src/routes/+layout.svelte:42
[  320297ms] [LOG] [plausible] render {diagramType: flowchart-v2, isRough: false, lengthBucket: 0-10, renderTimeMsBucket: 50-100} @ http://localhost:3001/src/lib/util/stats.ts:89
[  321083ms] [LOG] [plausible] version {mermaidVersion: 11.14.0} @ http://localhost:3001/src/lib/util/stats.ts:89
[  321149ms] [LOG] Loading '' @ http://localhost:3001/src/lib/util/state.ts:192
[  321212ms] [LOG] Registration successful, scope is: http://localhost:3001/ @ http://localhost:3001/src/routes/+layout.svelte:42
[  321265ms] [LOG] [plausible] render {diagramType: flowchart-v2, isRough: false, lengthBucket: 0-10, renderTimeMsBucket: 50-100} @ http://localhost:3001/src/lib/util/stats.ts:89
[  321319ms] [LOG] [plausible] render {diagramType: flowchart-v2, isRough: false, lengthBucket: 0-10, renderTimeMsBucket: 25-50} @ http://localhost:3001/src/lib/util/stats.ts:89
[  321902ms] [LOG] [plausible] version {mermaidVersion: 11.14.0} @ http://localhost:3001/src/lib/util/stats.ts:89
[  321973ms] [LOG] Loading '' @ http://localhost:3001/src/lib/util/state.ts:192
[  322033ms] [LOG] Registration successful, scope is: http://localhost:3001/ @ http://localhost:3001/src/routes/+layout.svelte:42
[  322074ms] [LOG] [plausible] render {diagramType: flowchart-v2, isRough: false, lengthBucket: 0-10, renderTimeMsBucket: 50-100} @ http://localhost:3001/src/lib/util/stats.ts:89
[  322667ms] [LOG] [plausible] version {mermaidVersion: 11.14.0} @ http://localhost:3001/src/lib/util/stats.ts:89
[  322742ms] [LOG] Loading '' @ http://localhost:3001/src/lib/util/state.ts:192
[  322799ms] [LOG] Registration successful, scope is: http://localhost:3001/ @ http://localhost:3001/src/routes/+layout.svelte:42
[  322844ms] [LOG] [plausible] render {diagramType: flowchart-v2, isRough: false, lengthBucket: 0-10, renderTimeMsBucket: 50-100} @ http://localhost:3001/src/lib/util/stats.ts:89
[  323432ms] [LOG] [plausible] version {mermaidVersion: 11.14.0} @ http://localhost:3001/src/lib/util/stats.ts:89
[  323508ms] [LOG] Loading '' @ http://localhost:3001/src/lib/util/state.ts:192
[  323571ms] [LOG] Registration successful, scope is: http://localhost:3001/ @ http://localhost:3001/src/routes/+layout.svelte:42
[  323614ms] [LOG] [plausible] render {diagramType: flowchart-v2, isRough: false, lengthBucket: 0-10, renderTimeMsBucket: 50-100} @ http://localhost:3001/src/lib/util/stats.ts:89
[  324378ms] [LOG] [plausible] version {mermaidVersion: 11.14.0} @ http://localhost:3001/src/lib/util/stats.ts:89
[  324454ms] [LOG] Loading '' @ http://localhost:3001/src/lib/util/state.ts:192
[  324514ms] [LOG] Registration successful, scope is: http://localhost:3001/ @ http://localhost:3001/src/routes/+layout.svelte:42
[  324557ms] [LOG] [plausible] render {diagramType: flowchart-v2, isRough: false, lengthBucket: 0-10, renderTimeMsBucket: 50-100} @ http://localhost:3001/src/lib/util/stats.ts:89
[  325155ms] [LOG] [plausible] version {mermaidVersion: 11.14.0} @ http://localhost:3001/src/lib/util/stats.ts:89
[  325227ms] [LOG] Loading '' @ http://localhost:3001/src/lib/util/state.ts:192
[  325283ms] [LOG] Registration successful, scope is: http://localhost:3001/ @ http://localhost:3001/src/routes/+layout.svelte:42
[  325324ms] [LOG] [plausible] render {diagramType: flowchart-v2, isRough: false, lengthBucket: 0-10, renderTimeMsBucket: 50-100} @ http://localhost:3001/src/lib/util/stats.ts:89
[  325918ms] [LOG] [plausible] version {mermaidVersion: 11.14.0} @ http://localhost:3001/src/lib/util/stats.ts:89
[  325981ms] [LOG] Loading '' @ http://localhost:3001/src/lib/util/state.ts:192
[  326041ms] [LOG] Registration successful, scope is: http://localhost:3001/ @ http://localhost:3001/src/routes/+layout.svelte:42
[  326085ms] [LOG] [plausible] render {diagramType: flowchart-v2, isRough: false, lengthBucket: 0-10, renderTimeMsBucket: 50-100} @ http://localhost:3001/src/lib/util/stats.ts:89
[  326708ms] [LOG] [plausible] version {mermaidVersion: 11.14.0} @ http://localhost:3001/src/lib/util/stats.ts:89
[  326773ms] [LOG] Loading '' @ http://localhost:3001/src/lib/util/state.ts:192
[  326838ms] [LOG] Registration successful, scope is: http://localhost:3001/ @ http://localhost:3001/src/routes/+layout.svelte:42
[  326880ms] [LOG] [plausible] render {diagramType: flowchart-v2, isRough: false, lengthBucket: 0-10, renderTimeMsBucket: 50-100} @ http://localhost:3001/src/lib/util/stats.ts:89
[  327547ms] [LOG] [plausible] version {mermaidVersion: 11.14.0} @ http://localhost:3001/src/lib/util/stats.ts:89
[  327619ms] [LOG] Loading '' @ http://localhost:3001/src/lib/util/state.ts:192
[  327675ms] [LOG] Registration successful, scope is: http://localhost:3001/ @ http://localhost:3001/src/routes/+layout.svelte:42
[  327716ms] [LOG] [plausible] render {diagramType: flowchart-v2, isRough: false, lengthBucket: 0-10, renderTimeMsBucket: 50-100} @ http://localhost:3001/src/lib/util/stats.ts:89
[  328320ms] [LOG] [plausible] version {mermaidVersion: 11.14.0} @ http://localhost:3001/src/lib/util/stats.ts:89
[  328389ms] [LOG] Loading '' @ http://localhost:3001/src/lib/util/state.ts:192
[  328442ms] [LOG] Registration successful, scope is: http://localhost:3001/ @ http://localhost:3001/src/routes/+layout.svelte:42
[  328488ms] [LOG] [plausible] render {diagramType: flowchart-v2, isRough: false, lengthBucket: 0-10, renderTimeMsBucket: 50-100} @ http://localhost:3001/src/lib/util/stats.ts:89
[  329097ms] [LOG] [plausible] version {mermaidVersion: 11.14.0} @ http://localhost:3001/src/lib/util/stats.ts:89
[  329161ms] [LOG] Loading '' @ http://localhost:3001/src/lib/util/state.ts:192
[  329211ms] [LOG] Registration successful, scope is: http://localhost:3001/ @ http://localhost:3001/src/routes/+layout.svelte:42
[  329248ms] [LOG] [plausible] render {diagramType: flowchart-v2, isRough: false, lengthBucket: 0-10, renderTimeMsBucket: 50-100} @ http://localhost:3001/src/lib/util/stats.ts:89
[  329879ms] [LOG] [plausible] version {mermaidVersion: 11.14.0} @ http://localhost:3001/src/lib/util/stats.ts:89
[  329943ms] [LOG] Loading '' @ http://localhost:3001/src/lib/util/state.ts:192
[  330004ms] [LOG] Registration successful, scope is: http://localhost:3001/ @ http://localhost:3001/src/routes/+layout.svelte:42
[  330046ms] [LOG] [plausible] render {diagramType: flowchart-v2, isRough: false, lengthBucket: 0-10, renderTimeMsBucket: 50-100} @ http://localhost:3001/src/lib/util/stats.ts:89
[  330679ms] [LOG] [plausible] version {mermaidVersion: 11.14.0} @ http://localhost:3001/src/lib/util/stats.ts:89
[  330753ms] [LOG] Loading '' @ http://localhost:3001/src/lib/util/state.ts:192
[  330808ms] [LOG] Registration successful, scope is: http://localhost:3001/ @ http://localhost:3001/src/routes/+layout.svelte:42
[  330846ms] [LOG] [plausible] render {diagramType: flowchart-v2, isRough: false, lengthBucket: 0-10, renderTimeMsBucket: 50-100} @ http://localhost:3001/src/lib/util/stats.ts:89
[  331450ms] [LOG] [plausible] version {mermaidVersion: 11.14.0} @ http://localhost:3001/src/lib/util/stats.ts:89
[  331521ms] [LOG] Loading '' @ http://localhost:3001/src/lib/util/state.ts:192
[  331585ms] [LOG] Registration successful, scope is: http://localhost:3001/ @ http://localhost:3001/src/routes/+layout.svelte:42
[  331627ms] [LOG] [plausible] render {diagramType: flowchart-v2, isRough: false, lengthBucket: 0-10, renderTimeMsBucket: 50-100} @ http://localhost:3001/src/lib/util/stats.ts:89
[  331690ms] [LOG] [plausible] render {diagramType: flowchart-v2, isRough: false, lengthBucket: 0-10, renderTimeMsBucket: 50-100} @ http://localhost:3001/src/lib/util/stats.ts:89
[  332334ms] [LOG] [plausible] version {mermaidVersion: 11.14.0} @ http://localhost:3001/src/lib/util/stats.ts:89
[  332402ms] [LOG] Loading '' @ http://localhost:3001/src/lib/util/state.ts:192
[  332457ms] [LOG] Registration successful, scope is: http://localhost:3001/ @ http://localhost:3001/src/routes/+layout.svelte:42
[  332496ms] [LOG] [plausible] render {diagramType: flowchart-v2, isRough: false, lengthBucket: 0-10, renderTimeMsBucket: 50-100} @ http://localhost:3001/src/lib/util/stats.ts:89
[  333070ms] [LOG] [plausible] version {mermaidVersion: 11.14.0} @ http://localhost:3001/src/lib/util/stats.ts:89
[  333136ms] [LOG] Loading '' @ http://localhost:3001/src/lib/util/state.ts:192
[  333189ms] [LOG] Registration successful, scope is: http://localhost:3001/ @ http://localhost:3001/src/routes/+layout.svelte:42
[  333231ms] [LOG] [plausible] render {diagramType: flowchart-v2, isRough: false, lengthBucket: 0-10, renderTimeMsBucket: 50-100} @ http://localhost:3001/src/lib/util/stats.ts:89
[  333833ms] [LOG] [plausible] version {mermaidVersion: 11.14.0} @ http://localhost:3001/src/lib/util/stats.ts:89
[  333905ms] [LOG] Loading '' @ http://localhost:3001/src/lib/util/state.ts:192
[  333959ms] [LOG] Registration successful, scope is: http://localhost:3001/ @ http://localhost:3001/src/routes/+layout.svelte:42
[  333991ms] [LOG] [plausible] render {diagramType: flowchart-v2, isRough: false, lengthBucket: 0-10, renderTimeMsBucket: 50-100} @ http://localhost:3001/src/lib/util/stats.ts:89
[  334668ms] [LOG] [plausible] version {mermaidVersion: 11.14.0} @ http://localhost:3001/src/lib/util/stats.ts:89
[  334745ms] [LOG] Loading '' @ http://localhost:3001/src/lib/util/state.ts:192
[  334800ms] [LOG] Registration successful, scope is: http://localhost:3001/ @ http://localhost:3001/src/routes/+layout.svelte:42
[  334849ms] [LOG] [plausible] render {diagramType: flowchart-v2, isRough: false, lengthBucket: 0-10, renderTimeMsBucket: 50-100} @ http://localhost:3001/src/lib/util/stats.ts:89
[  335488ms] [LOG] [plausible] version {mermaidVersion: 11.14.0} @ http://localhost:3001/src/lib/util/stats.ts:89
[  335563ms] [LOG] Loading '' @ http://localhost:3001/src/lib/util/state.ts:192
[  335625ms] [LOG] Registration successful, scope is: http://localhost:3001/ @ http://localhost:3001/src/routes/+layout.svelte:42
[  335672ms] [LOG] [plausible] render {diagramType: flowchart-v2, isRough: false, lengthBucket: 0-10, renderTimeMsBucket: 50-100} @ http://localhost:3001/src/lib/util/stats.ts:89
[  336304ms] [LOG] [plausible] version {mermaidVersion: 11.14.0} @ http://localhost:3001/src/lib/util/stats.ts:89
[  336365ms] [LOG] Loading '' @ http://localhost:3001/src/lib/util/state.ts:192
[  336426ms] [LOG] Registration successful, scope is: http://localhost:3001/ @ http://localhost:3001/src/routes/+layout.svelte:42
[  336472ms] [LOG] [plausible] render {diagramType: flowchart-v2, isRough: false, lengthBucket: 0-10, renderTimeMsBucket: 50-100} @ http://localhost:3001/src/lib/util/stats.ts:89
[  337074ms] [LOG] [plausible] version {mermaidVersion: 11.14.0} @ http://localhost:3001/src/lib/util/stats.ts:89
[  337145ms] [LOG] Loading '' @ http://localhost:3001/src/lib/util/state.ts:192
[  337198ms] [LOG] Registration successful, scope is: http://localhost:3001/ @ http://localhost:3001/src/routes/+layout.svelte:42
[  337242ms] [LOG] [plausible] render {diagramType: flowchart-v2, isRough: false, lengthBucket: 0-10, renderTimeMsBucket: 50-100} @ http://localhost:3001/src/lib/util/stats.ts:89
[  337832ms] [LOG] [plausible] version {mermaidVersion: 11.14.0} @ http://localhost:3001/src/lib/util/stats.ts:89
[  337894ms] [LOG] Loading '' @ http://localhost:3001/src/lib/util/state.ts:192
[  337952ms] [LOG] Registration successful, scope is: http://localhost:3001/ @ http://localhost:3001/src/routes/+layout.svelte:42
[  338003ms] [LOG] [plausible] render {diagramType: flowchart-v2, isRough: false, lengthBucket: 0-10, renderTimeMsBucket: 50-100} @ http://localhost:3001/src/lib/util/stats.ts:89
[  338598ms] [LOG] [plausible] version {mermaidVersion: 11.14.0} @ http://localhost:3001/src/lib/util/stats.ts:89
[  338663ms] [LOG] Loading '' @ http://localhost:3001/src/lib/util/state.ts:192
[  338724ms] [LOG] Registration successful, scope is: http://localhost:3001/ @ http://localhost:3001/src/routes/+layout.svelte:42
[  338772ms] [LOG] [plausible] render {diagramType: flowchart-v2, isRough: false, lengthBucket: 0-10, renderTimeMsBucket: 50-100} @ http://localhost:3001/src/lib/util/stats.ts:89
[  339399ms] [LOG] [plausible] version {mermaidVersion: 11.14.0} @ http://localhost:3001/src/lib/util/stats.ts:89
[  339470ms] [LOG] Loading '' @ http://localhost:3001/src/lib/util/state.ts:192
[  339520ms] [LOG] Registration successful, scope is: http://localhost:3001/ @ http://localhost:3001/src/routes/+layout.svelte:42
[  339566ms] [LOG] [plausible] render {diagramType: flowchart-v2, isRough: false, lengthBucket: 0-10, renderTimeMsBucket: 50-100} @ http://localhost:3001/src/lib/util/stats.ts:89
[  340210ms] [LOG] [plausible] version {mermaidVersion: 11.14.0} @ http://localhost:3001/src/lib/util/stats.ts:89
[  340282ms] [LOG] Loading '' @ http://localhost:3001/src/lib/util/state.ts:192
[  340339ms] [LOG] Registration successful, scope is: http://localhost:3001/ @ http://localhost:3001/src/routes/+layout.svelte:42
[  340379ms] [LOG] [plausible] render {diagramType: flowchart-v2, isRough: false, lengthBucket: 0-10, renderTimeMsBucket: 50-100} @ http://localhost:3001/src/lib/util/stats.ts:89
[  340953ms] [LOG] [plausible] version {mermaidVersion: 11.14.0} @ http://localhost:3001/src/lib/util/stats.ts:89
[  341023ms] [LOG] Loading '' @ http://localhost:3001/src/lib/util/state.ts:192
[  341078ms] [LOG] Registration successful, scope is: http://localhost:3001/ @ http://localhost:3001/src/routes/+layout.svelte:42
[  341136ms] [LOG] [plausible] render {diagramType: flowchart-v2, isRough: false, lengthBucket: 0-10, renderTimeMsBucket: 50-100} @ http://localhost:3001/src/lib/util/stats.ts:89
[  341747ms] [LOG] [plausible] version {mermaidVersion: 11.14.0} @ http://localhost:3001/src/lib/util/stats.ts:89
[  341829ms] [LOG] Loading '' @ http://localhost:3001/src/lib/util/state.ts:192
[  341895ms] [LOG] Registration successful, scope is: http://localhost:3001/ @ http://localhost:3001/src/routes/+layout.svelte:42
[  341945ms] [LOG] [plausible] render {diagramType: flowchart-v2, isRough: false, lengthBucket: 0-10, renderTimeMsBucket: 50-100} @ http://localhost:3001/src/lib/util/stats.ts:89
[  342854ms] [LOG] [plausible] version {mermaidVersion: 11.14.0} @ http://localhost:3001/src/lib/util/stats.ts:89
[  342928ms] [LOG] Loading '' @ http://localhost:3001/src/lib/util/state.ts:192
[  342981ms] [LOG] Registration successful, scope is: http://localhost:3001/ @ http://localhost:3001/src/routes/+layout.svelte:42
[  343028ms] [LOG] [plausible] render {diagramType: flowchart-v2, isRough: false, lengthBucket: 0-10, renderTimeMsBucket: 50-100} @ http://localhost:3001/src/lib/util/stats.ts:89
[  343644ms] [LOG] [plausible] version {mermaidVersion: 11.14.0} @ http://localhost:3001/src/lib/util/stats.ts:89
[  343710ms] [LOG] Loading '' @ http://localhost:3001/src/lib/util/state.ts:192
[  343771ms] [LOG] Registration successful, scope is: http://localhost:3001/ @ http://localhost:3001/src/routes/+layout.svelte:42
[  343812ms] [LOG] [plausible] render {diagramType: flowchart-v2, isRough: false, lengthBucket: 0-10, renderTimeMsBucket: 50-100} @ http://localhost:3001/src/lib/util/stats.ts:89
[  344446ms] [LOG] [plausible] version {mermaidVersion: 11.14.0} @ http://localhost:3001/src/lib/util/stats.ts:89
[  344518ms] [LOG] Loading '' @ http://localhost:3001/src/lib/util/state.ts:192
[  344573ms] [LOG] Registration successful, scope is: http://localhost:3001/ @ http://localhost:3001/src/routes/+layout.svelte:42
[  344623ms] [LOG] [plausible] render {diagramType: flowchart-v2, isRough: false, lengthBucket: 0-10, renderTimeMsBucket: 50-100} @ http://localhost:3001/src/lib/util/stats.ts:89
[  345234ms] [LOG] [plausible] version {mermaidVersion: 11.14.0} @ http://localhost:3001/src/lib/util/stats.ts:89
[  345315ms] [LOG] Loading '' @ http://localhost:3001/src/lib/util/state.ts:192
[  345369ms] [LOG] Registration successful, scope is: http://localhost:3001/ @ http://localhost:3001/src/routes/+layout.svelte:42
[  345405ms] [LOG] [plausible] render {diagramType: flowchart-v2, isRough: false, lengthBucket: 0-10, renderTimeMsBucket: 50-100} @ http://localhost:3001/src/lib/util/stats.ts:89
[  345999ms] [LOG] [plausible] version {mermaidVersion: 11.14.0} @ http://localhost:3001/src/lib/util/stats.ts:89
[  346052ms] [LOG] Loading '' @ http://localhost:3001/src/lib/util/state.ts:192
[  346108ms] [LOG] Registration successful, scope is: http://localhost:3001/ @ http://localhost:3001/src/routes/+layout.svelte:42
[  346147ms] [LOG] [plausible] render {diagramType: flowchart-v2, isRough: false, lengthBucket: 0-10, renderTimeMsBucket: 50-100} @ http://localhost:3001/src/lib/util/stats.ts:89
[  346721ms] [LOG] [plausible] version {mermaidVersion: 11.14.0} @ http://localhost:3001/src/lib/util/stats.ts:89
[  346790ms] [LOG] Loading '' @ http://localhost:3001/src/lib/util/state.ts:192
[  346847ms] [LOG] Registration successful, scope is: http://localhost:3001/ @ http://localhost:3001/src/routes/+layout.svelte:42
[  346889ms] [LOG] [plausible] render {diagramType: flowchart-v2, isRough: false, lengthBucket: 0-10, renderTimeMsBucket: 50-100} @ http://localhost:3001/src/lib/util/stats.ts:89
[  347534ms] [LOG] [plausible] version {mermaidVersion: 11.14.0} @ http://localhost:3001/src/lib/util/stats.ts:89
[  347603ms] [LOG] Loading '' @ http://localhost:3001/src/lib/util/state.ts:192
[  347663ms] [LOG] Registration successful, scope is: http://localhost:3001/ @ http://localhost:3001/src/routes/+layout.svelte:42
[  347708ms] [LOG] [plausible] render {diagramType: flowchart-v2, isRough: false, lengthBucket: 0-10, renderTimeMsBucket: 50-100} @ http://localhost:3001/src/lib/util/stats.ts:89
[  348328ms] [LOG] [plausible] version {mermaidVersion: 11.14.0} @ http://localhost:3001/src/lib/util/stats.ts:89
[  348395ms] [LOG] Loading '' @ http://localhost:3001/src/lib/util/state.ts:192
[  348453ms] [LOG] Registration successful, scope is: http://localhost:3001/ @ http://localhost:3001/src/routes/+layout.svelte:42
[  348493ms] [LOG] [plausible] render {diagramType: flowchart-v2, isRough: false, lengthBucket: 0-10, renderTimeMsBucket: 50-100} @ http://localhost:3001/src/lib/util/stats.ts:89
[  349090ms] [LOG] [plausible] version {mermaidVersion: 11.14.0} @ http://localhost:3001/src/lib/util/stats.ts:89
[  349149ms] [LOG] Loading '' @ http://localhost:3001/src/lib/util/state.ts:192
[  349216ms] [LOG] Registration successful, scope is: http://localhost:3001/ @ http://localhost:3001/src/routes/+layout.svelte:42
[  349262ms] [LOG] [plausible] render {diagramType: flowchart-v2, isRough: false, lengthBucket: 0-10, renderTimeMsBucket: 50-100} @ http://localhost:3001/src/lib/util/stats.ts:89
[  349852ms] [LOG] [plausible] version {mermaidVersion: 11.14.0} @ http://localhost:3001/src/lib/util/stats.ts:89
[  349923ms] [LOG] Loading '' @ http://localhost:3001/src/lib/util/state.ts:192
[  349979ms] [LOG] Registration successful, scope is: http://localhost:3001/ @ http://localhost:3001/src/routes/+layout.svelte:42
[  350023ms] [LOG] [plausible] render {diagramType: flowchart-v2, isRough: false, lengthBucket: 0-10, renderTimeMsBucket: 50-100} @ http://localhost:3001/src/lib/util/stats.ts:89
[  350608ms] [LOG] [plausible] version {mermaidVersion: 11.14.0} @ http://localhost:3001/src/lib/util/stats.ts:89
[  350691ms] [LOG] Loading '' @ http://localhost:3001/src/lib/util/state.ts:192
[  350749ms] [LOG] Registration successful, scope is: http://localhost:3001/ @ http://localhost:3001/src/routes/+layout.svelte:42
[  350795ms] [LOG] [plausible] render {diagramType: flowchart-v2, isRough: false, lengthBucket: 0-10, renderTimeMsBucket: 50-100} @ http://localhost:3001/src/lib/util/stats.ts:89
[  351430ms] [LOG] [plausible] version {mermaidVersion: 11.14.0} @ http://localhost:3001/src/lib/util/stats.ts:89
[  351501ms] [LOG] Loading '' @ http://localhost:3001/src/lib/util/state.ts:192
[  351557ms] [LOG] Registration successful, scope is: http://localhost:3001/ @ http://localhost:3001/src/routes/+layout.svelte:42
[  351599ms] [LOG] [plausible] render {diagramType: flowchart-v2, isRough: false, lengthBucket: 0-10, renderTimeMsBucket: 50-100} @ http://localhost:3001/src/lib/util/stats.ts:89
[  352208ms] [LOG] [plausible] version {mermaidVersion: 11.14.0} @ http://localhost:3001/src/lib/util/stats.ts:89
[  352281ms] [LOG] Loading '' @ http://localhost:3001/src/lib/util/state.ts:192
[  352339ms] [LOG] Registration successful, scope is: http://localhost:3001/ @ http://localhost:3001/src/routes/+layout.svelte:42
[  352391ms] [LOG] [plausible] render {diagramType: flowchart-v2, isRough: false, lengthBucket: 0-10, renderTimeMsBucket: 50-100} @ http://localhost:3001/src/lib/util/stats.ts:89
[  353002ms] [LOG] [plausible] version {mermaidVersion: 11.14.0} @ http://localhost:3001/src/lib/util/stats.ts:89
[  353078ms] [LOG] Loading '' @ http://localhost:3001/src/lib/util/state.ts:192
[  353130ms] [LOG] Registration successful, scope is: http://localhost:3001/ @ http://localhost:3001/src/routes/+layout.svelte:42
[  353170ms] [LOG] [plausible] render {diagramType: flowchart-v2, isRough: false, lengthBucket: 0-10, renderTimeMsBucket: 50-100} @ http://localhost:3001/src/lib/util/stats.ts:89
[  354042ms] [LOG] [plausible] version {mermaidVersion: 11.14.0} @ http://localhost:3001/src/lib/util/stats.ts:89
[  354116ms] [LOG] Loading '' @ http://localhost:3001/src/lib/util/state.ts:192
[  354172ms] [LOG] Registration successful, scope is: http://localhost:3001/ @ http://localhost:3001/src/routes/+layout.svelte:42
[  354217ms] [LOG] [plausible] render {diagramType: flowchart-v2, isRough: false, lengthBucket: 0-10, renderTimeMsBucket: 50-100} @ http://localhost:3001/src/lib/util/stats.ts:89
[  354833ms] [LOG] [plausible] version {mermaidVersion: 11.14.0} @ http://localhost:3001/src/lib/util/stats.ts:89
[  354891ms] [LOG] Loading '' @ http://localhost:3001/src/lib/util/state.ts:192
[  354946ms] [LOG] Registration successful, scope is: http://localhost:3001/ @ http://localhost:3001/src/routes/+layout.svelte:42
[  354990ms] [LOG] [plausible] render {diagramType: flowchart-v2, isRough: false, lengthBucket: 0-10, renderTimeMsBucket: 50-100} @ http://localhost:3001/src/lib/util/stats.ts:89
[  356331ms] [LOG] [plausible] version {mermaidVersion: 11.14.0} @ http://localhost:3001/src/lib/util/stats.ts:89
[  356400ms] [LOG] Loading '' @ http://localhost:3001/src/lib/util/state.ts:192
[  356465ms] [LOG] Registration successful, scope is: http://localhost:3001/ @ http://localhost:3001/src/routes/+layout.svelte:42
[  356507ms] [LOG] [plausible] render {diagramType: flowchart-v2, isRough: false, lengthBucket: 0-10, renderTimeMsBucket: 50-100} @ http://localhost:3001/src/lib/util/stats.ts:89
[  357143ms] [LOG] [plausible] version {mermaidVersion: 11.14.0} @ http://localhost:3001/src/lib/util/stats.ts:89
[  357207ms] [LOG] Loading '' @ http://localhost:3001/src/lib/util/state.ts:192
[  357266ms] [LOG] Registration successful, scope is: http://localhost:3001/ @ http://localhost:3001/src/routes/+layout.svelte:42
[  357312ms] [LOG] [plausible] render {diagramType: flowchart-v2, isRough: false, lengthBucket: 0-10, renderTimeMsBucket: 50-100} @ http://localhost:3001/src/lib/util/stats.ts:89
[  357898ms] [LOG] [plausible] version {mermaidVersion: 11.14.0} @ http://localhost:3001/src/lib/util/stats.ts:89
[  357965ms] [LOG] Loading '' @ http://localhost:3001/src/lib/util/state.ts:192
[  358013ms] [LOG] Registration successful, scope is: http://localhost:3001/ @ http://localhost:3001/src/routes/+layout.svelte:42
[  358046ms] [LOG] [plausible] render {diagramType: flowchart-v2, isRough: false, lengthBucket: 0-10, renderTimeMsBucket: 50-100} @ http://localhost:3001/src/lib/util/stats.ts:89
[  358653ms] [LOG] [plausible] version {mermaidVersion: 11.14.0} @ http://localhost:3001/src/lib/util/stats.ts:89
[  358717ms] [LOG] Loading '' @ http://localhost:3001/src/lib/util/state.ts:192
[  358772ms] [LOG] Registration successful, scope is: http://localhost:3001/ @ http://localhost:3001/src/routes/+layout.svelte:42
[  358823ms] [LOG] [plausible] render {diagramType: flowchart-v2, isRough: false, lengthBucket: 0-10, renderTimeMsBucket: 50-100} @ http://localhost:3001/src/lib/util/stats.ts:89
[  358874ms] [LOG] [plausible] render {diagramType: flowchart-v2, isRough: false, lengthBucket: 0-10, renderTimeMsBucket: 25-50} @ http://localhost:3001/src/lib/util/stats.ts:89
[  359485ms] [LOG] [plausible] version {mermaidVersion: 11.14.0} @ http://localhost:3001/src/lib/util/stats.ts:89
[  359556ms] [LOG] Loading '' @ http://localhost:3001/src/lib/util/state.ts:192
[  359614ms] [LOG] Registration successful, scope is: http://localhost:3001/ @ http://localhost:3001/src/routes/+layout.svelte:42
[  359655ms] [LOG] [plausible] render {diagramType: flowchart-v2, isRough: false, lengthBucket: 0-10, renderTimeMsBucket: 50-100} @ http://localhost:3001/src/lib/util/stats.ts:89
[  360265ms] [LOG] [plausible] version {mermaidVersion: 11.14.0} @ http://localhost:3001/src/lib/util/stats.ts:89
[  360329ms] [LOG] Loading '' @ http://localhost:3001/src/lib/util/state.ts:192
[  360391ms] [LOG] Registration successful, scope is: http://localhost:3001/ @ http://localhost:3001/src/routes/+layout.svelte:42
[  360434ms] [LOG] [plausible] render {diagramType: flowchart-v2, isRough: false, lengthBucket: 0-10, renderTimeMsBucket: 50-100} @ http://localhost:3001/src/lib/util/stats.ts:89
[  361009ms] [LOG] [plausible] version {mermaidVersion: 11.14.0} @ http://localhost:3001/src/lib/util/stats.ts:89
[  361074ms] [LOG] Loading '' @ http://localhost:3001/src/lib/util/state.ts:192
[  361129ms] [LOG] Registration successful, scope is: http://localhost:3001/ @ http://localhost:3001/src/routes/+layout.svelte:42
[  361171ms] [LOG] [plausible] render {diagramType: flowchart-v2, isRough: false, lengthBucket: 0-10, renderTimeMsBucket: 50-100} @ http://localhost:3001/src/lib/util/stats.ts:89
[  361772ms] [LOG] [plausible] version {mermaidVersion: 11.14.0} @ http://localhost:3001/src/lib/util/stats.ts:89
[  361841ms] [LOG] Loading '' @ http://localhost:3001/src/lib/util/state.ts:192
[  361894ms] [LOG] Registration successful, scope is: http://localhost:3001/ @ http://localhost:3001/src/routes/+layout.svelte:42
[  361939ms] [LOG] [plausible] render {diagramType: flowchart-v2, isRough: false, lengthBucket: 0-10, renderTimeMsBucket: 50-100} @ http://localhost:3001/src/lib/util/stats.ts:89
[  361992ms] [LOG] [plausible] render {diagramType: flowchart-v2, isRough: false, lengthBucket: 0-10, renderTimeMsBucket: 25-50} @ http://localhost:3001/src/lib/util/stats.ts:89
[  362627ms] [LOG] [plausible] version {mermaidVersion: 11.14.0} @ http://localhost:3001/src/lib/util/stats.ts:89
[  362697ms] [LOG] Loading '' @ http://localhost:3001/src/lib/util/state.ts:192
[  362752ms] [LOG] Registration successful, scope is: http://localhost:3001/ @ http://localhost:3001/src/routes/+layout.svelte:42
[  362795ms] [LOG] [plausible] render {diagramType: flowchart-v2, isRough: false, lengthBucket: 0-10, renderTimeMsBucket: 50-100} @ http://localhost:3001/src/lib/util/stats.ts:89
[  363383ms] [LOG] [plausible] version {mermaidVersion: 11.14.0} @ http://localhost:3001/src/lib/util/stats.ts:89
[  363452ms] [LOG] Loading '' @ http://localhost:3001/src/lib/util/state.ts:192
[  363503ms] [LOG] Registration successful, scope is: http://localhost:3001/ @ http://localhost:3001/src/routes/+layout.svelte:42
[  363567ms] [LOG] [plausible] render {diagramType: flowchart-v2, isRough: false, lengthBucket: 0-10, renderTimeMsBucket: 50-100} @ http://localhost:3001/src/lib/util/stats.ts:89
[  364182ms] [LOG] [plausible] version {mermaidVersion: 11.14.0} @ http://localhost:3001/src/lib/util/stats.ts:89
[  364252ms] [LOG] Loading '' @ http://localhost:3001/src/lib/util/state.ts:192
[  364307ms] [LOG] Registration successful, scope is: http://localhost:3001/ @ http://localhost:3001/src/routes/+layout.svelte:42
[  364366ms] [LOG] [plausible] render {diagramType: flowchart-v2, isRough: false, lengthBucket: 0-10, renderTimeMsBucket: 50-100} @ http://localhost:3001/src/lib/util/stats.ts:89
[  365018ms] [LOG] [plausible] version {mermaidVersion: 11.14.0} @ http://localhost:3001/src/lib/util/stats.ts:89
[  365099ms] [LOG] Loading '' @ http://localhost:3001/src/lib/util/state.ts:192
[  365153ms] [LOG] Registration successful, scope is: http://localhost:3001/ @ http://localhost:3001/src/routes/+layout.svelte:42
[  365205ms] [LOG] [plausible] render {diagramType: flowchart-v2, isRough: false, lengthBucket: 0-10, renderTimeMsBucket: 50-100} @ http://localhost:3001/src/lib/util/stats.ts:89
[  365841ms] [LOG] [plausible] version {mermaidVersion: 11.14.0} @ http://localhost:3001/src/lib/util/stats.ts:89
[  365912ms] [LOG] Loading '' @ http://localhost:3001/src/lib/util/state.ts:192
[  365968ms] [LOG] Registration successful, scope is: http://localhost:3001/ @ http://localhost:3001/src/routes/+layout.svelte:42
[  366003ms] [LOG] [plausible] render {diagramType: flowchart-v2, isRough: false, lengthBucket: 0-10, renderTimeMsBucket: 50-100} @ http://localhost:3001/src/lib/util/stats.ts:89
[  366588ms] [LOG] [plausible] version {mermaidVersion: 11.14.0} @ http://localhost:3001/src/lib/util/stats.ts:89
[  366664ms] [LOG] Loading '' @ http://localhost:3001/src/lib/util/state.ts:192
[  366715ms] [LOG] Registration successful, scope is: http://localhost:3001/ @ http://localhost:3001/src/routes/+layout.svelte:42
[  366767ms] [LOG] [plausible] render {diagramType: flowchart-v2, isRough: false, lengthBucket: 0-10, renderTimeMsBucket: 50-100} @ http://localhost:3001/src/lib/util/stats.ts:89
[  366823ms] [LOG] [plausible] render {diagramType: flowchart-v2, isRough: false, lengthBucket: 0-10, renderTimeMsBucket: 50-100} @ http://localhost:3001/src/lib/util/stats.ts:89
[  367458ms] [LOG] [plausible] version {mermaidVersion: 11.14.0} @ http://localhost:3001/src/lib/util/stats.ts:89
[  367523ms] [LOG] Loading '' @ http://localhost:3001/src/lib/util/state.ts:192
[  367581ms] [LOG] Registration successful, scope is: http://localhost:3001/ @ http://localhost:3001/src/routes/+layout.svelte:42
[  367619ms] [LOG] [plausible] render {diagramType: flowchart-v2, isRough: false, lengthBucket: 0-10, renderTimeMsBucket: 50-100} @ http://localhost:3001/src/lib/util/stats.ts:89
[  368377ms] [LOG] [plausible] version {mermaidVersion: 11.14.0} @ http://localhost:3001/src/lib/util/stats.ts:89
[  368454ms] [LOG] Loading '' @ http://localhost:3001/src/lib/util/state.ts:192
[  368507ms] [LOG] Registration successful, scope is: http://localhost:3001/ @ http://localhost:3001/src/routes/+layout.svelte:42
[  368547ms] [LOG] [plausible] render {diagramType: flowchart-v2, isRough: false, lengthBucket: 0-10, renderTimeMsBucket: 50-100} @ http://localhost:3001/src/lib/util/stats.ts:89
[  368600ms] [LOG] [plausible] render {diagramType: flowchart-v2, isRough: false, lengthBucket: 0-10, renderTimeMsBucket: 25-50} @ http://localhost:3001/src/lib/util/stats.ts:89
[  369223ms] [LOG] [plausible] version {mermaidVersion: 11.14.0} @ http://localhost:3001/src/lib/util/stats.ts:89
[  369293ms] [LOG] Loading '' @ http://localhost:3001/src/lib/util/state.ts:192
[  369349ms] [LOG] Registration successful, scope is: http://localhost:3001/ @ http://localhost:3001/src/routes/+layout.svelte:42
[  369389ms] [LOG] [plausible] render {diagramType: flowchart-v2, isRough: false, lengthBucket: 0-10, renderTimeMsBucket: 50-100} @ http://localhost:3001/src/lib/util/stats.ts:89
[  370013ms] [LOG] [plausible] version {mermaidVersion: 11.14.0} @ http://localhost:3001/src/lib/util/stats.ts:89
[  370089ms] [LOG] Loading '' @ http://localhost:3001/src/lib/util/state.ts:192
[  370139ms] [LOG] Registration successful, scope is: http://localhost:3001/ @ http://localhost:3001/src/routes/+layout.svelte:42
[  370177ms] [LOG] [plausible] render {diagramType: flowchart-v2, isRough: false, lengthBucket: 0-10, renderTimeMsBucket: 50-100} @ http://localhost:3001/src/lib/util/stats.ts:89
[  370783ms] [LOG] [plausible] version {mermaidVersion: 11.14.0} @ http://localhost:3001/src/lib/util/stats.ts:89
[  370849ms] [LOG] Loading '' @ http://localhost:3001/src/lib/util/state.ts:192
[  370905ms] [LOG] Registration successful, scope is: http://localhost:3001/ @ http://localhost:3001/src/routes/+layout.svelte:42
[  370945ms] [LOG] [plausible] render {diagramType: flowchart-v2, isRough: false, lengthBucket: 0-10, renderTimeMsBucket: 50-100} @ http://localhost:3001/src/lib/util/stats.ts:89
[  371596ms] [LOG] [plausible] version {mermaidVersion: 11.14.0} @ http://localhost:3001/src/lib/util/stats.ts:89
[  371663ms] [LOG] Loading '' @ http://localhost:3001/src/lib/util/state.ts:192
[  371716ms] [LOG] Registration successful, scope is: http://localhost:3001/ @ http://localhost:3001/src/routes/+layout.svelte:42
[  371752ms] [LOG] [plausible] render {diagramType: flowchart-v2, isRough: false, lengthBucket: 0-10, renderTimeMsBucket: 50-100} @ http://localhost:3001/src/lib/util/stats.ts:89
[  372375ms] [LOG] [plausible] version {mermaidVersion: 11.14.0} @ http://localhost:3001/src/lib/util/stats.ts:89
[  372444ms] [LOG] Loading '' @ http://localhost:3001/src/lib/util/state.ts:192
[  372504ms] [LOG] Registration successful, scope is: http://localhost:3001/ @ http://localhost:3001/src/routes/+layout.svelte:42
[  372547ms] [LOG] [plausible] render {diagramType: flowchart-v2, isRough: false, lengthBucket: 0-10, renderTimeMsBucket: 50-100} @ http://localhost:3001/src/lib/util/stats.ts:89
[  373168ms] [LOG] [plausible] version {mermaidVersion: 11.14.0} @ http://localhost:3001/src/lib/util/stats.ts:89
[  373238ms] [LOG] Loading '' @ http://localhost:3001/src/lib/util/state.ts:192
[  373298ms] [LOG] Registration successful, scope is: http://localhost:3001/ @ http://localhost:3001/src/routes/+layout.svelte:42
[  373335ms] [LOG] [plausible] render {diagramType: flowchart-v2, isRough: false, lengthBucket: 0-10, renderTimeMsBucket: 50-100} @ http://localhost:3001/src/lib/util/stats.ts:89
[  373936ms] [LOG] [plausible] version {mermaidVersion: 11.14.0} @ http://localhost:3001/src/lib/util/stats.ts:89
[  374009ms] [LOG] Loading '' @ http://localhost:3001/src/lib/util/state.ts:192
[  374064ms] [LOG] Registration successful, scope is: http://localhost:3001/ @ http://localhost:3001/src/routes/+layout.svelte:42
[  374104ms] [LOG] [plausible] render {diagramType: flowchart-v2, isRough: false, lengthBucket: 0-10, renderTimeMsBucket: 50-100} @ http://localhost:3001/src/lib/util/stats.ts:89
[  374691ms] [LOG] [plausible] version {mermaidVersion: 11.14.0} @ http://localhost:3001/src/lib/util/stats.ts:89
[  374764ms] [LOG] Loading '' @ http://localhost:3001/src/lib/util/state.ts:192
[  374819ms] [LOG] Registration successful, scope is: http://localhost:3001/ @ http://localhost:3001/src/routes/+layout.svelte:42
[  374869ms] [LOG] [plausible] render {diagramType: flowchart-v2, isRough: false, lengthBucket: 0-10, renderTimeMsBucket: 50-100} @ http://localhost:3001/src/lib/util/stats.ts:89
[  375507ms] [LOG] [plausible] version {mermaidVersion: 11.14.0} @ http://localhost:3001/src/lib/util/stats.ts:89
[  375578ms] [LOG] Loading '' @ http://localhost:3001/src/lib/util/state.ts:192
[  375635ms] [LOG] Registration successful, scope is: http://localhost:3001/ @ http://localhost:3001/src/routes/+layout.svelte:42
[  375676ms] [LOG] [plausible] render {diagramType: flowchart-v2, isRough: false, lengthBucket: 0-10, renderTimeMsBucket: 50-100} @ http://localhost:3001/src/lib/util/stats.ts:89
[  376273ms] [LOG] [plausible] version {mermaidVersion: 11.14.0} @ http://localhost:3001/src/lib/util/stats.ts:89
[  376340ms] [LOG] Loading '' @ http://localhost:3001/src/lib/util/state.ts:192
[  376391ms] [LOG] Registration successful, scope is: http://localhost:3001/ @ http://localhost:3001/src/routes/+layout.svelte:42
[  376430ms] [LOG] [plausible] render {diagramType: flowchart-v2, isRough: false, lengthBucket: 0-10, renderTimeMsBucket: 50-100} @ http://localhost:3001/src/lib/util/stats.ts:89
[  377068ms] [LOG] [plausible] version {mermaidVersion: 11.14.0} @ http://localhost:3001/src/lib/util/stats.ts:89
[  377133ms] [LOG] Loading '' @ http://localhost:3001/src/lib/util/state.ts:192
[  377195ms] [LOG] Registration successful, scope is: http://localhost:3001/ @ http://localhost:3001/src/routes/+layout.svelte:42
[  377250ms] [LOG] [plausible] render {diagramType: flowchart-v2, isRough: false, lengthBucket: 0-10, renderTimeMsBucket: 50-100} @ http://localhost:3001/src/lib/util/stats.ts:89
[  377906ms] [LOG] [plausible] version {mermaidVersion: 11.14.0} @ http://localhost:3001/src/lib/util/stats.ts:89
[  377983ms] [LOG] Loading '' @ http://localhost:3001/src/lib/util/state.ts:192
[  378037ms] [LOG] Registration successful, scope is: http://localhost:3001/ @ http://localhost:3001/src/routes/+layout.svelte:42
[  378078ms] [LOG] [plausible] render {diagramType: flowchart-v2, isRough: false, lengthBucket: 0-10, renderTimeMsBucket: 50-100} @ http://localhost:3001/src/lib/util/stats.ts:89
[  378666ms] [LOG] [plausible] version {mermaidVersion: 11.14.0} @ http://localhost:3001/src/lib/util/stats.ts:89
[  378734ms] [LOG] Loading '' @ http://localhost:3001/src/lib/util/state.ts:192
[  378800ms] [LOG] Registration successful, scope is: http://localhost:3001/ @ http://localhost:3001/src/routes/+layout.svelte:42
[  378855ms] [LOG] [plausible] render {diagramType: flowchart-v2, isRough: false, lengthBucket: 0-10, renderTimeMsBucket: 50-100} @ http://localhost:3001/src/lib/util/stats.ts:89
[  378915ms] [LOG] [plausible] render {diagramType: flowchart-v2, isRough: false, lengthBucket: 0-10, renderTimeMsBucket: 50-100} @ http://localhost:3001/src/lib/util/stats.ts:89
[  379561ms] [LOG] [plausible] version {mermaidVersion: 11.14.0} @ http://localhost:3001/src/lib/util/stats.ts:89
[  379638ms] [LOG] Loading '' @ http://localhost:3001/src/lib/util/state.ts:192
[  379695ms] [LOG] Registration successful, scope is: http://localhost:3001/ @ http://localhost:3001/src/routes/+layout.svelte:42
[  379747ms] [LOG] [plausible] render {diagramType: flowchart-v2, isRough: false, lengthBucket: 0-10, renderTimeMsBucket: 50-100} @ http://localhost:3001/src/lib/util/stats.ts:89
[  380399ms] [LOG] [plausible] version {mermaidVersion: 11.14.0} @ http://localhost:3001/src/lib/util/stats.ts:89
[  380478ms] [LOG] Loading '' @ http://localhost:3001/src/lib/util/state.ts:192
[  380536ms] [LOG] Registration successful, scope is: http://localhost:3001/ @ http://localhost:3001/src/routes/+layout.svelte:42
[  380574ms] [LOG] [plausible] render {diagramType: flowchart-v2, isRough: false, lengthBucket: 0-10, renderTimeMsBucket: 50-100} @ http://localhost:3001/src/lib/util/stats.ts:89
[  381207ms] [LOG] [plausible] version {mermaidVersion: 11.14.0} @ http://localhost:3001/src/lib/util/stats.ts:89
[  381279ms] [LOG] Loading '' @ http://localhost:3001/src/lib/util/state.ts:192
[  381341ms] [LOG] Registration successful, scope is: http://localhost:3001/ @ http://localhost:3001/src/routes/+layout.svelte:42
[  381380ms] [LOG] [plausible] render {diagramType: flowchart-v2, isRough: false, lengthBucket: 0-10, renderTimeMsBucket: 50-100} @ http://localhost:3001/src/lib/util/stats.ts:89
[  382152ms] [LOG] [plausible] version {mermaidVersion: 11.14.0} @ http://localhost:3001/src/lib/util/stats.ts:89
[  382219ms] [LOG] Loading '' @ http://localhost:3001/src/lib/util/state.ts:192
[  382285ms] [LOG] Registration successful, scope is: http://localhost:3001/ @ http://localhost:3001/src/routes/+layout.svelte:42
[  382337ms] [LOG] [plausible] render {diagramType: flowchart-v2, isRough: false, lengthBucket: 0-10, renderTimeMsBucket: 50-100} @ http://localhost:3001/src/lib/util/stats.ts:89
[  382967ms] [LOG] [plausible] version {mermaidVersion: 11.14.0} @ http://localhost:3001/src/lib/util/stats.ts:89
[  383029ms] [LOG] Loading '' @ http://localhost:3001/src/lib/util/state.ts:192
[  383093ms] [LOG] Registration successful, scope is: http://localhost:3001/ @ http://localhost:3001/src/routes/+layout.svelte:42
[  383135ms] [LOG] [plausible] render {diagramType: flowchart-v2, isRough: false, lengthBucket: 0-10, renderTimeMsBucket: 50-100} @ http://localhost:3001/src/lib/util/stats.ts:89
[  383772ms] [LOG] [plausible] version {mermaidVersion: 11.14.0} @ http://localhost:3001/src/lib/util/stats.ts:89
[  383849ms] [LOG] Loading '' @ http://localhost:3001/src/lib/util/state.ts:192
[  383911ms] [LOG] Registration successful, scope is: http://localhost:3001/ @ http://localhost:3001/src/routes/+layout.svelte:42
[  383949ms] [LOG] [plausible] render {diagramType: flowchart-v2, isRough: false, lengthBucket: 0-10, renderTimeMsBucket: 50-100} @ http://localhost:3001/src/lib/util/stats.ts:89
[  384544ms] [LOG] [plausible] version {mermaidVersion: 11.14.0} @ http://localhost:3001/src/lib/util/stats.ts:89
[  384627ms] [LOG] Loading '' @ http://localhost:3001/src/lib/util/state.ts:192
[  384683ms] [LOG] Registration successful, scope is: http://localhost:3001/ @ http://localhost:3001/src/routes/+layout.svelte:42
[  384729ms] [LOG] [plausible] render {diagramType: flowchart-v2, isRough: false, lengthBucket: 0-10, renderTimeMsBucket: 50-100} @ http://localhost:3001/src/lib/util/stats.ts:89
[  385404ms] [LOG] [plausible] version {mermaidVersion: 11.14.0} @ http://localhost:3001/src/lib/util/stats.ts:89
[  385480ms] [LOG] Loading '' @ http://localhost:3001/src/lib/util/state.ts:192
[  385552ms] [LOG] Registration successful, scope is: http://localhost:3001/ @ http://localhost:3001/src/routes/+layout.svelte:42
[  385597ms] [LOG] [plausible] render {diagramType: flowchart-v2, isRough: false, lengthBucket: 0-10, renderTimeMsBucket: 50-100} @ http://localhost:3001/src/lib/util/stats.ts:89
[  386237ms] [LOG] [plausible] version {mermaidVersion: 11.14.0} @ http://localhost:3001/src/lib/util/stats.ts:89
[  386313ms] [LOG] Loading '' @ http://localhost:3001/src/lib/util/state.ts:192
[  386361ms] [LOG] Registration successful, scope is: http://localhost:3001/ @ http://localhost:3001/src/routes/+layout.svelte:42
[  386394ms] [LOG] [plausible] render {diagramType: flowchart-v2, isRough: false, lengthBucket: 0-10, renderTimeMsBucket: 50-100} @ http://localhost:3001/src/lib/util/stats.ts:89
[  387046ms] [LOG] [plausible] version {mermaidVersion: 11.14.0} @ http://localhost:3001/src/lib/util/stats.ts:89
[  387109ms] [LOG] Loading '' @ http://localhost:3001/src/lib/util/state.ts:192
[  387163ms] [LOG] Registration successful, scope is: http://localhost:3001/ @ http://localhost:3001/src/routes/+layout.svelte:42
[  387203ms] [LOG] [plausible] render {diagramType: flowchart-v2, isRough: false, lengthBucket: 0-10, renderTimeMsBucket: 50-100} @ http://localhost:3001/src/lib/util/stats.ts:89
[  388126ms] [LOG] [plausible] version {mermaidVersion: 11.14.0} @ http://localhost:3001/src/lib/util/stats.ts:89
[  388203ms] [LOG] Loading '' @ http://localhost:3001/src/lib/util/state.ts:192
[  388260ms] [LOG] Registration successful, scope is: http://localhost:3001/ @ http://localhost:3001/src/routes/+layout.svelte:42
[  388337ms] [LOG] [plausible] render {diagramType: flowchart-v2, isRough: false, lengthBucket: 0-10, renderTimeMsBucket: 100-200} @ http://localhost:3001/src/lib/util/stats.ts:89
[  388393ms] [LOG] [plausible] render {diagramType: flowchart-v2, isRough: false, lengthBucket: 0-10, renderTimeMsBucket: 50-100} @ http://localhost:3001/src/lib/util/stats.ts:89
[  389003ms] [LOG] [plausible] version {mermaidVersion: 11.14.0} @ http://localhost:3001/src/lib/util/stats.ts:89
[  389080ms] [LOG] Loading '' @ http://localhost:3001/src/lib/util/state.ts:192
[  389131ms] [LOG] Registration successful, scope is: http://localhost:3001/ @ http://localhost:3001/src/routes/+layout.svelte:42
[  389187ms] [LOG] [plausible] render {diagramType: flowchart-v2, isRough: false, lengthBucket: 0-10, renderTimeMsBucket: 50-100} @ http://localhost:3001/src/lib/util/stats.ts:89
[  389955ms] [LOG] [plausible] version {mermaidVersion: 11.14.0} @ http://localhost:3001/src/lib/util/stats.ts:89
[  390029ms] [LOG] Loading '' @ http://localhost:3001/src/lib/util/state.ts:192
[  390084ms] [LOG] Registration successful, scope is: http://localhost:3001/ @ http://localhost:3001/src/routes/+layout.svelte:42
[  390122ms] [LOG] [plausible] render {diagramType: flowchart-v2, isRough: false, lengthBucket: 0-10, renderTimeMsBucket: 50-100} @ http://localhost:3001/src/lib/util/stats.ts:89
[  390739ms] [LOG] [plausible] version {mermaidVersion: 11.14.0} @ http://localhost:3001/src/lib/util/stats.ts:89
[  390805ms] [LOG] Loading '' @ http://localhost:3001/src/lib/util/state.ts:192
[  390868ms] [LOG] Registration successful, scope is: http://localhost:3001/ @ http://localhost:3001/src/routes/+layout.svelte:42
[  390909ms] [LOG] [plausible] render {diagramType: flowchart-v2, isRough: false, lengthBucket: 0-10, renderTimeMsBucket: 50-100} @ http://localhost:3001/src/lib/util/stats.ts:89
[  391489ms] [LOG] [plausible] version {mermaidVersion: 11.14.0} @ http://localhost:3001/src/lib/util/stats.ts:89
[  391564ms] [LOG] Loading '' @ http://localhost:3001/src/lib/util/state.ts:192
[  391620ms] [LOG] Registration successful, scope is: http://localhost:3001/ @ http://localhost:3001/src/routes/+layout.svelte:42
[  391681ms] [LOG] [plausible] render {diagramType: flowchart-v2, isRough: false, lengthBucket: 0-10, renderTimeMsBucket: 50-100} @ http://localhost:3001/src/lib/util/stats.ts:89
[  391732ms] [LOG] [plausible] render {diagramType: flowchart-v2, isRough: false, lengthBucket: 0-10, renderTimeMsBucket: 25-50} @ http://localhost:3001/src/lib/util/stats.ts:89
[  392366ms] [LOG] [plausible] version {mermaidVersion: 11.14.0} @ http://localhost:3001/src/lib/util/stats.ts:89
[  392436ms] [LOG] Loading '' @ http://localhost:3001/src/lib/util/state.ts:192
[  392490ms] [LOG] Registration successful, scope is: http://localhost:3001/ @ http://localhost:3001/src/routes/+layout.svelte:42
[  392559ms] [LOG] [plausible] render {diagramType: flowchart-v2, isRough: false, lengthBucket: 0-10, renderTimeMsBucket: 50-100} @ http://localhost:3001/src/lib/util/stats.ts:89
[  393190ms] [LOG] [plausible] version {mermaidVersion: 11.14.0} @ http://localhost:3001/src/lib/util/stats.ts:89
[  393245ms] [LOG] Loading '' @ http://localhost:3001/src/lib/util/state.ts:192
[  393303ms] [LOG] Registration successful, scope is: http://localhost:3001/ @ http://localhost:3001/src/routes/+layout.svelte:42
[  393365ms] [LOG] [plausible] render {diagramType: flowchart-v2, isRough: false, lengthBucket: 0-10, renderTimeMsBucket: 50-100} @ http://localhost:3001/src/lib/util/stats.ts:89
[  393986ms] [LOG] [plausible] version {mermaidVersion: 11.14.0} @ http://localhost:3001/src/lib/util/stats.ts:89
[  394052ms] [LOG] Loading '' @ http://localhost:3001/src/lib/util/state.ts:192
[  394105ms] [LOG] Registration successful, scope is: http://localhost:3001/ @ http://localhost:3001/src/routes/+layout.svelte:42
[  394169ms] [LOG] [plausible] render {diagramType: flowchart-v2, isRough: false, lengthBucket: 0-10, renderTimeMsBucket: 50-100} @ http://localhost:3001/src/lib/util/stats.ts:89
[  394940ms] [LOG] [plausible] version {mermaidVersion: 11.14.0} @ http://localhost:3001/src/lib/util/stats.ts:89
[  395012ms] [LOG] Loading '' @ http://localhost:3001/src/lib/util/state.ts:192
[  395066ms] [LOG] Registration successful, scope is: http://localhost:3001/ @ http://localhost:3001/src/routes/+layout.svelte:42
[  395095ms] [LOG] [plausible] render {diagramType: flowchart-v2, isRough: false, lengthBucket: 0-10, renderTimeMsBucket: 50-100} @ http://localhost:3001/src/lib/util/stats.ts:89
[  395720ms] [LOG] [plausible] version {mermaidVersion: 11.14.0} @ http://localhost:3001/src/lib/util/stats.ts:89
[  395783ms] [LOG] Loading '' @ http://localhost:3001/src/lib/util/state.ts:192
[  395843ms] [LOG] Registration successful, scope is: http://localhost:3001/ @ http://localhost:3001/src/routes/+layout.svelte:42
[  395908ms] [LOG] [plausible] render {diagramType: flowchart-v2, isRough: false, lengthBucket: 0-10, renderTimeMsBucket: 50-100} @ http://localhost:3001/src/lib/util/stats.ts:89
[  396574ms] [LOG] [plausible] version {mermaidVersion: 11.14.0} @ http://localhost:3001/src/lib/util/stats.ts:89
[  396650ms] [LOG] Loading '' @ http://localhost:3001/src/lib/util/state.ts:192
[  396707ms] [LOG] Registration successful, scope is: http://localhost:3001/ @ http://localhost:3001/src/routes/+layout.svelte:42
[  396750ms] [LOG] [plausible] render {diagramType: flowchart-v2, isRough: false, lengthBucket: 0-10, renderTimeMsBucket: 50-100} @ http://localhost:3001/src/lib/util/stats.ts:89
[  397353ms] [LOG] [plausible] version {mermaidVersion: 11.14.0} @ http://localhost:3001/src/lib/util/stats.ts:89
[  397427ms] [LOG] Loading '' @ http://localhost:3001/src/lib/util/state.ts:192
[  397496ms] [LOG] Registration successful, scope is: http://localhost:3001/ @ http://localhost:3001/src/routes/+layout.svelte:42
[  397541ms] [LOG] [plausible] render {diagramType: flowchart-v2, isRough: false, lengthBucket: 0-10, renderTimeMsBucket: 50-100} @ http://localhost:3001/src/lib/util/stats.ts:89
[  398172ms] [LOG] [plausible] version {mermaidVersion: 11.14.0} @ http://localhost:3001/src/lib/util/stats.ts:89
[  398242ms] [LOG] Loading '' @ http://localhost:3001/src/lib/util/state.ts:192
[  398292ms] [LOG] Registration successful, scope is: http://localhost:3001/ @ http://localhost:3001/src/routes/+layout.svelte:42
[  398331ms] [LOG] [plausible] render {diagramType: flowchart-v2, isRough: false, lengthBucket: 0-10, renderTimeMsBucket: 50-100} @ http://localhost:3001/src/lib/util/stats.ts:89
[  398952ms] [LOG] [plausible] version {mermaidVersion: 11.14.0} @ http://localhost:3001/src/lib/util/stats.ts:89
[  399018ms] [LOG] Loading '' @ http://localhost:3001/src/lib/util/state.ts:192
[  399083ms] [LOG] Registration successful, scope is: http://localhost:3001/ @ http://localhost:3001/src/routes/+layout.svelte:42
[  399123ms] [LOG] [plausible] render {diagramType: flowchart-v2, isRough: false, lengthBucket: 0-10, renderTimeMsBucket: 50-100} @ http://localhost:3001/src/lib/util/stats.ts:89
[  400293ms] [LOG] [plausible] version {mermaidVersion: 11.14.0} @ http://localhost:3001/src/lib/util/stats.ts:89
[  400364ms] [LOG] Loading '' @ http://localhost:3001/src/lib/util/state.ts:192
[  400418ms] [LOG] Registration successful, scope is: http://localhost:3001/ @ http://localhost:3001/src/routes/+layout.svelte:42
[  400467ms] [LOG] [plausible] render {diagramType: flowchart-v2, isRough: false, lengthBucket: 0-10, renderTimeMsBucket: 50-100} @ http://localhost:3001/src/lib/util/stats.ts:89
[  401083ms] [LOG] [plausible] version {mermaidVersion: 11.14.0} @ http://localhost:3001/src/lib/util/stats.ts:89
[  401151ms] [LOG] Loading '' @ http://localhost:3001/src/lib/util/state.ts:192
[  401206ms] [LOG] Registration successful, scope is: http://localhost:3001/ @ http://localhost:3001/src/routes/+layout.svelte:42
[  401246ms] [LOG] [plausible] render {diagramType: flowchart-v2, isRough: false, lengthBucket: 0-10, renderTimeMsBucket: 50-100} @ http://localhost:3001/src/lib/util/stats.ts:89
[  401900ms] [LOG] [plausible] version {mermaidVersion: 11.14.0} @ http://localhost:3001/src/lib/util/stats.ts:89
[  401973ms] [LOG] Loading '' @ http://localhost:3001/src/lib/util/state.ts:192
[  402025ms] [LOG] Registration successful, scope is: http://localhost:3001/ @ http://localhost:3001/src/routes/+layout.svelte:42
[  402071ms] [LOG] [plausible] render {diagramType: flowchart-v2, isRough: false, lengthBucket: 0-10, renderTimeMsBucket: 50-100} @ http://localhost:3001/src/lib/util/stats.ts:89
[  402698ms] [LOG] [plausible] version {mermaidVersion: 11.14.0} @ http://localhost:3001/src/lib/util/stats.ts:89
[  402778ms] [LOG] Loading '' @ http://localhost:3001/src/lib/util/state.ts:192
[  402839ms] [LOG] Registration successful, scope is: http://localhost:3001/ @ http://localhost:3001/src/routes/+layout.svelte:42
[  402886ms] [LOG] [plausible] render {diagramType: flowchart-v2, isRough: false, lengthBucket: 0-10, renderTimeMsBucket: 50-100} @ http://localhost:3001/src/lib/util/stats.ts:89
[  403567ms] [LOG] [plausible] version {mermaidVersion: 11.14.0} @ http://localhost:3001/src/lib/util/stats.ts:89
[  403639ms] [LOG] Loading '' @ http://localhost:3001/src/lib/util/state.ts:192
[  403697ms] [LOG] Registration successful, scope is: http://localhost:3001/ @ http://localhost:3001/src/routes/+layout.svelte:42
[  403739ms] [LOG] [plausible] render {diagramType: flowchart-v2, isRough: false, lengthBucket: 0-10, renderTimeMsBucket: 50-100} @ http://localhost:3001/src/lib/util/stats.ts:89
[  404395ms] [LOG] [plausible] version {mermaidVersion: 11.14.0} @ http://localhost:3001/src/lib/util/stats.ts:89
[  404461ms] [LOG] Loading '' @ http://localhost:3001/src/lib/util/state.ts:192
[  404523ms] [LOG] Registration successful, scope is: http://localhost:3001/ @ http://localhost:3001/src/routes/+layout.svelte:42
[  404566ms] [LOG] [plausible] render {diagramType: flowchart-v2, isRough: false, lengthBucket: 0-10, renderTimeMsBucket: 50-100} @ http://localhost:3001/src/lib/util/stats.ts:89
[  405201ms] [LOG] [plausible] version {mermaidVersion: 11.14.0} @ http://localhost:3001/src/lib/util/stats.ts:89
[  405263ms] [LOG] Loading '' @ http://localhost:3001/src/lib/util/state.ts:192
[  405319ms] [LOG] Registration successful, scope is: http://localhost:3001/ @ http://localhost:3001/src/routes/+layout.svelte:42
[  405367ms] [LOG] [plausible] render {diagramType: flowchart-v2, isRough: false, lengthBucket: 0-10, renderTimeMsBucket: 50-100} @ http://localhost:3001/src/lib/util/stats.ts:89
[  405956ms] [LOG] [plausible] version {mermaidVersion: 11.14.0} @ http://localhost:3001/src/lib/util/stats.ts:89
[  406017ms] [LOG] Loading '' @ http://localhost:3001/src/lib/util/state.ts:192
[  406078ms] [LOG] Registration successful, scope is: http://localhost:3001/ @ http://localhost:3001/src/routes/+layout.svelte:42
[  406132ms] [LOG] [plausible] render {diagramType: flowchart-v2, isRough: false, lengthBucket: 0-10, renderTimeMsBucket: 50-100} @ http://localhost:3001/src/lib/util/stats.ts:89
[  406740ms] [LOG] [plausible] version {mermaidVersion: 11.14.0} @ http://localhost:3001/src/lib/util/stats.ts:89
[  406807ms] [LOG] Loading '' @ http://localhost:3001/src/lib/util/state.ts:192
[  406870ms] [LOG] Registration successful, scope is: http://localhost:3001/ @ http://localhost:3001/src/routes/+layout.svelte:42
[  406916ms] [LOG] [plausible] render {diagramType: flowchart-v2, isRough: false, lengthBucket: 0-10, renderTimeMsBucket: 50-100} @ http://localhost:3001/src/lib/util/stats.ts:89
[  407580ms] [LOG] [plausible] version {mermaidVersion: 11.14.0} @ http://localhost:3001/src/lib/util/stats.ts:89
[  407646ms] [LOG] Loading '' @ http://localhost:3001/src/lib/util/state.ts:192
[  407706ms] [LOG] Registration successful, scope is: http://localhost:3001/ @ http://localhost:3001/src/routes/+layout.svelte:42
[  407752ms] [LOG] [plausible] render {diagramType: flowchart-v2, isRough: false, lengthBucket: 0-10, renderTimeMsBucket: 50-100} @ http://localhost:3001/src/lib/util/stats.ts:89
[  408384ms] [LOG] [plausible] version {mermaidVersion: 11.14.0} @ http://localhost:3001/src/lib/util/stats.ts:89
[  408453ms] [LOG] Loading '' @ http://localhost:3001/src/lib/util/state.ts:192
[  408508ms] [LOG] Registration successful, scope is: http://localhost:3001/ @ http://localhost:3001/src/routes/+layout.svelte:42
[  408560ms] [LOG] [plausible] render {diagramType: flowchart-v2, isRough: false, lengthBucket: 0-10, renderTimeMsBucket: 50-100} @ http://localhost:3001/src/lib/util/stats.ts:89
[  409393ms] [LOG] [plausible] version {mermaidVersion: 11.14.0} @ http://localhost:3001/src/lib/util/stats.ts:89
[  409474ms] [LOG] Loading '' @ http://localhost:3001/src/lib/util/state.ts:192
[  409529ms] [LOG] Registration successful, scope is: http://localhost:3001/ @ http://localhost:3001/src/routes/+layout.svelte:42
[  409578ms] [LOG] [plausible] render {diagramType: flowchart-v2, isRough: false, lengthBucket: 0-10, renderTimeMsBucket: 50-100} @ http://localhost:3001/src/lib/util/stats.ts:89
[  410246ms] [LOG] [plausible] version {mermaidVersion: 11.14.0} @ http://localhost:3001/src/lib/util/stats.ts:89
[  410318ms] [LOG] Loading '' @ http://localhost:3001/src/lib/util/state.ts:192
[  410379ms] [LOG] Registration successful, scope is: http://localhost:3001/ @ http://localhost:3001/src/routes/+layout.svelte:42
[  410426ms] [LOG] [plausible] render {diagramType: flowchart-v2, isRough: false, lengthBucket: 0-10, renderTimeMsBucket: 50-100} @ http://localhost:3001/src/lib/util/stats.ts:89
[  411062ms] [LOG] [plausible] version {mermaidVersion: 11.14.0} @ http://localhost:3001/src/lib/util/stats.ts:89
[  411138ms] [LOG] Loading '' @ http://localhost:3001/src/lib/util/state.ts:192
[  411195ms] [LOG] Registration successful, scope is: http://localhost:3001/ @ http://localhost:3001/src/routes/+layout.svelte:42
[  411237ms] [LOG] [plausible] render {diagramType: flowchart-v2, isRough: false, lengthBucket: 0-10, renderTimeMsBucket: 50-100} @ http://localhost:3001/src/lib/util/stats.ts:89
[  411869ms] [LOG] [plausible] version {mermaidVersion: 11.14.0} @ http://localhost:3001/src/lib/util/stats.ts:89
[  411938ms] [LOG] Loading '' @ http://localhost:3001/src/lib/util/state.ts:192
[  411993ms] [LOG] Registration successful, scope is: http://localhost:3001/ @ http://localhost:3001/src/routes/+layout.svelte:42
[  412027ms] [LOG] [plausible] render {diagramType: flowchart-v2, isRough: false, lengthBucket: 0-10, renderTimeMsBucket: 50-100} @ http://localhost:3001/src/lib/util/stats.ts:89
[  412618ms] [LOG] [plausible] version {mermaidVersion: 11.14.0} @ http://localhost:3001/src/lib/util/stats.ts:89
[  412693ms] [LOG] Loading '' @ http://localhost:3001/src/lib/util/state.ts:192
[  412748ms] [LOG] Registration successful, scope is: http://localhost:3001/ @ http://localhost:3001/src/routes/+layout.svelte:42
[  412785ms] [LOG] [plausible] render {diagramType: flowchart-v2, isRough: false, lengthBucket: 0-10, renderTimeMsBucket: 50-100} @ http://localhost:3001/src/lib/util/stats.ts:89
[  413398ms] [LOG] [plausible] version {mermaidVersion: 11.14.0} @ http://localhost:3001/src/lib/util/stats.ts:89
[  413463ms] [LOG] Loading '' @ http://localhost:3001/src/lib/util/state.ts:192
[  413523ms] [LOG] Registration successful, scope is: http://localhost:3001/ @ http://localhost:3001/src/routes/+layout.svelte:42
[  413559ms] [LOG] [plausible] render {diagramType: flowchart-v2, isRough: false, lengthBucket: 0-10, renderTimeMsBucket: 50-100} @ http://localhost:3001/src/lib/util/stats.ts:89
[  414155ms] [LOG] [plausible] version {mermaidVersion: 11.14.0} @ http://localhost:3001/src/lib/util/stats.ts:89
[  414224ms] [LOG] Loading '' @ http://localhost:3001/src/lib/util/state.ts:192
[  414281ms] [LOG] Registration successful, scope is: http://localhost:3001/ @ http://localhost:3001/src/routes/+layout.svelte:42
[  414326ms] [LOG] [plausible] render {diagramType: flowchart-v2, isRough: false, lengthBucket: 0-10, renderTimeMsBucket: 50-100} @ http://localhost:3001/src/lib/util/stats.ts:89
[  414908ms] [LOG] [plausible] version {mermaidVersion: 11.14.0} @ http://localhost:3001/src/lib/util/stats.ts:89
[  414974ms] [LOG] Loading '' @ http://localhost:3001/src/lib/util/state.ts:192
[  415032ms] [LOG] Registration successful, scope is: http://localhost:3001/ @ http://localhost:3001/src/routes/+layout.svelte:42
[  415083ms] [LOG] [plausible] render {diagramType: flowchart-v2, isRough: false, lengthBucket: 0-10, renderTimeMsBucket: 50-100} @ http://localhost:3001/src/lib/util/stats.ts:89
[  415701ms] [LOG] [plausible] version {mermaidVersion: 11.14.0} @ http://localhost:3001/src/lib/util/stats.ts:89
[  415775ms] [LOG] Loading '' @ http://localhost:3001/src/lib/util/state.ts:192
[  415836ms] [LOG] Registration successful, scope is: http://localhost:3001/ @ http://localhost:3001/src/routes/+layout.svelte:42
[  415877ms] [LOG] [plausible] render {diagramType: flowchart-v2, isRough: false, lengthBucket: 0-10, renderTimeMsBucket: 50-100} @ http://localhost:3001/src/lib/util/stats.ts:89
[  416521ms] [LOG] [plausible] version {mermaidVersion: 11.14.0} @ http://localhost:3001/src/lib/util/stats.ts:89
[  416582ms] [LOG] Loading '' @ http://localhost:3001/src/lib/util/state.ts:192
[  416635ms] [LOG] Registration successful, scope is: http://localhost:3001/ @ http://localhost:3001/src/routes/+layout.svelte:42
[  416674ms] [LOG] [plausible] render {diagramType: flowchart-v2, isRough: false, lengthBucket: 0-10, renderTimeMsBucket: 50-100} @ http://localhost:3001/src/lib/util/stats.ts:89
[  417289ms] [LOG] [plausible] version {mermaidVersion: 11.14.0} @ http://localhost:3001/src/lib/util/stats.ts:89
[  417359ms] [LOG] Loading '' @ http://localhost:3001/src/lib/util/state.ts:192
[  417415ms] [LOG] Registration successful, scope is: http://localhost:3001/ @ http://localhost:3001/src/routes/+layout.svelte:42
[  417457ms] [LOG] [plausible] render {diagramType: flowchart-v2, isRough: false, lengthBucket: 0-10, renderTimeMsBucket: 50-100} @ http://localhost:3001/src/lib/util/stats.ts:89
[  418061ms] [LOG] [plausible] version {mermaidVersion: 11.14.0} @ http://localhost:3001/src/lib/util/stats.ts:89
[  418129ms] [LOG] Loading '' @ http://localhost:3001/src/lib/util/state.ts:192
[  418186ms] [LOG] Registration successful, scope is: http://localhost:3001/ @ http://localhost:3001/src/routes/+layout.svelte:42
[  418227ms] [LOG] [plausible] render {diagramType: flowchart-v2, isRough: false, lengthBucket: 0-10, renderTimeMsBucket: 50-100} @ http://localhost:3001/src/lib/util/stats.ts:89
[  419032ms] [LOG] [plausible] version {mermaidVersion: 11.14.0} @ http://localhost:3001/src/lib/util/stats.ts:89
[  419111ms] [LOG] Loading '' @ http://localhost:3001/src/lib/util/state.ts:192
[  419164ms] [LOG] Registration successful, scope is: http://localhost:3001/ @ http://localhost:3001/src/routes/+layout.svelte:42
[  419214ms] [LOG] [plausible] render {diagramType: flowchart-v2, isRough: false, lengthBucket: 0-10, renderTimeMsBucket: 50-100} @ http://localhost:3001/src/lib/util/stats.ts:89
[  419841ms] [LOG] [plausible] version {mermaidVersion: 11.14.0} @ http://localhost:3001/src/lib/util/stats.ts:89
[  419906ms] [LOG] Loading '' @ http://localhost:3001/src/lib/util/state.ts:192
[  419972ms] [LOG] Registration successful, scope is: http://localhost:3001/ @ http://localhost:3001/src/routes/+layout.svelte:42
[  420012ms] [LOG] [plausible] render {diagramType: flowchart-v2, isRough: false, lengthBucket: 0-10, renderTimeMsBucket: 50-100} @ http://localhost:3001/src/lib/util/stats.ts:89
[  420605ms] [LOG] [plausible] version {mermaidVersion: 11.14.0} @ http://localhost:3001/src/lib/util/stats.ts:89
[  420672ms] [LOG] Loading '' @ http://localhost:3001/src/lib/util/state.ts:192
[  420730ms] [LOG] Registration successful, scope is: http://localhost:3001/ @ http://localhost:3001/src/routes/+layout.svelte:42
[  420771ms] [LOG] [plausible] render {diagramType: flowchart-v2, isRough: false, lengthBucket: 0-10, renderTimeMsBucket: 50-100} @ http://localhost:3001/src/lib/util/stats.ts:89
[  421522ms] [LOG] [plausible] version {mermaidVersion: 11.14.0} @ http://localhost:3001/src/lib/util/stats.ts:89
[  421596ms] [LOG] Loading '' @ http://localhost:3001/src/lib/util/state.ts:192
[  421653ms] [LOG] Registration successful, scope is: http://localhost:3001/ @ http://localhost:3001/src/routes/+layout.svelte:42
[  421697ms] [LOG] [plausible] render {diagramType: flowchart-v2, isRough: false, lengthBucket: 0-10, renderTimeMsBucket: 50-100} @ http://localhost:3001/src/lib/util/stats.ts:89
[  422310ms] [LOG] [plausible] version {mermaidVersion: 11.14.0} @ http://localhost:3001/src/lib/util/stats.ts:89
[  422385ms] [LOG] Loading '' @ http://localhost:3001/src/lib/util/state.ts:192
[  422444ms] [LOG] Registration successful, scope is: http://localhost:3001/ @ http://localhost:3001/src/routes/+layout.svelte:42
[  422481ms] [LOG] [plausible] render {diagramType: flowchart-v2, isRough: false, lengthBucket: 0-10, renderTimeMsBucket: 50-100} @ http://localhost:3001/src/lib/util/stats.ts:89
[  423072ms] [LOG] [plausible] version {mermaidVersion: 11.14.0} @ http://localhost:3001/src/lib/util/stats.ts:89
[  423138ms] [LOG] Loading '' @ http://localhost:3001/src/lib/util/state.ts:192
[  423195ms] [LOG] Registration successful, scope is: http://localhost:3001/ @ http://localhost:3001/src/routes/+layout.svelte:42
[  423238ms] [LOG] [plausible] render {diagramType: flowchart-v2, isRough: false, lengthBucket: 0-10, renderTimeMsBucket: 50-100} @ http://localhost:3001/src/lib/util/stats.ts:89
[  423837ms] [LOG] [plausible] version {mermaidVersion: 11.14.0} @ http://localhost:3001/src/lib/util/stats.ts:89
[  423908ms] [LOG] Loading '' @ http://localhost:3001/src/lib/util/state.ts:192
[  423965ms] [LOG] Registration successful, scope is: http://localhost:3001/ @ http://localhost:3001/src/routes/+layout.svelte:42
[  424011ms] [LOG] [plausible] render {diagramType: flowchart-v2, isRough: false, lengthBucket: 0-10, renderTimeMsBucket: 50-100} @ http://localhost:3001/src/lib/util/stats.ts:89
[  424585ms] [LOG] [plausible] version {mermaidVersion: 11.14.0} @ http://localhost:3001/src/lib/util/stats.ts:89
[  424649ms] [LOG] Loading '' @ http://localhost:3001/src/lib/util/state.ts:192
[  424738ms] [LOG] [plausible] render {diagramType: flowchart-v2, isRough: false, lengthBucket: 0-10, renderTimeMsBucket: 50-100} @ http://localhost:3001/src/lib/util/stats.ts:89
[  424764ms] [LOG] Registration successful, scope is: http://localhost:3001/ @ http://localhost:3001/src/routes/+layout.svelte:42
[  425349ms] [LOG] [plausible] version {mermaidVersion: 11.14.0} @ http://localhost:3001/src/lib/util/stats.ts:89
[  425418ms] [LOG] Loading '' @ http://localhost:3001/src/lib/util/state.ts:192
[  425475ms] [LOG] Registration successful, scope is: http://localhost:3001/ @ http://localhost:3001/src/routes/+layout.svelte:42
[  425515ms] [LOG] [plausible] render {diagramType: flowchart-v2, isRough: false, lengthBucket: 0-10, renderTimeMsBucket: 50-100} @ http://localhost:3001/src/lib/util/stats.ts:89
[  426095ms] [LOG] [plausible] version {mermaidVersion: 11.14.0} @ http://localhost:3001/src/lib/util/stats.ts:89
[  426158ms] [LOG] Loading '' @ http://localhost:3001/src/lib/util/state.ts:192
[  426215ms] [LOG] Registration successful, scope is: http://localhost:3001/ @ http://localhost:3001/src/routes/+layout.svelte:42
[  426259ms] [LOG] [plausible] render {diagramType: flowchart-v2, isRough: false, lengthBucket: 0-10, renderTimeMsBucket: 50-100} @ http://localhost:3001/src/lib/util/stats.ts:89
[  426851ms] [LOG] [plausible] version {mermaidVersion: 11.14.0} @ http://localhost:3001/src/lib/util/stats.ts:89
[  426917ms] [LOG] Loading '' @ http://localhost:3001/src/lib/util/state.ts:192
[  426972ms] [LOG] Registration successful, scope is: http://localhost:3001/ @ http://localhost:3001/src/routes/+layout.svelte:42
[  427016ms] [LOG] [plausible] render {diagramType: flowchart-v2, isRough: false, lengthBucket: 0-10, renderTimeMsBucket: 50-100} @ http://localhost:3001/src/lib/util/stats.ts:89
[  427645ms] [LOG] [plausible] version {mermaidVersion: 11.14.0} @ http://localhost:3001/src/lib/util/stats.ts:89
[  427717ms] [LOG] Loading '' @ http://localhost:3001/src/lib/util/state.ts:192
[  427777ms] [LOG] Registration successful, scope is: http://localhost:3001/ @ http://localhost:3001/src/routes/+layout.svelte:42
[  427826ms] [LOG] [plausible] render {diagramType: flowchart-v2, isRough: false, lengthBucket: 0-10, renderTimeMsBucket: 50-100} @ http://localhost:3001/src/lib/util/stats.ts:89
[  428483ms] [LOG] [plausible] version {mermaidVersion: 11.14.0} @ http://localhost:3001/src/lib/util/stats.ts:89
[  428553ms] [LOG] Loading '' @ http://localhost:3001/src/lib/util/state.ts:192
[  428608ms] [LOG] Registration successful, scope is: http://localhost:3001/ @ http://localhost:3001/src/routes/+layout.svelte:42
[  428661ms] [LOG] [plausible] render {diagramType: flowchart-v2, isRough: false, lengthBucket: 0-10, renderTimeMsBucket: 50-100} @ http://localhost:3001/src/lib/util/stats.ts:89
[  429291ms] [LOG] [plausible] version {mermaidVersion: 11.14.0} @ http://localhost:3001/src/lib/util/stats.ts:89
[  429367ms] [LOG] Loading '' @ http://localhost:3001/src/lib/util/state.ts:192
[  429419ms] [LOG] Registration successful, scope is: http://localhost:3001/ @ http://localhost:3001/src/routes/+layout.svelte:42
[  429474ms] [LOG] [plausible] render {diagramType: flowchart-v2, isRough: false, lengthBucket: 0-10, renderTimeMsBucket: 50-100} @ http://localhost:3001/src/lib/util/stats.ts:89
[  430083ms] [LOG] [plausible] version {mermaidVersion: 11.14.0} @ http://localhost:3001/src/lib/util/stats.ts:89
[  430151ms] [LOG] Loading '' @ http://localhost:3001/src/lib/util/state.ts:192
[  430208ms] [LOG] Registration successful, scope is: http://localhost:3001/ @ http://localhost:3001/src/routes/+layout.svelte:42
[  430263ms] [LOG] [plausible] render {diagramType: flowchart-v2, isRough: false, lengthBucket: 0-10, renderTimeMsBucket: 50-100} @ http://localhost:3001/src/lib/util/stats.ts:89
[  430893ms] [LOG] [plausible] version {mermaidVersion: 11.14.0} @ http://localhost:3001/src/lib/util/stats.ts:89
[  430971ms] [LOG] Loading '' @ http://localhost:3001/src/lib/util/state.ts:192
[  431036ms] [LOG] Registration successful, scope is: http://localhost:3001/ @ http://localhost:3001/src/routes/+layout.svelte:42
[  431093ms] [LOG] [plausible] render {diagramType: flowchart-v2, isRough: false, lengthBucket: 0-10, renderTimeMsBucket: 50-100} @ http://localhost:3001/src/lib/util/stats.ts:89
[  431741ms] [LOG] [plausible] version {mermaidVersion: 11.14.0} @ http://localhost:3001/src/lib/util/stats.ts:89
[  431817ms] [LOG] Loading '' @ http://localhost:3001/src/lib/util/state.ts:192
[  431873ms] [LOG] Registration successful, scope is: http://localhost:3001/ @ http://localhost:3001/src/routes/+layout.svelte:42
[  431925ms] [LOG] [plausible] render {diagramType: flowchart-v2, isRough: false, lengthBucket: 0-10, renderTimeMsBucket: 50-100} @ http://localhost:3001/src/lib/util/stats.ts:89
[  431986ms] [LOG] [plausible] render {diagramType: flowchart-v2, isRough: false, lengthBucket: 0-10, renderTimeMsBucket: 50-100} @ http://localhost:3001/src/lib/util/stats.ts:89
[  432642ms] [LOG] [plausible] version {mermaidVersion: 11.14.0} @ http://localhost:3001/src/lib/util/stats.ts:89
[  432714ms] [LOG] Loading '' @ http://localhost:3001/src/lib/util/state.ts:192
[  432775ms] [LOG] Registration successful, scope is: http://localhost:3001/ @ http://localhost:3001/src/routes/+layout.svelte:42
[  432820ms] [LOG] [plausible] render {diagramType: flowchart-v2, isRough: false, lengthBucket: 0-10, renderTimeMsBucket: 50-100} @ http://localhost:3001/src/lib/util/stats.ts:89
[  433459ms] [LOG] [plausible] version {mermaidVersion: 11.14.0} @ http://localhost:3001/src/lib/util/stats.ts:89
[  433533ms] [LOG] Loading '' @ http://localhost:3001/src/lib/util/state.ts:192
[  433590ms] [LOG] Registration successful, scope is: http://localhost:3001/ @ http://localhost:3001/src/routes/+layout.svelte:42
[  433639ms] [LOG] [plausible] render {diagramType: flowchart-v2, isRough: false, lengthBucket: 0-10, renderTimeMsBucket: 50-100} @ http://localhost:3001/src/lib/util/stats.ts:89
[  434271ms] [LOG] [plausible] version {mermaidVersion: 11.14.0} @ http://localhost:3001/src/lib/util/stats.ts:89
[  434344ms] [LOG] Loading '' @ http://localhost:3001/src/lib/util/state.ts:192
[  434402ms] [LOG] Registration successful, scope is: http://localhost:3001/ @ http://localhost:3001/src/routes/+layout.svelte:42
[  434451ms] [LOG] [plausible] render {diagramType: flowchart-v2, isRough: false, lengthBucket: 0-10, renderTimeMsBucket: 50-100} @ http://localhost:3001/src/lib/util/stats.ts:89
[  435065ms] [LOG] [plausible] version {mermaidVersion: 11.14.0} @ http://localhost:3001/src/lib/util/stats.ts:89
[  435138ms] [LOG] Loading '' @ http://localhost:3001/src/lib/util/state.ts:192
[  435201ms] [LOG] Registration successful, scope is: http://localhost:3001/ @ http://localhost:3001/src/routes/+layout.svelte:42
[  435966ms] [LOG] [plausible] version {mermaidVersion: 11.14.0} @ http://localhost:3001/src/lib/util/stats.ts:89
[  436035ms] [LOG] Loading '' @ http://localhost:3001/src/lib/util/state.ts:192
[  436091ms] [LOG] Registration successful, scope is: http://localhost:3001/ @ http://localhost:3001/src/routes/+layout.svelte:42
[  436142ms] [LOG] [plausible] render {diagramType: flowchart-v2, isRough: false, lengthBucket: 0-10, renderTimeMsBucket: 50-100} @ http://localhost:3001/src/lib/util/stats.ts:89
[  437068ms] [LOG] [plausible] version {mermaidVersion: 11.14.0} @ http://localhost:3001/src/lib/util/stats.ts:89
[  437142ms] [LOG] Loading '' @ http://localhost:3001/src/lib/util/state.ts:192
[  437206ms] [LOG] Registration successful, scope is: http://localhost:3001/ @ http://localhost:3001/src/routes/+layout.svelte:42
[  437259ms] [LOG] [plausible] render {diagramType: flowchart-v2, isRough: false, lengthBucket: 0-10, renderTimeMsBucket: 50-100} @ http://localhost:3001/src/lib/util/stats.ts:89
[  437309ms] [LOG] [plausible] render {diagramType: flowchart-v2, isRough: false, lengthBucket: 0-10, renderTimeMsBucket: 25-50} @ http://localhost:3001/src/lib/util/stats.ts:89
[  437937ms] [LOG] [plausible] version {mermaidVersion: 11.14.0} @ http://localhost:3001/src/lib/util/stats.ts:89
[  438006ms] [LOG] Loading '' @ http://localhost:3001/src/lib/util/state.ts:192
[  438064ms] [LOG] Registration successful, scope is: http://localhost:3001/ @ http://localhost:3001/src/routes/+layout.svelte:42
[  438107ms] [LOG] [plausible] render {diagramType: flowchart-v2, isRough: false, lengthBucket: 0-10, renderTimeMsBucket: 50-100} @ http://localhost:3001/src/lib/util/stats.ts:89
[  438706ms] [LOG] [plausible] version {mermaidVersion: 11.14.0} @ http://localhost:3001/src/lib/util/stats.ts:89
[  438777ms] [LOG] Loading '' @ http://localhost:3001/src/lib/util/state.ts:192
[  438834ms] [LOG] Registration successful, scope is: http://localhost:3001/ @ http://localhost:3001/src/routes/+layout.svelte:42
[  438885ms] [LOG] [plausible] render {diagramType: flowchart-v2, isRough: false, lengthBucket: 0-10, renderTimeMsBucket: 50-100} @ http://localhost:3001/src/lib/util/stats.ts:89
[  438938ms] [LOG] [plausible] render {diagramType: flowchart-v2, isRough: false, lengthBucket: 0-10, renderTimeMsBucket: 25-50} @ http://localhost:3001/src/lib/util/stats.ts:89
[  439781ms] [LOG] [plausible] version {mermaidVersion: 11.14.0} @ http://localhost:3001/src/lib/util/stats.ts:89
[  439851ms] [LOG] Loading '' @ http://localhost:3001/src/lib/util/state.ts:192
[  439912ms] [LOG] Registration successful, scope is: http://localhost:3001/ @ http://localhost:3001/src/routes/+layout.svelte:42
[  439963ms] [LOG] [plausible] render {diagramType: flowchart-v2, isRough: false, lengthBucket: 0-10, renderTimeMsBucket: 50-100} @ http://localhost:3001/src/lib/util/stats.ts:89
[  440554ms] [LOG] [plausible] version {mermaidVersion: 11.14.0} @ http://localhost:3001/src/lib/util/stats.ts:89
[  440628ms] [LOG] Loading '' @ http://localhost:3001/src/lib/util/state.ts:192
[  440684ms] [LOG] Registration successful, scope is: http://localhost:3001/ @ http://localhost:3001/src/routes/+layout.svelte:42
[  440722ms] [LOG] [plausible] render {diagramType: flowchart-v2, isRough: false, lengthBucket: 0-10, renderTimeMsBucket: 50-100} @ http://localhost:3001/src/lib/util/stats.ts:89
[  441381ms] [LOG] [plausible] version {mermaidVersion: 11.14.0} @ http://localhost:3001/src/lib/util/stats.ts:89
[  441459ms] [LOG] Loading '' @ http://localhost:3001/src/lib/util/state.ts:192
[  441518ms] [LOG] Registration successful, scope is: http://localhost:3001/ @ http://localhost:3001/src/routes/+layout.svelte:42
[  441559ms] [LOG] [plausible] render {diagramType: flowchart-v2, isRough: false, lengthBucket: 0-10, renderTimeMsBucket: 50-100} @ http://localhost:3001/src/lib/util/stats.ts:89
[  442201ms] [LOG] [plausible] version {mermaidVersion: 11.14.0} @ http://localhost:3001/src/lib/util/stats.ts:89
[  442271ms] [LOG] Loading '' @ http://localhost:3001/src/lib/util/state.ts:192
[  442330ms] [LOG] Registration successful, scope is: http://localhost:3001/ @ http://localhost:3001/src/routes/+layout.svelte:42
[  442370ms] [LOG] [plausible] render {diagramType: flowchart-v2, isRough: false, lengthBucket: 0-10, renderTimeMsBucket: 50-100} @ http://localhost:3001/src/lib/util/stats.ts:89
[  442984ms] [LOG] [plausible] version {mermaidVersion: 11.14.0} @ http://localhost:3001/src/lib/util/stats.ts:89
[  443053ms] [LOG] Loading '' @ http://localhost:3001/src/lib/util/state.ts:192
[  443115ms] [LOG] Registration successful, scope is: http://localhost:3001/ @ http://localhost:3001/src/routes/+layout.svelte:42
[  443153ms] [LOG] [plausible] render {diagramType: flowchart-v2, isRough: false, lengthBucket: 0-10, renderTimeMsBucket: 50-100} @ http://localhost:3001/src/lib/util/stats.ts:89
[  443756ms] [LOG] [plausible] version {mermaidVersion: 11.14.0} @ http://localhost:3001/src/lib/util/stats.ts:89
[  443835ms] [LOG] Loading '' @ http://localhost:3001/src/lib/util/state.ts:192
[  443892ms] [LOG] Registration successful, scope is: http://localhost:3001/ @ http://localhost:3001/src/routes/+layout.svelte:42
[  443964ms] [LOG] [plausible] render {diagramType: flowchart-v2, isRough: false, lengthBucket: 0-10, renderTimeMsBucket: 50-100} @ http://localhost:3001/src/lib/util/stats.ts:89
[  444024ms] [LOG] [plausible] render {diagramType: flowchart-v2, isRough: false, lengthBucket: 0-10, renderTimeMsBucket: 50-100} @ http://localhost:3001/src/lib/util/stats.ts:89
[  444655ms] [LOG] [plausible] version {mermaidVersion: 11.14.0} @ http://localhost:3001/src/lib/util/stats.ts:89
[  444731ms] [LOG] Loading '' @ http://localhost:3001/src/lib/util/state.ts:192
[  444788ms] [LOG] Registration successful, scope is: http://localhost:3001/ @ http://localhost:3001/src/routes/+layout.svelte:42
[  444824ms] [LOG] [plausible] render {diagramType: flowchart-v2, isRough: false, lengthBucket: 0-10, renderTimeMsBucket: 50-100} @ http://localhost:3001/src/lib/util/stats.ts:89
[  445399ms] [LOG] [plausible] version {mermaidVersion: 11.14.0} @ http://localhost:3001/src/lib/util/stats.ts:89
[  445470ms] [LOG] Loading '' @ http://localhost:3001/src/lib/util/state.ts:192
[  445527ms] [LOG] Registration successful, scope is: http://localhost:3001/ @ http://localhost:3001/src/routes/+layout.svelte:42
[  445581ms] [LOG] [plausible] render {diagramType: flowchart-v2, isRough: false, lengthBucket: 0-10, renderTimeMsBucket: 50-100} @ http://localhost:3001/src/lib/util/stats.ts:89
[  445647ms] [LOG] [plausible] render {diagramType: flowchart-v2, isRough: false, lengthBucket: 0-10, renderTimeMsBucket: 50-100} @ http://localhost:3001/src/lib/util/stats.ts:89
[  446304ms] [LOG] [plausible] version {mermaidVersion: 11.14.0} @ http://localhost:3001/src/lib/util/stats.ts:89
[  446386ms] [LOG] Loading '' @ http://localhost:3001/src/lib/util/state.ts:192
[  446447ms] [LOG] Registration successful, scope is: http://localhost:3001/ @ http://localhost:3001/src/routes/+layout.svelte:42
[  446493ms] [LOG] [plausible] render {diagramType: flowchart-v2, isRough: false, lengthBucket: 0-10, renderTimeMsBucket: 50-100} @ http://localhost:3001/src/lib/util/stats.ts:89
[  447091ms] [LOG] [plausible] version {mermaidVersion: 11.14.0} @ http://localhost:3001/src/lib/util/stats.ts:89
[  447156ms] [LOG] Loading '' @ http://localhost:3001/src/lib/util/state.ts:192
[  447213ms] [LOG] Registration successful, scope is: http://localhost:3001/ @ http://localhost:3001/src/routes/+layout.svelte:42
[  447257ms] [LOG] [plausible] render {diagramType: flowchart-v2, isRough: false, lengthBucket: 0-10, renderTimeMsBucket: 50-100} @ http://localhost:3001/src/lib/util/stats.ts:89
[  447844ms] [LOG] [plausible] version {mermaidVersion: 11.14.0} @ http://localhost:3001/src/lib/util/stats.ts:89
[  447906ms] [LOG] Loading '' @ http://localhost:3001/src/lib/util/state.ts:192
[  447959ms] [LOG] Registration successful, scope is: http://localhost:3001/ @ http://localhost:3001/src/routes/+layout.svelte:42
[  447999ms] [LOG] [plausible] render {diagramType: flowchart-v2, isRough: false, lengthBucket: 0-10, renderTimeMsBucket: 50-100} @ http://localhost:3001/src/lib/util/stats.ts:89
[  448576ms] [LOG] [plausible] version {mermaidVersion: 11.14.0} @ http://localhost:3001/src/lib/util/stats.ts:89
[  448647ms] [LOG] Loading '' @ http://localhost:3001/src/lib/util/state.ts:192
[  448707ms] [LOG] Registration successful, scope is: http://localhost:3001/ @ http://localhost:3001/src/routes/+layout.svelte:42
[  448749ms] [LOG] [plausible] render {diagramType: flowchart-v2, isRough: false, lengthBucket: 0-10, renderTimeMsBucket: 50-100} @ http://localhost:3001/src/lib/util/stats.ts:89
[  449399ms] [LOG] [plausible] version {mermaidVersion: 11.14.0} @ http://localhost:3001/src/lib/util/stats.ts:89
[  449459ms] [LOG] Loading '' @ http://localhost:3001/src/lib/util/state.ts:192
[  449527ms] [LOG] Registration successful, scope is: http://localhost:3001/ @ http://localhost:3001/src/routes/+layout.svelte:42
[  449569ms] [LOG] [plausible] render {diagramType: flowchart-v2, isRough: false, lengthBucket: 0-10, renderTimeMsBucket: 50-100} @ http://localhost:3001/src/lib/util/stats.ts:89
[  450179ms] [LOG] [plausible] version {mermaidVersion: 11.14.0} @ http://localhost:3001/src/lib/util/stats.ts:89
[  450248ms] [LOG] Loading '' @ http://localhost:3001/src/lib/util/state.ts:192
[  450304ms] [LOG] Registration successful, scope is: http://localhost:3001/ @ http://localhost:3001/src/routes/+layout.svelte:42
[  450343ms] [LOG] [plausible] render {diagramType: flowchart-v2, isRough: false, lengthBucket: 0-10, renderTimeMsBucket: 50-100} @ http://localhost:3001/src/lib/util/stats.ts:89
[  450968ms] [LOG] [plausible] version {mermaidVersion: 11.14.0} @ http://localhost:3001/src/lib/util/stats.ts:89
[  451037ms] [LOG] Loading '' @ http://localhost:3001/src/lib/util/state.ts:192
[  451092ms] [LOG] Registration successful, scope is: http://localhost:3001/ @ http://localhost:3001/src/routes/+layout.svelte:42
[  451135ms] [LOG] [plausible] render {diagramType: flowchart-v2, isRough: false, lengthBucket: 0-10, renderTimeMsBucket: 50-100} @ http://localhost:3001/src/lib/util/stats.ts:89
[  451988ms] [LOG] [plausible] version {mermaidVersion: 11.14.0} @ http://localhost:3001/src/lib/util/stats.ts:89
[  452067ms] [LOG] Loading '' @ http://localhost:3001/src/lib/util/state.ts:192
[  452121ms] [LOG] Registration successful, scope is: http://localhost:3001/ @ http://localhost:3001/src/routes/+layout.svelte:42
[  452771ms] [LOG] [plausible] version {mermaidVersion: 11.14.0} @ http://localhost:3001/src/lib/util/stats.ts:89
[  452844ms] [LOG] Loading '' @ http://localhost:3001/src/lib/util/state.ts:192
[  452907ms] [LOG] Registration successful, scope is: http://localhost:3001/ @ http://localhost:3001/src/routes/+layout.svelte:42
[  452951ms] [LOG] [plausible] render {diagramType: flowchart-v2, isRough: false, lengthBucket: 0-10, renderTimeMsBucket: 50-100} @ http://localhost:3001/src/lib/util/stats.ts:89
[  453536ms] [LOG] [plausible] version {mermaidVersion: 11.14.0} @ http://localhost:3001/src/lib/util/stats.ts:89
[  453617ms] [LOG] Loading '' @ http://localhost:3001/src/lib/util/state.ts:192
[  453677ms] [LOG] Registration successful, scope is: http://localhost:3001/ @ http://localhost:3001/src/routes/+layout.svelte:42
[  453722ms] [LOG] [plausible] render {diagramType: flowchart-v2, isRough: false, lengthBucket: 0-10, renderTimeMsBucket: 50-100} @ http://localhost:3001/src/lib/util/stats.ts:89
[  454380ms] [LOG] [plausible] version {mermaidVersion: 11.14.0} @ http://localhost:3001/src/lib/util/stats.ts:89
[  454451ms] [LOG] Loading '' @ http://localhost:3001/src/lib/util/state.ts:192
[  454507ms] [LOG] Registration successful, scope is: http://localhost:3001/ @ http://localhost:3001/src/routes/+layout.svelte:42
[  454547ms] [LOG] [plausible] render {diagramType: flowchart-v2, isRough: false, lengthBucket: 0-10, renderTimeMsBucket: 50-100} @ http://localhost:3001/src/lib/util/stats.ts:89
[  455330ms] [LOG] [plausible] version {mermaidVersion: 11.14.0} @ http://localhost:3001/src/lib/util/stats.ts:89
[  455399ms] [LOG] Loading '' @ http://localhost:3001/src/lib/util/state.ts:192
[  455450ms] [LOG] Registration successful, scope is: http://localhost:3001/ @ http://localhost:3001/src/routes/+layout.svelte:42
[  455487ms] [LOG] [plausible] render {diagramType: flowchart-v2, isRough: false, lengthBucket: 0-10, renderTimeMsBucket: 50-100} @ http://localhost:3001/src/lib/util/stats.ts:89
[  456139ms] [LOG] [plausible] version {mermaidVersion: 11.14.0} @ http://localhost:3001/src/lib/util/stats.ts:89
[  456212ms] [LOG] Loading '' @ http://localhost:3001/src/lib/util/state.ts:192
[  456264ms] [LOG] Registration successful, scope is: http://localhost:3001/ @ http://localhost:3001/src/routes/+layout.svelte:42
[  456300ms] [LOG] [plausible] render {diagramType: flowchart-v2, isRough: false, lengthBucket: 0-10, renderTimeMsBucket: 50-100} @ http://localhost:3001/src/lib/util/stats.ts:89
[  456913ms] [LOG] [plausible] version {mermaidVersion: 11.14.0} @ http://localhost:3001/src/lib/util/stats.ts:89
[  456981ms] [LOG] Loading '' @ http://localhost:3001/src/lib/util/state.ts:192
[  457033ms] [LOG] Registration successful, scope is: http://localhost:3001/ @ http://localhost:3001/src/routes/+layout.svelte:42
[  457069ms] [LOG] [plausible] render {diagramType: flowchart-v2, isRough: false, lengthBucket: 0-10, renderTimeMsBucket: 50-100} @ http://localhost:3001/src/lib/util/stats.ts:89
[  457686ms] [LOG] [plausible] version {mermaidVersion: 11.14.0} @ http://localhost:3001/src/lib/util/stats.ts:89
[  457756ms] [LOG] Loading '' @ http://localhost:3001/src/lib/util/state.ts:192
[  457804ms] [LOG] Registration successful, scope is: http://localhost:3001/ @ http://localhost:3001/src/routes/+layout.svelte:42
[  457840ms] [LOG] [plausible] render {diagramType: flowchart-v2, isRough: false, lengthBucket: 0-10, renderTimeMsBucket: 50-100} @ http://localhost:3001/src/lib/util/stats.ts:89
[  457894ms] [LOG] [plausible] render {diagramType: flowchart-v2, isRough: false, lengthBucket: 0-10, renderTimeMsBucket: 25-50} @ http://localhost:3001/src/lib/util/stats.ts:89
[  458562ms] [LOG] [plausible] version {mermaidVersion: 11.14.0} @ http://localhost:3001/src/lib/util/stats.ts:89
[  458627ms] [LOG] Loading '' @ http://localhost:3001/src/lib/util/state.ts:192
[  458692ms] [LOG] Registration successful, scope is: http://localhost:3001/ @ http://localhost:3001/src/routes/+layout.svelte:42
[  458736ms] [LOG] [plausible] render {diagramType: flowchart-v2, isRough: false, lengthBucket: 0-10, renderTimeMsBucket: 50-100} @ http://localhost:3001/src/lib/util/stats.ts:89
[  459361ms] [LOG] [plausible] version {mermaidVersion: 11.14.0} @ http://localhost:3001/src/lib/util/stats.ts:89
[  459433ms] [LOG] Loading '' @ http://localhost:3001/src/lib/util/state.ts:192
[  459489ms] [LOG] Registration successful, scope is: http://localhost:3001/ @ http://localhost:3001/src/routes/+layout.svelte:42
[  459530ms] [LOG] [plausible] render {diagramType: flowchart-v2, isRough: false, lengthBucket: 0-10, renderTimeMsBucket: 50-100} @ http://localhost:3001/src/lib/util/stats.ts:89
[  460280ms] [LOG] [plausible] version {mermaidVersion: 11.14.0} @ http://localhost:3001/src/lib/util/stats.ts:89
[  460350ms] [LOG] Loading '' @ http://localhost:3001/src/lib/util/state.ts:192
[  460408ms] [LOG] Registration successful, scope is: http://localhost:3001/ @ http://localhost:3001/src/routes/+layout.svelte:42
[  460448ms] [LOG] [plausible] render {diagramType: flowchart-v2, isRough: false, lengthBucket: 0-10, renderTimeMsBucket: 50-100} @ http://localhost:3001/src/lib/util/stats.ts:89
[  461071ms] [LOG] [plausible] version {mermaidVersion: 11.14.0} @ http://localhost:3001/src/lib/util/stats.ts:89
[  461137ms] [LOG] Loading '' @ http://localhost:3001/src/lib/util/state.ts:192
[  461190ms] [LOG] Registration successful, scope is: http://localhost:3001/ @ http://localhost:3001/src/routes/+layout.svelte:42
[  461233ms] [LOG] [plausible] render {diagramType: flowchart-v2, isRough: false, lengthBucket: 0-10, renderTimeMsBucket: 50-100} @ http://localhost:3001/src/lib/util/stats.ts:89
[  461835ms] [LOG] [plausible] version {mermaidVersion: 11.14.0} @ http://localhost:3001/src/lib/util/stats.ts:89
[  461905ms] [LOG] Loading '' @ http://localhost:3001/src/lib/util/state.ts:192
[  461962ms] [LOG] Registration successful, scope is: http://localhost:3001/ @ http://localhost:3001/src/routes/+layout.svelte:42
[  462007ms] [LOG] [plausible] render {diagramType: flowchart-v2, isRough: false, lengthBucket: 0-10, renderTimeMsBucket: 50-100} @ http://localhost:3001/src/lib/util/stats.ts:89
[  462636ms] [LOG] [plausible] version {mermaidVersion: 11.14.0} @ http://localhost:3001/src/lib/util/stats.ts:89
[  462716ms] [LOG] Loading '' @ http://localhost:3001/src/lib/util/state.ts:192
[  462763ms] [LOG] Registration successful, scope is: http://localhost:3001/ @ http://localhost:3001/src/routes/+layout.svelte:42
[  462798ms] [LOG] [plausible] render {diagramType: flowchart-v2, isRough: false, lengthBucket: 0-10, renderTimeMsBucket: 50-100} @ http://localhost:3001/src/lib/util/stats.ts:89
[  462852ms] [LOG] [plausible] render {diagramType: flowchart-v2, isRough: false, lengthBucket: 0-10, renderTimeMsBucket: 50-100} @ http://localhost:3001/src/lib/util/stats.ts:89
[  463468ms] [LOG] [plausible] version {mermaidVersion: 11.14.0} @ http://localhost:3001/src/lib/util/stats.ts:89
[  463540ms] [LOG] Loading '' @ http://localhost:3001/src/lib/util/state.ts:192
[  463594ms] [LOG] Registration successful, scope is: http://localhost:3001/ @ http://localhost:3001/src/routes/+layout.svelte:42
[  463635ms] [LOG] [plausible] render {diagramType: flowchart-v2, isRough: false, lengthBucket: 0-10, renderTimeMsBucket: 50-100} @ http://localhost:3001/src/lib/util/stats.ts:89
[  464240ms] [LOG] [plausible] version {mermaidVersion: 11.14.0} @ http://localhost:3001/src/lib/util/stats.ts:89
[  464307ms] [LOG] Loading '' @ http://localhost:3001/src/lib/util/state.ts:192
[  464359ms] [LOG] Registration successful, scope is: http://localhost:3001/ @ http://localhost:3001/src/routes/+layout.svelte:42
[  464398ms] [LOG] [plausible] render {diagramType: flowchart-v2, isRough: false, lengthBucket: 0-10, renderTimeMsBucket: 50-100} @ http://localhost:3001/src/lib/util/stats.ts:89
[  464997ms] [LOG] [plausible] version {mermaidVersion: 11.14.0} @ http://localhost:3001/src/lib/util/stats.ts:89
[  465061ms] [LOG] Loading '' @ http://localhost:3001/src/lib/util/state.ts:192
[  465122ms] [LOG] Registration successful, scope is: http://localhost:3001/ @ http://localhost:3001/src/routes/+layout.svelte:42
[  465162ms] [LOG] [plausible] render {diagramType: flowchart-v2, isRough: false, lengthBucket: 0-10, renderTimeMsBucket: 50-100} @ http://localhost:3001/src/lib/util/stats.ts:89
[  465726ms] [LOG] [plausible] version {mermaidVersion: 11.14.0} @ http://localhost:3001/src/lib/util/stats.ts:89
[  465800ms] [LOG] Loading '' @ http://localhost:3001/src/lib/util/state.ts:192
[  465854ms] [LOG] Registration successful, scope is: http://localhost:3001/ @ http://localhost:3001/src/routes/+layout.svelte:42
[  465897ms] [LOG] [plausible] render {diagramType: flowchart-v2, isRough: false, lengthBucket: 0-10, renderTimeMsBucket: 50-100} @ http://localhost:3001/src/lib/util/stats.ts:89
[  466755ms] [LOG] [plausible] version {mermaidVersion: 11.14.0} @ http://localhost:3001/src/lib/util/stats.ts:89
[  466831ms] [LOG] Loading '' @ http://localhost:3001/src/lib/util/state.ts:192
[  466886ms] [LOG] Registration successful, scope is: http://localhost:3001/ @ http://localhost:3001/src/routes/+layout.svelte:42
[  466928ms] [LOG] [plausible] render {diagramType: flowchart-v2, isRough: false, lengthBucket: 0-10, renderTimeMsBucket: 50-100} @ http://localhost:3001/src/lib/util/stats.ts:89
[  468242ms] [LOG] [plausible] version {mermaidVersion: 11.14.0} @ http://localhost:3001/src/lib/util/stats.ts:89
[  468318ms] [LOG] Loading '' @ http://localhost:3001/src/lib/util/state.ts:192
[  468384ms] [LOG] Registration successful, scope is: http://localhost:3001/ @ http://localhost:3001/src/routes/+layout.svelte:42
[  468434ms] [LOG] [plausible] render {diagramType: flowchart-v2, isRough: false, lengthBucket: 0-10, renderTimeMsBucket: 50-100} @ http://localhost:3001/src/lib/util/stats.ts:89
[  468493ms] [LOG] [plausible] render {diagramType: flowchart-v2, isRough: false, lengthBucket: 0-10, renderTimeMsBucket: 50-100} @ http://localhost:3001/src/lib/util/stats.ts:89
[  469090ms] [LOG] [plausible] version {mermaidVersion: 11.14.0} @ http://localhost:3001/src/lib/util/stats.ts:89
[  469153ms] [LOG] Loading '' @ http://localhost:3001/src/lib/util/state.ts:192
[  469214ms] [LOG] Registration successful, scope is: http://localhost:3001/ @ http://localhost:3001/src/routes/+layout.svelte:42
[  469258ms] [LOG] [plausible] render {diagramType: flowchart-v2, isRough: false, lengthBucket: 0-10, renderTimeMsBucket: 50-100} @ http://localhost:3001/src/lib/util/stats.ts:89
[  469990ms] [LOG] [plausible] version {mermaidVersion: 11.14.0} @ http://localhost:3001/src/lib/util/stats.ts:89
[  470052ms] [LOG] Loading '' @ http://localhost:3001/src/lib/util/state.ts:192
[  470103ms] [LOG] Registration successful, scope is: http://localhost:3001/ @ http://localhost:3001/src/routes/+layout.svelte:42
[  470143ms] [LOG] [plausible] render {diagramType: flowchart-v2, isRough: false, lengthBucket: 0-10, renderTimeMsBucket: 50-100} @ http://localhost:3001/src/lib/util/stats.ts:89
[  470774ms] [LOG] [plausible] version {mermaidVersion: 11.14.0} @ http://localhost:3001/src/lib/util/stats.ts:89
[  470835ms] [LOG] Loading '' @ http://localhost:3001/src/lib/util/state.ts:192
[  470898ms] [LOG] Registration successful, scope is: http://localhost:3001/ @ http://localhost:3001/src/routes/+layout.svelte:42
[  470941ms] [LOG] [plausible] render {diagramType: flowchart-v2, isRough: false, lengthBucket: 0-10, renderTimeMsBucket: 50-100} @ http://localhost:3001/src/lib/util/stats.ts:89
[  471650ms] [LOG] [plausible] version {mermaidVersion: 11.14.0} @ http://localhost:3001/src/lib/util/stats.ts:89
[  471729ms] [LOG] Loading '' @ http://localhost:3001/src/lib/util/state.ts:192
[  471782ms] [LOG] Registration successful, scope is: http://localhost:3001/ @ http://localhost:3001/src/routes/+layout.svelte:42
[  471816ms] [LOG] [plausible] render {diagramType: flowchart-v2, isRough: false, lengthBucket: 0-10, renderTimeMsBucket: 50-100} @ http://localhost:3001/src/lib/util/stats.ts:89
[  472470ms] [LOG] [plausible] version {mermaidVersion: 11.14.0} @ http://localhost:3001/src/lib/util/stats.ts:89
[  472540ms] [LOG] Loading '' @ http://localhost:3001/src/lib/util/state.ts:192
[  472595ms] [LOG] Registration successful, scope is: http://localhost:3001/ @ http://localhost:3001/src/routes/+layout.svelte:42
[  472637ms] [LOG] [plausible] render {diagramType: flowchart-v2, isRough: false, lengthBucket: 0-10, renderTimeMsBucket: 50-100} @ http://localhost:3001/src/lib/util/stats.ts:89
[  473261ms] [LOG] [plausible] version {mermaidVersion: 11.14.0} @ http://localhost:3001/src/lib/util/stats.ts:89
[  473332ms] [LOG] Loading '' @ http://localhost:3001/src/lib/util/state.ts:192
[  473390ms] [LOG] Registration successful, scope is: http://localhost:3001/ @ http://localhost:3001/src/routes/+layout.svelte:42
[  473435ms] [LOG] [plausible] render {diagramType: flowchart-v2, isRough: false, lengthBucket: 0-10, renderTimeMsBucket: 50-100} @ http://localhost:3001/src/lib/util/stats.ts:89
[  474037ms] [LOG] [plausible] version {mermaidVersion: 11.14.0} @ http://localhost:3001/src/lib/util/stats.ts:89
[  474109ms] [LOG] Loading '' @ http://localhost:3001/src/lib/util/state.ts:192
[  474156ms] [LOG] Registration successful, scope is: http://localhost:3001/ @ http://localhost:3001/src/routes/+layout.svelte:42
[  474190ms] [LOG] [plausible] render {diagramType: flowchart-v2, isRough: false, lengthBucket: 0-10, renderTimeMsBucket: 50-100} @ http://localhost:3001/src/lib/util/stats.ts:89
[  474811ms] [LOG] [plausible] version {mermaidVersion: 11.14.0} @ http://localhost:3001/src/lib/util/stats.ts:89
[  474882ms] [LOG] Loading '' @ http://localhost:3001/src/lib/util/state.ts:192
[  474934ms] [LOG] Registration successful, scope is: http://localhost:3001/ @ http://localhost:3001/src/routes/+layout.svelte:42
[  474970ms] [LOG] [plausible] render {diagramType: flowchart-v2, isRough: false, lengthBucket: 0-10, renderTimeMsBucket: 50-100} @ http://localhost:3001/src/lib/util/stats.ts:89
[  475019ms] [LOG] [plausible] render {diagramType: flowchart-v2, isRough: false, lengthBucket: 0-10, renderTimeMsBucket: 25-50} @ http://localhost:3001/src/lib/util/stats.ts:89
[  475621ms] [LOG] [plausible] version {mermaidVersion: 11.14.0} @ http://localhost:3001/src/lib/util/stats.ts:89
[  475692ms] [LOG] Loading '' @ http://localhost:3001/src/lib/util/state.ts:192
[  475745ms] [LOG] Registration successful, scope is: http://localhost:3001/ @ http://localhost:3001/src/routes/+layout.svelte:42
[  475782ms] [LOG] [plausible] render {diagramType: flowchart-v2, isRough: false, lengthBucket: 0-10, renderTimeMsBucket: 50-100} @ http://localhost:3001/src/lib/util/stats.ts:89
[  476401ms] [LOG] [plausible] version {mermaidVersion: 11.14.0} @ http://localhost:3001/src/lib/util/stats.ts:89
[  476478ms] [LOG] Loading '' @ http://localhost:3001/src/lib/util/state.ts:192
[  476537ms] [LOG] Registration successful, scope is: http://localhost:3001/ @ http://localhost:3001/src/routes/+layout.svelte:42
[  476582ms] [LOG] [plausible] render {diagramType: flowchart-v2, isRough: false, lengthBucket: 0-10, renderTimeMsBucket: 50-100} @ http://localhost:3001/src/lib/util/stats.ts:89
[  477204ms] [LOG] [plausible] version {mermaidVersion: 11.14.0} @ http://localhost:3001/src/lib/util/stats.ts:89
[  477277ms] [LOG] Loading '' @ http://localhost:3001/src/lib/util/state.ts:192
[  477339ms] [LOG] Registration successful, scope is: http://localhost:3001/ @ http://localhost:3001/src/routes/+layout.svelte:42
[  477380ms] [LOG] [plausible] render {diagramType: flowchart-v2, isRough: false, lengthBucket: 0-10, renderTimeMsBucket: 50-100} @ http://localhost:3001/src/lib/util/stats.ts:89
[  478004ms] [LOG] [plausible] version {mermaidVersion: 11.14.0} @ http://localhost:3001/src/lib/util/stats.ts:89
[  478062ms] [LOG] Loading '' @ http://localhost:3001/src/lib/util/state.ts:192
[  478115ms] [LOG] Registration successful, scope is: http://localhost:3001/ @ http://localhost:3001/src/routes/+layout.svelte:42
[  478152ms] [LOG] [plausible] render {diagramType: flowchart-v2, isRough: false, lengthBucket: 0-10, renderTimeMsBucket: 50-100} @ http://localhost:3001/src/lib/util/stats.ts:89
[  478793ms] [LOG] [plausible] version {mermaidVersion: 11.14.0} @ http://localhost:3001/src/lib/util/stats.ts:89
[  478862ms] [LOG] Loading '' @ http://localhost:3001/src/lib/util/state.ts:192
[  478923ms] [LOG] Registration successful, scope is: http://localhost:3001/ @ http://localhost:3001/src/routes/+layout.svelte:42
[  478958ms] [LOG] [plausible] render {diagramType: flowchart-v2, isRough: false, lengthBucket: 0-10, renderTimeMsBucket: 50-100} @ http://localhost:3001/src/lib/util/stats.ts:89
[  479615ms] [LOG] [plausible] version {mermaidVersion: 11.14.0} @ http://localhost:3001/src/lib/util/stats.ts:89
[  479690ms] [LOG] Loading '' @ http://localhost:3001/src/lib/util/state.ts:192
[  479748ms] [LOG] Registration successful, scope is: http://localhost:3001/ @ http://localhost:3001/src/routes/+layout.svelte:42
[  479791ms] [LOG] [plausible] render {diagramType: flowchart-v2, isRough: false, lengthBucket: 0-10, renderTimeMsBucket: 50-100} @ http://localhost:3001/src/lib/util/stats.ts:89
[  480405ms] [LOG] [plausible] version {mermaidVersion: 11.14.0} @ http://localhost:3001/src/lib/util/stats.ts:89
[  480477ms] [LOG] Loading '' @ http://localhost:3001/src/lib/util/state.ts:192
[  480535ms] [LOG] Registration successful, scope is: http://localhost:3001/ @ http://localhost:3001/src/routes/+layout.svelte:42
[  480581ms] [LOG] [plausible] render {diagramType: flowchart-v2, isRough: false, lengthBucket: 0-10, renderTimeMsBucket: 50-100} @ http://localhost:3001/src/lib/util/stats.ts:89
[  481185ms] [LOG] [plausible] version {mermaidVersion: 11.14.0} @ http://localhost:3001/src/lib/util/stats.ts:89
[  481258ms] [LOG] Loading '' @ http://localhost:3001/src/lib/util/state.ts:192
[  481309ms] [LOG] Registration successful, scope is: http://localhost:3001/ @ http://localhost:3001/src/routes/+layout.svelte:42
[  481346ms] [LOG] [plausible] render {diagramType: flowchart-v2, isRough: false, lengthBucket: 0-10, renderTimeMsBucket: 50-100} @ http://localhost:3001/src/lib/util/stats.ts:89
[  481969ms] [LOG] [plausible] version {mermaidVersion: 11.14.0} @ http://localhost:3001/src/lib/util/stats.ts:89
[  482031ms] [LOG] Loading '' @ http://localhost:3001/src/lib/util/state.ts:192
[  482087ms] [LOG] Registration successful, scope is: http://localhost:3001/ @ http://localhost:3001/src/routes/+layout.svelte:42
[  482123ms] [LOG] [plausible] render {diagramType: flowchart-v2, isRough: false, lengthBucket: 0-10, renderTimeMsBucket: 50-100} @ http://localhost:3001/src/lib/util/stats.ts:89
[  482723ms] [LOG] [plausible] version {mermaidVersion: 11.14.0} @ http://localhost:3001/src/lib/util/stats.ts:89
[  482795ms] [LOG] Loading '' @ http://localhost:3001/src/lib/util/state.ts:192
[  482840ms] [LOG] Registration successful, scope is: http://localhost:3001/ @ http://localhost:3001/src/routes/+layout.svelte:42
[  482891ms] [LOG] [plausible] render {diagramType: flowchart-v2, isRough: false, lengthBucket: 0-10, renderTimeMsBucket: 50-100} @ http://localhost:3001/src/lib/util/stats.ts:89
[  483522ms] [LOG] [plausible] version {mermaidVersion: 11.14.0} @ http://localhost:3001/src/lib/util/stats.ts:89
[  483595ms] [LOG] Loading '' @ http://localhost:3001/src/lib/util/state.ts:192
[  483657ms] [LOG] Registration successful, scope is: http://localhost:3001/ @ http://localhost:3001/src/routes/+layout.svelte:42
[  483708ms] [LOG] [plausible] render {diagramType: flowchart-v2, isRough: false, lengthBucket: 0-10, renderTimeMsBucket: 50-100} @ http://localhost:3001/src/lib/util/stats.ts:89
[  484364ms] [LOG] [plausible] version {mermaidVersion: 11.14.0} @ http://localhost:3001/src/lib/util/stats.ts:89
[  484441ms] [LOG] Loading '' @ http://localhost:3001/src/lib/util/state.ts:192
[  484494ms] [LOG] Registration successful, scope is: http://localhost:3001/ @ http://localhost:3001/src/routes/+layout.svelte:42
[  484535ms] [LOG] [plausible] render {diagramType: flowchart-v2, isRough: false, lengthBucket: 0-10, renderTimeMsBucket: 50-100} @ http://localhost:3001/src/lib/util/stats.ts:89
[  485748ms] [LOG] [plausible] version {mermaidVersion: 11.14.0} @ http://localhost:3001/src/lib/util/stats.ts:89
[  485816ms] [LOG] Loading '' @ http://localhost:3001/src/lib/util/state.ts:192
[  485877ms] [LOG] Registration successful, scope is: http://localhost:3001/ @ http://localhost:3001/src/routes/+layout.svelte:42
[  485924ms] [LOG] [plausible] render {diagramType: flowchart-v2, isRough: false, lengthBucket: 0-10, renderTimeMsBucket: 50-100} @ http://localhost:3001/src/lib/util/stats.ts:89
[  486542ms] [LOG] [plausible] version {mermaidVersion: 11.14.0} @ http://localhost:3001/src/lib/util/stats.ts:89
[  486606ms] [LOG] Loading '' @ http://localhost:3001/src/lib/util/state.ts:192
[  486665ms] [LOG] Registration successful, scope is: http://localhost:3001/ @ http://localhost:3001/src/routes/+layout.svelte:42
[  486719ms] [LOG] [plausible] render {diagramType: flowchart-v2, isRough: false, lengthBucket: 0-10, renderTimeMsBucket: 50-100} @ http://localhost:3001/src/lib/util/stats.ts:89
[  487356ms] [LOG] [plausible] version {mermaidVersion: 11.14.0} @ http://localhost:3001/src/lib/util/stats.ts:89
[  487443ms] [LOG] Loading '' @ http://localhost:3001/src/lib/util/state.ts:192
[  487499ms] [LOG] Registration successful, scope is: http://localhost:3001/ @ http://localhost:3001/src/routes/+layout.svelte:42
[  487543ms] [LOG] [plausible] render {diagramType: flowchart-v2, isRough: false, lengthBucket: 0-10, renderTimeMsBucket: 50-100} @ http://localhost:3001/src/lib/util/stats.ts:89
[  488173ms] [LOG] [plausible] version {mermaidVersion: 11.14.0} @ http://localhost:3001/src/lib/util/stats.ts:89
[  488246ms] [LOG] Loading '' @ http://localhost:3001/src/lib/util/state.ts:192
[  488299ms] [LOG] Registration successful, scope is: http://localhost:3001/ @ http://localhost:3001/src/routes/+layout.svelte:42
[  488338ms] [LOG] [plausible] render {diagramType: flowchart-v2, isRough: false, lengthBucket: 0-10, renderTimeMsBucket: 50-100} @ http://localhost:3001/src/lib/util/stats.ts:89
[  489179ms] [LOG] [plausible] version {mermaidVersion: 11.14.0} @ http://localhost:3001/src/lib/util/stats.ts:89
[  489250ms] [LOG] Loading '' @ http://localhost:3001/src/lib/util/state.ts:192
[  489311ms] [LOG] Registration successful, scope is: http://localhost:3001/ @ http://localhost:3001/src/routes/+layout.svelte:42
[  489354ms] [LOG] [plausible] render {diagramType: flowchart-v2, isRough: false, lengthBucket: 0-10, renderTimeMsBucket: 50-100} @ http://localhost:3001/src/lib/util/stats.ts:89
[  489410ms] [LOG] [plausible] render {diagramType: flowchart-v2, isRough: false, lengthBucket: 0-10, renderTimeMsBucket: 50-100} @ http://localhost:3001/src/lib/util/stats.ts:89
[  489990ms] [LOG] [plausible] version {mermaidVersion: 11.14.0} @ http://localhost:3001/src/lib/util/stats.ts:89
[  490061ms] [LOG] Loading '' @ http://localhost:3001/src/lib/util/state.ts:192
[  490125ms] [LOG] Registration successful, scope is: http://localhost:3001/ @ http://localhost:3001/src/routes/+layout.svelte:42
[  490169ms] [LOG] [plausible] render {diagramType: flowchart-v2, isRough: false, lengthBucket: 0-10, renderTimeMsBucket: 50-100} @ http://localhost:3001/src/lib/util/stats.ts:89
[  490754ms] [LOG] [plausible] version {mermaidVersion: 11.14.0} @ http://localhost:3001/src/lib/util/stats.ts:89
[  490816ms] [LOG] Loading '' @ http://localhost:3001/src/lib/util/state.ts:192
[  490871ms] [LOG] Registration successful, scope is: http://localhost:3001/ @ http://localhost:3001/src/routes/+layout.svelte:42
[  490922ms] [LOG] [plausible] render {diagramType: flowchart-v2, isRough: false, lengthBucket: 0-10, renderTimeMsBucket: 50-100} @ http://localhost:3001/src/lib/util/stats.ts:89
[  491191ms] [WARNING] Avoid using `history.pushState(...)` and `history.replaceState(...)` as these will conflict with SvelteKit's router. Use the `pushState` and `replaceState` imports from `$app/navigation` instead. @ http://localhost:3001/node_modules/.pnpm/@sveltejs+kit@2.37.0_@svelt_451e8418fb2bf1e4b93263c948f3b481/node_modules/@sveltejs/kit/src/runtime/client/client.js?v=5ec1b7ca:3085
[  491883ms] [LOG] [plausible] version {mermaidVersion: 11.14.0} @ http://localhost:3001/src/lib/util/stats.ts:89
[  491958ms] [LOG] Loading 'pako:eNpFTsluwjAQ_RVrELeAIEsdfKiUgNQf6KmYwxDbSVQvyHHUpij_XpMKdU7ztpl3h8YJCQyUdl9Nhz6Q9xO36zVpnDHSBkYqfeuQDJ0btSBDwIn09qlyW50X_UI2m1dS1edaBrxEul6I4_kNjXkQQ5i0jAaieq3ZSqkmDiTQ-l4AC36UCRjpDT4g3LklhEPopJEcWFyFVDjqwIHbOcZuaD-cM8-kd2PbAVOoh4jGm8AgTz22Hv8t0grpj260AVixXAB2h29gaUq32Z4Wu3K3L2mRlwlMkd1vDxnNs8MLzVJa0JLOCfwsP3fbaEv-2tXYfLbxvX3UXjV4za85zL8WD2z8' @ http://localhost:3001/src/lib/util/state.ts:192
[  492016ms] [LOG] Registration successful, scope is: http://localhost:3001/ @ http://localhost:3001/src/routes/+layout.svelte:42
[  492058ms] [LOG] [plausible] render {diagramType: flowchart-v2, isRough: false, lengthBucket: 0-10, renderTimeMsBucket: 50-100} @ http://localhost:3001/src/lib/util/stats.ts:89
[  492713ms] [LOG] [plausible] version {mermaidVersion: 11.14.0} @ http://localhost:3001/src/lib/util/stats.ts:89
[  492777ms] [LOG] Loading 'pako:eNpFTsluwjAQ_RVrELeAIEsdfKiUgNQf6KmYwxDbSVQvyHHUpij_XpMKdU7ztpl3h8YJCQyUdl9Nhz6Q9xO36zVpnDHSBkYqfeuQDJ0btSBDwIn09qlyW50X_UI2m1dS1edaBrxEul6I4_kNjXkQQ5i0jAaieq3ZSqkmDiTQ-l4AC36UCRjpDT4g3LklhEPopJEcWFyFVDjqwIHbOcZuaD-cM8-kd2PbAVOoh4jGm8AgTz22Hv8t0grpj260AVixXAB2h29gaUq32Z4Wu3K3L2mRlwlMkd1vDxnNs8MLzVJa0JLOCfwsP3fbaEv-2tXYfLbxvX3UXjV4za85zL8WD2z8' @ http://localhost:3001/src/lib/util/state.ts:192
[  492840ms] [LOG] Registration successful, scope is: http://localhost:3001/ @ http://localhost:3001/src/routes/+layout.svelte:42
[  492894ms] [LOG] [plausible] render {diagramType: flowchart-v2, isRough: false, lengthBucket: 0-10, renderTimeMsBucket: 50-100} @ http://localhost:3001/src/lib/util/stats.ts:89
[  493545ms] [LOG] [plausible] version {mermaidVersion: 11.14.0} @ http://localhost:3001/src/lib/util/stats.ts:89
[  493631ms] [LOG] Loading 'pako:eNpFTsluwjAQ_RVrELeAIEsdfKiUgNQf6KmYwxDbSVQvyHHUpij_XpMKdU7ztpl3h8YJCQyUdl9Nhz6Q9xO36zVpnDHSBkYqfeuQDJ0btSBDwIn09qlyW50X_UI2m1dS1edaBrxEul6I4_kNjXkQQ5i0jAaieq3ZSqkmDiTQ-l4AC36UCRjpDT4g3LklhEPopJEcWFyFVDjqwIHbOcZuaD-cM8-kd2PbAVOoh4jGm8AgTz22Hv8t0grpj260AVixXAB2h29gaUq32Z4Wu3K3L2mRlwlMkd1vDxnNs8MLzVJa0JLOCfwsP3fbaEv-2tXYfLbxvX3UXjV4za85zL8WD2z8' @ http://localhost:3001/src/lib/util/state.ts:192
[  493685ms] [LOG] Registration successful, scope is: http://localhost:3001/ @ http://localhost:3001/src/routes/+layout.svelte:42
[  493722ms] [LOG] [plausible] render {diagramType: flowchart-v2, isRough: false, lengthBucket: 0-10, renderTimeMsBucket: 50-100} @ http://localhost:3001/src/lib/util/stats.ts:89
[  493772ms] [LOG] [plausible] render {diagramType: flowchart-v2, isRough: false, lengthBucket: 0-10, renderTimeMsBucket: 25-50} @ http://localhost:3001/src/lib/util/stats.ts:89
[  494424ms] [LOG] [plausible] version {mermaidVersion: 11.14.0} @ http://localhost:3001/src/lib/util/stats.ts:89
[  494496ms] [LOG] Loading 'pako:eNpFTsluwjAQ_RVrELeAIEsdfKiUgNQf6KmYwxDbSVQvyHHUpij_XpMKdU7ztpl3h8YJCQyUdl9Nhz6Q9xO36zVpnDHSBkYqfeuQDJ0btSBDwIn09qlyW50X_UI2m1dS1edaBrxEul6I4_kNjXkQQ5i0jAaieq3ZSqkmDiTQ-l4AC36UCRjpDT4g3LklhEPopJEcWFyFVDjqwIHbOcZuaD-cM8-kd2PbAVOoh4jGm8AgTz22Hv8t0grpj260AVixXAB2h29gaUq32Z4Wu3K3L2mRlwlMkd1vDxnNs8MLzVJa0JLOCfwsP3fbaEv-2tXYfLbxvX3UXjV4za85zL8WD2z8' @ http://localhost:3001/src/lib/util/state.ts:192
[  494550ms] [LOG] Registration successful, scope is: http://localhost:3001/ @ http://localhost:3001/src/routes/+layout.svelte:42
[  494595ms] [LOG] [plausible] render {diagramType: flowchart-v2, isRough: false, lengthBucket: 0-10, renderTimeMsBucket: 50-100} @ http://localhost:3001/src/lib/util/stats.ts:89
[  495222ms] [LOG] [plausible] version {mermaidVersion: 11.14.0} @ http://localhost:3001/src/lib/util/stats.ts:89
[  495294ms] [LOG] Loading 'pako:eNpFTsluwjAQ_RVrELeAIEsdfKiUgNQf6KmYwxDbSVQvyHHUpij_XpMKdU7ztpl3h8YJCQyUdl9Nhz6Q9xO36zVpnDHSBkYqfeuQDJ0btSBDwIn09qlyW50X_UI2m1dS1edaBrxEul6I4_kNjXkQQ5i0jAaieq3ZSqkmDiTQ-l4AC36UCRjpDT4g3LklhEPopJEcWFyFVDjqwIHbOcZuaD-cM8-kd2PbAVOoh4jGm8AgTz22Hv8t0grpj260AVixXAB2h29gaUq32Z4Wu3K3L2mRlwlMkd1vDxnNs8MLzVJa0JLOCfwsP3fbaEv-2tXYfLbxvX3UXjV4za85zL8WD2z8' @ http://localhost:3001/src/lib/util/state.ts:192
[  495374ms] [LOG] Registration successful, scope is: http://localhost:3001/ @ http://localhost:3001/src/routes/+layout.svelte:42
[  495425ms] [LOG] [plausible] render {diagramType: flowchart-v2, isRough: false, lengthBucket: 0-10, renderTimeMsBucket: 50-100} @ http://localhost:3001/src/lib/util/stats.ts:89
[  496037ms] [LOG] [plausible] version {mermaidVersion: 11.14.0} @ http://localhost:3001/src/lib/util/stats.ts:89
[  496104ms] [LOG] Loading 'pako:eNpFTsluwjAQ_RVrELeAIEsdfKiUgNQf6KmYwxDbSVQvyHHUpij_XpMKdU7ztpl3h8YJCQyUdl9Nhz6Q9xO36zVpnDHSBkYqfeuQDJ0btSBDwIn09qlyW50X_UI2m1dS1edaBrxEul6I4_kNjXkQQ5i0jAaieq3ZSqkmDiTQ-l4AC36UCRjpDT4g3LklhEPopJEcWFyFVDjqwIHbOcZuaD-cM8-kd2PbAVOoh4jGm8AgTz22Hv8t0grpj260AVixXAB2h29gaUq32Z4Wu3K3L2mRlwlMkd1vDxnNs8MLzVJa0JLOCfwsP3fbaEv-2tXYfLbxvX3UXjV4za85zL8WD2z8' @ http://localhost:3001/src/lib/util/state.ts:192
[  496161ms] [LOG] Registration successful, scope is: http://localhost:3001/ @ http://localhost:3001/src/routes/+layout.svelte:42
[  496212ms] [LOG] [plausible] render {diagramType: flowchart-v2, isRough: false, lengthBucket: 0-10, renderTimeMsBucket: 50-100} @ http://localhost:3001/src/lib/util/stats.ts:89
[  496823ms] [LOG] [plausible] version {mermaidVersion: 11.14.0} @ http://localhost:3001/src/lib/util/stats.ts:89
[  496902ms] [LOG] Loading 'pako:eNpFTsluwjAQ_RVrELeAIEsdfKiUgNQf6KmYwxDbSVQvyHHUpij_XpMKdU7ztpl3h8YJCQyUdl9Nhz6Q9xO36zVpnDHSBkYqfeuQDJ0btSBDwIn09qlyW50X_UI2m1dS1edaBrxEul6I4_kNjXkQQ5i0jAaieq3ZSqkmDiTQ-l4AC36UCRjpDT4g3LklhEPopJEcWFyFVDjqwIHbOcZuaD-cM8-kd2PbAVOoh4jGm8AgTz22Hv8t0grpj260AVixXAB2h29gaUq32Z4Wu3K3L2mRlwlMkd1vDxnNs8MLzVJa0JLOCfwsP3fbaEv-2tXYfLbxvX3UXjV4za85zL8WD2z8' @ http://localhost:3001/src/lib/util/state.ts:192
[  496957ms] [LOG] Registration successful, scope is: http://localhost:3001/ @ http://localhost:3001/src/routes/+layout.svelte:42
[  497006ms] [LOG] [plausible] render {diagramType: flowchart-v2, isRough: false, lengthBucket: 0-10, renderTimeMsBucket: 50-100} @ http://localhost:3001/src/lib/util/stats.ts:89
[  497067ms] [LOG] [plausible] render {diagramType: flowchart-v2, isRough: false, lengthBucket: 0-10, renderTimeMsBucket: 50-100} @ http://localhost:3001/src/lib/util/stats.ts:89
[  498167ms] [LOG] [plausible] version {mermaidVersion: 11.14.0} @ http://localhost:3001/src/lib/util/stats.ts:89
[  498235ms] [LOG] Loading 'pako:eNpFTsluwjAQ_RVrELeAIEsdfKiUgNQf6KmYwxDbSVQvyHHUpij_XpMKdU7ztpl3h8YJCQyUdl9Nhz6Q9xO36zVpnDHSBkYqfeuQDJ0btSBDwIn09qlyW50X_UI2m1dS1edaBrxEul6I4_kNjXkQQ5i0jAaieq3ZSqkmDiTQ-l4AC36UCRjpDT4g3LklhEPopJEcWFyFVDjqwIHbOcZuaD-cM8-kd2PbAVOoh4jGm8AgTz22Hv8t0grpj260AVixXAB2h29gaUq32Z4Wu3K3L2mRlwlMkd1vDxnNs8MLzVJa0JLOCfwsP3fbaEv-2tXYfLbxvX3UXjV4za85zL8WD2z8' @ http://localhost:3001/src/lib/util/state.ts:192
[  498292ms] [LOG] Registration successful, scope is: http://localhost:3001/ @ http://localhost:3001/src/routes/+layout.svelte:42
[  498335ms] [LOG] [plausible] render {diagramType: flowchart-v2, isRough: false, lengthBucket: 0-10, renderTimeMsBucket: 50-100} @ http://localhost:3001/src/lib/util/stats.ts:89
[  499365ms] [LOG] [plausible] version {mermaidVersion: 11.14.0} @ http://localhost:3001/src/lib/util/stats.ts:89
[  499443ms] [LOG] Loading 'pako:eNpFTsluwjAQ_RVrELeAIEsdfKiUgNQf6KmYwxDbSVQvyHHUpij_XpMKdU7ztpl3h8YJCQyUdl9Nhz6Q9xO36zVpnDHSBkYqfeuQDJ0btSBDwIn09qlyW50X_UI2m1dS1edaBrxEul6I4_kNjXkQQ5i0jAaieq3ZSqkmDiTQ-l4AC36UCRjpDT4g3LklhEPopJEcWFyFVDjqwIHbOcZuaD-cM8-kd2PbAVOoh4jGm8AgTz22Hv8t0grpj260AVixXAB2h29gaUq32Z4Wu3K3L2mRlwlMkd1vDxnNs8MLzVJa0JLOCfwsP3fbaEv-2tXYfLbxvX3UXjV4za85zL8WD2z8' @ http://localhost:3001/src/lib/util/state.ts:192
[  499502ms] [LOG] Registration successful, scope is: http://localhost:3001/ @ http://localhost:3001/src/routes/+layout.svelte:42
[  499587ms] [LOG] [plausible] render {diagramType: flowchart-v2, isRough: false, lengthBucket: 0-10, renderTimeMsBucket: 100-200} @ http://localhost:3001/src/lib/util/stats.ts:89
[  500188ms] [LOG] [plausible] version {mermaidVersion: 11.14.0} @ http://localhost:3001/src/lib/util/stats.ts:89
[  500257ms] [LOG] Loading 'pako:eNpFTsluwjAQ_RVrELeAIEsdfKiUgNQf6KmYwxDbSVQvyHHUpij_XpMKdU7ztpl3h8YJCQyUdl9Nhz6Q9xO36zVpnDHSBkYqfeuQDJ0btSBDwIn09qlyW50X_UI2m1dS1edaBrxEul6I4_kNjXkQQ5i0jAaieq3ZSqkmDiTQ-l4AC36UCRjpDT4g3LklhEPopJEcWFyFVDjqwIHbOcZuaD-cM8-kd2PbAVOoh4jGm8AgTz22Hv8t0grpj260AVixXAB2h29gaUq32Z4Wu3K3L2mRlwlMkd1vDxnNs8MLzVJa0JLOCfwsP3fbaEv-2tXYfLbxvX3UXjV4za85zL8WD2z8' @ http://localhost:3001/src/lib/util/state.ts:192
[  500310ms] [LOG] Registration successful, scope is: http://localhost:3001/ @ http://localhost:3001/src/routes/+layout.svelte:42
[  500920ms] [LOG] [plausible] version {mermaidVersion: 11.14.0} @ http://localhost:3001/src/lib/util/stats.ts:89
[  500991ms] [LOG] Loading 'pako:eNpFTsluwjAQ_RVrELeAIEsdfKiUgNQf6KmYwxDbSVQvyHHUpij_XpMKdU7ztpl3h8YJCQyUdl9Nhz6Q9xO36zVpnDHSBkYqfeuQDJ0btSBDwIn09qlyW50X_UI2m1dS1edaBrxEul6I4_kNjXkQQ5i0jAaieq3ZSqkmDiTQ-l4AC36UCRjpDT4g3LklhEPopJEcWFyFVDjqwIHbOcZuaD-cM8-kd2PbAVOoh4jGm8AgTz22Hv8t0grpj260AVixXAB2h29gaUq32Z4Wu3K3L2mRlwlMkd1vDxnNs8MLzVJa0JLOCfwsP3fbaEv-2tXYfLbxvX3UXjV4za85zL8WD2z8' @ http://localhost:3001/src/lib/util/state.ts:192
[  501047ms] [LOG] Registration successful, scope is: http://localhost:3001/ @ http://localhost:3001/src/routes/+layout.svelte:42
[  501087ms] [LOG] [plausible] render {diagramType: flowchart-v2, isRough: false, lengthBucket: 0-10, renderTimeMsBucket: 50-100} @ http://localhost:3001/src/lib/util/stats.ts:89
[  501682ms] [LOG] [plausible] version {mermaidVersion: 11.14.0} @ http://localhost:3001/src/lib/util/stats.ts:89
[  501755ms] [LOG] Loading 'pako:eNpFTsluwjAQ_RVrELeAIEsdfKiUgNQf6KmYwxDbSVQvyHHUpij_XpMKdU7ztpl3h8YJCQyUdl9Nhz6Q9xO36zVpnDHSBkYqfeuQDJ0btSBDwIn09qlyW50X_UI2m1dS1edaBrxEul6I4_kNjXkQQ5i0jAaieq3ZSqkmDiTQ-l4AC36UCRjpDT4g3LklhEPopJEcWFyFVDjqwIHbOcZuaD-cM8-kd2PbAVOoh4jGm8AgTz22Hv8t0grpj260AVixXAB2h29gaUq32Z4Wu3K3L2mRlwlMkd1vDxnNs8MLzVJa0JLOCfwsP3fbaEv-2tXYfLbxvX3UXjV4za85zL8WD2z8' @ http://localhost:3001/src/lib/util/state.ts:192
[  501811ms] [LOG] Registration successful, scope is: http://localhost:3001/ @ http://localhost:3001/src/routes/+layout.svelte:42
[  501854ms] [LOG] [plausible] render {diagramType: flowchart-v2, isRough: false, lengthBucket: 0-10, renderTimeMsBucket: 50-100} @ http://localhost:3001/src/lib/util/stats.ts:89
[  502489ms] [LOG] [plausible] version {mermaidVersion: 11.14.0} @ http://localhost:3001/src/lib/util/stats.ts:89
[  502556ms] [LOG] Loading 'pako:eNpFTsluwjAQ_RVrELeAIEsdfKiUgNQf6KmYwxDbSVQvyHHUpij_XpMKdU7ztpl3h8YJCQyUdl9Nhz6Q9xO36zVpnDHSBkYqfeuQDJ0btSBDwIn09qlyW50X_UI2m1dS1edaBrxEul6I4_kNjXkQQ5i0jAaieq3ZSqkmDiTQ-l4AC36UCRjpDT4g3LklhEPopJEcWFyFVDjqwIHbOcZuaD-cM8-kd2PbAVOoh4jGm8AgTz22Hv8t0grpj260AVixXAB2h29gaUq32Z4Wu3K3L2mRlwlMkd1vDxnNs8MLzVJa0JLOCfwsP3fbaEv-2tXYfLbxvX3UXjV4za85zL8WD2z8' @ http://localhost:3001/src/lib/util/state.ts:192
[  502618ms] [LOG] Registration successful, scope is: http://localhost:3001/ @ http://localhost:3001/src/routes/+layout.svelte:42
[  502663ms] [LOG] [plausible] render {diagramType: flowchart-v2, isRough: false, lengthBucket: 0-10, renderTimeMsBucket: 50-100} @ http://localhost:3001/src/lib/util/stats.ts:89
[  503278ms] [LOG] [plausible] version {mermaidVersion: 11.14.0} @ http://localhost:3001/src/lib/util/stats.ts:89
[  503349ms] [LOG] Loading 'pako:eNpFTsluwjAQ_RVrELeAIEsdfKiUgNQf6KmYwxDbSVQvyHHUpij_XpMKdU7ztpl3h8YJCQyUdl9Nhz6Q9xO36zVpnDHSBkYqfeuQDJ0btSBDwIn09qlyW50X_UI2m1dS1edaBrxEul6I4_kNjXkQQ5i0jAaieq3ZSqkmDiTQ-l4AC36UCRjpDT4g3LklhEPopJEcWFyFVDjqwIHbOcZuaD-cM8-kd2PbAVOoh4jGm8AgTz22Hv8t0grpj260AVixXAB2h29gaUq32Z4Wu3K3L2mRlwlMkd1vDxnNs8MLzVJa0JLOCfwsP3fbaEv-2tXYfLbxvX3UXjV4za85zL8WD2z8' @ http://localhost:3001/src/lib/util/state.ts:192
[  503405ms] [LOG] Registration successful, scope is: http://localhost:3001/ @ http://localhost:3001/src/routes/+layout.svelte:42
[  503448ms] [LOG] [plausible] render {diagramType: flowchart-v2, isRough: false, lengthBucket: 0-10, renderTimeMsBucket: 50-100} @ http://localhost:3001/src/lib/util/stats.ts:89
[  504034ms] [LOG] [plausible] version {mermaidVersion: 11.14.0} @ http://localhost:3001/src/lib/util/stats.ts:89
[  504094ms] [LOG] Loading 'pako:eNpFTsluwjAQ_RVrELeAIEsdfKiUgNQf6KmYwxDbSVQvyHHUpij_XpMKdU7ztpl3h8YJCQyUdl9Nhz6Q9xO36zVpnDHSBkYqfeuQDJ0btSBDwIn09qlyW50X_UI2m1dS1edaBrxEul6I4_kNjXkQQ5i0jAaieq3ZSqkmDiTQ-l4AC36UCRjpDT4g3LklhEPopJEcWFyFVDjqwIHbOcZuaD-cM8-kd2PbAVOoh4jGm8AgTz22Hv8t0grpj260AVixXAB2h29gaUq32Z4Wu3K3L2mRlwlMkd1vDxnNs8MLzVJa0JLOCfwsP3fbaEv-2tXYfLbxvX3UXjV4za85zL8WD2z8' @ http://localhost:3001/src/lib/util/state.ts:192
[  504151ms] [LOG] Registration successful, scope is: http://localhost:3001/ @ http://localhost:3001/src/routes/+layout.svelte:42
[  504191ms] [LOG] [plausible] render {diagramType: flowchart-v2, isRough: false, lengthBucket: 0-10, renderTimeMsBucket: 50-100} @ http://localhost:3001/src/lib/util/stats.ts:89
[  504756ms] [LOG] [plausible] version {mermaidVersion: 11.14.0} @ http://localhost:3001/src/lib/util/stats.ts:89
[  504822ms] [LOG] Loading 'pako:eNpFTsluwjAQ_RVrELeAIEsdfKiUgNQf6KmYwxDbSVQvyHHUpij_XpMKdU7ztpl3h8YJCQyUdl9Nhz6Q9xO36zVpnDHSBkYqfeuQDJ0btSBDwIn09qlyW50X_UI2m1dS1edaBrxEul6I4_kNjXkQQ5i0jAaieq3ZSqkmDiTQ-l4AC36UCRjpDT4g3LklhEPopJEcWFyFVDjqwIHbOcZuaD-cM8-kd2PbAVOoh4jGm8AgTz22Hv8t0grpj260AVixXAB2h29gaUq32Z4Wu3K3L2mRlwlMkd1vDxnNs8MLzVJa0JLOCfwsP3fbaEv-2tXYfLbxvX3UXjV4za85zL8WD2z8' @ http://localhost:3001/src/lib/util/state.ts:192
[  504871ms] [LOG] Registration successful, scope is: http://localhost:3001/ @ http://localhost:3001/src/routes/+layout.svelte:42
[  504910ms] [LOG] [plausible] render {diagramType: flowchart-v2, isRough: false, lengthBucket: 0-10, renderTimeMsBucket: 50-100} @ http://localhost:3001/src/lib/util/stats.ts:89
[  504958ms] [LOG] [plausible] render {diagramType: flowchart-v2, isRough: false, lengthBucket: 0-10, renderTimeMsBucket: 25-50} @ http://localhost:3001/src/lib/util/stats.ts:89
[  505569ms] [LOG] [plausible] version {mermaidVersion: 11.14.0} @ http://localhost:3001/src/lib/util/stats.ts:89
[  505629ms] [LOG] Loading 'pako:eNpFTsluwjAQ_RVrELeAIEsdfKiUgNQf6KmYwxDbSVQvyHHUpij_XpMKdU7ztpl3h8YJCQyUdl9Nhz6Q9xO36zVpnDHSBkYqfeuQDJ0btSBDwIn09qlyW50X_UI2m1dS1edaBrxEul6I4_kNjXkQQ5i0jAaieq3ZSqkmDiTQ-l4AC36UCRjpDT4g3LklhEPopJEcWFyFVDjqwIHbOcZuaD-cM8-kd2PbAVOoh4jGm8AgTz22Hv8t0grpj260AVixXAB2h29gaUq32Z4Wu3K3L2mRlwlMkd1vDxnNs8MLzVJa0JLOCfwsP3fbaEv-2tXYfLbxvX3UXjV4za85zL8WD2z8' @ http://localhost:3001/src/lib/util/state.ts:192
[  505689ms] [LOG] Registration successful, scope is: http://localhost:3001/ @ http://localhost:3001/src/routes/+layout.svelte:42
[  505749ms] [LOG] [plausible] render {diagramType: flowchart-v2, isRough: false, lengthBucket: 0-10, renderTimeMsBucket: 50-100} @ http://localhost:3001/src/lib/util/stats.ts:89
[  506342ms] [LOG] [plausible] version {mermaidVersion: 11.14.0} @ http://localhost:3001/src/lib/util/stats.ts:89
[  506405ms] [LOG] Loading 'pako:eNpFTsluwjAQ_RVrELeAIEsdfKiUgNQf6KmYwxDbSVQvyHHUpij_XpMKdU7ztpl3h8YJCQyUdl9Nhz6Q9xO36zVpnDHSBkYqfeuQDJ0btSBDwIn09qlyW50X_UI2m1dS1edaBrxEul6I4_kNjXkQQ5i0jAaieq3ZSqkmDiTQ-l4AC36UCRjpDT4g3LklhEPopJEcWFyFVDjqwIHbOcZuaD-cM8-kd2PbAVOoh4jGm8AgTz22Hv8t0grpj260AVixXAB2h29gaUq32Z4Wu3K3L2mRlwlMkd1vDxnNs8MLzVJa0JLOCfwsP3fbaEv-2tXYfLbxvX3UXjV4za85zL8WD2z8' @ http://localhost:3001/src/lib/util/state.ts:192
[  506468ms] [LOG] Registration successful, scope is: http://localhost:3001/ @ http://localhost:3001/src/routes/+layout.svelte:42
[  506521ms] [LOG] [plausible] render {diagramType: flowchart-v2, isRough: false, lengthBucket: 0-10, renderTimeMsBucket: 50-100} @ http://localhost:3001/src/lib/util/stats.ts:89
[  507175ms] [LOG] [plausible] version {mermaidVersion: 11.14.0} @ http://localhost:3001/src/lib/util/stats.ts:89
[  507244ms] [LOG] Loading 'pako:eNpFTsluwjAQ_RVrELeAIEsdfKiUgNQf6KmYwxDbSVQvyHHUpij_XpMKdU7ztpl3h8YJCQyUdl9Nhz6Q9xO36zVpnDHSBkYqfeuQDJ0btSBDwIn09qlyW50X_UI2m1dS1edaBrxEul6I4_kNjXkQQ5i0jAaieq3ZSqkmDiTQ-l4AC36UCRjpDT4g3LklhEPopJEcWFyFVDjqwIHbOcZuaD-cM8-kd2PbAVOoh4jGm8AgTz22Hv8t0grpj260AVixXAB2h29gaUq32Z4Wu3K3L2mRlwlMkd1vDxnNs8MLzVJa0JLOCfwsP3fbaEv-2tXYfLbxvX3UXjV4za85zL8WD2z8' @ http://localhost:3001/src/lib/util/state.ts:192
[  507302ms] [LOG] Registration successful, scope is: http://localhost:3001/ @ http://localhost:3001/src/routes/+layout.svelte:42
[  507351ms] [LOG] [plausible] render {diagramType: flowchart-v2, isRough: false, lengthBucket: 0-10, renderTimeMsBucket: 50-100} @ http://localhost:3001/src/lib/util/stats.ts:89
[  507936ms] [LOG] [plausible] version {mermaidVersion: 11.14.0} @ http://localhost:3001/src/lib/util/stats.ts:89
[  508002ms] [LOG] Loading 'pako:eNpFTsluwjAQ_RVrELeAIEsdfKiUgNQf6KmYwxDbSVQvyHHUpij_XpMKdU7ztpl3h8YJCQyUdl9Nhz6Q9xO36zVpnDHSBkYqfeuQDJ0btSBDwIn09qlyW50X_UI2m1dS1edaBrxEul6I4_kNjXkQQ5i0jAaieq3ZSqkmDiTQ-l4AC36UCRjpDT4g3LklhEPopJEcWFyFVDjqwIHbOcZuaD-cM8-kd2PbAVOoh4jGm8AgTz22Hv8t0grpj260AVixXAB2h29gaUq32Z4Wu3K3L2mRlwlMkd1vDxnNs8MLzVJa0JLOCfwsP3fbaEv-2tXYfLbxvX3UXjV4za85zL8WD2z8' @ http://localhost:3001/src/lib/util/state.ts:192
[  508054ms] [LOG] Registration successful, scope is: http://localhost:3001/ @ http://localhost:3001/src/routes/+layout.svelte:42
[  508093ms] [LOG] [plausible] render {diagramType: flowchart-v2, isRough: false, lengthBucket: 0-10, renderTimeMsBucket: 50-100} @ http://localhost:3001/src/lib/util/stats.ts:89
[  508711ms] [LOG] [plausible] version {mermaidVersion: 11.14.0} @ http://localhost:3001/src/lib/util/stats.ts:89
[  508780ms] [LOG] Loading 'pako:eNpFTsluwjAQ_RVrELeAIEsdfKiUgNQf6KmYwxDbSVQvyHHUpij_XpMKdU7ztpl3h8YJCQyUdl9Nhz6Q9xO36zVpnDHSBkYqfeuQDJ0btSBDwIn09qlyW50X_UI2m1dS1edaBrxEul6I4_kNjXkQQ5i0jAaieq3ZSqkmDiTQ-l4AC36UCRjpDT4g3LklhEPopJEcWFyFVDjqwIHbOcZuaD-cM8-kd2PbAVOoh4jGm8AgTz22Hv8t0grpj260AVixXAB2h29gaUq32Z4Wu3K3L2mRlwlMkd1vDxnNs8MLzVJa0JLOCfwsP3fbaEv-2tXYfLbxvX3UXjV4za85zL8WD2z8' @ http://localhost:3001/src/lib/util/state.ts:192
[  508834ms] [LOG] Registration successful, scope is: http://localhost:3001/ @ http://localhost:3001/src/routes/+layout.svelte:42
[  508889ms] [LOG] [plausible] render {diagramType: flowchart-v2, isRough: false, lengthBucket: 0-10, renderTimeMsBucket: 50-100} @ http://localhost:3001/src/lib/util/stats.ts:89
[  508943ms] [LOG] [plausible] render {diagramType: flowchart-v2, isRough: false, lengthBucket: 0-10, renderTimeMsBucket: 25-50} @ http://localhost:3001/src/lib/util/stats.ts:89
[  509567ms] [LOG] [plausible] version {mermaidVersion: 11.14.0} @ http://localhost:3001/src/lib/util/stats.ts:89
[  509640ms] [LOG] Loading 'pako:eNpFTsluwjAQ_RVrELeAIEsdfKiUgNQf6KmYwxDbSVQvyHHUpij_XpMKdU7ztpl3h8YJCQyUdl9Nhz6Q9xO36zVpnDHSBkYqfeuQDJ0btSBDwIn09qlyW50X_UI2m1dS1edaBrxEul6I4_kNjXkQQ5i0jAaieq3ZSqkmDiTQ-l4AC36UCRjpDT4g3LklhEPopJEcWFyFVDjqwIHbOcZuaD-cM8-kd2PbAVOoh4jGm8AgTz22Hv8t0grpj260AVixXAB2h29gaUq32Z4Wu3K3L2mRlwlMkd1vDxnNs8MLzVJa0JLOCfwsP3fbaEv-2tXYfLbxvX3UXjV4za85zL8WD2z8' @ http://localhost:3001/src/lib/util/state.ts:192
[  509697ms] [LOG] Registration successful, scope is: http://localhost:3001/ @ http://localhost:3001/src/routes/+layout.svelte:42
[  509742ms] [LOG] [plausible] render {diagramType: flowchart-v2, isRough: false, lengthBucket: 0-10, renderTimeMsBucket: 50-100} @ http://localhost:3001/src/lib/util/stats.ts:89
[  510374ms] [LOG] [plausible] version {mermaidVersion: 11.14.0} @ http://localhost:3001/src/lib/util/stats.ts:89
[  510438ms] [LOG] Loading 'pako:eNpFTsluwjAQ_RVrELeAIEsdfKiUgNQf6KmYwxDbSVQvyHHUpij_XpMKdU7ztpl3h8YJCQyUdl9Nhz6Q9xO36zVpnDHSBkYqfeuQDJ0btSBDwIn09qlyW50X_UI2m1dS1edaBrxEul6I4_kNjXkQQ5i0jAaieq3ZSqkmDiTQ-l4AC36UCRjpDT4g3LklhEPopJEcWFyFVDjqwIHbOcZuaD-cM8-kd2PbAVOoh4jGm8AgTz22Hv8t0grpj260AVixXAB2h29gaUq32Z4Wu3K3L2mRlwlMkd1vDxnNs8MLzVJa0JLOCfwsP3fbaEv-2tXYfLbxvX3UXjV4za85zL8WD2z8' @ http://localhost:3001/src/lib/util/state.ts:192
[  510500ms] [LOG] Registration successful, scope is: http://localhost:3001/ @ http://localhost:3001/src/routes/+layout.svelte:42
[  510545ms] [LOG] [plausible] render {diagramType: flowchart-v2, isRough: false, lengthBucket: 0-10, renderTimeMsBucket: 50-100} @ http://localhost:3001/src/lib/util/stats.ts:89
[  511169ms] [LOG] [plausible] version {mermaidVersion: 11.14.0} @ http://localhost:3001/src/lib/util/stats.ts:89
[  511241ms] [LOG] Loading 'pako:eNpFTsluwjAQ_RVrELeAIEsdfKiUgNQf6KmYwxDbSVQvyHHUpij_XpMKdU7ztpl3h8YJCQyUdl9Nhz6Q9xO36zVpnDHSBkYqfeuQDJ0btSBDwIn09qlyW50X_UI2m1dS1edaBrxEul6I4_kNjXkQQ5i0jAaieq3ZSqkmDiTQ-l4AC36UCRjpDT4g3LklhEPopJEcWFyFVDjqwIHbOcZuaD-cM8-kd2PbAVOoh4jGm8AgTz22Hv8t0grpj260AVixXAB2h29gaUq32Z4Wu3K3L2mRlwlMkd1vDxnNs8MLzVJa0JLOCfwsP3fbaEv-2tXYfLbxvX3UXjV4za85zL8WD2z8' @ http://localhost:3001/src/lib/util/state.ts:192
[  511297ms] [LOG] Registration successful, scope is: http://localhost:3001/ @ http://localhost:3001/src/routes/+layout.svelte:42
[  511347ms] [LOG] [plausible] render {diagramType: flowchart-v2, isRough: false, lengthBucket: 0-10, renderTimeMsBucket: 50-100} @ http://localhost:3001/src/lib/util/stats.ts:89
[  511954ms] [LOG] [plausible] version {mermaidVersion: 11.14.0} @ http://localhost:3001/src/lib/util/stats.ts:89
[  512022ms] [LOG] Loading 'pako:eNpFTsluwjAQ_RVrELeAIEsdfKiUgNQf6KmYwxDbSVQvyHHUpij_XpMKdU7ztpl3h8YJCQyUdl9Nhz6Q9xO36zVpnDHSBkYqfeuQDJ0btSBDwIn09qlyW50X_UI2m1dS1edaBrxEul6I4_kNjXkQQ5i0jAaieq3ZSqkmDiTQ-l4AC36UCRjpDT4g3LklhEPopJEcWFyFVDjqwIHbOcZuaD-cM8-kd2PbAVOoh4jGm8AgTz22Hv8t0grpj260AVixXAB2h29gaUq32Z4Wu3K3L2mRlwlMkd1vDxnNs8MLzVJa0JLOCfwsP3fbaEv-2tXYfLbxvX3UXjV4za85zL8WD2z8' @ http://localhost:3001/src/lib/util/state.ts:192
[  512078ms] [LOG] Registration successful, scope is: http://localhost:3001/ @ http://localhost:3001/src/routes/+layout.svelte:42
[  512123ms] [LOG] [plausible] render {diagramType: flowchart-v2, isRough: false, lengthBucket: 0-10, renderTimeMsBucket: 50-100} @ http://localhost:3001/src/lib/util/stats.ts:89
[  512725ms] [LOG] [plausible] version {mermaidVersion: 11.14.0} @ http://localhost:3001/src/lib/util/stats.ts:89
[  512798ms] [LOG] Loading 'pako:eNpFTsluwjAQ_RVrELeAIEsdfKiUgNQf6KmYwxDbSVQvyHHUpij_XpMKdU7ztpl3h8YJCQyUdl9Nhz6Q9xO36zVpnDHSBkYqfeuQDJ0btSBDwIn09qlyW50X_UI2m1dS1edaBrxEul6I4_kNjXkQQ5i0jAaieq3ZSqkmDiTQ-l4AC36UCRjpDT4g3LklhEPopJEcWFyFVDjqwIHbOcZuaD-cM8-kd2PbAVOoh4jGm8AgTz22Hv8t0grpj260AVixXAB2h29gaUq32Z4Wu3K3L2mRlwlMkd1vDxnNs8MLzVJa0JLOCfwsP3fbaEv-2tXYfLbxvX3UXjV4za85zL8WD2z8' @ http://localhost:3001/src/lib/util/state.ts:192
[  512851ms] [LOG] Registration successful, scope is: http://localhost:3001/ @ http://localhost:3001/src/routes/+layout.svelte:42
[  512899ms] [LOG] [plausible] render {diagramType: flowchart-v2, isRough: false, lengthBucket: 0-10, renderTimeMsBucket: 50-100} @ http://localhost:3001/src/lib/util/stats.ts:89
[  513538ms] [LOG] [plausible] version {mermaidVersion: 11.14.0} @ http://localhost:3001/src/lib/util/stats.ts:89
[  513619ms] [LOG] Loading 'pako:eNpFTsluwjAQ_RVrELeAIEsdfKiUgNQf6KmYwxDbSVQvyHHUpij_XpMKdU7ztpl3h8YJCQyUdl9Nhz6Q9xO36zVpnDHSBkYqfeuQDJ0btSBDwIn09qlyW50X_UI2m1dS1edaBrxEul6I4_kNjXkQQ5i0jAaieq3ZSqkmDiTQ-l4AC36UCRjpDT4g3LklhEPopJEcWFyFVDjqwIHbOcZuaD-cM8-kd2PbAVOoh4jGm8AgTz22Hv8t0grpj260AVixXAB2h29gaUq32Z4Wu3K3L2mRlwlMkd1vDxnNs8MLzVJa0JLOCfwsP3fbaEv-2tXYfLbxvX3UXjV4za85zL8WD2z8' @ http://localhost:3001/src/lib/util/state.ts:192
[  513676ms] [LOG] Registration successful, scope is: http://localhost:3001/ @ http://localhost:3001/src/routes/+layout.svelte:42
[  513728ms] [LOG] [plausible] render {diagramType: flowchart-v2, isRough: false, lengthBucket: 0-10, renderTimeMsBucket: 50-100} @ http://localhost:3001/src/lib/util/stats.ts:89
[  514509ms] [LOG] [plausible] version {mermaidVersion: 11.14.0} @ http://localhost:3001/src/lib/util/stats.ts:89
[  514581ms] [LOG] Loading 'pako:eNpFTsluwjAQ_RVrELeAIEsdfKiUgNQf6KmYwxDbSVQvyHHUpij_XpMKdU7ztpl3h8YJCQyUdl9Nhz6Q9xO36zVpnDHSBkYqfeuQDJ0btSBDwIn09qlyW50X_UI2m1dS1edaBrxEul6I4_kNjXkQQ5i0jAaieq3ZSqkmDiTQ-l4AC36UCRjpDT4g3LklhEPopJEcWFyFVDjqwIHbOcZuaD-cM8-kd2PbAVOoh4jGm8AgTz22Hv8t0grpj260AVixXAB2h29gaUq32Z4Wu3K3L2mRlwlMkd1vDxnNs8MLzVJa0JLOCfwsP3fbaEv-2tXYfLbxvX3UXjV4za85zL8WD2z8' @ http://localhost:3001/src/lib/util/state.ts:192
[  514641ms] [LOG] Registration successful, scope is: http://localhost:3001/ @ http://localhost:3001/src/routes/+layout.svelte:42
[  514684ms] [LOG] [plausible] render {diagramType: flowchart-v2, isRough: false, lengthBucket: 0-10, renderTimeMsBucket: 50-100} @ http://localhost:3001/src/lib/util/stats.ts:89
[  515423ms] [LOG] [plausible] version {mermaidVersion: 11.14.0} @ http://localhost:3001/src/lib/util/stats.ts:89
[  515491ms] [LOG] Loading 'pako:eNpFTsluwjAQ_RVrELeAIEsdfKiUgNQf6KmYwxDbSVQvyHHUpij_XpMKdU7ztpl3h8YJCQyUdl9Nhz6Q9xO36zVpnDHSBkYqfeuQDJ0btSBDwIn09qlyW50X_UI2m1dS1edaBrxEul6I4_kNjXkQQ5i0jAaieq3ZSqkmDiTQ-l4AC36UCRjpDT4g3LklhEPopJEcWFyFVDjqwIHbOcZuaD-cM8-kd2PbAVOoh4jGm8AgTz22Hv8t0grpj260AVixXAB2h29gaUq32Z4Wu3K3L2mRlwlMkd1vDxnNs8MLzVJa0JLOCfwsP3fbaEv-2tXYfLbxvX3UXjV4za85zL8WD2z8' @ http://localhost:3001/src/lib/util/state.ts:192
[  515549ms] [LOG] Registration successful, scope is: http://localhost:3001/ @ http://localhost:3001/src/routes/+layout.svelte:42
[  515594ms] [LOG] [plausible] render {diagramType: flowchart-v2, isRough: false, lengthBucket: 0-10, renderTimeMsBucket: 50-100} @ http://localhost:3001/src/lib/util/stats.ts:89
[  516198ms] [LOG] [plausible] version {mermaidVersion: 11.14.0} @ http://localhost:3001/src/lib/util/stats.ts:89
[  516274ms] [LOG] Loading 'pako:eNpFTsluwjAQ_RVrELeAIEsdfKiUgNQf6KmYwxDbSVQvyHHUpij_XpMKdU7ztpl3h8YJCQyUdl9Nhz6Q9xO36zVpnDHSBkYqfeuQDJ0btSBDwIn09qlyW50X_UI2m1dS1edaBrxEul6I4_kNjXkQQ5i0jAaieq3ZSqkmDiTQ-l4AC36UCRjpDT4g3LklhEPopJEcWFyFVDjqwIHbOcZuaD-cM8-kd2PbAVOoh4jGm8AgTz22Hv8t0grpj260AVixXAB2h29gaUq32Z4Wu3K3L2mRlwlMkd1vDxnNs8MLzVJa0JLOCfwsP3fbaEv-2tXYfLbxvX3UXjV4za85zL8WD2z8' @ http://localhost:3001/src/lib/util/state.ts:192
[  516329ms] [LOG] Registration successful, scope is: http://localhost:3001/ @ http://localhost:3001/src/routes/+layout.svelte:42
[  516371ms] [LOG] [plausible] render {diagramType: flowchart-v2, isRough: false, lengthBucket: 0-10, renderTimeMsBucket: 50-100} @ http://localhost:3001/src/lib/util/stats.ts:89
[  516992ms] [LOG] [plausible] version {mermaidVersion: 11.14.0} @ http://localhost:3001/src/lib/util/stats.ts:89
[  517060ms] [LOG] Loading 'pako:eNpFTsluwjAQ_RVrELeAIEsdfKiUgNQf6KmYwxDbSVQvyHHUpij_XpMKdU7ztpl3h8YJCQyUdl9Nhz6Q9xO36zVpnDHSBkYqfeuQDJ0btSBDwIn09qlyW50X_UI2m1dS1edaBrxEul6I4_kNjXkQQ5i0jAaieq3ZSqkmDiTQ-l4AC36UCRjpDT4g3LklhEPopJEcWFyFVDjqwIHbOcZuaD-cM8-kd2PbAVOoh4jGm8AgTz22Hv8t0grpj260AVixXAB2h29gaUq32Z4Wu3K3L2mRlwlMkd1vDxnNs8MLzVJa0JLOCfwsP3fbaEv-2tXYfLbxvX3UXjV4za85zL8WD2z8' @ http://localhost:3001/src/lib/util/state.ts:192
[  517115ms] [LOG] Registration successful, scope is: http://localhost:3001/ @ http://localhost:3001/src/routes/+layout.svelte:42
[  517156ms] [LOG] [plausible] render {diagramType: flowchart-v2, isRough: false, lengthBucket: 0-10, renderTimeMsBucket: 50-100} @ http://localhost:3001/src/lib/util/stats.ts:89
[  517772ms] [LOG] [plausible] version {mermaidVersion: 11.14.0} @ http://localhost:3001/src/lib/util/stats.ts:89
[  517845ms] [LOG] Loading 'pako:eNpFTsluwjAQ_RVrELeAIEsdfKiUgNQf6KmYwxDbSVQvyHHUpij_XpMKdU7ztpl3h8YJCQyUdl9Nhz6Q9xO36zVpnDHSBkYqfeuQDJ0btSBDwIn09qlyW50X_UI2m1dS1edaBrxEul6I4_kNjXkQQ5i0jAaieq3ZSqkmDiTQ-l4AC36UCRjpDT4g3LklhEPopJEcWFyFVDjqwIHbOcZuaD-cM8-kd2PbAVOoh4jGm8AgTz22Hv8t0grpj260AVixXAB2h29gaUq32Z4Wu3K3L2mRlwlMkd1vDxnNs8MLzVJa0JLOCfwsP3fbaEv-2tXYfLbxvX3UXjV4za85zL8WD2z8' @ http://localhost:3001/src/lib/util/state.ts:192
[  517899ms] [LOG] Registration successful, scope is: http://localhost:3001/ @ http://localhost:3001/src/routes/+layout.svelte:42
[  517942ms] [LOG] [plausible] render {diagramType: flowchart-v2, isRough: false, lengthBucket: 0-10, renderTimeMsBucket: 50-100} @ http://localhost:3001/src/lib/util/stats.ts:89
[  518594ms] [LOG] [plausible] version {mermaidVersion: 11.14.0} @ http://localhost:3001/src/lib/util/stats.ts:89
[  518668ms] [LOG] Loading 'pako:eNpFTsluwjAQ_RVrELeAIEsdfKiUgNQf6KmYwxDbSVQvyHHUpij_XpMKdU7ztpl3h8YJCQyUdl9Nhz6Q9xO36zVpnDHSBkYqfeuQDJ0btSBDwIn09qlyW50X_UI2m1dS1edaBrxEul6I4_kNjXkQQ5i0jAaieq3ZSqkmDiTQ-l4AC36UCRjpDT4g3LklhEPopJEcWFyFVDjqwIHbOcZuaD-cM8-kd2PbAVOoh4jGm8AgTz22Hv8t0grpj260AVixXAB2h29gaUq32Z4Wu3K3L2mRlwlMkd1vDxnNs8MLzVJa0JLOCfwsP3fbaEv-2tXYfLbxvX3UXjV4za85zL8WD2z8' @ http://localhost:3001/src/lib/util/state.ts:192
[  518727ms] [LOG] Registration successful, scope is: http://localhost:3001/ @ http://localhost:3001/src/routes/+layout.svelte:42
[  518765ms] [LOG] [plausible] render {diagramType: flowchart-v2, isRough: false, lengthBucket: 0-10, renderTimeMsBucket: 50-100} @ http://localhost:3001/src/lib/util/stats.ts:89
[  519394ms] [LOG] [plausible] version {mermaidVersion: 11.14.0} @ http://localhost:3001/src/lib/util/stats.ts:89
[  519455ms] [LOG] Loading 'pako:eNpFTsluwjAQ_RVrELeAIEsdfKiUgNQf6KmYwxDbSVQvyHHUpij_XpMKdU7ztpl3h8YJCQyUdl9Nhz6Q9xO36zVpnDHSBkYqfeuQDJ0btSBDwIn09qlyW50X_UI2m1dS1edaBrxEul6I4_kNjXkQQ5i0jAaieq3ZSqkmDiTQ-l4AC36UCRjpDT4g3LklhEPopJEcWFyFVDjqwIHbOcZuaD-cM8-kd2PbAVOoh4jGm8AgTz22Hv8t0grpj260AVixXAB2h29gaUq32Z4Wu3K3L2mRlwlMkd1vDxnNs8MLzVJa0JLOCfwsP3fbaEv-2tXYfLbxvX3UXjV4za85zL8WD2z8' @ http://localhost:3001/src/lib/util/state.ts:192
[  519508ms] [LOG] Registration successful, scope is: http://localhost:3001/ @ http://localhost:3001/src/routes/+layout.svelte:42
[  519545ms] [LOG] [plausible] render {diagramType: flowchart-v2, isRough: false, lengthBucket: 0-10, renderTimeMsBucket: 50-100} @ http://localhost:3001/src/lib/util/stats.ts:89
[  520196ms] [LOG] [plausible] version {mermaidVersion: 11.14.0} @ http://localhost:3001/src/lib/util/stats.ts:89
[  520270ms] [LOG] Loading 'pako:eNpFTsluwjAQ_RVrELeAIEsdfKiUgNQf6KmYwxDbSVQvyHHUpij_XpMKdU7ztpl3h8YJCQyUdl9Nhz6Q9xO36zVpnDHSBkYqfeuQDJ0btSBDwIn09qlyW50X_UI2m1dS1edaBrxEul6I4_kNjXkQQ5i0jAaieq3ZSqkmDiTQ-l4AC36UCRjpDT4g3LklhEPopJEcWFyFVDjqwIHbOcZuaD-cM8-kd2PbAVOoh4jGm8AgTz22Hv8t0grpj260AVixXAB2h29gaUq32Z4Wu3K3L2mRlwlMkd1vDxnNs8MLzVJa0JLOCfwsP3fbaEv-2tXYfLbxvX3UXjV4za85zL8WD2z8' @ http://localhost:3001/src/lib/util/state.ts:192
[  520330ms] [LOG] Registration successful, scope is: http://localhost:3001/ @ http://localhost:3001/src/routes/+layout.svelte:42
[  520375ms] [LOG] [plausible] render {diagramType: flowchart-v2, isRough: false, lengthBucket: 0-10, renderTimeMsBucket: 50-100} @ http://localhost:3001/src/lib/util/stats.ts:89
[  520953ms] [LOG] [plausible] version {mermaidVersion: 11.14.0} @ http://localhost:3001/src/lib/util/stats.ts:89
[  521011ms] [LOG] Loading 'pako:eNpFTsluwjAQ_RVrELeAIEsdfKiUgNQf6KmYwxDbSVQvyHHUpij_XpMKdU7ztpl3h8YJCQyUdl9Nhz6Q9xO36zVpnDHSBkYqfeuQDJ0btSBDwIn09qlyW50X_UI2m1dS1edaBrxEul6I4_kNjXkQQ5i0jAaieq3ZSqkmDiTQ-l4AC36UCRjpDT4g3LklhEPopJEcWFyFVDjqwIHbOcZuaD-cM8-kd2PbAVOoh4jGm8AgTz22Hv8t0grpj260AVixXAB2h29gaUq32Z4Wu3K3L2mRlwlMkd1vDxnNs8MLzVJa0JLOCfwsP3fbaEv-2tXYfLbxvX3UXjV4za85zL8WD2z8' @ http://localhost:3001/src/lib/util/state.ts:192
[  521071ms] [LOG] Registration successful, scope is: http://localhost:3001/ @ http://localhost:3001/src/routes/+layout.svelte:42
[  521111ms] [LOG] [plausible] render {diagramType: flowchart-v2, isRough: false, lengthBucket: 0-10, renderTimeMsBucket: 50-100} @ http://localhost:3001/src/lib/util/stats.ts:89
[  521721ms] [LOG] [plausible] version {mermaidVersion: 11.14.0} @ http://localhost:3001/src/lib/util/stats.ts:89
[  521788ms] [LOG] Loading 'pako:eNpFTsluwjAQ_RVrELeAIEsdfKiUgNQf6KmYwxDbSVQvyHHUpij_XpMKdU7ztpl3h8YJCQyUdl9Nhz6Q9xO36zVpnDHSBkYqfeuQDJ0btSBDwIn09qlyW50X_UI2m1dS1edaBrxEul6I4_kNjXkQQ5i0jAaieq3ZSqkmDiTQ-l4AC36UCRjpDT4g3LklhEPopJEcWFyFVDjqwIHbOcZuaD-cM8-kd2PbAVOoh4jGm8AgTz22Hv8t0grpj260AVixXAB2h29gaUq32Z4Wu3K3L2mRlwlMkd1vDxnNs8MLzVJa0JLOCfwsP3fbaEv-2tXYfLbxvX3UXjV4za85zL8WD2z8' @ http://localhost:3001/src/lib/util/state.ts:192
[  521845ms] [LOG] Registration successful, scope is: http://localhost:3001/ @ http://localhost:3001/src/routes/+layout.svelte:42
[  521888ms] [LOG] [plausible] render {diagramType: flowchart-v2, isRough: false, lengthBucket: 0-10, renderTimeMsBucket: 50-100} @ http://localhost:3001/src/lib/util/stats.ts:89
[  522560ms] [LOG] [plausible] version {mermaidVersion: 11.14.0} @ http://localhost:3001/src/lib/util/stats.ts:89
[  522627ms] [LOG] Loading 'pako:eNpFTsluwjAQ_RVrELeAIEsdfKiUgNQf6KmYwxDbSVQvyHHUpij_XpMKdU7ztpl3h8YJCQyUdl9Nhz6Q9xO36zVpnDHSBkYqfeuQDJ0btSBDwIn09qlyW50X_UI2m1dS1edaBrxEul6I4_kNjXkQQ5i0jAaieq3ZSqkmDiTQ-l4AC36UCRjpDT4g3LklhEPopJEcWFyFVDjqwIHbOcZuaD-cM8-kd2PbAVOoh4jGm8AgTz22Hv8t0grpj260AVixXAB2h29gaUq32Z4Wu3K3L2mRlwlMkd1vDxnNs8MLzVJa0JLOCfwsP3fbaEv-2tXYfLbxvX3UXjV4za85zL8WD2z8' @ http://localhost:3001/src/lib/util/state.ts:192
[  522686ms] [LOG] Registration successful, scope is: http://localhost:3001/ @ http://localhost:3001/src/routes/+layout.svelte:42
[  522740ms] [LOG] [plausible] render {diagramType: flowchart-v2, isRough: false, lengthBucket: 0-10, renderTimeMsBucket: 50-100} @ http://localhost:3001/src/lib/util/stats.ts:89
[  523393ms] [LOG] [plausible] version {mermaidVersion: 11.14.0} @ http://localhost:3001/src/lib/util/stats.ts:89
[  523476ms] [LOG] Loading 'pako:eNpFTsluwjAQ_RVrELeAIEsdfKiUgNQf6KmYwxDbSVQvyHHUpij_XpMKdU7ztpl3h8YJCQyUdl9Nhz6Q9xO36zVpnDHSBkYqfeuQDJ0btSBDwIn09qlyW50X_UI2m1dS1edaBrxEul6I4_kNjXkQQ5i0jAaieq3ZSqkmDiTQ-l4AC36UCRjpDT4g3LklhEPopJEcWFyFVDjqwIHbOcZuaD-cM8-kd2PbAVOoh4jGm8AgTz22Hv8t0grpj260AVixXAB2h29gaUq32Z4Wu3K3L2mRlwlMkd1vDxnNs8MLzVJa0JLOCfwsP3fbaEv-2tXYfLbxvX3UXjV4za85zL8WD2z8' @ http://localhost:3001/src/lib/util/state.ts:192
[  523532ms] [LOG] Registration successful, scope is: http://localhost:3001/ @ http://localhost:3001/src/routes/+layout.svelte:42
[  523574ms] [LOG] [plausible] render {diagramType: flowchart-v2, isRough: false, lengthBucket: 0-10, renderTimeMsBucket: 50-100} @ http://localhost:3001/src/lib/util/stats.ts:89
[  524175ms] [LOG] [plausible] version {mermaidVersion: 11.14.0} @ http://localhost:3001/src/lib/util/stats.ts:89
[  524250ms] [LOG] Loading 'pako:eNpFTsluwjAQ_RVrELeAIEsdfKiUgNQf6KmYwxDbSVQvyHHUpij_XpMKdU7ztpl3h8YJCQyUdl9Nhz6Q9xO36zVpnDHSBkYqfeuQDJ0btSBDwIn09qlyW50X_UI2m1dS1edaBrxEul6I4_kNjXkQQ5i0jAaieq3ZSqkmDiTQ-l4AC36UCRjpDT4g3LklhEPopJEcWFyFVDjqwIHbOcZuaD-cM8-kd2PbAVOoh4jGm8AgTz22Hv8t0grpj260AVixXAB2h29gaUq32Z4Wu3K3L2mRlwlMkd1vDxnNs8MLzVJa0JLOCfwsP3fbaEv-2tXYfLbxvX3UXjV4za85zL8WD2z8' @ http://localhost:3001/src/lib/util/state.ts:192
[  524307ms] [LOG] Registration successful, scope is: http://localhost:3001/ @ http://localhost:3001/src/routes/+layout.svelte:42
[  524346ms] [LOG] [plausible] render {diagramType: flowchart-v2, isRough: false, lengthBucket: 0-10, renderTimeMsBucket: 50-100} @ http://localhost:3001/src/lib/util/stats.ts:89
[  524955ms] [LOG] [plausible] version {mermaidVersion: 11.14.0} @ http://localhost:3001/src/lib/util/stats.ts:89
[  525015ms] [LOG] Loading 'pako:eNpFTsluwjAQ_RVrELeAIEsdfKiUgNQf6KmYwxDbSVQvyHHUpij_XpMKdU7ztpl3h8YJCQyUdl9Nhz6Q9xO36zVpnDHSBkYqfeuQDJ0btSBDwIn09qlyW50X_UI2m1dS1edaBrxEul6I4_kNjXkQQ5i0jAaieq3ZSqkmDiTQ-l4AC36UCRjpDT4g3LklhEPopJEcWFyFVDjqwIHbOcZuaD-cM8-kd2PbAVOoh4jGm8AgTz22Hv8t0grpj260AVixXAB2h29gaUq32Z4Wu3K3L2mRlwlMkd1vDxnNs8MLzVJa0JLOCfwsP3fbaEv-2tXYfLbxvX3UXjV4za85zL8WD2z8' @ http://localhost:3001/src/lib/util/state.ts:192
[  525068ms] [LOG] Registration successful, scope is: http://localhost:3001/ @ http://localhost:3001/src/routes/+layout.svelte:42
[  525105ms] [LOG] [plausible] render {diagramType: flowchart-v2, isRough: false, lengthBucket: 0-10, renderTimeMsBucket: 50-100} @ http://localhost:3001/src/lib/util/stats.ts:89
[  525709ms] [LOG] [plausible] version {mermaidVersion: 11.14.0} @ http://localhost:3001/src/lib/util/stats.ts:89
[  525778ms] [LOG] Loading 'pako:eNpFTsluwjAQ_RVrELeAIEsdfKiUgNQf6KmYwxDbSVQvyHHUpij_XpMKdU7ztpl3h8YJCQyUdl9Nhz6Q9xO36zVpnDHSBkYqfeuQDJ0btSBDwIn09qlyW50X_UI2m1dS1edaBrxEul6I4_kNjXkQQ5i0jAaieq3ZSqkmDiTQ-l4AC36UCRjpDT4g3LklhEPopJEcWFyFVDjqwIHbOcZuaD-cM8-kd2PbAVOoh4jGm8AgTz22Hv8t0grpj260AVixXAB2h29gaUq32Z4Wu3K3L2mRlwlMkd1vDxnNs8MLzVJa0JLOCfwsP3fbaEv-2tXYfLbxvX3UXjV4za85zL8WD2z8' @ http://localhost:3001/src/lib/util/state.ts:192
[  525841ms] [LOG] Registration successful, scope is: http://localhost:3001/ @ http://localhost:3001/src/routes/+layout.svelte:42
[  525900ms] [LOG] [plausible] render {diagramType: flowchart-v2, isRough: false, lengthBucket: 0-10, renderTimeMsBucket: 50-100} @ http://localhost:3001/src/lib/util/stats.ts:89
[  525954ms] [LOG] [plausible] render {diagramType: flowchart-v2, isRough: false, lengthBucket: 0-10, renderTimeMsBucket: 25-50} @ http://localhost:3001/src/lib/util/stats.ts:89
[  526595ms] [LOG] [plausible] version {mermaidVersion: 11.14.0} @ http://localhost:3001/src/lib/util/stats.ts:89
[  526667ms] [LOG] Loading 'pako:eNpFTsluwjAQ_RVrELeAIEsdfKiUgNQf6KmYwxDbSVQvyHHUpij_XpMKdU7ztpl3h8YJCQyUdl9Nhz6Q9xO36zVpnDHSBkYqfeuQDJ0btSBDwIn09qlyW50X_UI2m1dS1edaBrxEul6I4_kNjXkQQ5i0jAaieq3ZSqkmDiTQ-l4AC36UCRjpDT4g3LklhEPopJEcWFyFVDjqwIHbOcZuaD-cM8-kd2PbAVOoh4jGm8AgTz22Hv8t0grpj260AVixXAB2h29gaUq32Z4Wu3K3L2mRlwlMkd1vDxnNs8MLzVJa0JLOCfwsP3fbaEv-2tXYfLbxvX3UXjV4za85zL8WD2z8' @ http://localhost:3001/src/lib/util/state.ts:192
[  526725ms] [LOG] Registration successful, scope is: http://localhost:3001/ @ http://localhost:3001/src/routes/+layout.svelte:42
[  526767ms] [LOG] [plausible] render {diagramType: flowchart-v2, isRough: false, lengthBucket: 0-10, renderTimeMsBucket: 50-100} @ http://localhost:3001/src/lib/util/stats.ts:89
[  527375ms] [LOG] [plausible] version {mermaidVersion: 11.14.0} @ http://localhost:3001/src/lib/util/stats.ts:89
[  527452ms] [LOG] Loading 'pako:eNpFTsluwjAQ_RVrELeAIEsdfKiUgNQf6KmYwxDbSVQvyHHUpij_XpMKdU7ztpl3h8YJCQyUdl9Nhz6Q9xO36zVpnDHSBkYqfeuQDJ0btSBDwIn09qlyW50X_UI2m1dS1edaBrxEul6I4_kNjXkQQ5i0jAaieq3ZSqkmDiTQ-l4AC36UCRjpDT4g3LklhEPopJEcWFyFVDjqwIHbOcZuaD-cM8-kd2PbAVOoh4jGm8AgTz22Hv8t0grpj260AVixXAB2h29gaUq32Z4Wu3K3L2mRlwlMkd1vDxnNs8MLzVJa0JLOCfwsP3fbaEv-2tXYfLbxvX3UXjV4za85zL8WD2z8' @ http://localhost:3001/src/lib/util/state.ts:192
[  527517ms] [LOG] Registration successful, scope is: http://localhost:3001/ @ http://localhost:3001/src/routes/+layout.svelte:42
[  527558ms] [LOG] [plausible] render {diagramType: flowchart-v2, isRough: false, lengthBucket: 0-10, renderTimeMsBucket: 50-100} @ http://localhost:3001/src/lib/util/stats.ts:89
[  528332ms] [LOG] [plausible] version {mermaidVersion: 11.14.0} @ http://localhost:3001/src/lib/util/stats.ts:89
[  528408ms] [LOG] Loading 'pako:eNpFTsluwjAQ_RVrELeAIEsdfKiUgNQf6KmYwxDbSVQvyHHUpij_XpMKdU7ztpl3h8YJCQyUdl9Nhz6Q9xO36zVpnDHSBkYqfeuQDJ0btSBDwIn09qlyW50X_UI2m1dS1edaBrxEul6I4_kNjXkQQ5i0jAaieq3ZSqkmDiTQ-l4AC36UCRjpDT4g3LklhEPopJEcWFyFVDjqwIHbOcZuaD-cM8-kd2PbAVOoh4jGm8AgTz22Hv8t0grpj260AVixXAB2h29gaUq32Z4Wu3K3L2mRlwlMkd1vDxnNs8MLzVJa0JLOCfwsP3fbaEv-2tXYfLbxvX3UXjV4za85zL8WD2z8' @ http://localhost:3001/src/lib/util/state.ts:192
[  528464ms] [LOG] Registration successful, scope is: http://localhost:3001/ @ http://localhost:3001/src/routes/+layout.svelte:42
[  528509ms] [LOG] [plausible] render {diagramType: flowchart-v2, isRough: false, lengthBucket: 0-10, renderTimeMsBucket: 50-100} @ http://localhost:3001/src/lib/util/stats.ts:89
[  529120ms] [LOG] [plausible] version {mermaidVersion: 11.14.0} @ http://localhost:3001/src/lib/util/stats.ts:89
[  529208ms] [LOG] Loading 'pako:eNpFTsluwjAQ_RVrELeAIEsdfKiUgNQf6KmYwxDbSVQvyHHUpij_XpMKdU7ztpl3h8YJCQyUdl9Nhz6Q9xO36zVpnDHSBkYqfeuQDJ0btSBDwIn09qlyW50X_UI2m1dS1edaBrxEul6I4_kNjXkQQ5i0jAaieq3ZSqkmDiTQ-l4AC36UCRjpDT4g3LklhEPopJEcWFyFVDjqwIHbOcZuaD-cM8-kd2PbAVOoh4jGm8AgTz22Hv8t0grpj260AVixXAB2h29gaUq32Z4Wu3K3L2mRlwlMkd1vDxnNs8MLzVJa0JLOCfwsP3fbaEv-2tXYfLbxvX3UXjV4za85zL8WD2z8' @ http://localhost:3001/src/lib/util/state.ts:192
[  529274ms] [LOG] Registration successful, scope is: http://localhost:3001/ @ http://localhost:3001/src/routes/+layout.svelte:42
[  529315ms] [LOG] [plausible] render {diagramType: flowchart-v2, isRough: false, lengthBucket: 0-10, renderTimeMsBucket: 50-100} @ http://localhost:3001/src/lib/util/stats.ts:89
[  529912ms] [LOG] [plausible] version {mermaidVersion: 11.14.0} @ http://localhost:3001/src/lib/util/stats.ts:89
[  529973ms] [LOG] Loading 'pako:eNpFTsluwjAQ_RVrELeAIEsdfKiUgNQf6KmYwxDbSVQvyHHUpij_XpMKdU7ztpl3h8YJCQyUdl9Nhz6Q9xO36zVpnDHSBkYqfeuQDJ0btSBDwIn09qlyW50X_UI2m1dS1edaBrxEul6I4_kNjXkQQ5i0jAaieq3ZSqkmDiTQ-l4AC36UCRjpDT4g3LklhEPopJEcWFyFVDjqwIHbOcZuaD-cM8-kd2PbAVOoh4jGm8AgTz22Hv8t0grpj260AVixXAB2h29gaUq32Z4Wu3K3L2mRlwlMkd1vDxnNs8MLzVJa0JLOCfwsP3fbaEv-2tXYfLbxvX3UXjV4za85zL8WD2z8' @ http://localhost:3001/src/lib/util/state.ts:192
[  530025ms] [LOG] Registration successful, scope is: http://localhost:3001/ @ http://localhost:3001/src/routes/+layout.svelte:42
[  530066ms] [LOG] [plausible] render {diagramType: flowchart-v2, isRough: false, lengthBucket: 0-10, renderTimeMsBucket: 50-100} @ http://localhost:3001/src/lib/util/stats.ts:89
[  530683ms] [LOG] [plausible] version {mermaidVersion: 11.14.0} @ http://localhost:3001/src/lib/util/stats.ts:89
[  530753ms] [LOG] Loading 'pako:eNpFTsluwjAQ_RVrELeAIEsdfKiUgNQf6KmYwxDbSVQvyHHUpij_XpMKdU7ztpl3h8YJCQyUdl9Nhz6Q9xO36zVpnDHSBkYqfeuQDJ0btSBDwIn09qlyW50X_UI2m1dS1edaBrxEul6I4_kNjXkQQ5i0jAaieq3ZSqkmDiTQ-l4AC36UCRjpDT4g3LklhEPopJEcWFyFVDjqwIHbOcZuaD-cM8-kd2PbAVOoh4jGm8AgTz22Hv8t0grpj260AVixXAB2h29gaUq32Z4Wu3K3L2mRlwlMkd1vDxnNs8MLzVJa0JLOCfwsP3fbaEv-2tXYfLbxvX3UXjV4za85zL8WD2z8' @ http://localhost:3001/src/lib/util/state.ts:192
[  530808ms] [LOG] Registration successful, scope is: http://localhost:3001/ @ http://localhost:3001/src/routes/+layout.svelte:42
[  530849ms] [LOG] [plausible] render {diagramType: flowchart-v2, isRough: false, lengthBucket: 0-10, renderTimeMsBucket: 50-100} @ http://localhost:3001/src/lib/util/stats.ts:89
[  531484ms] [LOG] [plausible] version {mermaidVersion: 11.14.0} @ http://localhost:3001/src/lib/util/stats.ts:89
[  531552ms] [LOG] Loading 'pako:eNpFTsluwjAQ_RVrELeAIEsdfKiUgNQf6KmYwxDbSVQvyHHUpij_XpMKdU7ztpl3h8YJCQyUdl9Nhz6Q9xO36zVpnDHSBkYqfeuQDJ0btSBDwIn09qlyW50X_UI2m1dS1edaBrxEul6I4_kNjXkQQ5i0jAaieq3ZSqkmDiTQ-l4AC36UCRjpDT4g3LklhEPopJEcWFyFVDjqwIHbOcZuaD-cM8-kd2PbAVOoh4jGm8AgTz22Hv8t0grpj260AVixXAB2h29gaUq32Z4Wu3K3L2mRlwlMkd1vDxnNs8MLzVJa0JLOCfwsP3fbaEv-2tXYfLbxvX3UXjV4za85zL8WD2z8' @ http://localhost:3001/src/lib/util/state.ts:192
[  531611ms] [LOG] Registration successful, scope is: http://localhost:3001/ @ http://localhost:3001/src/routes/+layout.svelte:42
[  531652ms] [LOG] [plausible] render {diagramType: flowchart-v2, isRough: false, lengthBucket: 0-10, renderTimeMsBucket: 50-100} @ http://localhost:3001/src/lib/util/stats.ts:89
[  532434ms] [LOG] [plausible] version {mermaidVersion: 11.14.0} @ http://localhost:3001/src/lib/util/stats.ts:89
[  532488ms] [LOG] Loading 'pako:eNpFTsluwjAQ_RVrELeAIEsdfKiUgNQf6KmYwxDbSVQvyHHUpij_XpMKdU7ztpl3h8YJCQyUdl9Nhz6Q9xO36zVpnDHSBkYqfeuQDJ0btSBDwIn09qlyW50X_UI2m1dS1edaBrxEul6I4_kNjXkQQ5i0jAaieq3ZSqkmDiTQ-l4AC36UCRjpDT4g3LklhEPopJEcWFyFVDjqwIHbOcZuaD-cM8-kd2PbAVOoh4jGm8AgTz22Hv8t0grpj260AVixXAB2h29gaUq32Z4Wu3K3L2mRlwlMkd1vDxnNs8MLzVJa0JLOCfwsP3fbaEv-2tXYfLbxvX3UXjV4za85zL8WD2z8' @ http://localhost:3001/src/lib/util/state.ts:192
[  532559ms] [LOG] Registration successful, scope is: http://localhost:3001/ @ http://localhost:3001/src/routes/+layout.svelte:42
[  532612ms] [LOG] [plausible] render {diagramType: flowchart-v2, isRough: false, lengthBucket: 0-10, renderTimeMsBucket: 50-100} @ http://localhost:3001/src/lib/util/stats.ts:89
[  532666ms] [LOG] [plausible] render {diagramType: flowchart-v2, isRough: false, lengthBucket: 0-10, renderTimeMsBucket: 25-50} @ http://localhost:3001/src/lib/util/stats.ts:89
[  533281ms] [LOG] [plausible] version {mermaidVersion: 11.14.0} @ http://localhost:3001/src/lib/util/stats.ts:89
[  533353ms] [LOG] Loading 'pako:eNpFTsluwjAQ_RVrELeAIEsdfKiUgNQf6KmYwxDbSVQvyHHUpij_XpMKdU7ztpl3h8YJCQyUdl9Nhz6Q9xO36zVpnDHSBkYqfeuQDJ0btSBDwIn09qlyW50X_UI2m1dS1edaBrxEul6I4_kNjXkQQ5i0jAaieq3ZSqkmDiTQ-l4AC36UCRjpDT4g3LklhEPopJEcWFyFVDjqwIHbOcZuaD-cM8-kd2PbAVOoh4jGm8AgTz22Hv8t0grpj260AVixXAB2h29gaUq32Z4Wu3K3L2mRlwlMkd1vDxnNs8MLzVJa0JLOCfwsP3fbaEv-2tXYfLbxvX3UXjV4za85zL8WD2z8' @ http://localhost:3001/src/lib/util/state.ts:192
[  533416ms] [LOG] Registration successful, scope is: http://localhost:3001/ @ http://localhost:3001/src/routes/+layout.svelte:42
[  533459ms] [LOG] [plausible] render {diagramType: flowchart-v2, isRough: false, lengthBucket: 0-10, renderTimeMsBucket: 50-100} @ http://localhost:3001/src/lib/util/stats.ts:89
[  534204ms] [LOG] [plausible] version {mermaidVersion: 11.14.0} @ http://localhost:3001/src/lib/util/stats.ts:89
[  534272ms] [LOG] Loading 'pako:eNpFTsluwjAQ_RVrELeAIEsdfKiUgNQf6KmYwxDbSVQvyHHUpij_XpMKdU7ztpl3h8YJCQyUdl9Nhz6Q9xO36zVpnDHSBkYqfeuQDJ0btSBDwIn09qlyW50X_UI2m1dS1edaBrxEul6I4_kNjXkQQ5i0jAaieq3ZSqkmDiTQ-l4AC36UCRjpDT4g3LklhEPopJEcWFyFVDjqwIHbOcZuaD-cM8-kd2PbAVOoh4jGm8AgTz22Hv8t0grpj260AVixXAB2h29gaUq32Z4Wu3K3L2mRlwlMkd1vDxnNs8MLzVJa0JLOCfwsP3fbaEv-2tXYfLbxvX3UXjV4za85zL8WD2z8' @ http://localhost:3001/src/lib/util/state.ts:192
[  534331ms] [LOG] Registration successful, scope is: http://localhost:3001/ @ http://localhost:3001/src/routes/+layout.svelte:42
[  534372ms] [LOG] [plausible] render {diagramType: flowchart-v2, isRough: false, lengthBucket: 0-10, renderTimeMsBucket: 50-100} @ http://localhost:3001/src/lib/util/stats.ts:89
[  534424ms] [LOG] [plausible] render {diagramType: flowchart-v2, isRough: false, lengthBucket: 0-10, renderTimeMsBucket: 25-50} @ http://localhost:3001/src/lib/util/stats.ts:89
[  535046ms] [LOG] [plausible] version {mermaidVersion: 11.14.0} @ http://localhost:3001/src/lib/util/stats.ts:89
[  535112ms] [LOG] Loading 'pako:eNpFTsluwjAQ_RVrELeAIEsdfKiUgNQf6KmYwxDbSVQvyHHUpij_XpMKdU7ztpl3h8YJCQyUdl9Nhz6Q9xO36zVpnDHSBkYqfeuQDJ0btSBDwIn09qlyW50X_UI2m1dS1edaBrxEul6I4_kNjXkQQ5i0jAaieq3ZSqkmDiTQ-l4AC36UCRjpDT4g3LklhEPopJEcWFyFVDjqwIHbOcZuaD-cM8-kd2PbAVOoh4jGm8AgTz22Hv8t0grpj260AVixXAB2h29gaUq32Z4Wu3K3L2mRlwlMkd1vDxnNs8MLzVJa0JLOCfwsP3fbaEv-2tXYfLbxvX3UXjV4za85zL8WD2z8' @ http://localhost:3001/src/lib/util/state.ts:192
[  535170ms] [LOG] Registration successful, scope is: http://localhost:3001/ @ http://localhost:3001/src/routes/+layout.svelte:42
[  535214ms] [LOG] [plausible] render {diagramType: flowchart-v2, isRough: false, lengthBucket: 0-10, renderTimeMsBucket: 50-100} @ http://localhost:3001/src/lib/util/stats.ts:89
[  535784ms] [LOG] [plausible] version {mermaidVersion: 11.14.0} @ http://localhost:3001/src/lib/util/stats.ts:89
[  535859ms] [LOG] Loading 'pako:eNpFTsluwjAQ_RVrELeAIEsdfKiUgNQf6KmYwxDbSVQvyHHUpij_XpMKdU7ztpl3h8YJCQyUdl9Nhz6Q9xO36zVpnDHSBkYqfeuQDJ0btSBDwIn09qlyW50X_UI2m1dS1edaBrxEul6I4_kNjXkQQ5i0jAaieq3ZSqkmDiTQ-l4AC36UCRjpDT4g3LklhEPopJEcWFyFVDjqwIHbOcZuaD-cM8-kd2PbAVOoh4jGm8AgTz22Hv8t0grpj260AVixXAB2h29gaUq32Z4Wu3K3L2mRlwlMkd1vDxnNs8MLzVJa0JLOCfwsP3fbaEv-2tXYfLbxvX3UXjV4za85zL8WD2z8' @ http://localhost:3001/src/lib/util/state.ts:192
[  535914ms] [LOG] Registration successful, scope is: http://localhost:3001/ @ http://localhost:3001/src/routes/+layout.svelte:42
[  535956ms] [LOG] [plausible] render {diagramType: flowchart-v2, isRough: false, lengthBucket: 0-10, renderTimeMsBucket: 50-100} @ http://localhost:3001/src/lib/util/stats.ts:89
[  536605ms] [LOG] [plausible] version {mermaidVersion: 11.14.0} @ http://localhost:3001/src/lib/util/stats.ts:89
[  536683ms] [LOG] Loading 'pako:eNpFTsluwjAQ_RVrELeAIEsdfKiUgNQf6KmYwxDbSVQvyHHUpij_XpMKdU7ztpl3h8YJCQyUdl9Nhz6Q9xO36zVpnDHSBkYqfeuQDJ0btSBDwIn09qlyW50X_UI2m1dS1edaBrxEul6I4_kNjXkQQ5i0jAaieq3ZSqkmDiTQ-l4AC36UCRjpDT4g3LklhEPopJEcWFyFVDjqwIHbOcZuaD-cM8-kd2PbAVOoh4jGm8AgTz22Hv8t0grpj260AVixXAB2h29gaUq32Z4Wu3K3L2mRlwlMkd1vDxnNs8MLzVJa0JLOCfwsP3fbaEv-2tXYfLbxvX3UXjV4za85zL8WD2z8' @ http://localhost:3001/src/lib/util/state.ts:192
[  536735ms] [LOG] Registration successful, scope is: http://localhost:3001/ @ http://localhost:3001/src/routes/+layout.svelte:42
[  536780ms] [LOG] [plausible] render {diagramType: flowchart-v2, isRough: false, lengthBucket: 0-10, renderTimeMsBucket: 50-100} @ http://localhost:3001/src/lib/util/stats.ts:89
[  537419ms] [LOG] [plausible] version {mermaidVersion: 11.14.0} @ http://localhost:3001/src/lib/util/stats.ts:89
[  537487ms] [LOG] Loading 'pako:eNpFTsluwjAQ_RVrELeAIEsdfKiUgNQf6KmYwxDbSVQvyHHUpij_XpMKdU7ztpl3h8YJCQyUdl9Nhz6Q9xO36zVpnDHSBkYqfeuQDJ0btSBDwIn09qlyW50X_UI2m1dS1edaBrxEul6I4_kNjXkQQ5i0jAaieq3ZSqkmDiTQ-l4AC36UCRjpDT4g3LklhEPopJEcWFyFVDjqwIHbOcZuaD-cM8-kd2PbAVOoh4jGm8AgTz22Hv8t0grpj260AVixXAB2h29gaUq32Z4Wu3K3L2mRlwlMkd1vDxnNs8MLzVJa0JLOCfwsP3fbaEv-2tXYfLbxvX3UXjV4za85zL8WD2z8' @ http://localhost:3001/src/lib/util/state.ts:192
[  537542ms] [LOG] Registration successful, scope is: http://localhost:3001/ @ http://localhost:3001/src/routes/+layout.svelte:42
[  537584ms] [LOG] [plausible] render {diagramType: flowchart-v2, isRough: false, lengthBucket: 0-10, renderTimeMsBucket: 50-100} @ http://localhost:3001/src/lib/util/stats.ts:89
[  538205ms] [LOG] [plausible] version {mermaidVersion: 11.14.0} @ http://localhost:3001/src/lib/util/stats.ts:89
[  538273ms] [LOG] Loading 'pako:eNpFTsluwjAQ_RVrELeAIEsdfKiUgNQf6KmYwxDbSVQvyHHUpij_XpMKdU7ztpl3h8YJCQyUdl9Nhz6Q9xO36zVpnDHSBkYqfeuQDJ0btSBDwIn09qlyW50X_UI2m1dS1edaBrxEul6I4_kNjXkQQ5i0jAaieq3ZSqkmDiTQ-l4AC36UCRjpDT4g3LklhEPopJEcWFyFVDjqwIHbOcZuaD-cM8-kd2PbAVOoh4jGm8AgTz22Hv8t0grpj260AVixXAB2h29gaUq32Z4Wu3K3L2mRlwlMkd1vDxnNs8MLzVJa0JLOCfwsP3fbaEv-2tXYfLbxvX3UXjV4za85zL8WD2z8' @ http://localhost:3001/src/lib/util/state.ts:192
[  538327ms] [LOG] Registration successful, scope is: http://localhost:3001/ @ http://localhost:3001/src/routes/+layout.svelte:42
[  538367ms] [LOG] [plausible] render {diagramType: flowchart-v2, isRough: false, lengthBucket: 0-10, renderTimeMsBucket: 50-100} @ http://localhost:3001/src/lib/util/stats.ts:89
[  538980ms] [LOG] [plausible] version {mermaidVersion: 11.14.0} @ http://localhost:3001/src/lib/util/stats.ts:89
[  539044ms] [LOG] Loading 'pako:eNpFTsluwjAQ_RVrELeAIEsdfKiUgNQf6KmYwxDbSVQvyHHUpij_XpMKdU7ztpl3h8YJCQyUdl9Nhz6Q9xO36zVpnDHSBkYqfeuQDJ0btSBDwIn09qlyW50X_UI2m1dS1edaBrxEul6I4_kNjXkQQ5i0jAaieq3ZSqkmDiTQ-l4AC36UCRjpDT4g3LklhEPopJEcWFyFVDjqwIHbOcZuaD-cM8-kd2PbAVOoh4jGm8AgTz22Hv8t0grpj260AVixXAB2h29gaUq32Z4Wu3K3L2mRlwlMkd1vDxnNs8MLzVJa0JLOCfwsP3fbaEv-2tXYfLbxvX3UXjV4za85zL8WD2z8' @ http://localhost:3001/src/lib/util/state.ts:192
[  539095ms] [LOG] Registration successful, scope is: http://localhost:3001/ @ http://localhost:3001/src/routes/+layout.svelte:42
[  539133ms] [LOG] [plausible] render {diagramType: flowchart-v2, isRough: false, lengthBucket: 0-10, renderTimeMsBucket: 50-100} @ http://localhost:3001/src/lib/util/stats.ts:89
[  539742ms] [LOG] [plausible] version {mermaidVersion: 11.14.0} @ http://localhost:3001/src/lib/util/stats.ts:89
[  539811ms] [LOG] Loading 'pako:eNpFTsluwjAQ_RVrELeAIEsdfKiUgNQf6KmYwxDbSVQvyHHUpij_XpMKdU7ztpl3h8YJCQyUdl9Nhz6Q9xO36zVpnDHSBkYqfeuQDJ0btSBDwIn09qlyW50X_UI2m1dS1edaBrxEul6I4_kNjXkQQ5i0jAaieq3ZSqkmDiTQ-l4AC36UCRjpDT4g3LklhEPopJEcWFyFVDjqwIHbOcZuaD-cM8-kd2PbAVOoh4jGm8AgTz22Hv8t0grpj260AVixXAB2h29gaUq32Z4Wu3K3L2mRlwlMkd1vDxnNs8MLzVJa0JLOCfwsP3fbaEv-2tXYfLbxvX3UXjV4za85zL8WD2z8' @ http://localhost:3001/src/lib/util/state.ts:192
[  539864ms] [LOG] Registration successful, scope is: http://localhost:3001/ @ http://localhost:3001/src/routes/+layout.svelte:42
[  539903ms] [LOG] [plausible] render {diagramType: flowchart-v2, isRough: false, lengthBucket: 0-10, renderTimeMsBucket: 50-100} @ http://localhost:3001/src/lib/util/stats.ts:89
[  539954ms] [LOG] [plausible] render {diagramType: flowchart-v2, isRough: false, lengthBucket: 0-10, renderTimeMsBucket: 25-50} @ http://localhost:3001/src/lib/util/stats.ts:89
[  540585ms] [LOG] [plausible] version {mermaidVersion: 11.14.0} @ http://localhost:3001/src/lib/util/stats.ts:89
[  540656ms] [LOG] Loading 'pako:eNpFTsluwjAQ_RVrELeAIEsdfKiUgNQf6KmYwxDbSVQvyHHUpij_XpMKdU7ztpl3h8YJCQyUdl9Nhz6Q9xO36zVpnDHSBkYqfeuQDJ0btSBDwIn09qlyW50X_UI2m1dS1edaBrxEul6I4_kNjXkQQ5i0jAaieq3ZSqkmDiTQ-l4AC36UCRjpDT4g3LklhEPopJEcWFyFVDjqwIHbOcZuaD-cM8-kd2PbAVOoh4jGm8AgTz22Hv8t0grpj260AVixXAB2h29gaUq32Z4Wu3K3L2mRlwlMkd1vDxnNs8MLzVJa0JLOCfwsP3fbaEv-2tXYfLbxvX3UXjV4za85zL8WD2z8' @ http://localhost:3001/src/lib/util/state.ts:192
[  540711ms] [LOG] Registration successful, scope is: http://localhost:3001/ @ http://localhost:3001/src/routes/+layout.svelte:42
[  540754ms] [LOG] [plausible] render {diagramType: flowchart-v2, isRough: false, lengthBucket: 0-10, renderTimeMsBucket: 50-100} @ http://localhost:3001/src/lib/util/stats.ts:89
[  541376ms] [LOG] [plausible] version {mermaidVersion: 11.14.0} @ http://localhost:3001/src/lib/util/stats.ts:89
[  541447ms] [LOG] Loading 'pako:eNpFTsluwjAQ_RVrELeAIEsdfKiUgNQf6KmYwxDbSVQvyHHUpij_XpMKdU7ztpl3h8YJCQyUdl9Nhz6Q9xO36zVpnDHSBkYqfeuQDJ0btSBDwIn09qlyW50X_UI2m1dS1edaBrxEul6I4_kNjXkQQ5i0jAaieq3ZSqkmDiTQ-l4AC36UCRjpDT4g3LklhEPopJEcWFyFVDjqwIHbOcZuaD-cM8-kd2PbAVOoh4jGm8AgTz22Hv8t0grpj260AVixXAB2h29gaUq32Z4Wu3K3L2mRlwlMkd1vDxnNs8MLzVJa0JLOCfwsP3fbaEv-2tXYfLbxvX3UXjV4za85zL8WD2z8' @ http://localhost:3001/src/lib/util/state.ts:192
[  541505ms] [LOG] Registration successful, scope is: http://localhost:3001/ @ http://localhost:3001/src/routes/+layout.svelte:42
[  541544ms] [LOG] [plausible] render {diagramType: flowchart-v2, isRough: false, lengthBucket: 0-10, renderTimeMsBucket: 50-100} @ http://localhost:3001/src/lib/util/stats.ts:89
[  542161ms] [LOG] [plausible] version {mermaidVersion: 11.14.0} @ http://localhost:3001/src/lib/util/stats.ts:89
[  542232ms] [LOG] Loading 'pako:eNpFTsluwjAQ_RVrELeAIEsdfKiUgNQf6KmYwxDbSVQvyHHUpij_XpMKdU7ztpl3h8YJCQyUdl9Nhz6Q9xO36zVpnDHSBkYqfeuQDJ0btSBDwIn09qlyW50X_UI2m1dS1edaBrxEul6I4_kNjXkQQ5i0jAaieq3ZSqkmDiTQ-l4AC36UCRjpDT4g3LklhEPopJEcWFyFVDjqwIHbOcZuaD-cM8-kd2PbAVOoh4jGm8AgTz22Hv8t0grpj260AVixXAB2h29gaUq32Z4Wu3K3L2mRlwlMkd1vDxnNs8MLzVJa0JLOCfwsP3fbaEv-2tXYfLbxvX3UXjV4za85zL8WD2z8' @ http://localhost:3001/src/lib/util/state.ts:192
[  542286ms] [LOG] Registration successful, scope is: http://localhost:3001/ @ http://localhost:3001/src/routes/+layout.svelte:42
[  542323ms] [LOG] [plausible] render {diagramType: flowchart-v2, isRough: false, lengthBucket: 0-10, renderTimeMsBucket: 50-100} @ http://localhost:3001/src/lib/util/stats.ts:89
[  542917ms] [LOG] [plausible] version {mermaidVersion: 11.14.0} @ http://localhost:3001/src/lib/util/stats.ts:89
[  542981ms] [LOG] Loading 'pako:eNpFTsluwjAQ_RVrELeAIEsdfKiUgNQf6KmYwxDbSVQvyHHUpij_XpMKdU7ztpl3h8YJCQyUdl9Nhz6Q9xO36zVpnDHSBkYqfeuQDJ0btSBDwIn09qlyW50X_UI2m1dS1edaBrxEul6I4_kNjXkQQ5i0jAaieq3ZSqkmDiTQ-l4AC36UCRjpDT4g3LklhEPopJEcWFyFVDjqwIHbOcZuaD-cM8-kd2PbAVOoh4jGm8AgTz22Hv8t0grpj260AVixXAB2h29gaUq32Z4Wu3K3L2mRlwlMkd1vDxnNs8MLzVJa0JLOCfwsP3fbaEv-2tXYfLbxvX3UXjV4za85zL8WD2z8' @ http://localhost:3001/src/lib/util/state.ts:192
[  543037ms] [LOG] Registration successful, scope is: http://localhost:3001/ @ http://localhost:3001/src/routes/+layout.svelte:42
[  543080ms] [LOG] [plausible] render {diagramType: flowchart-v2, isRough: false, lengthBucket: 0-10, renderTimeMsBucket: 50-100} @ http://localhost:3001/src/lib/util/stats.ts:89
[  543630ms] [LOG] [plausible] version {mermaidVersion: 11.14.0} @ http://localhost:3001/src/lib/util/stats.ts:89
[  543705ms] [LOG] Loading 'pako:eNpFTsluwjAQ_RVrELeAIEsdfKiUgNQf6KmYwxDbSVQvyHHUpij_XpMKdU7ztpl3h8YJCQyUdl9Nhz6Q9xO36zVpnDHSBkYqfeuQDJ0btSBDwIn09qlyW50X_UI2m1dS1edaBrxEul6I4_kNjXkQQ5i0jAaieq3ZSqkmDiTQ-l4AC36UCRjpDT4g3LklhEPopJEcWFyFVDjqwIHbOcZuaD-cM8-kd2PbAVOoh4jGm8AgTz22Hv8t0grpj260AVixXAB2h29gaUq32Z4Wu3K3L2mRlwlMkd1vDxnNs8MLzVJa0JLOCfwsP3fbaEv-2tXYfLbxvX3UXjV4za85zL8WD2z8' @ http://localhost:3001/src/lib/util/state.ts:192
[  543759ms] [LOG] Registration successful, scope is: http://localhost:3001/ @ http://localhost:3001/src/routes/+layout.svelte:42
[  543794ms] [LOG] [plausible] render {diagramType: flowchart-v2, isRough: false, lengthBucket: 0-10, renderTimeMsBucket: 50-100} @ http://localhost:3001/src/lib/util/stats.ts:89
[  544400ms] [LOG] [plausible] version {mermaidVersion: 11.14.0} @ http://localhost:3001/src/lib/util/stats.ts:89
[  544472ms] [LOG] Loading 'pako:eNpFTsluwjAQ_RVrELeAIEsdfKiUgNQf6KmYwxDbSVQvyHHUpij_XpMKdU7ztpl3h8YJCQyUdl9Nhz6Q9xO36zVpnDHSBkYqfeuQDJ0btSBDwIn09qlyW50X_UI2m1dS1edaBrxEul6I4_kNjXkQQ5i0jAaieq3ZSqkmDiTQ-l4AC36UCRjpDT4g3LklhEPopJEcWFyFVDjqwIHbOcZuaD-cM8-kd2PbAVOoh4jGm8AgTz22Hv8t0grpj260AVixXAB2h29gaUq32Z4Wu3K3L2mRlwlMkd1vDxnNs8MLzVJa0JLOCfwsP3fbaEv-2tXYfLbxvX3UXjV4za85zL8WD2z8' @ http://localhost:3001/src/lib/util/state.ts:192
[  544527ms] [LOG] Registration successful, scope is: http://localhost:3001/ @ http://localhost:3001/src/routes/+layout.svelte:42
[  544570ms] [LOG] [plausible] render {diagramType: flowchart-v2, isRough: false, lengthBucket: 0-10, renderTimeMsBucket: 50-100} @ http://localhost:3001/src/lib/util/stats.ts:89
[  545194ms] [LOG] [plausible] version {mermaidVersion: 11.14.0} @ http://localhost:3001/src/lib/util/stats.ts:89
[  545259ms] [LOG] Loading 'pako:eNpFTsluwjAQ_RVrELeAIEsdfKiUgNQf6KmYwxDbSVQvyHHUpij_XpMKdU7ztpl3h8YJCQyUdl9Nhz6Q9xO36zVpnDHSBkYqfeuQDJ0btSBDwIn09qlyW50X_UI2m1dS1edaBrxEul6I4_kNjXkQQ5i0jAaieq3ZSqkmDiTQ-l4AC36UCRjpDT4g3LklhEPopJEcWFyFVDjqwIHbOcZuaD-cM8-kd2PbAVOoh4jGm8AgTz22Hv8t0grpj260AVixXAB2h29gaUq32Z4Wu3K3L2mRlwlMkd1vDxnNs8MLzVJa0JLOCfwsP3fbaEv-2tXYfLbxvX3UXjV4za85zL8WD2z8' @ http://localhost:3001/src/lib/util/state.ts:192
[  545355ms] [LOG] [plausible] render {diagramType: flowchart-v2, isRough: false, lengthBucket: 0-10, renderTimeMsBucket: 50-100} @ http://localhost:3001/src/lib/util/stats.ts:89
[  545375ms] [LOG] Registration successful, scope is: http://localhost:3001/ @ http://localhost:3001/src/routes/+layout.svelte:42
[  545968ms] [LOG] [plausible] version {mermaidVersion: 11.14.0} @ http://localhost:3001/src/lib/util/stats.ts:89
[  546035ms] [LOG] Loading 'pako:eNpFTsluwjAQ_RVrELeAIEsdfKiUgNQf6KmYwxDbSVQvyHHUpij_XpMKdU7ztpl3h8YJCQyUdl9Nhz6Q9xO36zVpnDHSBkYqfeuQDJ0btSBDwIn09qlyW50X_UI2m1dS1edaBrxEul6I4_kNjXkQQ5i0jAaieq3ZSqkmDiTQ-l4AC36UCRjpDT4g3LklhEPopJEcWFyFVDjqwIHbOcZuaD-cM8-kd2PbAVOoh4jGm8AgTz22Hv8t0grpj260AVixXAB2h29gaUq32Z4Wu3K3L2mRlwlMkd1vDxnNs8MLzVJa0JLOCfwsP3fbaEv-2tXYfLbxvX3UXjV4za85zL8WD2z8' @ http://localhost:3001/src/lib/util/state.ts:192
[  546091ms] [LOG] Registration successful, scope is: http://localhost:3001/ @ http://localhost:3001/src/routes/+layout.svelte:42
[  546142ms] [LOG] [plausible] render {diagramType: flowchart-v2, isRough: false, lengthBucket: 0-10, renderTimeMsBucket: 50-100} @ http://localhost:3001/src/lib/util/stats.ts:89
[  546733ms] [LOG] [plausible] version {mermaidVersion: 11.14.0} @ http://localhost:3001/src/lib/util/stats.ts:89
[  546821ms] [LOG] Loading 'pako:eNpFTsluwjAQ_RVrELeAIEsdfKiUgNQf6KmYwxDbSVQvyHHUpij_XpMKdU7ztpl3h8YJCQyUdl9Nhz6Q9xO36zVpnDHSBkYqfeuQDJ0btSBDwIn09qlyW50X_UI2m1dS1edaBrxEul6I4_kNjXkQQ5i0jAaieq3ZSqkmDiTQ-l4AC36UCRjpDT4g3LklhEPopJEcWFyFVDjqwIHbOcZuaD-cM8-kd2PbAVOoh4jGm8AgTz22Hv8t0grpj260AVixXAB2h29gaUq32Z4Wu3K3L2mRlwlMkd1vDxnNs8MLzVJa0JLOCfwsP3fbaEv-2tXYfLbxvX3UXjV4za85zL8WD2z8' @ http://localhost:3001/src/lib/util/state.ts:192
[  546872ms] [LOG] Registration successful, scope is: http://localhost:3001/ @ http://localhost:3001/src/routes/+layout.svelte:42
[  546921ms] [LOG] [plausible] render {diagramType: flowchart-v2, isRough: false, lengthBucket: 0-10, renderTimeMsBucket: 50-100} @ http://localhost:3001/src/lib/util/stats.ts:89
[  547539ms] [LOG] [plausible] version {mermaidVersion: 11.14.0} @ http://localhost:3001/src/lib/util/stats.ts:89
[  547604ms] [LOG] Loading 'pako:eNpFTsluwjAQ_RVrELeAIEsdfKiUgNQf6KmYwxDbSVQvyHHUpij_XpMKdU7ztpl3h8YJCQyUdl9Nhz6Q9xO36zVpnDHSBkYqfeuQDJ0btSBDwIn09qlyW50X_UI2m1dS1edaBrxEul6I4_kNjXkQQ5i0jAaieq3ZSqkmDiTQ-l4AC36UCRjpDT4g3LklhEPopJEcWFyFVDjqwIHbOcZuaD-cM8-kd2PbAVOoh4jGm8AgTz22Hv8t0grpj260AVixXAB2h29gaUq32Z4Wu3K3L2mRlwlMkd1vDxnNs8MLzVJa0JLOCfwsP3fbaEv-2tXYfLbxvX3UXjV4za85zL8WD2z8' @ http://localhost:3001/src/lib/util/state.ts:192
[  547660ms] [LOG] Registration successful, scope is: http://localhost:3001/ @ http://localhost:3001/src/routes/+layout.svelte:42
[  547705ms] [LOG] [plausible] render {diagramType: flowchart-v2, isRough: false, lengthBucket: 0-10, renderTimeMsBucket: 50-100} @ http://localhost:3001/src/lib/util/stats.ts:89
[  548318ms] [LOG] [plausible] version {mermaidVersion: 11.14.0} @ http://localhost:3001/src/lib/util/stats.ts:89
[  548388ms] [LOG] Loading 'pako:eNpFTsluwjAQ_RVrELeAIEsdfKiUgNQf6KmYwxDbSVQvyHHUpij_XpMKdU7ztpl3h8YJCQyUdl9Nhz6Q9xO36zVpnDHSBkYqfeuQDJ0btSBDwIn09qlyW50X_UI2m1dS1edaBrxEul6I4_kNjXkQQ5i0jAaieq3ZSqkmDiTQ-l4AC36UCRjpDT4g3LklhEPopJEcWFyFVDjqwIHbOcZuaD-cM8-kd2PbAVOoh4jGm8AgTz22Hv8t0grpj260AVixXAB2h29gaUq32Z4Wu3K3L2mRlwlMkd1vDxnNs8MLzVJa0JLOCfwsP3fbaEv-2tXYfLbxvX3UXjV4za85zL8WD2z8' @ http://localhost:3001/src/lib/util/state.ts:192
[  548449ms] [LOG] Registration successful, scope is: http://localhost:3001/ @ http://localhost:3001/src/routes/+layout.svelte:42
[  548497ms] [LOG] [plausible] render {diagramType: flowchart-v2, isRough: false, lengthBucket: 0-10, renderTimeMsBucket: 50-100} @ http://localhost:3001/src/lib/util/stats.ts:89
[  549115ms] [LOG] [plausible] version {mermaidVersion: 11.14.0} @ http://localhost:3001/src/lib/util/stats.ts:89
[  549196ms] [LOG] Loading 'pako:eNpFTsluwjAQ_RVrELeAIEsdfKiUgNQf6KmYwxDbSVQvyHHUpij_XpMKdU7ztpl3h8YJCQyUdl9Nhz6Q9xO36zVpnDHSBkYqfeuQDJ0btSBDwIn09qlyW50X_UI2m1dS1edaBrxEul6I4_kNjXkQQ5i0jAaieq3ZSqkmDiTQ-l4AC36UCRjpDT4g3LklhEPopJEcWFyFVDjqwIHbOcZuaD-cM8-kd2PbAVOoh4jGm8AgTz22Hv8t0grpj260AVixXAB2h29gaUq32Z4Wu3K3L2mRlwlMkd1vDxnNs8MLzVJa0JLOCfwsP3fbaEv-2tXYfLbxvX3UXjV4za85zL8WD2z8' @ http://localhost:3001/src/lib/util/state.ts:192
[  549255ms] [LOG] Registration successful, scope is: http://localhost:3001/ @ http://localhost:3001/src/routes/+layout.svelte:42
[  549306ms] [LOG] [plausible] render {diagramType: flowchart-v2, isRough: false, lengthBucket: 0-10, renderTimeMsBucket: 50-100} @ http://localhost:3001/src/lib/util/stats.ts:89
[  549898ms] [LOG] [plausible] version {mermaidVersion: 11.14.0} @ http://localhost:3001/src/lib/util/stats.ts:89
[  549969ms] [LOG] Loading 'pako:eNpFTsluwjAQ_RVrELeAIEsdfKiUgNQf6KmYwxDbSVQvyHHUpij_XpMKdU7ztpl3h8YJCQyUdl9Nhz6Q9xO36zVpnDHSBkYqfeuQDJ0btSBDwIn09qlyW50X_UI2m1dS1edaBrxEul6I4_kNjXkQQ5i0jAaieq3ZSqkmDiTQ-l4AC36UCRjpDT4g3LklhEPopJEcWFyFVDjqwIHbOcZuaD-cM8-kd2PbAVOoh4jGm8AgTz22Hv8t0grpj260AVixXAB2h29gaUq32Z4Wu3K3L2mRlwlMkd1vDxnNs8MLzVJa0JLOCfwsP3fbaEv-2tXYfLbxvX3UXjV4za85zL8WD2z8' @ http://localhost:3001/src/lib/util/state.ts:192
[  550025ms] [LOG] Registration successful, scope is: http://localhost:3001/ @ http://localhost:3001/src/routes/+layout.svelte:42
[  550064ms] [LOG] [plausible] render {diagramType: flowchart-v2, isRough: false, lengthBucket: 0-10, renderTimeMsBucket: 50-100} @ http://localhost:3001/src/lib/util/stats.ts:89
[  551007ms] [LOG] [plausible] version {mermaidVersion: 11.14.0} @ http://localhost:3001/src/lib/util/stats.ts:89
[  551077ms] [LOG] Loading 'pako:eNpFTsluwjAQ_RVrELeAIEsdfKiUgNQf6KmYwxDbSVQvyHHUpij_XpMKdU7ztpl3h8YJCQyUdl9Nhz6Q9xO36zVpnDHSBkYqfeuQDJ0btSBDwIn09qlyW50X_UI2m1dS1edaBrxEul6I4_kNjXkQQ5i0jAaieq3ZSqkmDiTQ-l4AC36UCRjpDT4g3LklhEPopJEcWFyFVDjqwIHbOcZuaD-cM8-kd2PbAVOoh4jGm8AgTz22Hv8t0grpj260AVixXAB2h29gaUq32Z4Wu3K3L2mRlwlMkd1vDxnNs8MLzVJa0JLOCfwsP3fbaEv-2tXYfLbxvX3UXjV4za85zL8WD2z8' @ http://localhost:3001/src/lib/util/state.ts:192
[  551136ms] [LOG] Registration successful, scope is: http://localhost:3001/ @ http://localhost:3001/src/routes/+layout.svelte:42
[  551191ms] [LOG] [plausible] render {diagramType: flowchart-v2, isRough: false, lengthBucket: 0-10, renderTimeMsBucket: 50-100} @ http://localhost:3001/src/lib/util/stats.ts:89
[  551246ms] [LOG] [plausible] render {diagramType: flowchart-v2, isRough: false, lengthBucket: 0-10, renderTimeMsBucket: 50-100} @ http://localhost:3001/src/lib/util/stats.ts:89
[  551854ms] [LOG] [plausible] version {mermaidVersion: 11.14.0} @ http://localhost:3001/src/lib/util/stats.ts:89
[  551925ms] [LOG] Loading 'pako:eNpFTsluwjAQ_RVrELeAIEsdfKiUgNQf6KmYwxDbSVQvyHHUpij_XpMKdU7ztpl3h8YJCQyUdl9Nhz6Q9xO36zVpnDHSBkYqfeuQDJ0btSBDwIn09qlyW50X_UI2m1dS1edaBrxEul6I4_kNjXkQQ5i0jAaieq3ZSqkmDiTQ-l4AC36UCRjpDT4g3LklhEPopJEcWFyFVDjqwIHbOcZuaD-cM8-kd2PbAVOoh4jGm8AgTz22Hv8t0grpj260AVixXAB2h29gaUq32Z4Wu3K3L2mRlwlMkd1vDxnNs8MLzVJa0JLOCfwsP3fbaEv-2tXYfLbxvX3UXjV4za85zL8WD2z8' @ http://localhost:3001/src/lib/util/state.ts:192
[  551991ms] [LOG] Registration successful, scope is: http://localhost:3001/ @ http://localhost:3001/src/routes/+layout.svelte:42
[  552037ms] [LOG] [plausible] render {diagramType: flowchart-v2, isRough: false, lengthBucket: 0-10, renderTimeMsBucket: 50-100} @ http://localhost:3001/src/lib/util/stats.ts:89
[  552627ms] [LOG] [plausible] version {mermaidVersion: 11.14.0} @ http://localhost:3001/src/lib/util/stats.ts:89
[  552702ms] [LOG] Loading 'pako:eNpFTsluwjAQ_RVrELeAIEsdfKiUgNQf6KmYwxDbSVQvyHHUpij_XpMKdU7ztpl3h8YJCQyUdl9Nhz6Q9xO36zVpnDHSBkYqfeuQDJ0btSBDwIn09qlyW50X_UI2m1dS1edaBrxEul6I4_kNjXkQQ5i0jAaieq3ZSqkmDiTQ-l4AC36UCRjpDT4g3LklhEPopJEcWFyFVDjqwIHbOcZuaD-cM8-kd2PbAVOoh4jGm8AgTz22Hv8t0grpj260AVixXAB2h29gaUq32Z4Wu3K3L2mRlwlMkd1vDxnNs8MLzVJa0JLOCfwsP3fbaEv-2tXYfLbxvX3UXjV4za85zL8WD2z8' @ http://localhost:3001/src/lib/util/state.ts:192
[  552752ms] [LOG] Registration successful, scope is: http://localhost:3001/ @ http://localhost:3001/src/routes/+layout.svelte:42
[  552790ms] [LOG] [plausible] render {diagramType: flowchart-v2, isRough: false, lengthBucket: 0-10, renderTimeMsBucket: 50-100} @ http://localhost:3001/src/lib/util/stats.ts:89
[  552841ms] [LOG] [plausible] render {diagramType: flowchart-v2, isRough: false, lengthBucket: 0-10, renderTimeMsBucket: 25-50} @ http://localhost:3001/src/lib/util/stats.ts:89
[  553474ms] [LOG] [plausible] version {mermaidVersion: 11.14.0} @ http://localhost:3001/src/lib/util/stats.ts:89
[  553545ms] [LOG] Loading 'pako:eNpFTsluwjAQ_RVrELeAIEsdfKiUgNQf6KmYwxDbSVQvyHHUpij_XpMKdU7ztpl3h8YJCQyUdl9Nhz6Q9xO36zVpnDHSBkYqfeuQDJ0btSBDwIn09qlyW50X_UI2m1dS1edaBrxEul6I4_kNjXkQQ5i0jAaieq3ZSqkmDiTQ-l4AC36UCRjpDT4g3LklhEPopJEcWFyFVDjqwIHbOcZuaD-cM8-kd2PbAVOoh4jGm8AgTz22Hv8t0grpj260AVixXAB2h29gaUq32Z4Wu3K3L2mRlwlMkd1vDxnNs8MLzVJa0JLOCfwsP3fbaEv-2tXYfLbxvX3UXjV4za85zL8WD2z8' @ http://localhost:3001/src/lib/util/state.ts:192
[  553598ms] [LOG] Registration successful, scope is: http://localhost:3001/ @ http://localhost:3001/src/routes/+layout.svelte:42
[  553638ms] [LOG] [plausible] render {diagramType: flowchart-v2, isRough: false, lengthBucket: 0-10, renderTimeMsBucket: 50-100} @ http://localhost:3001/src/lib/util/stats.ts:89
[  554276ms] [LOG] [plausible] version {mermaidVersion: 11.14.0} @ http://localhost:3001/src/lib/util/stats.ts:89
[  554342ms] [LOG] Loading 'pako:eNpFTsluwjAQ_RVrELeAIEsdfKiUgNQf6KmYwxDbSVQvyHHUpij_XpMKdU7ztpl3h8YJCQyUdl9Nhz6Q9xO36zVpnDHSBkYqfeuQDJ0btSBDwIn09qlyW50X_UI2m1dS1edaBrxEul6I4_kNjXkQQ5i0jAaieq3ZSqkmDiTQ-l4AC36UCRjpDT4g3LklhEPopJEcWFyFVDjqwIHbOcZuaD-cM8-kd2PbAVOoh4jGm8AgTz22Hv8t0grpj260AVixXAB2h29gaUq32Z4Wu3K3L2mRlwlMkd1vDxnNs8MLzVJa0JLOCfwsP3fbaEv-2tXYfLbxvX3UXjV4za85zL8WD2z8' @ http://localhost:3001/src/lib/util/state.ts:192
[  554399ms] [LOG] Registration successful, scope is: http://localhost:3001/ @ http://localhost:3001/src/routes/+layout.svelte:42
[  554437ms] [LOG] [plausible] render {diagramType: flowchart-v2, isRough: false, lengthBucket: 0-10, renderTimeMsBucket: 50-100} @ http://localhost:3001/src/lib/util/stats.ts:89
[  555044ms] [LOG] [plausible] version {mermaidVersion: 11.14.0} @ http://localhost:3001/src/lib/util/stats.ts:89
[  555114ms] [LOG] Loading 'pako:eNpFTsluwjAQ_RVrELeAIEsdfKiUgNQf6KmYwxDbSVQvyHHUpij_XpMKdU7ztpl3h8YJCQyUdl9Nhz6Q9xO36zVpnDHSBkYqfeuQDJ0btSBDwIn09qlyW50X_UI2m1dS1edaBrxEul6I4_kNjXkQQ5i0jAaieq3ZSqkmDiTQ-l4AC36UCRjpDT4g3LklhEPopJEcWFyFVDjqwIHbOcZuaD-cM8-kd2PbAVOoh4jGm8AgTz22Hv8t0grpj260AVixXAB2h29gaUq32Z4Wu3K3L2mRlwlMkd1vDxnNs8MLzVJa0JLOCfwsP3fbaEv-2tXYfLbxvX3UXjV4za85zL8WD2z8' @ http://localhost:3001/src/lib/util/state.ts:192
[  555169ms] [LOG] Registration successful, scope is: http://localhost:3001/ @ http://localhost:3001/src/routes/+layout.svelte:42
[  555211ms] [LOG] [plausible] render {diagramType: flowchart-v2, isRough: false, lengthBucket: 0-10, renderTimeMsBucket: 50-100} @ http://localhost:3001/src/lib/util/stats.ts:89
[  555828ms] [LOG] [plausible] version {mermaidVersion: 11.14.0} @ http://localhost:3001/src/lib/util/stats.ts:89
[  555893ms] [LOG] Loading 'pako:eNpFTsluwjAQ_RVrELeAIEsdfKiUgNQf6KmYwxDbSVQvyHHUpij_XpMKdU7ztpl3h8YJCQyUdl9Nhz6Q9xO36zVpnDHSBkYqfeuQDJ0btSBDwIn09qlyW50X_UI2m1dS1edaBrxEul6I4_kNjXkQQ5i0jAaieq3ZSqkmDiTQ-l4AC36UCRjpDT4g3LklhEPopJEcWFyFVDjqwIHbOcZuaD-cM8-kd2PbAVOoh4jGm8AgTz22Hv8t0grpj260AVixXAB2h29gaUq32Z4Wu3K3L2mRlwlMkd1vDxnNs8MLzVJa0JLOCfwsP3fbaEv-2tXYfLbxvX3UXjV4za85zL8WD2z8' @ http://localhost:3001/src/lib/util/state.ts:192
[  555943ms] [LOG] Registration successful, scope is: http://localhost:3001/ @ http://localhost:3001/src/routes/+layout.svelte:42
[  555980ms] [LOG] [plausible] render {diagramType: flowchart-v2, isRough: false, lengthBucket: 0-10, renderTimeMsBucket: 50-100} @ http://localhost:3001/src/lib/util/stats.ts:89
[  556568ms] [LOG] [plausible] version {mermaidVersion: 11.14.0} @ http://localhost:3001/src/lib/util/stats.ts:89
[  556642ms] [LOG] Loading 'pako:eNpFTsluwjAQ_RVrELeAIEsdfKiUgNQf6KmYwxDbSVQvyHHUpij_XpMKdU7ztpl3h8YJCQyUdl9Nhz6Q9xO36zVpnDHSBkYqfeuQDJ0btSBDwIn09qlyW50X_UI2m1dS1edaBrxEul6I4_kNjXkQQ5i0jAaieq3ZSqkmDiTQ-l4AC36UCRjpDT4g3LklhEPopJEcWFyFVDjqwIHbOcZuaD-cM8-kd2PbAVOoh4jGm8AgTz22Hv8t0grpj260AVixXAB2h29gaUq32Z4Wu3K3L2mRlwlMkd1vDxnNs8MLzVJa0JLOCfwsP3fbaEv-2tXYfLbxvX3UXjV4za85zL8WD2z8' @ http://localhost:3001/src/lib/util/state.ts:192
[  556701ms] [LOG] Registration successful, scope is: http://localhost:3001/ @ http://localhost:3001/src/routes/+layout.svelte:42
[  556739ms] [LOG] [plausible] render {diagramType: flowchart-v2, isRough: false, lengthBucket: 0-10, renderTimeMsBucket: 50-100} @ http://localhost:3001/src/lib/util/stats.ts:89
[  557375ms] [LOG] [plausible] version {mermaidVersion: 11.14.0} @ http://localhost:3001/src/lib/util/stats.ts:89
[  557444ms] [LOG] Loading 'pako:eNpFTsluwjAQ_RVrELeAIEsdfKiUgNQf6KmYwxDbSVQvyHHUpij_XpMKdU7ztpl3h8YJCQyUdl9Nhz6Q9xO36zVpnDHSBkYqfeuQDJ0btSBDwIn09qlyW50X_UI2m1dS1edaBrxEul6I4_kNjXkQQ5i0jAaieq3ZSqkmDiTQ-l4AC36UCRjpDT4g3LklhEPopJEcWFyFVDjqwIHbOcZuaD-cM8-kd2PbAVOoh4jGm8AgTz22Hv8t0grpj260AVixXAB2h29gaUq32Z4Wu3K3L2mRlwlMkd1vDxnNs8MLzVJa0JLOCfwsP3fbaEv-2tXYfLbxvX3UXjV4za85zL8WD2z8' @ http://localhost:3001/src/lib/util/state.ts:192
[  557497ms] [LOG] Registration successful, scope is: http://localhost:3001/ @ http://localhost:3001/src/routes/+layout.svelte:42
[  558118ms] [LOG] [plausible] version {mermaidVersion: 11.14.0} @ http://localhost:3001/src/lib/util/stats.ts:89
[  558196ms] [LOG] Loading 'pako:eNpFTsluwjAQ_RVrELeAIEsdfKiUgNQf6KmYwxDbSVQvyHHUpij_XpMKdU7ztpl3h8YJCQyUdl9Nhz6Q9xO36zVpnDHSBkYqfeuQDJ0btSBDwIn09qlyW50X_UI2m1dS1edaBrxEul6I4_kNjXkQQ5i0jAaieq3ZSqkmDiTQ-l4AC36UCRjpDT4g3LklhEPopJEcWFyFVDjqwIHbOcZuaD-cM8-kd2PbAVOoh4jGm8AgTz22Hv8t0grpj260AVixXAB2h29gaUq32Z4Wu3K3L2mRlwlMkd1vDxnNs8MLzVJa0JLOCfwsP3fbaEv-2tXYfLbxvX3UXjV4za85zL8WD2z8' @ http://localhost:3001/src/lib/util/state.ts:192
[  558253ms] [LOG] Registration successful, scope is: http://localhost:3001/ @ http://localhost:3001/src/routes/+layout.svelte:42
[  558292ms] [LOG] [plausible] render {diagramType: flowchart-v2, isRough: false, lengthBucket: 0-10, renderTimeMsBucket: 50-100} @ http://localhost:3001/src/lib/util/stats.ts:89
[  558876ms] [LOG] [plausible] version {mermaidVersion: 11.14.0} @ http://localhost:3001/src/lib/util/stats.ts:89
[  558937ms] [LOG] Loading 'pako:eNpFTsluwjAQ_RVrELeAIEsdfKiUgNQf6KmYwxDbSVQvyHHUpij_XpMKdU7ztpl3h8YJCQyUdl9Nhz6Q9xO36zVpnDHSBkYqfeuQDJ0btSBDwIn09qlyW50X_UI2m1dS1edaBrxEul6I4_kNjXkQQ5i0jAaieq3ZSqkmDiTQ-l4AC36UCRjpDT4g3LklhEPopJEcWFyFVDjqwIHbOcZuaD-cM8-kd2PbAVOoh4jGm8AgTz22Hv8t0grpj260AVixXAB2h29gaUq32Z4Wu3K3L2mRlwlMkd1vDxnNs8MLzVJa0JLOCfwsP3fbaEv-2tXYfLbxvX3UXjV4za85zL8WD2z8' @ http://localhost:3001/src/lib/util/state.ts:192
[  558991ms] [LOG] Registration successful, scope is: http://localhost:3001/ @ http://localhost:3001/src/routes/+layout.svelte:42
[  559031ms] [LOG] [plausible] render {diagramType: flowchart-v2, isRough: false, lengthBucket: 0-10, renderTimeMsBucket: 50-100} @ http://localhost:3001/src/lib/util/stats.ts:89
[  559631ms] [LOG] [plausible] version {mermaidVersion: 11.14.0} @ http://localhost:3001/src/lib/util/stats.ts:89
[  559696ms] [LOG] Loading 'pako:eNpFTsluwjAQ_RVrELeAIEsdfKiUgNQf6KmYwxDbSVQvyHHUpij_XpMKdU7ztpl3h8YJCQyUdl9Nhz6Q9xO36zVpnDHSBkYqfeuQDJ0btSBDwIn09qlyW50X_UI2m1dS1edaBrxEul6I4_kNjXkQQ5i0jAaieq3ZSqkmDiTQ-l4AC36UCRjpDT4g3LklhEPopJEcWFyFVDjqwIHbOcZuaD-cM8-kd2PbAVOoh4jGm8AgTz22Hv8t0grpj260AVixXAB2h29gaUq32Z4Wu3K3L2mRlwlMkd1vDxnNs8MLzVJa0JLOCfwsP3fbaEv-2tXYfLbxvX3UXjV4za85zL8WD2z8' @ http://localhost:3001/src/lib/util/state.ts:192
[  559758ms] [LOG] Registration successful, scope is: http://localhost:3001/ @ http://localhost:3001/src/routes/+layout.svelte:42
[  559808ms] [LOG] [plausible] render {diagramType: flowchart-v2, isRough: false, lengthBucket: 0-10, renderTimeMsBucket: 50-100} @ http://localhost:3001/src/lib/util/stats.ts:89
[  560427ms] [LOG] [plausible] version {mermaidVersion: 11.14.0} @ http://localhost:3001/src/lib/util/stats.ts:89
[  560496ms] [LOG] Loading 'pako:eNpFTsluwjAQ_RVrELeAIEsdfKiUgNQf6KmYwxDbSVQvyHHUpij_XpMKdU7ztpl3h8YJCQyUdl9Nhz6Q9xO36zVpnDHSBkYqfeuQDJ0btSBDwIn09qlyW50X_UI2m1dS1edaBrxEul6I4_kNjXkQQ5i0jAaieq3ZSqkmDiTQ-l4AC36UCRjpDT4g3LklhEPopJEcWFyFVDjqwIHbOcZuaD-cM8-kd2PbAVOoh4jGm8AgTz22Hv8t0grpj260AVixXAB2h29gaUq32Z4Wu3K3L2mRlwlMkd1vDxnNs8MLzVJa0JLOCfwsP3fbaEv-2tXYfLbxvX3UXjV4za85zL8WD2z8' @ http://localhost:3001/src/lib/util/state.ts:192
[  560545ms] [LOG] Registration successful, scope is: http://localhost:3001/ @ http://localhost:3001/src/routes/+layout.svelte:42
[  560583ms] [LOG] [plausible] render {diagramType: flowchart-v2, isRough: false, lengthBucket: 0-10, renderTimeMsBucket: 50-100} @ http://localhost:3001/src/lib/util/stats.ts:89
[  561230ms] [LOG] [plausible] version {mermaidVersion: 11.14.0} @ http://localhost:3001/src/lib/util/stats.ts:89
[  561297ms] [LOG] Loading 'pako:eNpFTsluwjAQ_RVrELeAIEsdfKiUgNQf6KmYwxDbSVQvyHHUpij_XpMKdU7ztpl3h8YJCQyUdl9Nhz6Q9xO36zVpnDHSBkYqfeuQDJ0btSBDwIn09qlyW50X_UI2m1dS1edaBrxEul6I4_kNjXkQQ5i0jAaieq3ZSqkmDiTQ-l4AC36UCRjpDT4g3LklhEPopJEcWFyFVDjqwIHbOcZuaD-cM8-kd2PbAVOoh4jGm8AgTz22Hv8t0grpj260AVixXAB2h29gaUq32Z4Wu3K3L2mRlwlMkd1vDxnNs8MLzVJa0JLOCfwsP3fbaEv-2tXYfLbxvX3UXjV4za85zL8WD2z8' @ http://localhost:3001/src/lib/util/state.ts:192
[  561351ms] [LOG] Registration successful, scope is: http://localhost:3001/ @ http://localhost:3001/src/routes/+layout.svelte:42
[  561402ms] [LOG] [plausible] render {diagramType: flowchart-v2, isRough: false, lengthBucket: 0-10, renderTimeMsBucket: 50-100} @ http://localhost:3001/src/lib/util/stats.ts:89
[  562033ms] [LOG] [plausible] version {mermaidVersion: 11.14.0} @ http://localhost:3001/src/lib/util/stats.ts:89
[  562098ms] [LOG] Loading 'pako:eNpFTsluwjAQ_RVrELeAIEsdfKiUgNQf6KmYwxDbSVQvyHHUpij_XpMKdU7ztpl3h8YJCQyUdl9Nhz6Q9xO36zVpnDHSBkYqfeuQDJ0btSBDwIn09qlyW50X_UI2m1dS1edaBrxEul6I4_kNjXkQQ5i0jAaieq3ZSqkmDiTQ-l4AC36UCRjpDT4g3LklhEPopJEcWFyFVDjqwIHbOcZuaD-cM8-kd2PbAVOoh4jGm8AgTz22Hv8t0grpj260AVixXAB2h29gaUq32Z4Wu3K3L2mRlwlMkd1vDxnNs8MLzVJa0JLOCfwsP3fbaEv-2tXYfLbxvX3UXjV4za85zL8WD2z8' @ http://localhost:3001/src/lib/util/state.ts:192
[  562154ms] [LOG] Registration successful, scope is: http://localhost:3001/ @ http://localhost:3001/src/routes/+layout.svelte:42
[  562203ms] [LOG] [plausible] render {diagramType: flowchart-v2, isRough: false, lengthBucket: 0-10, renderTimeMsBucket: 50-100} @ http://localhost:3001/src/lib/util/stats.ts:89
[  562791ms] [LOG] [plausible] version {mermaidVersion: 11.14.0} @ http://localhost:3001/src/lib/util/stats.ts:89
[  562868ms] [LOG] Loading 'pako:eNpFTsluwjAQ_RVrELeAIEsdfKiUgNQf6KmYwxDbSVQvyHHUpij_XpMKdU7ztpl3h8YJCQyUdl9Nhz6Q9xO36zVpnDHSBkYqfeuQDJ0btSBDwIn09qlyW50X_UI2m1dS1edaBrxEul6I4_kNjXkQQ5i0jAaieq3ZSqkmDiTQ-l4AC36UCRjpDT4g3LklhEPopJEcWFyFVDjqwIHbOcZuaD-cM8-kd2PbAVOoh4jGm8AgTz22Hv8t0grpj260AVixXAB2h29gaUq32Z4Wu3K3L2mRlwlMkd1vDxnNs8MLzVJa0JLOCfwsP3fbaEv-2tXYfLbxvX3UXjV4za85zL8WD2z8' @ http://localhost:3001/src/lib/util/state.ts:192
[  562925ms] [LOG] Registration successful, scope is: http://localhost:3001/ @ http://localhost:3001/src/routes/+layout.svelte:42
[  562964ms] [LOG] [plausible] render {diagramType: flowchart-v2, isRough: false, lengthBucket: 0-10, renderTimeMsBucket: 50-100} @ http://localhost:3001/src/lib/util/stats.ts:89
[  563666ms] [LOG] [plausible] version {mermaidVersion: 11.14.0} @ http://localhost:3001/src/lib/util/stats.ts:89
[  563721ms] [LOG] Loading 'pako:eNpFTsluwjAQ_RVrELeAIEsdfKiUgNQf6KmYwxDbSVQvyHHUpij_XpMKdU7ztpl3h8YJCQyUdl9Nhz6Q9xO36zVpnDHSBkYqfeuQDJ0btSBDwIn09qlyW50X_UI2m1dS1edaBrxEul6I4_kNjXkQQ5i0jAaieq3ZSqkmDiTQ-l4AC36UCRjpDT4g3LklhEPopJEcWFyFVDjqwIHbOcZuaD-cM8-kd2PbAVOoh4jGm8AgTz22Hv8t0grpj260AVixXAB2h29gaUq32Z4Wu3K3L2mRlwlMkd1vDxnNs8MLzVJa0JLOCfwsP3fbaEv-2tXYfLbxvX3UXjV4za85zL8WD2z8' @ http://localhost:3001/src/lib/util/state.ts:192
[  563774ms] [LOG] Registration successful, scope is: http://localhost:3001/ @ http://localhost:3001/src/routes/+layout.svelte:42
[  563863ms] [LOG] [plausible] render {diagramType: flowchart-v2, isRough: false, lengthBucket: 0-10, renderTimeMsBucket: 100-200} @ http://localhost:3001/src/lib/util/stats.ts:89
[  564385ms] [LOG] [plausible] version {mermaidVersion: 11.14.0} @ http://localhost:3001/src/lib/util/stats.ts:89
[  564443ms] [LOG] Loading 'pako:eNpFTsluwjAQ_RVrELeAIEsdfKiUgNQf6KmYwxDbSVQvyHHUpij_XpMKdU7ztpl3h8YJCQyUdl9Nhz6Q9xO36zVpnDHSBkYqfeuQDJ0btSBDwIn09qlyW50X_UI2m1dS1edaBrxEul6I4_kNjXkQQ5i0jAaieq3ZSqkmDiTQ-l4AC36UCRjpDT4g3LklhEPopJEcWFyFVDjqwIHbOcZuaD-cM8-kd2PbAVOoh4jGm8AgTz22Hv8t0grpj260AVixXAB2h29gaUq32Z4Wu3K3L2mRlwlMkd1vDxnNs8MLzVJa0JLOCfwsP3fbaEv-2tXYfLbxvX3UXjV4za85zL8WD2z8' @ http://localhost:3001/src/lib/util/state.ts:192
[  564487ms] [LOG] Registration successful, scope is: http://localhost:3001/ @ http://localhost:3001/src/routes/+layout.svelte:42
[  564518ms] [LOG] [plausible] render {diagramType: flowchart-v2, isRough: false, lengthBucket: 0-10, renderTimeMsBucket: 50-100} @ http://localhost:3001/src/lib/util/stats.ts:89
[  564611ms] [LOG] [plausible] render {diagramType: flowchart-v2, isRough: false, lengthBucket: 0-10, renderTimeMsBucket: 50-100} @ http://localhost:3001/src/lib/util/stats.ts:89
[  565029ms] [LOG] [plausible] version {mermaidVersion: 11.14.0} @ http://localhost:3001/src/lib/util/stats.ts:89
[  565075ms] [LOG] Loading 'pako:eNpFTsluwjAQ_RVrELeAIEsdfKiUgNQf6KmYwxDbSVQvyHHUpij_XpMKdU7ztpl3h8YJCQyUdl9Nhz6Q9xO36zVpnDHSBkYqfeuQDJ0btSBDwIn09qlyW50X_UI2m1dS1edaBrxEul6I4_kNjXkQQ5i0jAaieq3ZSqkmDiTQ-l4AC36UCRjpDT4g3LklhEPopJEcWFyFVDjqwIHbOcZuaD-cM8-kd2PbAVOoh4jGm8AgTz22Hv8t0grpj260AVixXAB2h29gaUq32Z4Wu3K3L2mRlwlMkd1vDxnNs8MLzVJa0JLOCfwsP3fbaEv-2tXYfLbxvX3UXjV4za85zL8WD2z8' @ http://localhost:3001/src/lib/util/state.ts:192
[  565122ms] [LOG] Registration successful, scope is: http://localhost:3001/ @ http://localhost:3001/src/routes/+layout.svelte:42
[  565154ms] [LOG] [plausible] render {diagramType: flowchart-v2, isRough: false, lengthBucket: 0-10, renderTimeMsBucket: 50-100} @ http://localhost:3001/src/lib/util/stats.ts:89
[  565652ms] [LOG] [plausible] version {mermaidVersion: 11.14.0} @ http://localhost:3001/src/lib/util/stats.ts:89
[  565696ms] [LOG] Loading 'pako:eNpFTsluwjAQ_RVrELeAIEsdfKiUgNQf6KmYwxDbSVQvyHHUpij_XpMKdU7ztpl3h8YJCQyUdl9Nhz6Q9xO36zVpnDHSBkYqfeuQDJ0btSBDwIn09qlyW50X_UI2m1dS1edaBrxEul6I4_kNjXkQQ5i0jAaieq3ZSqkmDiTQ-l4AC36UCRjpDT4g3LklhEPopJEcWFyFVDjqwIHbOcZuaD-cM8-kd2PbAVOoh4jGm8AgTz22Hv8t0grpj260AVixXAB2h29gaUq32Z4Wu3K3L2mRlwlMkd1vDxnNs8MLzVJa0JLOCfwsP3fbaEv-2tXYfLbxvX3UXjV4za85zL8WD2z8' @ http://localhost:3001/src/lib/util/state.ts:192
[  565740ms] [LOG] Registration successful, scope is: http://localhost:3001/ @ http://localhost:3001/src/routes/+layout.svelte:42
[  565773ms] [LOG] [plausible] render {diagramType: flowchart-v2, isRough: false, lengthBucket: 0-10, renderTimeMsBucket: 50-100} @ http://localhost:3001/src/lib/util/stats.ts:89
[  566217ms] [LOG] [plausible] version {mermaidVersion: 11.14.0} @ http://localhost:3001/src/lib/util/stats.ts:89
[  566262ms] [LOG] Loading 'pako:eNpFTsluwjAQ_RVrELeAIEsdfKiUgNQf6KmYwxDbSVQvyHHUpij_XpMKdU7ztpl3h8YJCQyUdl9Nhz6Q9xO36zVpnDHSBkYqfeuQDJ0btSBDwIn09qlyW50X_UI2m1dS1edaBrxEul6I4_kNjXkQQ5i0jAaieq3ZSqkmDiTQ-l4AC36UCRjpDT4g3LklhEPopJEcWFyFVDjqwIHbOcZuaD-cM8-kd2PbAVOoh4jGm8AgTz22Hv8t0grpj260AVixXAB2h29gaUq32Z4Wu3K3L2mRlwlMkd1vDxnNs8MLzVJa0JLOCfwsP3fbaEv-2tXYfLbxvX3UXjV4za85zL8WD2z8' @ http://localhost:3001/src/lib/util/state.ts:192
[  566299ms] [LOG] Registration successful, scope is: http://localhost:3001/ @ http://localhost:3001/src/routes/+layout.svelte:42
[  566329ms] [LOG] [plausible] render {diagramType: flowchart-v2, isRough: false, lengthBucket: 0-10, renderTimeMsBucket: 25-50} @ http://localhost:3001/src/lib/util/stats.ts:89
[  566839ms] [LOG] [plausible] version {mermaidVersion: 11.14.0} @ http://localhost:3001/src/lib/util/stats.ts:89
[  566890ms] [LOG] Loading 'pako:eNpFTsluwjAQ_RVrELeAIEsdfKiUgNQf6KmYwxDbSVQvyHHUpij_XpMKdU7ztpl3h8YJCQyUdl9Nhz6Q9xO36zVpnDHSBkYqfeuQDJ0btSBDwIn09qlyW50X_UI2m1dS1edaBrxEul6I4_kNjXkQQ5i0jAaieq3ZSqkmDiTQ-l4AC36UCRjpDT4g3LklhEPopJEcWFyFVDjqwIHbOcZuaD-cM8-kd2PbAVOoh4jGm8AgTz22Hv8t0grpj260AVixXAB2h29gaUq32Z4Wu3K3L2mRlwlMkd1vDxnNs8MLzVJa0JLOCfwsP3fbaEv-2tXYfLbxvX3UXjV4za85zL8WD2z8' @ http://localhost:3001/src/lib/util/state.ts:192
[  566932ms] [LOG] Registration successful, scope is: http://localhost:3001/ @ http://localhost:3001/src/routes/+layout.svelte:42
[  566984ms] [LOG] [plausible] render {diagramType: flowchart-v2, isRough: false, lengthBucket: 0-10, renderTimeMsBucket: 50-100} @ http://localhost:3001/src/lib/util/stats.ts:89
[  567028ms] [LOG] [plausible] render {diagramType: flowchart-v2, isRough: false, lengthBucket: 0-10, renderTimeMsBucket: 25-50} @ http://localhost:3001/src/lib/util/stats.ts:89
[  567480ms] [LOG] [plausible] version {mermaidVersion: 11.14.0} @ http://localhost:3001/src/lib/util/stats.ts:89
[  567530ms] [LOG] Loading 'pako:eNpFTsluwjAQ_RVrELeAIEsdfKiUgNQf6KmYwxDbSVQvyHHUpij_XpMKdU7ztpl3h8YJCQyUdl9Nhz6Q9xO36zVpnDHSBkYqfeuQDJ0btSBDwIn09qlyW50X_UI2m1dS1edaBrxEul6I4_kNjXkQQ5i0jAaieq3ZSqkmDiTQ-l4AC36UCRjpDT4g3LklhEPopJEcWFyFVDjqwIHbOcZuaD-cM8-kd2PbAVOoh4jGm8AgTz22Hv8t0grpj260AVixXAB2h29gaUq32Z4Wu3K3L2mRlwlMkd1vDxnNs8MLzVJa0JLOCfwsP3fbaEv-2tXYfLbxvX3UXjV4za85zL8WD2z8' @ http://localhost:3001/src/lib/util/state.ts:192
[  567576ms] [LOG] Registration successful, scope is: http://localhost:3001/ @ http://localhost:3001/src/routes/+layout.svelte:42
[  567607ms] [LOG] [plausible] render {diagramType: flowchart-v2, isRough: false, lengthBucket: 0-10, renderTimeMsBucket: 50-100} @ http://localhost:3001/src/lib/util/stats.ts:89
[  568133ms] [LOG] [plausible] version {mermaidVersion: 11.14.0} @ http://localhost:3001/src/lib/util/stats.ts:89
[  568186ms] [LOG] Loading 'pako:eNpFTsluwjAQ_RVrELeAIEsdfKiUgNQf6KmYwxDbSVQvyHHUpij_XpMKdU7ztpl3h8YJCQyUdl9Nhz6Q9xO36zVpnDHSBkYqfeuQDJ0btSBDwIn09qlyW50X_UI2m1dS1edaBrxEul6I4_kNjXkQQ5i0jAaieq3ZSqkmDiTQ-l4AC36UCRjpDT4g3LklhEPopJEcWFyFVDjqwIHbOcZuaD-cM8-kd2PbAVOoh4jGm8AgTz22Hv8t0grpj260AVixXAB2h29gaUq32Z4Wu3K3L2mRlwlMkd1vDxnNs8MLzVJa0JLOCfwsP3fbaEv-2tXYfLbxvX3UXjV4za85zL8WD2z8' @ http://localhost:3001/src/lib/util/state.ts:192
[  568230ms] [LOG] Registration successful, scope is: http://localhost:3001/ @ http://localhost:3001/src/routes/+layout.svelte:42
[  568263ms] [LOG] [plausible] render {diagramType: flowchart-v2, isRough: false, lengthBucket: 0-10, renderTimeMsBucket: 50-100} @ http://localhost:3001/src/lib/util/stats.ts:89
[  568738ms] [LOG] [plausible] version {mermaidVersion: 11.14.0} @ http://localhost:3001/src/lib/util/stats.ts:89
[  568789ms] [LOG] Loading 'pako:eNpFTsluwjAQ_RVrELeAIEsdfKiUgNQf6KmYwxDbSVQvyHHUpij_XpMKdU7ztpl3h8YJCQyUdl9Nhz6Q9xO36zVpnDHSBkYqfeuQDJ0btSBDwIn09qlyW50X_UI2m1dS1edaBrxEul6I4_kNjXkQQ5i0jAaieq3ZSqkmDiTQ-l4AC36UCRjpDT4g3LklhEPopJEcWFyFVDjqwIHbOcZuaD-cM8-kd2PbAVOoh4jGm8AgTz22Hv8t0grpj260AVixXAB2h29gaUq32Z4Wu3K3L2mRlwlMkd1vDxnNs8MLzVJa0JLOCfwsP3fbaEv-2tXYfLbxvX3UXjV4za85zL8WD2z8' @ http://localhost:3001/src/lib/util/state.ts:192
[  568838ms] [LOG] Registration successful, scope is: http://localhost:3001/ @ http://localhost:3001/src/routes/+layout.svelte:42
[  568869ms] [LOG] [plausible] render {diagramType: flowchart-v2, isRough: false, lengthBucket: 0-10, renderTimeMsBucket: 50-100} @ http://localhost:3001/src/lib/util/stats.ts:89
[  569294ms] [LOG] [plausible] version {mermaidVersion: 11.14.0} @ http://localhost:3001/src/lib/util/stats.ts:89
[  569350ms] [LOG] Loading 'pako:eNpFTsluwjAQ_RVrELeAIEsdfKiUgNQf6KmYwxDbSVQvyHHUpij_XpMKdU7ztpl3h8YJCQyUdl9Nhz6Q9xO36zVpnDHSBkYqfeuQDJ0btSBDwIn09qlyW50X_UI2m1dS1edaBrxEul6I4_kNjXkQQ5i0jAaieq3ZSqkmDiTQ-l4AC36UCRjpDT4g3LklhEPopJEcWFyFVDjqwIHbOcZuaD-cM8-kd2PbAVOoh4jGm8AgTz22Hv8t0grpj260AVixXAB2h29gaUq32Z4Wu3K3L2mRlwlMkd1vDxnNs8MLzVJa0JLOCfwsP3fbaEv-2tXYfLbxvX3UXjV4za85zL8WD2z8' @ http://localhost:3001/src/lib/util/state.ts:192
[  569397ms] [LOG] Registration successful, scope is: http://localhost:3001/ @ http://localhost:3001/src/routes/+layout.svelte:42
[  569450ms] [LOG] [plausible] render {diagramType: flowchart-v2, isRough: false, lengthBucket: 0-10, renderTimeMsBucket: 50-100} @ http://localhost:3001/src/lib/util/stats.ts:89
[  569948ms] [LOG] [plausible] version {mermaidVersion: 11.14.0} @ http://localhost:3001/src/lib/util/stats.ts:89
[  570003ms] [LOG] Loading 'pako:eNpFTsluwjAQ_RVrELeAIEsdfKiUgNQf6KmYwxDbSVQvyHHUpij_XpMKdU7ztpl3h8YJCQyUdl9Nhz6Q9xO36zVpnDHSBkYqfeuQDJ0btSBDwIn09qlyW50X_UI2m1dS1edaBrxEul6I4_kNjXkQQ5i0jAaieq3ZSqkmDiTQ-l4AC36UCRjpDT4g3LklhEPopJEcWFyFVDjqwIHbOcZuaD-cM8-kd2PbAVOoh4jGm8AgTz22Hv8t0grpj260AVixXAB2h29gaUq32Z4Wu3K3L2mRlwlMkd1vDxnNs8MLzVJa0JLOCfwsP3fbaEv-2tXYfLbxvX3UXjV4za85zL8WD2z8' @ http://localhost:3001/src/lib/util/state.ts:192
[  570077ms] [LOG] Registration successful, scope is: http://localhost:3001/ @ http://localhost:3001/src/routes/+layout.svelte:42
