[     487ms] [LOG] Registration successful, scope is: http://localhost:3001/ @ http://localhost:3001/src/routes/+layout.svelte:42
[     945ms] [LOG] [plausible] version {mermaidVersion: 11.14.0} @ http://localhost:3001/src/lib/util/stats.ts:89
[    1055ms] [LOG] Loading '' @ http://localhost:3001/src/lib/util/state.ts:192
[    2170ms] [LOG] [plausible] version {mermaidVersion: 11.14.0} @ http://localhost:3001/src/lib/util/stats.ts:89
[    2231ms] [LOG] Loading '' @ http://localhost:3001/src/lib/util/state.ts:192
[    2279ms] [LOG] Registration successful, scope is: http://localhost:3001/ @ http://localhost:3001/src/routes/+layout.svelte:42
[    3198ms] [LOG] [plausible] version {mermaidVersion: 11.14.0} @ http://localhost:3001/src/lib/util/stats.ts:89
[    3253ms] [LOG] Loading '' @ http://localhost:3001/src/lib/util/state.ts:192
[    3304ms] [LOG] Registration successful, scope is: http://localhost:3001/ @ http://localhost:3001/src/routes/+layout.svelte:42
[    3354ms] [LOG] [plausible] render {diagramType: flowchart-v2, isRough: false, lengthBucket: 0-10, renderTimeMsBucket: 50-100} @ http://localhost:3001/src/lib/util/stats.ts:89
[    3974ms] [LOG] [plausible] version {mermaidVersion: 11.14.0} @ http://localhost:3001/src/lib/util/stats.ts:89
[    4031ms] [LOG] Loading '' @ http://localhost:3001/src/lib/util/state.ts:192
[    4073ms] [LOG] Registration successful, scope is: http://localhost:3001/ @ http://localhost:3001/src/routes/+layout.svelte:42
[    4105ms] [LOG] [plausible] render {diagramType: flowchart-v2, isRough: false, lengthBucket: 0-10, renderTimeMsBucket: 50-100} @ http://localhost:3001/src/lib/util/stats.ts:89
[    4634ms] [LOG] [plausible] version {mermaidVersion: 11.14.0} @ http://localhost:3001/src/lib/util/stats.ts:89
[    4690ms] [LOG] Loading '' @ http://localhost:3001/src/lib/util/state.ts:192
[    4734ms] [LOG] Registration successful, scope is: http://localhost:3001/ @ http://localhost:3001/src/routes/+layout.svelte:42
[    4772ms] [LOG] [plausible] render {diagramType: flowchart-v2, isRough: false, lengthBucket: 0-10, renderTimeMsBucket: 50-100} @ http://localhost:3001/src/lib/util/stats.ts:89
[    5231ms] [LOG] [plausible] version {mermaidVersion: 11.14.0} @ http://localhost:3001/src/lib/util/stats.ts:89
[    5282ms] [LOG] Loading '' @ http://localhost:3001/src/lib/util/state.ts:192
[    5322ms] [LOG] Registration successful, scope is: http://localhost:3001/ @ http://localhost:3001/src/routes/+layout.svelte:42
[    5353ms] [LOG] [plausible] render {diagramType: flowchart-v2, isRough: false, lengthBucket: 0-10, renderTimeMsBucket: 25-50} @ http://localhost:3001/src/lib/util/stats.ts:89
[    5795ms] [LOG] [plausible] version {mermaidVersion: 11.14.0} @ http://localhost:3001/src/lib/util/stats.ts:89
[    5845ms] [LOG] Loading '' @ http://localhost:3001/src/lib/util/state.ts:192
[    5884ms] [LOG] Registration successful, scope is: http://localhost:3001/ @ http://localhost:3001/src/routes/+layout.svelte:42
[    5915ms] [LOG] [plausible] render {diagramType: flowchart-v2, isRough: false, lengthBucket: 0-10, renderTimeMsBucket: 25-50} @ http://localhost:3001/src/lib/util/stats.ts:89
[    6353ms] [LOG] [plausible] version {mermaidVersion: 11.14.0} @ http://localhost:3001/src/lib/util/stats.ts:89
[    6402ms] [LOG] Loading '' @ http://localhost:3001/src/lib/util/state.ts:192
[    6439ms] [LOG] Registration successful, scope is: http://localhost:3001/ @ http://localhost:3001/src/routes/+layout.svelte:42
[    6469ms] [LOG] [plausible] render {diagramType: flowchart-v2, isRough: false, lengthBucket: 0-10, renderTimeMsBucket: 25-50} @ http://localhost:3001/src/lib/util/stats.ts:89
[    6960ms] [LOG] [plausible] version {mermaidVersion: 11.14.0} @ http://localhost:3001/src/lib/util/stats.ts:89
[    7030ms] [LOG] Loading '' @ http://localhost:3001/src/lib/util/state.ts:192
[    7082ms] [LOG] Registration successful, scope is: http://localhost:3001/ @ http://localhost:3001/src/routes/+layout.svelte:42
[    7114ms] [LOG] [plausible] render {diagramType: flowchart-v2, isRough: false, lengthBucket: 0-10, renderTimeMsBucket: 50-100} @ http://localhost:3001/src/lib/util/stats.ts:89
[    7705ms] [LOG] [plausible] version {mermaidVersion: 11.14.0} @ http://localhost:3001/src/lib/util/stats.ts:89
[    7790ms] [LOG] Loading '' @ http://localhost:3001/src/lib/util/state.ts:192
[    7846ms] [LOG] Registration successful, scope is: http://localhost:3001/ @ http://localhost:3001/src/routes/+layout.svelte:42
[    7883ms] [LOG] [plausible] render {diagramType: flowchart-v2, isRough: false, lengthBucket: 0-10, renderTimeMsBucket: 50-100} @ http://localhost:3001/src/lib/util/stats.ts:89
[    8449ms] [LOG] [plausible] version {mermaidVersion: 11.14.0} @ http://localhost:3001/src/lib/util/stats.ts:89
[    8508ms] [LOG] Loading '' @ http://localhost:3001/src/lib/util/state.ts:192
[    8559ms] [LOG] Registration successful, scope is: http://localhost:3001/ @ http://localhost:3001/src/routes/+layout.svelte:42
[    8594ms] [LOG] [plausible] render {diagramType: flowchart-v2, isRough: false, lengthBucket: 0-10, renderTimeMsBucket: 50-100} @ http://localhost:3001/src/lib/util/stats.ts:89
[    9138ms] [LOG] [plausible] version {mermaidVersion: 11.14.0} @ http://localhost:3001/src/lib/util/stats.ts:89
[    9204ms] [LOG] Loading '' @ http://localhost:3001/src/lib/util/state.ts:192
[    9252ms] [LOG] Registration successful, scope is: http://localhost:3001/ @ http://localhost:3001/src/routes/+layout.svelte:42
[    9296ms] [LOG] [plausible] render {diagramType: flowchart-v2, isRough: false, lengthBucket: 0-10, renderTimeMsBucket: 50-100} @ http://localhost:3001/src/lib/util/stats.ts:89
[    9888ms] [LOG] [plausible] version {mermaidVersion: 11.14.0} @ http://localhost:3001/src/lib/util/stats.ts:89
[    9939ms] [LOG] Loading '' @ http://localhost:3001/src/lib/util/state.ts:192
[    9993ms] [LOG] Registration successful, scope is: http://localhost:3001/ @ http://localhost:3001/src/routes/+layout.svelte:42
[   10043ms] [LOG] [plausible] render {diagramType: flowchart-v2, isRough: false, lengthBucket: 0-10, renderTimeMsBucket: 50-100} @ http://localhost:3001/src/lib/util/stats.ts:89
[   10584ms] [LOG] [plausible] version {mermaidVersion: 11.14.0} @ http://localhost:3001/src/lib/util/stats.ts:89
[   10636ms] [LOG] Loading '' @ http://localhost:3001/src/lib/util/state.ts:192
[   10689ms] [LOG] Registration successful, scope is: http://localhost:3001/ @ http://localhost:3001/src/routes/+layout.svelte:42
[   10748ms] [LOG] [plausible] render {diagramType: flowchart-v2, isRough: false, lengthBucket: 0-10, renderTimeMsBucket: 50-100} @ http://localhost:3001/src/lib/util/stats.ts:89
[   11328ms] [LOG] [plausible] version {mermaidVersion: 11.14.0} @ http://localhost:3001/src/lib/util/stats.ts:89
[   11388ms] [LOG] Loading '' @ http://localhost:3001/src/lib/util/state.ts:192
[   11436ms] [LOG] Registration successful, scope is: http://localhost:3001/ @ http://localhost:3001/src/routes/+layout.svelte:42
[   11501ms] [LOG] [plausible] render {diagramType: flowchart-v2, isRough: false, lengthBucket: 0-10, renderTimeMsBucket: 50-100} @ http://localhost:3001/src/lib/util/stats.ts:89
[   12066ms] [LOG] [plausible] version {mermaidVersion: 11.14.0} @ http://localhost:3001/src/lib/util/stats.ts:89
[   12128ms] [LOG] Loading '' @ http://localhost:3001/src/lib/util/state.ts:192
[   12169ms] [LOG] Registration successful, scope is: http://localhost:3001/ @ http://localhost:3001/src/routes/+layout.svelte:42
[   12207ms] [LOG] [plausible] render {diagramType: flowchart-v2, isRough: false, lengthBucket: 0-10, renderTimeMsBucket: 50-100} @ http://localhost:3001/src/lib/util/stats.ts:89
[   12782ms] [LOG] [plausible] version {mermaidVersion: 11.14.0} @ http://localhost:3001/src/lib/util/stats.ts:89
[   12843ms] [LOG] Loading '' @ http://localhost:3001/src/lib/util/state.ts:192
[   12899ms] [LOG] Registration successful, scope is: http://localhost:3001/ @ http://localhost:3001/src/routes/+layout.svelte:42
[   12939ms] [LOG] [plausible] render {diagramType: flowchart-v2, isRough: false, lengthBucket: 0-10, renderTimeMsBucket: 50-100} @ http://localhost:3001/src/lib/util/stats.ts:89
[   13485ms] [LOG] [plausible] version {mermaidVersion: 11.14.0} @ http://localhost:3001/src/lib/util/stats.ts:89
[   13547ms] [LOG] Loading '' @ http://localhost:3001/src/lib/util/state.ts:192
[   13591ms] [LOG] Registration successful, scope is: http://localhost:3001/ @ http://localhost:3001/src/routes/+layout.svelte:42
[   13632ms] [LOG] [plausible] render {diagramType: flowchart-v2, isRough: false, lengthBucket: 0-10, renderTimeMsBucket: 50-100} @ http://localhost:3001/src/lib/util/stats.ts:89
[   14203ms] [LOG] [plausible] version {mermaidVersion: 11.14.0} @ http://localhost:3001/src/lib/util/stats.ts:89
[   14257ms] [LOG] Loading '' @ http://localhost:3001/src/lib/util/state.ts:192
[   14309ms] [LOG] Registration successful, scope is: http://localhost:3001/ @ http://localhost:3001/src/routes/+layout.svelte:42
[   14343ms] [LOG] [plausible] render {diagramType: flowchart-v2, isRough: false, lengthBucket: 0-10, renderTimeMsBucket: 50-100} @ http://localhost:3001/src/lib/util/stats.ts:89
[   14960ms] [LOG] [plausible] version {mermaidVersion: 11.14.0} @ http://localhost:3001/src/lib/util/stats.ts:89
[   15017ms] [LOG] Loading '' @ http://localhost:3001/src/lib/util/state.ts:192
[   15073ms] [LOG] Registration successful, scope is: http://localhost:3001/ @ http://localhost:3001/src/routes/+layout.svelte:42
[   15114ms] [LOG] [plausible] render {diagramType: flowchart-v2, isRough: false, lengthBucket: 0-10, renderTimeMsBucket: 50-100} @ http://localhost:3001/src/lib/util/stats.ts:89
[   15667ms] [LOG] [plausible] version {mermaidVersion: 11.14.0} @ http://localhost:3001/src/lib/util/stats.ts:89
[   15725ms] [LOG] Loading '' @ http://localhost:3001/src/lib/util/state.ts:192
[   15770ms] [LOG] Registration successful, scope is: http://localhost:3001/ @ http://localhost:3001/src/routes/+layout.svelte:42
[   15804ms] [LOG] [plausible] render {diagramType: flowchart-v2, isRough: false, lengthBucket: 0-10, renderTimeMsBucket: 50-100} @ http://localhost:3001/src/lib/util/stats.ts:89
[   16407ms] [LOG] [plausible] version {mermaidVersion: 11.14.0} @ http://localhost:3001/src/lib/util/stats.ts:89
[   16462ms] [LOG] Loading '' @ http://localhost:3001/src/lib/util/state.ts:192
[   16514ms] [LOG] Registration successful, scope is: http://localhost:3001/ @ http://localhost:3001/src/routes/+layout.svelte:42
[   16546ms] [LOG] [plausible] render {diagramType: flowchart-v2, isRough: false, lengthBucket: 0-10, renderTimeMsBucket: 50-100} @ http://localhost:3001/src/lib/util/stats.ts:89
[   17140ms] [LOG] [plausible] version {mermaidVersion: 11.14.0} @ http://localhost:3001/src/lib/util/stats.ts:89
[   17196ms] [LOG] Loading '' @ http://localhost:3001/src/lib/util/state.ts:192
[   17249ms] [LOG] Registration successful, scope is: http://localhost:3001/ @ http://localhost:3001/src/routes/+layout.svelte:42
[   17297ms] [LOG] [plausible] render {diagramType: flowchart-v2, isRough: false, lengthBucket: 0-10, renderTimeMsBucket: 50-100} @ http://localhost:3001/src/lib/util/stats.ts:89
[   17968ms] [LOG] [plausible] version {mermaidVersion: 11.14.0} @ http://localhost:3001/src/lib/util/stats.ts:89
[   18088ms] [LOG] Loading '' @ http://localhost:3001/src/lib/util/state.ts:192
[   18173ms] [LOG] Registration successful, scope is: http://localhost:3001/ @ http://localhost:3001/src/routes/+layout.svelte:42
[   18255ms] [LOG] [plausible] render {diagramType: flowchart-v2, isRough: false, lengthBucket: 0-10, renderTimeMsBucket: 100-200} @ http://localhost:3001/src/lib/util/stats.ts:89
[   18985ms] [LOG] [plausible] version {mermaidVersion: 11.14.0} @ http://localhost:3001/src/lib/util/stats.ts:89
[   19055ms] [LOG] Loading '' @ http://localhost:3001/src/lib/util/state.ts:192
[   19112ms] [LOG] Registration successful, scope is: http://localhost:3001/ @ http://localhost:3001/src/routes/+layout.svelte:42
[   19150ms] [LOG] [plausible] render {diagramType: flowchart-v2, isRough: false, lengthBucket: 0-10, renderTimeMsBucket: 50-100} @ http://localhost:3001/src/lib/util/stats.ts:89
[   19757ms] [LOG] [plausible] version {mermaidVersion: 11.14.0} @ http://localhost:3001/src/lib/util/stats.ts:89
[   19813ms] [LOG] Loading '' @ http://localhost:3001/src/lib/util/state.ts:192
[   19865ms] [LOG] Registration successful, scope is: http://localhost:3001/ @ http://localhost:3001/src/routes/+layout.svelte:42
[   19908ms] [LOG] [plausible] render {diagramType: flowchart-v2, isRough: false, lengthBucket: 0-10, renderTimeMsBucket: 50-100} @ http://localhost:3001/src/lib/util/stats.ts:89
[   20442ms] [LOG] [plausible] version {mermaidVersion: 11.14.0} @ http://localhost:3001/src/lib/util/stats.ts:89
[   20502ms] [LOG] Loading '' @ http://localhost:3001/src/lib/util/state.ts:192
[   20546ms] [LOG] Registration successful, scope is: http://localhost:3001/ @ http://localhost:3001/src/routes/+layout.svelte:42
[   20594ms] [LOG] [plausible] render {diagramType: flowchart-v2, isRough: false, lengthBucket: 0-10, renderTimeMsBucket: 50-100} @ http://localhost:3001/src/lib/util/stats.ts:89
[   21228ms] [LOG] [plausible] version {mermaidVersion: 11.14.0} @ http://localhost:3001/src/lib/util/stats.ts:89
[   21294ms] [LOG] Loading '' @ http://localhost:3001/src/lib/util/state.ts:192
[   21340ms] [LOG] Registration successful, scope is: http://localhost:3001/ @ http://localhost:3001/src/routes/+layout.svelte:42
[   21377ms] [LOG] [plausible] render {diagramType: flowchart-v2, isRough: false, lengthBucket: 0-10, renderTimeMsBucket: 50-100} @ http://localhost:3001/src/lib/util/stats.ts:89
[   21941ms] [LOG] [plausible] version {mermaidVersion: 11.14.0} @ http://localhost:3001/src/lib/util/stats.ts:89
[   21988ms] [LOG] Loading '' @ http://localhost:3001/src/lib/util/state.ts:192
[   22025ms] [LOG] Registration successful, scope is: http://localhost:3001/ @ http://localhost:3001/src/routes/+layout.svelte:42
[   22052ms] [LOG] [plausible] render {diagramType: flowchart-v2, isRough: false, lengthBucket: 0-10, renderTimeMsBucket: 25-50} @ http://localhost:3001/src/lib/util/stats.ts:89
[   22635ms] [LOG] [plausible] version {mermaidVersion: 11.14.0} @ http://localhost:3001/src/lib/util/stats.ts:89
[   22691ms] [LOG] Loading '' @ http://localhost:3001/src/lib/util/state.ts:192
[   22736ms] [LOG] Registration successful, scope is: http://localhost:3001/ @ http://localhost:3001/src/routes/+layout.svelte:42
[   22773ms] [LOG] [plausible] render {diagramType: flowchart-v2, isRough: false, lengthBucket: 0-10, renderTimeMsBucket: 50-100} @ http://localhost:3001/src/lib/util/stats.ts:89
[   23377ms] [LOG] [plausible] version {mermaidVersion: 11.14.0} @ http://localhost:3001/src/lib/util/stats.ts:89
[   23419ms] [LOG] Loading '' @ http://localhost:3001/src/lib/util/state.ts:192
[   23457ms] [LOG] Registration successful, scope is: http://localhost:3001/ @ http://localhost:3001/src/routes/+layout.svelte:42
[   23483ms] [LOG] [plausible] render {diagramType: flowchart-v2, isRough: false, lengthBucket: 0-10, renderTimeMsBucket: 25-50} @ http://localhost:3001/src/lib/util/stats.ts:89
[   24024ms] [LOG] [plausible] version {mermaidVersion: 11.14.0} @ http://localhost:3001/src/lib/util/stats.ts:89
[   24069ms] [LOG] Loading '' @ http://localhost:3001/src/lib/util/state.ts:192
[   24107ms] [LOG] Registration successful, scope is: http://localhost:3001/ @ http://localhost:3001/src/routes/+layout.svelte:42
[   24133ms] [LOG] [plausible] render {diagramType: flowchart-v2, isRough: false, lengthBucket: 0-10, renderTimeMsBucket: 25-50} @ http://localhost:3001/src/lib/util/stats.ts:89
[   24684ms] [LOG] [plausible] version {mermaidVersion: 11.14.0} @ http://localhost:3001/src/lib/util/stats.ts:89
[   24744ms] [LOG] Loading '' @ http://localhost:3001/src/lib/util/state.ts:192
[   24791ms] [LOG] Registration successful, scope is: http://localhost:3001/ @ http://localhost:3001/src/routes/+layout.svelte:42
[   24829ms] [LOG] [plausible] render {diagramType: flowchart-v2, isRough: false, lengthBucket: 0-10, renderTimeMsBucket: 50-100} @ http://localhost:3001/src/lib/util/stats.ts:89
[   25382ms] [LOG] [plausible] version {mermaidVersion: 11.14.0} @ http://localhost:3001/src/lib/util/stats.ts:89
[   25440ms] [LOG] Loading '' @ http://localhost:3001/src/lib/util/state.ts:192
[   25478ms] [LOG] Registration successful, scope is: http://localhost:3001/ @ http://localhost:3001/src/routes/+layout.svelte:42
[   25511ms] [LOG] [plausible] render {diagramType: flowchart-v2, isRough: false, lengthBucket: 0-10, renderTimeMsBucket: 50-100} @ http://localhost:3001/src/lib/util/stats.ts:89
[   26076ms] [LOG] [plausible] version {mermaidVersion: 11.14.0} @ http://localhost:3001/src/lib/util/stats.ts:89
[   26135ms] [LOG] Loading '' @ http://localhost:3001/src/lib/util/state.ts:192
[   26183ms] [LOG] Registration successful, scope is: http://localhost:3001/ @ http://localhost:3001/src/routes/+layout.svelte:42
[   26212ms] [LOG] [plausible] render {diagramType: flowchart-v2, isRough: false, lengthBucket: 0-10, renderTimeMsBucket: 50-100} @ http://localhost:3001/src/lib/util/stats.ts:89
[   26734ms] [LOG] [plausible] version {mermaidVersion: 11.14.0} @ http://localhost:3001/src/lib/util/stats.ts:89
[   26789ms] [LOG] Loading '' @ http://localhost:3001/src/lib/util/state.ts:192
[   26829ms] [LOG] Registration successful, scope is: http://localhost:3001/ @ http://localhost:3001/src/routes/+layout.svelte:42
[   26855ms] [LOG] [plausible] render {diagramType: flowchart-v2, isRough: false, lengthBucket: 0-10, renderTimeMsBucket: 25-50} @ http://localhost:3001/src/lib/util/stats.ts:89
[   27379ms] [LOG] [plausible] version {mermaidVersion: 11.14.0} @ http://localhost:3001/src/lib/util/stats.ts:89
[   27421ms] [LOG] Loading '' @ http://localhost:3001/src/lib/util/state.ts:192
[   27460ms] [LOG] Registration successful, scope is: http://localhost:3001/ @ http://localhost:3001/src/routes/+layout.svelte:42
[   27488ms] [LOG] [plausible] render {diagramType: flowchart-v2, isRough: false, lengthBucket: 0-10, renderTimeMsBucket: 25-50} @ http://localhost:3001/src/lib/util/stats.ts:89
[   28080ms] [LOG] [plausible] version {mermaidVersion: 11.14.0} @ http://localhost:3001/src/lib/util/stats.ts:89
[   28129ms] [LOG] Loading '' @ http://localhost:3001/src/lib/util/state.ts:192
[   28170ms] [LOG] Registration successful, scope is: http://localhost:3001/ @ http://localhost:3001/src/routes/+layout.svelte:42
[   28199ms] [LOG] [plausible] render {diagramType: flowchart-v2, isRough: false, lengthBucket: 0-10, renderTimeMsBucket: 50-100} @ http://localhost:3001/src/lib/util/stats.ts:89
[   28714ms] [LOG] [plausible] version {mermaidVersion: 11.14.0} @ http://localhost:3001/src/lib/util/stats.ts:89
[   28761ms] [LOG] Loading '' @ http://localhost:3001/src/lib/util/state.ts:192
[   28804ms] [LOG] Registration successful, scope is: http://localhost:3001/ @ http://localhost:3001/src/routes/+layout.svelte:42
[   28844ms] [LOG] [plausible] render {diagramType: flowchart-v2, isRough: false, lengthBucket: 0-10, renderTimeMsBucket: 50-100} @ http://localhost:3001/src/lib/util/stats.ts:89
[   29406ms] [LOG] [plausible] version {mermaidVersion: 11.14.0} @ http://localhost:3001/src/lib/util/stats.ts:89
[   29468ms] [LOG] Loading '' @ http://localhost:3001/src/lib/util/state.ts:192
[   29510ms] [LOG] Registration successful, scope is: http://localhost:3001/ @ http://localhost:3001/src/routes/+layout.svelte:42
[   29538ms] [LOG] [plausible] render {diagramType: flowchart-v2, isRough: false, lengthBucket: 0-10, renderTimeMsBucket: 25-50} @ http://localhost:3001/src/lib/util/stats.ts:89
[   30069ms] [LOG] [plausible] version {mermaidVersion: 11.14.0} @ http://localhost:3001/src/lib/util/stats.ts:89
[   30120ms] [LOG] Loading '' @ http://localhost:3001/src/lib/util/state.ts:192
[   30161ms] [LOG] Registration successful, scope is: http://localhost:3001/ @ http://localhost:3001/src/routes/+layout.svelte:42
[   30202ms] [LOG] [plausible] render {diagramType: flowchart-v2, isRough: false, lengthBucket: 0-10, renderTimeMsBucket: 50-100} @ http://localhost:3001/src/lib/util/stats.ts:89
[   30800ms] [LOG] [plausible] version {mermaidVersion: 11.14.0} @ http://localhost:3001/src/lib/util/stats.ts:89
[   30843ms] [LOG] Loading '' @ http://localhost:3001/src/lib/util/state.ts:192
[   30884ms] [LOG] Registration successful, scope is: http://localhost:3001/ @ http://localhost:3001/src/routes/+layout.svelte:42
[   30935ms] [LOG] [plausible] render {diagramType: flowchart-v2, isRough: false, lengthBucket: 0-10, renderTimeMsBucket: 50-100} @ http://localhost:3001/src/lib/util/stats.ts:89
[   31462ms] [LOG] [plausible] version {mermaidVersion: 11.14.0} @ http://localhost:3001/src/lib/util/stats.ts:89
[   31509ms] [LOG] Loading '' @ http://localhost:3001/src/lib/util/state.ts:192
[   31546ms] [LOG] Registration successful, scope is: http://localhost:3001/ @ http://localhost:3001/src/routes/+layout.svelte:42
[   31607ms] [LOG] [plausible] render {diagramType: flowchart-v2, isRough: false, lengthBucket: 0-10, renderTimeMsBucket: 50-100} @ http://localhost:3001/src/lib/util/stats.ts:89
[   32165ms] [LOG] [plausible] version {mermaidVersion: 11.14.0} @ http://localhost:3001/src/lib/util/stats.ts:89
[   32220ms] [LOG] Loading '' @ http://localhost:3001/src/lib/util/state.ts:192
[   32265ms] [LOG] Registration successful, scope is: http://localhost:3001/ @ http://localhost:3001/src/routes/+layout.svelte:42
[   32303ms] [LOG] [plausible] render {diagramType: flowchart-v2, isRough: false, lengthBucket: 0-10, renderTimeMsBucket: 50-100} @ http://localhost:3001/src/lib/util/stats.ts:89
[   32877ms] [LOG] [plausible] version {mermaidVersion: 11.14.0} @ http://localhost:3001/src/lib/util/stats.ts:89
[   32925ms] [LOG] Loading '' @ http://localhost:3001/src/lib/util/state.ts:192
[   32968ms] [LOG] Registration successful, scope is: http://localhost:3001/ @ http://localhost:3001/src/routes/+layout.svelte:42
[   33008ms] [LOG] [plausible] render {diagramType: flowchart-v2, isRough: false, lengthBucket: 0-10, renderTimeMsBucket: 50-100} @ http://localhost:3001/src/lib/util/stats.ts:89
[   33553ms] [LOG] [plausible] version {mermaidVersion: 11.14.0} @ http://localhost:3001/src/lib/util/stats.ts:89
[   33597ms] [LOG] Loading '' @ http://localhost:3001/src/lib/util/state.ts:192
[   33636ms] [LOG] Registration successful, scope is: http://localhost:3001/ @ http://localhost:3001/src/routes/+layout.svelte:42
[   33677ms] [LOG] [plausible] render {diagramType: flowchart-v2, isRough: false, lengthBucket: 0-10, renderTimeMsBucket: 50-100} @ http://localhost:3001/src/lib/util/stats.ts:89
[   34210ms] [LOG] [plausible] version {mermaidVersion: 11.14.0} @ http://localhost:3001/src/lib/util/stats.ts:89
[   34275ms] [LOG] Loading '' @ http://localhost:3001/src/lib/util/state.ts:192
[   34322ms] [LOG] Registration successful, scope is: http://localhost:3001/ @ http://localhost:3001/src/routes/+layout.svelte:42
[   34362ms] [LOG] [plausible] render {diagramType: flowchart-v2, isRough: false, lengthBucket: 0-10, renderTimeMsBucket: 50-100} @ http://localhost:3001/src/lib/util/stats.ts:89
[   34952ms] [LOG] [plausible] version {mermaidVersion: 11.14.0} @ http://localhost:3001/src/lib/util/stats.ts:89
[   35016ms] [LOG] Loading '' @ http://localhost:3001/src/lib/util/state.ts:192
[   35070ms] [LOG] Registration successful, scope is: http://localhost:3001/ @ http://localhost:3001/src/routes/+layout.svelte:42
[   35111ms] [LOG] [plausible] render {diagramType: flowchart-v2, isRough: false, lengthBucket: 0-10, renderTimeMsBucket: 50-100} @ http://localhost:3001/src/lib/util/stats.ts:89
[   35669ms] [LOG] [plausible] version {mermaidVersion: 11.14.0} @ http://localhost:3001/src/lib/util/stats.ts:89
[   35726ms] [LOG] Loading '' @ http://localhost:3001/src/lib/util/state.ts:192
[   35778ms] [LOG] Registration successful, scope is: http://localhost:3001/ @ http://localhost:3001/src/routes/+layout.svelte:42
[   35814ms] [LOG] [plausible] render {diagramType: flowchart-v2, isRough: false, lengthBucket: 0-10, renderTimeMsBucket: 50-100} @ http://localhost:3001/src/lib/util/stats.ts:89
[   36381ms] [LOG] [plausible] version {mermaidVersion: 11.14.0} @ http://localhost:3001/src/lib/util/stats.ts:89
[   36437ms] [LOG] Loading '' @ http://localhost:3001/src/lib/util/state.ts:192
[   36490ms] [LOG] Registration successful, scope is: http://localhost:3001/ @ http://localhost:3001/src/routes/+layout.svelte:42
[   36524ms] [LOG] [plausible] render {diagramType: flowchart-v2, isRough: false, lengthBucket: 0-10, renderTimeMsBucket: 50-100} @ http://localhost:3001/src/lib/util/stats.ts:89
[   37065ms] [LOG] [plausible] version {mermaidVersion: 11.14.0} @ http://localhost:3001/src/lib/util/stats.ts:89
[   37130ms] [LOG] Loading '' @ http://localhost:3001/src/lib/util/state.ts:192
[   37173ms] [LOG] Registration successful, scope is: http://localhost:3001/ @ http://localhost:3001/src/routes/+layout.svelte:42
[   37216ms] [LOG] [plausible] render {diagramType: flowchart-v2, isRough: false, lengthBucket: 0-10, renderTimeMsBucket: 50-100} @ http://localhost:3001/src/lib/util/stats.ts:89
[   37781ms] [LOG] [plausible] version {mermaidVersion: 11.14.0} @ http://localhost:3001/src/lib/util/stats.ts:89
[   37834ms] [LOG] Loading '' @ http://localhost:3001/src/lib/util/state.ts:192
[   37870ms] [LOG] Registration successful, scope is: http://localhost:3001/ @ http://localhost:3001/src/routes/+layout.svelte:42
[   37898ms] [LOG] [plausible] render {diagramType: flowchart-v2, isRough: false, lengthBucket: 0-10, renderTimeMsBucket: 25-50} @ http://localhost:3001/src/lib/util/stats.ts:89
[   38461ms] [LOG] [plausible] version {mermaidVersion: 11.14.0} @ http://localhost:3001/src/lib/util/stats.ts:89
[   38506ms] [LOG] Loading '' @ http://localhost:3001/src/lib/util/state.ts:192
[   38544ms] [LOG] Registration successful, scope is: http://localhost:3001/ @ http://localhost:3001/src/routes/+layout.svelte:42
[   38571ms] [LOG] [plausible] render {diagramType: flowchart-v2, isRough: false, lengthBucket: 0-10, renderTimeMsBucket: 25-50} @ http://localhost:3001/src/lib/util/stats.ts:89
[   39074ms] [LOG] [plausible] version {mermaidVersion: 11.14.0} @ http://localhost:3001/src/lib/util/stats.ts:89
[   39116ms] [LOG] Loading '' @ http://localhost:3001/src/lib/util/state.ts:192
[   39153ms] [LOG] Registration successful, scope is: http://localhost:3001/ @ http://localhost:3001/src/routes/+layout.svelte:42
[   39182ms] [LOG] [plausible] render {diagramType: flowchart-v2, isRough: false, lengthBucket: 0-10, renderTimeMsBucket: 50-100} @ http://localhost:3001/src/lib/util/stats.ts:89
[   39701ms] [LOG] [plausible] version {mermaidVersion: 11.14.0} @ http://localhost:3001/src/lib/util/stats.ts:89
[   39749ms] [LOG] Loading '' @ http://localhost:3001/src/lib/util/state.ts:192
[   39783ms] [LOG] Registration successful, scope is: http://localhost:3001/ @ http://localhost:3001/src/routes/+layout.svelte:42
[   39810ms] [LOG] [plausible] render {diagramType: flowchart-v2, isRough: false, lengthBucket: 0-10, renderTimeMsBucket: 25-50} @ http://localhost:3001/src/lib/util/stats.ts:89
[   40371ms] [LOG] [plausible] version {mermaidVersion: 11.14.0} @ http://localhost:3001/src/lib/util/stats.ts:89
[   40422ms] [LOG] Loading '' @ http://localhost:3001/src/lib/util/state.ts:192
[   40466ms] [LOG] Registration successful, scope is: http://localhost:3001/ @ http://localhost:3001/src/routes/+layout.svelte:42
[   40493ms] [LOG] [plausible] render {diagramType: flowchart-v2, isRough: false, lengthBucket: 0-10, renderTimeMsBucket: 50-100} @ http://localhost:3001/src/lib/util/stats.ts:89
[   41019ms] [LOG] [plausible] version {mermaidVersion: 11.14.0} @ http://localhost:3001/src/lib/util/stats.ts:89
[   41065ms] [LOG] Loading '' @ http://localhost:3001/src/lib/util/state.ts:192
[   41103ms] [LOG] Registration successful, scope is: http://localhost:3001/ @ http://localhost:3001/src/routes/+layout.svelte:42
[   41130ms] [LOG] [plausible] render {diagramType: flowchart-v2, isRough: false, lengthBucket: 0-10, renderTimeMsBucket: 25-50} @ http://localhost:3001/src/lib/util/stats.ts:89
[   41664ms] [LOG] [plausible] version {mermaidVersion: 11.14.0} @ http://localhost:3001/src/lib/util/stats.ts:89
[   41713ms] [LOG] Loading '' @ http://localhost:3001/src/lib/util/state.ts:192
[   41751ms] [LOG] Registration successful, scope is: http://localhost:3001/ @ http://localhost:3001/src/routes/+layout.svelte:42
[   41783ms] [LOG] [plausible] render {diagramType: flowchart-v2, isRough: false, lengthBucket: 0-10, renderTimeMsBucket: 25-50} @ http://localhost:3001/src/lib/util/stats.ts:89
[   42625ms] [LOG] [plausible] version {mermaidVersion: 11.14.0} @ http://localhost:3001/src/lib/util/stats.ts:89
[   42673ms] [LOG] Loading '' @ http://localhost:3001/src/lib/util/state.ts:192
[   42723ms] [LOG] Registration successful, scope is: http://localhost:3001/ @ http://localhost:3001/src/routes/+layout.svelte:42
[   42770ms] [LOG] [plausible] render {diagramType: flowchart-v2, isRough: false, lengthBucket: 0-10, renderTimeMsBucket: 50-100} @ http://localhost:3001/src/lib/util/stats.ts:89
[   43616ms] [LOG] [plausible] version {mermaidVersion: 11.14.0} @ http://localhost:3001/src/lib/util/stats.ts:89
[   43677ms] [LOG] Loading '' @ http://localhost:3001/src/lib/util/state.ts:192
[   43722ms] [LOG] Registration successful, scope is: http://localhost:3001/ @ http://localhost:3001/src/routes/+layout.svelte:42
[   43773ms] [LOG] [plausible] render {diagramType: flowchart-v2, isRough: false, lengthBucket: 0-10, renderTimeMsBucket: 50-100} @ http://localhost:3001/src/lib/util/stats.ts:89
[   44372ms] [LOG] [plausible] version {mermaidVersion: 11.14.0} @ http://localhost:3001/src/lib/util/stats.ts:89
[   44432ms] [LOG] Loading '' @ http://localhost:3001/src/lib/util/state.ts:192
[   44480ms] [LOG] Registration successful, scope is: http://localhost:3001/ @ http://localhost:3001/src/routes/+layout.svelte:42
[   44522ms] [LOG] [plausible] render {diagramType: flowchart-v2, isRough: false, lengthBucket: 0-10, renderTimeMsBucket: 50-100} @ http://localhost:3001/src/lib/util/stats.ts:89
[   45109ms] [LOG] [plausible] version {mermaidVersion: 11.14.0} @ http://localhost:3001/src/lib/util/stats.ts:89
[   45164ms] [LOG] Loading '' @ http://localhost:3001/src/lib/util/state.ts:192
[   45218ms] [LOG] Registration successful, scope is: http://localhost:3001/ @ http://localhost:3001/src/routes/+layout.svelte:42
[   45263ms] [LOG] [plausible] render {diagramType: flowchart-v2, isRough: false, lengthBucket: 0-10, renderTimeMsBucket: 50-100} @ http://localhost:3001/src/lib/util/stats.ts:89
[   45840ms] [LOG] [plausible] version {mermaidVersion: 11.14.0} @ http://localhost:3001/src/lib/util/stats.ts:89
[   45902ms] [LOG] Loading '' @ http://localhost:3001/src/lib/util/state.ts:192
[   45952ms] [LOG] Registration successful, scope is: http://localhost:3001/ @ http://localhost:3001/src/routes/+layout.svelte:42
[   45996ms] [LOG] [plausible] render {diagramType: flowchart-v2, isRough: false, lengthBucket: 0-10, renderTimeMsBucket: 50-100} @ http://localhost:3001/src/lib/util/stats.ts:89
[   46551ms] [LOG] [plausible] version {mermaidVersion: 11.14.0} @ http://localhost:3001/src/lib/util/stats.ts:89
[   46602ms] [LOG] Loading '' @ http://localhost:3001/src/lib/util/state.ts:192
[   46639ms] [LOG] Registration successful, scope is: http://localhost:3001/ @ http://localhost:3001/src/routes/+layout.svelte:42
[   46680ms] [LOG] [plausible] render {diagramType: flowchart-v2, isRough: false, lengthBucket: 0-10, renderTimeMsBucket: 50-100} @ http://localhost:3001/src/lib/util/stats.ts:89
[   47244ms] [LOG] [plausible] version {mermaidVersion: 11.14.0} @ http://localhost:3001/src/lib/util/stats.ts:89
[   47293ms] [LOG] Loading '' @ http://localhost:3001/src/lib/util/state.ts:192
[   47336ms] [LOG] Registration successful, scope is: http://localhost:3001/ @ http://localhost:3001/src/routes/+layout.svelte:42
[   47363ms] [LOG] [plausible] render {diagramType: flowchart-v2, isRough: false, lengthBucket: 0-10, renderTimeMsBucket: 50-100} @ http://localhost:3001/src/lib/util/stats.ts:89
[   47912ms] [LOG] [plausible] version {mermaidVersion: 11.14.0} @ http://localhost:3001/src/lib/util/stats.ts:89
[   47963ms] [LOG] Loading '' @ http://localhost:3001/src/lib/util/state.ts:192
[   48006ms] [LOG] Registration successful, scope is: http://localhost:3001/ @ http://localhost:3001/src/routes/+layout.svelte:42
[   48036ms] [LOG] [plausible] render {diagramType: flowchart-v2, isRough: false, lengthBucket: 0-10, renderTimeMsBucket: 50-100} @ http://localhost:3001/src/lib/util/stats.ts:89
[   48646ms] [LOG] [plausible] version {mermaidVersion: 11.14.0} @ http://localhost:3001/src/lib/util/stats.ts:89
[   48704ms] [LOG] Loading '' @ http://localhost:3001/src/lib/util/state.ts:192
[   48759ms] [LOG] Registration successful, scope is: http://localhost:3001/ @ http://localhost:3001/src/routes/+layout.svelte:42
[   48807ms] [LOG] [plausible] render {diagramType: flowchart-v2, isRough: false, lengthBucket: 0-10, renderTimeMsBucket: 50-100} @ http://localhost:3001/src/lib/util/stats.ts:89
[   49411ms] [LOG] [plausible] version {mermaidVersion: 11.14.0} @ http://localhost:3001/src/lib/util/stats.ts:89
[   49470ms] [LOG] Loading '' @ http://localhost:3001/src/lib/util/state.ts:192
[   49512ms] [LOG] Registration successful, scope is: http://localhost:3001/ @ http://localhost:3001/src/routes/+layout.svelte:42
[   49545ms] [LOG] [plausible] render {diagramType: flowchart-v2, isRough: false, lengthBucket: 0-10, renderTimeMsBucket: 50-100} @ http://localhost:3001/src/lib/util/stats.ts:89
[   50236ms] [LOG] [plausible] version {mermaidVersion: 11.14.0} @ http://localhost:3001/src/lib/util/stats.ts:89
[   50290ms] [LOG] Loading '' @ http://localhost:3001/src/lib/util/state.ts:192
[   50338ms] [LOG] Registration successful, scope is: http://localhost:3001/ @ http://localhost:3001/src/routes/+layout.svelte:42
[   50370ms] [LOG] [plausible] render {diagramType: flowchart-v2, isRough: false, lengthBucket: 0-10, renderTimeMsBucket: 50-100} @ http://localhost:3001/src/lib/util/stats.ts:89
[   50934ms] [LOG] [plausible] version {mermaidVersion: 11.14.0} @ http://localhost:3001/src/lib/util/stats.ts:89
[   50986ms] [LOG] Loading '' @ http://localhost:3001/src/lib/util/state.ts:192
[   51032ms] [LOG] Registration successful, scope is: http://localhost:3001/ @ http://localhost:3001/src/routes/+layout.svelte:42
[   51063ms] [LOG] [plausible] render {diagramType: flowchart-v2, isRough: false, lengthBucket: 0-10, renderTimeMsBucket: 50-100} @ http://localhost:3001/src/lib/util/stats.ts:89
[   51648ms] [LOG] [plausible] version {mermaidVersion: 11.14.0} @ http://localhost:3001/src/lib/util/stats.ts:89
[   51711ms] [LOG] Loading '' @ http://localhost:3001/src/lib/util/state.ts:192
[   51761ms] [LOG] Registration successful, scope is: http://localhost:3001/ @ http://localhost:3001/src/routes/+layout.svelte:42
[   51797ms] [LOG] [plausible] render {diagramType: flowchart-v2, isRough: false, lengthBucket: 0-10, renderTimeMsBucket: 50-100} @ http://localhost:3001/src/lib/util/stats.ts:89
[   52462ms] [LOG] [plausible] version {mermaidVersion: 11.14.0} @ http://localhost:3001/src/lib/util/stats.ts:89
[   52522ms] [LOG] Loading '' @ http://localhost:3001/src/lib/util/state.ts:192
[   52573ms] [LOG] Registration successful, scope is: http://localhost:3001/ @ http://localhost:3001/src/routes/+layout.svelte:42
[   52607ms] [LOG] [plausible] render {diagramType: flowchart-v2, isRough: false, lengthBucket: 0-10, renderTimeMsBucket: 50-100} @ http://localhost:3001/src/lib/util/stats.ts:89
[   53208ms] [LOG] [plausible] version {mermaidVersion: 11.14.0} @ http://localhost:3001/src/lib/util/stats.ts:89
[   53264ms] [LOG] Loading '' @ http://localhost:3001/src/lib/util/state.ts:192
[   53310ms] [LOG] Registration successful, scope is: http://localhost:3001/ @ http://localhost:3001/src/routes/+layout.svelte:42
[   53342ms] [LOG] [plausible] render {diagramType: flowchart-v2, isRough: false, lengthBucket: 0-10, renderTimeMsBucket: 50-100} @ http://localhost:3001/src/lib/util/stats.ts:89
[   53936ms] [LOG] [plausible] version {mermaidVersion: 11.14.0} @ http://localhost:3001/src/lib/util/stats.ts:89
[   54004ms] [LOG] Loading '' @ http://localhost:3001/src/lib/util/state.ts:192
[   54048ms] [LOG] Registration successful, scope is: http://localhost:3001/ @ http://localhost:3001/src/routes/+layout.svelte:42
[   54082ms] [LOG] [plausible] render {diagramType: flowchart-v2, isRough: false, lengthBucket: 0-10, renderTimeMsBucket: 50-100} @ http://localhost:3001/src/lib/util/stats.ts:89
[   54706ms] [LOG] [plausible] version {mermaidVersion: 11.14.0} @ http://localhost:3001/src/lib/util/stats.ts:89
[   54765ms] [LOG] Loading '' @ http://localhost:3001/src/lib/util/state.ts:192
[   54814ms] [LOG] Registration successful, scope is: http://localhost:3001/ @ http://localhost:3001/src/routes/+layout.svelte:42
[   54860ms] [LOG] [plausible] render {diagramType: flowchart-v2, isRough: false, lengthBucket: 0-10, renderTimeMsBucket: 50-100} @ http://localhost:3001/src/lib/util/stats.ts:89
[   55471ms] [LOG] [plausible] version {mermaidVersion: 11.14.0} @ http://localhost:3001/src/lib/util/stats.ts:89
[   55543ms] [LOG] Loading '' @ http://localhost:3001/src/lib/util/state.ts:192
[   55595ms] [LOG] Registration successful, scope is: http://localhost:3001/ @ http://localhost:3001/src/routes/+layout.svelte:42
[   55626ms] [LOG] [plausible] render {diagramType: flowchart-v2, isRough: false, lengthBucket: 0-10, renderTimeMsBucket: 50-100} @ http://localhost:3001/src/lib/util/stats.ts:89
[   56208ms] [LOG] [plausible] version {mermaidVersion: 11.14.0} @ http://localhost:3001/src/lib/util/stats.ts:89
[   56268ms] [LOG] Loading '' @ http://localhost:3001/src/lib/util/state.ts:192
[   56323ms] [LOG] Registration successful, scope is: http://localhost:3001/ @ http://localhost:3001/src/routes/+layout.svelte:42
[   56374ms] [LOG] [plausible] render {diagramType: flowchart-v2, isRough: false, lengthBucket: 0-10, renderTimeMsBucket: 50-100} @ http://localhost:3001/src/lib/util/stats.ts:89
[   56954ms] [LOG] [plausible] version {mermaidVersion: 11.14.0} @ http://localhost:3001/src/lib/util/stats.ts:89
[   57006ms] [LOG] Loading '' @ http://localhost:3001/src/lib/util/state.ts:192
[   57049ms] [LOG] Registration successful, scope is: http://localhost:3001/ @ http://localhost:3001/src/routes/+layout.svelte:42
[   57079ms] [LOG] [plausible] render {diagramType: flowchart-v2, isRough: false, lengthBucket: 0-10, renderTimeMsBucket: 50-100} @ http://localhost:3001/src/lib/util/stats.ts:89
[   57703ms] [LOG] [plausible] version {mermaidVersion: 11.14.0} @ http://localhost:3001/src/lib/util/stats.ts:89
[   57750ms] [LOG] Loading '' @ http://localhost:3001/src/lib/util/state.ts:192
[   57790ms] [LOG] Registration successful, scope is: http://localhost:3001/ @ http://localhost:3001/src/routes/+layout.svelte:42
[   57824ms] [LOG] [plausible] render {diagramType: flowchart-v2, isRough: false, lengthBucket: 0-10, renderTimeMsBucket: 50-100} @ http://localhost:3001/src/lib/util/stats.ts:89
[   58420ms] [LOG] [plausible] version {mermaidVersion: 11.14.0} @ http://localhost:3001/src/lib/util/stats.ts:89
[   58484ms] [LOG] Loading '' @ http://localhost:3001/src/lib/util/state.ts:192
[   58530ms] [LOG] Registration successful, scope is: http://localhost:3001/ @ http://localhost:3001/src/routes/+layout.svelte:42
[   58564ms] [LOG] [plausible] render {diagramType: flowchart-v2, isRough: false, lengthBucket: 0-10, renderTimeMsBucket: 50-100} @ http://localhost:3001/src/lib/util/stats.ts:89
[   59141ms] [LOG] [plausible] version {mermaidVersion: 11.14.0} @ http://localhost:3001/src/lib/util/stats.ts:89
[   59194ms] [LOG] Loading '' @ http://localhost:3001/src/lib/util/state.ts:192
[   59244ms] [LOG] Registration successful, scope is: http://localhost:3001/ @ http://localhost:3001/src/routes/+layout.svelte:42
[   59279ms] [LOG] [plausible] render {diagramType: flowchart-v2, isRough: false, lengthBucket: 0-10, renderTimeMsBucket: 50-100} @ http://localhost:3001/src/lib/util/stats.ts:89
[   59880ms] [LOG] [plausible] version {mermaidVersion: 11.14.0} @ http://localhost:3001/src/lib/util/stats.ts:89
[   59940ms] [LOG] Loading '' @ http://localhost:3001/src/lib/util/state.ts:192
[   59984ms] [LOG] Registration successful, scope is: http://localhost:3001/ @ http://localhost:3001/src/routes/+layout.svelte:42
[   60023ms] [LOG] [plausible] render {diagramType: flowchart-v2, isRough: false, lengthBucket: 0-10, renderTimeMsBucket: 50-100} @ http://localhost:3001/src/lib/util/stats.ts:89
[   60614ms] [LOG] [plausible] version {mermaidVersion: 11.14.0} @ http://localhost:3001/src/lib/util/stats.ts:89
[   60670ms] [LOG] Loading '' @ http://localhost:3001/src/lib/util/state.ts:192
[   60726ms] [LOG] Registration successful, scope is: http://localhost:3001/ @ http://localhost:3001/src/routes/+layout.svelte:42
[   60759ms] [LOG] [plausible] render {diagramType: flowchart-v2, isRough: false, lengthBucket: 0-10, renderTimeMsBucket: 50-100} @ http://localhost:3001/src/lib/util/stats.ts:89
[   61302ms] [LOG] [plausible] version {mermaidVersion: 11.14.0} @ http://localhost:3001/src/lib/util/stats.ts:89
[   61368ms] [LOG] Loading '' @ http://localhost:3001/src/lib/util/state.ts:192
[   61415ms] [LOG] Registration successful, scope is: http://localhost:3001/ @ http://localhost:3001/src/routes/+layout.svelte:42
[   61455ms] [LOG] [plausible] render {diagramType: flowchart-v2, isRough: false, lengthBucket: 0-10, renderTimeMsBucket: 50-100} @ http://localhost:3001/src/lib/util/stats.ts:89
[   62052ms] [LOG] [plausible] version {mermaidVersion: 11.14.0} @ http://localhost:3001/src/lib/util/stats.ts:89
[   62104ms] [LOG] Loading '' @ http://localhost:3001/src/lib/util/state.ts:192
[   62144ms] [LOG] Registration successful, scope is: http://localhost:3001/ @ http://localhost:3001/src/routes/+layout.svelte:42
[   62175ms] [LOG] [plausible] render {diagramType: flowchart-v2, isRough: false, lengthBucket: 0-10, renderTimeMsBucket: 50-100} @ http://localhost:3001/src/lib/util/stats.ts:89
[   63180ms] [LOG] [plausible] version {mermaidVersion: 11.14.0} @ http://localhost:3001/src/lib/util/stats.ts:89
[   63229ms] [LOG] Loading '' @ http://localhost:3001/src/lib/util/state.ts:192
[   63275ms] [LOG] Registration successful, scope is: http://localhost:3001/ @ http://localhost:3001/src/routes/+layout.svelte:42
[   63325ms] [LOG] [plausible] render {diagramType: flowchart-v2, isRough: false, lengthBucket: 0-10, renderTimeMsBucket: 50-100} @ http://localhost:3001/src/lib/util/stats.ts:89
[   63920ms] [LOG] [plausible] version {mermaidVersion: 11.14.0} @ http://localhost:3001/src/lib/util/stats.ts:89
[   63968ms] [LOG] Loading '' @ http://localhost:3001/src/lib/util/state.ts:192
[   64005ms] [LOG] Registration successful, scope is: http://localhost:3001/ @ http://localhost:3001/src/routes/+layout.svelte:42
[   64035ms] [LOG] [plausible] render {diagramType: flowchart-v2, isRough: false, lengthBucket: 0-10, renderTimeMsBucket: 50-100} @ http://localhost:3001/src/lib/util/stats.ts:89
[   64606ms] [LOG] [plausible] version {mermaidVersion: 11.14.0} @ http://localhost:3001/src/lib/util/stats.ts:89
[   64652ms] [LOG] Loading '' @ http://localhost:3001/src/lib/util/state.ts:192
[   64688ms] [LOG] Registration successful, scope is: http://localhost:3001/ @ http://localhost:3001/src/routes/+layout.svelte:42
[   64714ms] [LOG] [plausible] render {diagramType: flowchart-v2, isRough: false, lengthBucket: 0-10, renderTimeMsBucket: 25-50} @ http://localhost:3001/src/lib/util/stats.ts:89
[   65316ms] [LOG] [plausible] version {mermaidVersion: 11.14.0} @ http://localhost:3001/src/lib/util/stats.ts:89
[   65369ms] [LOG] Loading '' @ http://localhost:3001/src/lib/util/state.ts:192
[   65422ms] [LOG] Registration successful, scope is: http://localhost:3001/ @ http://localhost:3001/src/routes/+layout.svelte:42
[   65461ms] [LOG] [plausible] render {diagramType: flowchart-v2, isRough: false, lengthBucket: 0-10, renderTimeMsBucket: 50-100} @ http://localhost:3001/src/lib/util/stats.ts:89
[   66046ms] [LOG] [plausible] version {mermaidVersion: 11.14.0} @ http://localhost:3001/src/lib/util/stats.ts:89
[   66101ms] [LOG] Loading '' @ http://localhost:3001/src/lib/util/state.ts:192
[   66147ms] [LOG] Registration successful, scope is: http://localhost:3001/ @ http://localhost:3001/src/routes/+layout.svelte:42
[   66179ms] [LOG] [plausible] render {diagramType: flowchart-v2, isRough: false, lengthBucket: 0-10, renderTimeMsBucket: 50-100} @ http://localhost:3001/src/lib/util/stats.ts:89
[   66797ms] [LOG] [plausible] version {mermaidVersion: 11.14.0} @ http://localhost:3001/src/lib/util/stats.ts:89
[   66857ms] [LOG] Loading '' @ http://localhost:3001/src/lib/util/state.ts:192
[   66916ms] [LOG] Registration successful, scope is: http://localhost:3001/ @ http://localhost:3001/src/routes/+layout.svelte:42
[   66958ms] [LOG] [plausible] render {diagramType: flowchart-v2, isRough: false, lengthBucket: 0-10, renderTimeMsBucket: 50-100} @ http://localhost:3001/src/lib/util/stats.ts:89
[   67513ms] [LOG] [plausible] version {mermaidVersion: 11.14.0} @ http://localhost:3001/src/lib/util/stats.ts:89
[   67571ms] [LOG] Loading '' @ http://localhost:3001/src/lib/util/state.ts:192
[   67611ms] [LOG] Registration successful, scope is: http://localhost:3001/ @ http://localhost:3001/src/routes/+layout.svelte:42
[   67641ms] [LOG] [plausible] render {diagramType: flowchart-v2, isRough: false, lengthBucket: 0-10, renderTimeMsBucket: 50-100} @ http://localhost:3001/src/lib/util/stats.ts:89
[   68213ms] [LOG] [plausible] version {mermaidVersion: 11.14.0} @ http://localhost:3001/src/lib/util/stats.ts:89
[   68273ms] [LOG] Loading '' @ http://localhost:3001/src/lib/util/state.ts:192
[   68320ms] [LOG] Registration successful, scope is: http://localhost:3001/ @ http://localhost:3001/src/routes/+layout.svelte:42
[   68352ms] [LOG] [plausible] render {diagramType: flowchart-v2, isRough: false, lengthBucket: 0-10, renderTimeMsBucket: 50-100} @ http://localhost:3001/src/lib/util/stats.ts:89
[   68914ms] [LOG] [plausible] version {mermaidVersion: 11.14.0} @ http://localhost:3001/src/lib/util/stats.ts:89
[   68973ms] [LOG] Loading '' @ http://localhost:3001/src/lib/util/state.ts:192
[   69025ms] [LOG] Registration successful, scope is: http://localhost:3001/ @ http://localhost:3001/src/routes/+layout.svelte:42
[   69061ms] [LOG] [plausible] render {diagramType: flowchart-v2, isRough: false, lengthBucket: 0-10, renderTimeMsBucket: 50-100} @ http://localhost:3001/src/lib/util/stats.ts:89
[   69614ms] [LOG] [plausible] version {mermaidVersion: 11.14.0} @ http://localhost:3001/src/lib/util/stats.ts:89
[   69662ms] [LOG] Loading '' @ http://localhost:3001/src/lib/util/state.ts:192
[   69701ms] [LOG] Registration successful, scope is: http://localhost:3001/ @ http://localhost:3001/src/routes/+layout.svelte:42
[   69728ms] [LOG] [plausible] render {diagramType: flowchart-v2, isRough: false, lengthBucket: 0-10, renderTimeMsBucket: 25-50} @ http://localhost:3001/src/lib/util/stats.ts:89
[   70311ms] [LOG] [plausible] version {mermaidVersion: 11.14.0} @ http://localhost:3001/src/lib/util/stats.ts:89
[   70361ms] [LOG] Loading '' @ http://localhost:3001/src/lib/util/state.ts:192
[   70401ms] [LOG] Registration successful, scope is: http://localhost:3001/ @ http://localhost:3001/src/routes/+layout.svelte:42
[   70432ms] [LOG] [plausible] render {diagramType: flowchart-v2, isRough: false, lengthBucket: 0-10, renderTimeMsBucket: 50-100} @ http://localhost:3001/src/lib/util/stats.ts:89
[   71045ms] [LOG] [plausible] version {mermaidVersion: 11.14.0} @ http://localhost:3001/src/lib/util/stats.ts:89
[   71092ms] [LOG] Loading '' @ http://localhost:3001/src/lib/util/state.ts:192
[   71131ms] [LOG] Registration successful, scope is: http://localhost:3001/ @ http://localhost:3001/src/routes/+layout.svelte:42
[   71165ms] [LOG] [plausible] render {diagramType: flowchart-v2, isRough: false, lengthBucket: 0-10, renderTimeMsBucket: 50-100} @ http://localhost:3001/src/lib/util/stats.ts:89
[   71045ms] [LOG] [plausible] version Object @ http://localhost:3001/src/lib/util/stats.ts:89
[   71092ms] [LOG] Loading '' @ http://localhost:3001/src/lib/util/state.ts:192
[   71131ms] [LOG] Registration successful, scope is: http://localhost:3001/ @ http://localhost:3001/src/routes/+layout.svelte:42
[   71165ms] [LOG] [plausible] render Object @ http://localhost:3001/src/lib/util/stats.ts:89
[   72530ms] [LOG] [plausible] version {mermaidVersion: 11.14.0} @ http://localhost:3001/src/lib/util/stats.ts:89
[   72592ms] [LOG] Loading '' @ http://localhost:3001/src/lib/util/state.ts:192
[   72639ms] [LOG] Registration successful, scope is: http://localhost:3001/ @ http://localhost:3001/src/routes/+layout.svelte:42
[   73679ms] [LOG] [plausible] version {mermaidVersion: 11.14.0} @ http://localhost:3001/src/lib/util/stats.ts:89
[   73742ms] [LOG] Loading '' @ http://localhost:3001/src/lib/util/state.ts:192
[   73795ms] [LOG] Registration successful, scope is: http://localhost:3001/ @ http://localhost:3001/src/routes/+layout.svelte:42
[   73836ms] [LOG] [plausible] render {diagramType: flowchart-v2, isRough: false, lengthBucket: 0-10, renderTimeMsBucket: 50-100} @ http://localhost:3001/src/lib/util/stats.ts:89
[   74457ms] [LOG] [plausible] version {mermaidVersion: 11.14.0} @ http://localhost:3001/src/lib/util/stats.ts:89
[   74506ms] [LOG] Loading '' @ http://localhost:3001/src/lib/util/state.ts:192
[   74559ms] [LOG] Registration successful, scope is: http://localhost:3001/ @ http://localhost:3001/src/routes/+layout.svelte:42
[   74596ms] [LOG] [plausible] render {diagramType: flowchart-v2, isRough: false, lengthBucket: 0-10, renderTimeMsBucket: 50-100} @ http://localhost:3001/src/lib/util/stats.ts:89
[   75163ms] [LOG] [plausible] version {mermaidVersion: 11.14.0} @ http://localhost:3001/src/lib/util/stats.ts:89
[   75221ms] [LOG] Loading '' @ http://localhost:3001/src/lib/util/state.ts:192
[   75272ms] [LOG] Registration successful, scope is: http://localhost:3001/ @ http://localhost:3001/src/routes/+layout.svelte:42
[   75307ms] [LOG] [plausible] render {diagramType: flowchart-v2, isRough: false, lengthBucket: 0-10, renderTimeMsBucket: 50-100} @ http://localhost:3001/src/lib/util/stats.ts:89
[   75885ms] [LOG] [plausible] version {mermaidVersion: 11.14.0} @ http://localhost:3001/src/lib/util/stats.ts:89
[   75943ms] [LOG] Loading '' @ http://localhost:3001/src/lib/util/state.ts:192
[   75994ms] [LOG] Registration successful, scope is: http://localhost:3001/ @ http://localhost:3001/src/routes/+layout.svelte:42
[   76033ms] [LOG] [plausible] render {diagramType: flowchart-v2, isRough: false, lengthBucket: 0-10, renderTimeMsBucket: 50-100} @ http://localhost:3001/src/lib/util/stats.ts:89
[   76609ms] [LOG] [plausible] version {mermaidVersion: 11.14.0} @ http://localhost:3001/src/lib/util/stats.ts:89
[   76658ms] [LOG] Loading '' @ http://localhost:3001/src/lib/util/state.ts:192
[   76701ms] [LOG] Registration successful, scope is: http://localhost:3001/ @ http://localhost:3001/src/routes/+layout.svelte:42
[   76734ms] [LOG] [plausible] render {diagramType: flowchart-v2, isRough: false, lengthBucket: 0-10, renderTimeMsBucket: 50-100} @ http://localhost:3001/src/lib/util/stats.ts:89
[   77310ms] [LOG] [plausible] version {mermaidVersion: 11.14.0} @ http://localhost:3001/src/lib/util/stats.ts:89
[   77375ms] [LOG] Loading '' @ http://localhost:3001/src/lib/util/state.ts:192
[   77423ms] [LOG] Registration successful, scope is: http://localhost:3001/ @ http://localhost:3001/src/routes/+layout.svelte:42
[   77454ms] [LOG] [plausible] render {diagramType: flowchart-v2, isRough: false, lengthBucket: 0-10, renderTimeMsBucket: 50-100} @ http://localhost:3001/src/lib/util/stats.ts:89
[   78027ms] [LOG] [plausible] version {mermaidVersion: 11.14.0} @ http://localhost:3001/src/lib/util/stats.ts:89
[   78078ms] [LOG] Loading '' @ http://localhost:3001/src/lib/util/state.ts:192
[   78131ms] [LOG] Registration successful, scope is: http://localhost:3001/ @ http://localhost:3001/src/routes/+layout.svelte:42
[   78165ms] [LOG] [plausible] render {diagramType: flowchart-v2, isRough: false, lengthBucket: 0-10, renderTimeMsBucket: 50-100} @ http://localhost:3001/src/lib/util/stats.ts:89
[   78760ms] [LOG] [plausible] version {mermaidVersion: 11.14.0} @ http://localhost:3001/src/lib/util/stats.ts:89
[   78834ms] [LOG] Loading '' @ http://localhost:3001/src/lib/util/state.ts:192
[   78894ms] [LOG] Registration successful, scope is: http://localhost:3001/ @ http://localhost:3001/src/routes/+layout.svelte:42
[   78956ms] [LOG] [plausible] render {diagramType: flowchart-v2, isRough: false, lengthBucket: 0-10, renderTimeMsBucket: 50-100} @ http://localhost:3001/src/lib/util/stats.ts:89
[   79625ms] [LOG] [plausible] version {mermaidVersion: 11.14.0} @ http://localhost:3001/src/lib/util/stats.ts:89
[   79691ms] [LOG] Loading '' @ http://localhost:3001/src/lib/util/state.ts:192
[   79748ms] [LOG] Registration successful, scope is: http://localhost:3001/ @ http://localhost:3001/src/routes/+layout.svelte:42
[   79790ms] [LOG] [plausible] render {diagramType: flowchart-v2, isRough: false, lengthBucket: 0-10, renderTimeMsBucket: 50-100} @ http://localhost:3001/src/lib/util/stats.ts:89
[   80353ms] [LOG] [plausible] version {mermaidVersion: 11.14.0} @ http://localhost:3001/src/lib/util/stats.ts:89
[   80413ms] [LOG] Loading '' @ http://localhost:3001/src/lib/util/state.ts:192
[   80471ms] [LOG] Registration successful, scope is: http://localhost:3001/ @ http://localhost:3001/src/routes/+layout.svelte:42
[   80510ms] [LOG] [plausible] render {diagramType: flowchart-v2, isRough: false, lengthBucket: 0-10, renderTimeMsBucket: 50-100} @ http://localhost:3001/src/lib/util/stats.ts:89
[   81151ms] [LOG] [plausible] version {mermaidVersion: 11.14.0} @ http://localhost:3001/src/lib/util/stats.ts:89
[   81218ms] [LOG] Loading '' @ http://localhost:3001/src/lib/util/state.ts:192
[   81261ms] [LOG] Registration successful, scope is: http://localhost:3001/ @ http://localhost:3001/src/routes/+layout.svelte:42
[   81324ms] [LOG] [plausible] render {diagramType: flowchart-v2, isRough: false, lengthBucket: 0-10, renderTimeMsBucket: 50-100} @ http://localhost:3001/src/lib/util/stats.ts:89
[   81937ms] [LOG] [plausible] version {mermaidVersion: 11.14.0} @ http://localhost:3001/src/lib/util/stats.ts:89
[   81997ms] [LOG] Loading '' @ http://localhost:3001/src/lib/util/state.ts:192
[   82050ms] [LOG] Registration successful, scope is: http://localhost:3001/ @ http://localhost:3001/src/routes/+layout.svelte:42
[   82092ms] [LOG] [plausible] render {diagramType: flowchart-v2, isRough: false, lengthBucket: 0-10, renderTimeMsBucket: 50-100} @ http://localhost:3001/src/lib/util/stats.ts:89
[   82675ms] [LOG] [plausible] version {mermaidVersion: 11.14.0} @ http://localhost:3001/src/lib/util/stats.ts:89
[   82738ms] [LOG] Loading '' @ http://localhost:3001/src/lib/util/state.ts:192
[   82781ms] [LOG] Registration successful, scope is: http://localhost:3001/ @ http://localhost:3001/src/routes/+layout.svelte:42
[   82821ms] [LOG] [plausible] render {diagramType: flowchart-v2, isRough: false, lengthBucket: 0-10, renderTimeMsBucket: 50-100} @ http://localhost:3001/src/lib/util/stats.ts:89
[   83408ms] [LOG] [plausible] version {mermaidVersion: 11.14.0} @ http://localhost:3001/src/lib/util/stats.ts:89
[   83458ms] [LOG] Loading '' @ http://localhost:3001/src/lib/util/state.ts:192
[   83510ms] [LOG] Registration successful, scope is: http://localhost:3001/ @ http://localhost:3001/src/routes/+layout.svelte:42
[   83547ms] [LOG] [plausible] render {diagramType: flowchart-v2, isRough: false, lengthBucket: 0-10, renderTimeMsBucket: 50-100} @ http://localhost:3001/src/lib/util/stats.ts:89
[   84131ms] [LOG] [plausible] version {mermaidVersion: 11.14.0} @ http://localhost:3001/src/lib/util/stats.ts:89
[   84187ms] [LOG] Loading '' @ http://localhost:3001/src/lib/util/state.ts:192
[   84241ms] [LOG] Registration successful, scope is: http://localhost:3001/ @ http://localhost:3001/src/routes/+layout.svelte:42
[   84285ms] [LOG] [plausible] render {diagramType: flowchart-v2, isRough: false, lengthBucket: 0-10, renderTimeMsBucket: 50-100} @ http://localhost:3001/src/lib/util/stats.ts:89
[   84880ms] [LOG] [plausible] version {mermaidVersion: 11.14.0} @ http://localhost:3001/src/lib/util/stats.ts:89
[   84939ms] [LOG] Loading '' @ http://localhost:3001/src/lib/util/state.ts:192
[   84996ms] [LOG] Registration successful, scope is: http://localhost:3001/ @ http://localhost:3001/src/routes/+layout.svelte:42
[   85040ms] [LOG] [plausible] render {diagramType: flowchart-v2, isRough: false, lengthBucket: 0-10, renderTimeMsBucket: 50-100} @ http://localhost:3001/src/lib/util/stats.ts:89
[   85673ms] [LOG] [plausible] version {mermaidVersion: 11.14.0} @ http://localhost:3001/src/lib/util/stats.ts:89
[   85741ms] [LOG] Loading '' @ http://localhost:3001/src/lib/util/state.ts:192
[   85792ms] [LOG] Registration successful, scope is: http://localhost:3001/ @ http://localhost:3001/src/routes/+layout.svelte:42
[   85841ms] [LOG] [plausible] render {diagramType: flowchart-v2, isRough: false, lengthBucket: 0-10, renderTimeMsBucket: 50-100} @ http://localhost:3001/src/lib/util/stats.ts:89
[   86455ms] [LOG] [plausible] version {mermaidVersion: 11.14.0} @ http://localhost:3001/src/lib/util/stats.ts:89
[   86521ms] [LOG] Loading '' @ http://localhost:3001/src/lib/util/state.ts:192
[   86575ms] [LOG] Registration successful, scope is: http://localhost:3001/ @ http://localhost:3001/src/routes/+layout.svelte:42
[   86633ms] [LOG] [plausible] render {diagramType: flowchart-v2, isRough: false, lengthBucket: 0-10, renderTimeMsBucket: 50-100} @ http://localhost:3001/src/lib/util/stats.ts:89
[   87212ms] [LOG] [plausible] version {mermaidVersion: 11.14.0} @ http://localhost:3001/src/lib/util/stats.ts:89
[   87269ms] [LOG] Loading '' @ http://localhost:3001/src/lib/util/state.ts:192
[   87312ms] [LOG] Registration successful, scope is: http://localhost:3001/ @ http://localhost:3001/src/routes/+layout.svelte:42
[   87347ms] [LOG] [plausible] render {diagramType: flowchart-v2, isRough: false, lengthBucket: 0-10, renderTimeMsBucket: 50-100} @ http://localhost:3001/src/lib/util/stats.ts:89
[   87952ms] [LOG] [plausible] version {mermaidVersion: 11.14.0} @ http://localhost:3001/src/lib/util/stats.ts:89
[   88010ms] [LOG] Loading '' @ http://localhost:3001/src/lib/util/state.ts:192
[   88063ms] [LOG] Registration successful, scope is: http://localhost:3001/ @ http://localhost:3001/src/routes/+layout.svelte:42
[   88094ms] [LOG] [plausible] render {diagramType: flowchart-v2, isRough: false, lengthBucket: 0-10, renderTimeMsBucket: 50-100} @ http://localhost:3001/src/lib/util/stats.ts:89
[   88642ms] [LOG] [plausible] version {mermaidVersion: 11.14.0} @ http://localhost:3001/src/lib/util/stats.ts:89
[   88691ms] [LOG] Loading '' @ http://localhost:3001/src/lib/util/state.ts:192
[   88732ms] [LOG] Registration successful, scope is: http://localhost:3001/ @ http://localhost:3001/src/routes/+layout.svelte:42
[   88763ms] [LOG] [plausible] render {diagramType: flowchart-v2, isRough: false, lengthBucket: 0-10, renderTimeMsBucket: 25-50} @ http://localhost:3001/src/lib/util/stats.ts:89
[   89310ms] [LOG] [plausible] version {mermaidVersion: 11.14.0} @ http://localhost:3001/src/lib/util/stats.ts:89
[   89357ms] [LOG] Loading '' @ http://localhost:3001/src/lib/util/state.ts:192
[   89393ms] [LOG] Registration successful, scope is: http://localhost:3001/ @ http://localhost:3001/src/routes/+layout.svelte:42
[   89420ms] [LOG] [plausible] render {diagramType: flowchart-v2, isRough: false, lengthBucket: 0-10, renderTimeMsBucket: 25-50} @ http://localhost:3001/src/lib/util/stats.ts:89
[   89951ms] [LOG] [plausible] version {mermaidVersion: 11.14.0} @ http://localhost:3001/src/lib/util/stats.ts:89
[   89993ms] [LOG] Loading '' @ http://localhost:3001/src/lib/util/state.ts:192
[   90031ms] [LOG] Registration successful, scope is: http://localhost:3001/ @ http://localhost:3001/src/routes/+layout.svelte:42
[   90058ms] [LOG] [plausible] render {diagramType: flowchart-v2, isRough: false, lengthBucket: 0-10, renderTimeMsBucket: 25-50} @ http://localhost:3001/src/lib/util/stats.ts:89
[   90991ms] [LOG] [plausible] version {mermaidVersion: 11.14.0} @ http://localhost:3001/src/lib/util/stats.ts:89
[   91037ms] [LOG] Loading '' @ http://localhost:3001/src/lib/util/state.ts:192
[   91076ms] [LOG] Registration successful, scope is: http://localhost:3001/ @ http://localhost:3001/src/routes/+layout.svelte:42
[   91112ms] [LOG] [plausible] render {diagramType: flowchart-v2, isRough: false, lengthBucket: 0-10, renderTimeMsBucket: 50-100} @ http://localhost:3001/src/lib/util/stats.ts:89
[   91655ms] [LOG] [plausible] version {mermaidVersion: 11.14.0} @ http://localhost:3001/src/lib/util/stats.ts:89
[   91711ms] [LOG] Loading '' @ http://localhost:3001/src/lib/util/state.ts:192
[   91755ms] [LOG] Registration successful, scope is: http://localhost:3001/ @ http://localhost:3001/src/routes/+layout.svelte:42
[   91783ms] [LOG] [plausible] render {diagramType: flowchart-v2, isRough: false, lengthBucket: 0-10, renderTimeMsBucket: 50-100} @ http://localhost:3001/src/lib/util/stats.ts:89
[   92345ms] [LOG] [plausible] version {mermaidVersion: 11.14.0} @ http://localhost:3001/src/lib/util/stats.ts:89
[   92400ms] [LOG] Loading '' @ http://localhost:3001/src/lib/util/state.ts:192
[   92456ms] [LOG] Registration successful, scope is: http://localhost:3001/ @ http://localhost:3001/src/routes/+layout.svelte:42
[   92505ms] [LOG] [plausible] render {diagramType: flowchart-v2, isRough: false, lengthBucket: 0-10, renderTimeMsBucket: 50-100} @ http://localhost:3001/src/lib/util/stats.ts:89
[   93498ms] [LOG] [plausible] version {mermaidVersion: 11.14.0} @ http://localhost:3001/src/lib/util/stats.ts:89
[   93543ms] [LOG] Loading '' @ http://localhost:3001/src/lib/util/state.ts:192
[   93582ms] [LOG] Registration successful, scope is: http://localhost:3001/ @ http://localhost:3001/src/routes/+layout.svelte:42
[   93610ms] [LOG] [plausible] render {diagramType: flowchart-v2, isRough: false, lengthBucket: 0-10, renderTimeMsBucket: 50-100} @ http://localhost:3001/src/lib/util/stats.ts:89
[   94939ms] [LOG] [plausible] version {mermaidVersion: 11.14.0} @ http://localhost:3001/src/lib/util/stats.ts:89
[   94994ms] [LOG] Loading '' @ http://localhost:3001/src/lib/util/state.ts:192
[   95064ms] [LOG] Registration successful, scope is: http://localhost:3001/ @ http://localhost:3001/src/routes/+layout.svelte:42
[   95158ms] [LOG] [plausible] render {diagramType: flowchart-v2, isRough: false, lengthBucket: 0-10, renderTimeMsBucket: 100-200} @ http://localhost:3001/src/lib/util/stats.ts:89
[   95900ms] [LOG] [plausible] version {mermaidVersion: 11.14.0} @ http://localhost:3001/src/lib/util/stats.ts:89
[   95962ms] [LOG] Loading '' @ http://localhost:3001/src/lib/util/state.ts:192
[   96000ms] [LOG] Registration successful, scope is: http://localhost:3001/ @ http://localhost:3001/src/routes/+layout.svelte:42
[   96059ms] [LOG] [plausible] render {diagramType: flowchart-v2, isRough: false, lengthBucket: 0-10, renderTimeMsBucket: 50-100} @ http://localhost:3001/src/lib/util/stats.ts:89
[   96643ms] [LOG] [plausible] version {mermaidVersion: 11.14.0} @ http://localhost:3001/src/lib/util/stats.ts:89
[   96695ms] [LOG] Loading '' @ http://localhost:3001/src/lib/util/state.ts:192
[   96732ms] [LOG] Registration successful, scope is: http://localhost:3001/ @ http://localhost:3001/src/routes/+layout.svelte:42
[   96765ms] [LOG] [plausible] render {diagramType: flowchart-v2, isRough: false, lengthBucket: 0-10, renderTimeMsBucket: 50-100} @ http://localhost:3001/src/lib/util/stats.ts:89
[   97324ms] [LOG] [plausible] version {mermaidVersion: 11.14.0} @ http://localhost:3001/src/lib/util/stats.ts:89
[   97368ms] [LOG] Loading '' @ http://localhost:3001/src/lib/util/state.ts:192
[   97406ms] [LOG] Registration successful, scope is: http://localhost:3001/ @ http://localhost:3001/src/routes/+layout.svelte:42
[   97433ms] [LOG] [plausible] render {diagramType: flowchart-v2, isRough: false, lengthBucket: 0-10, renderTimeMsBucket: 25-50} @ http://localhost:3001/src/lib/util/stats.ts:89
[   97983ms] [LOG] [plausible] version {mermaidVersion: 11.14.0} @ http://localhost:3001/src/lib/util/stats.ts:89
[   98045ms] [LOG] Loading '' @ http://localhost:3001/src/lib/util/state.ts:192
[   98093ms] [LOG] Registration successful, scope is: http://localhost:3001/ @ http://localhost:3001/src/routes/+layout.svelte:42
[   98123ms] [LOG] [plausible] render {diagramType: flowchart-v2, isRough: false, lengthBucket: 0-10, renderTimeMsBucket: 50-100} @ http://localhost:3001/src/lib/util/stats.ts:89
[   98687ms] [LOG] [plausible] version {mermaidVersion: 11.14.0} @ http://localhost:3001/src/lib/util/stats.ts:89
[   98738ms] [LOG] Loading '' @ http://localhost:3001/src/lib/util/state.ts:192
[   98775ms] [LOG] Registration successful, scope is: http://localhost:3001/ @ http://localhost:3001/src/routes/+layout.svelte:42
[   98802ms] [LOG] [plausible] render {diagramType: flowchart-v2, isRough: false, lengthBucket: 0-10, renderTimeMsBucket: 25-50} @ http://localhost:3001/src/lib/util/stats.ts:89
[   99344ms] [LOG] [plausible] version {mermaidVersion: 11.14.0} @ http://localhost:3001/src/lib/util/stats.ts:89
[   99389ms] [LOG] Loading '' @ http://localhost:3001/src/lib/util/state.ts:192
[   99426ms] [LOG] Registration successful, scope is: http://localhost:3001/ @ http://localhost:3001/src/routes/+layout.svelte:42
[   99453ms] [LOG] [plausible] render {diagramType: flowchart-v2, isRough: false, lengthBucket: 0-10, renderTimeMsBucket: 25-50} @ http://localhost:3001/src/lib/util/stats.ts:89
[   99984ms] [LOG] [plausible] version {mermaidVersion: 11.14.0} @ http://localhost:3001/src/lib/util/stats.ts:89
[  100032ms] [LOG] Loading '' @ http://localhost:3001/src/lib/util/state.ts:192
[  100068ms] [LOG] Registration successful, scope is: http://localhost:3001/ @ http://localhost:3001/src/routes/+layout.svelte:42
[  100103ms] [LOG] [plausible] render {diagramType: flowchart-v2, isRough: false, lengthBucket: 0-10, renderTimeMsBucket: 50-100} @ http://localhost:3001/src/lib/util/stats.ts:89
[  100670ms] [LOG] [plausible] version {mermaidVersion: 11.14.0} @ http://localhost:3001/src/lib/util/stats.ts:89
[  100741ms] [LOG] Loading '' @ http://localhost:3001/src/lib/util/state.ts:192
[  100800ms] [LOG] Registration successful, scope is: http://localhost:3001/ @ http://localhost:3001/src/routes/+layout.svelte:42
[  100841ms] [LOG] [plausible] render {diagramType: flowchart-v2, isRough: false, lengthBucket: 0-10, renderTimeMsBucket: 50-100} @ http://localhost:3001/src/lib/util/stats.ts:89
[  101399ms] [LOG] [plausible] version {mermaidVersion: 11.14.0} @ http://localhost:3001/src/lib/util/stats.ts:89
[  101467ms] [LOG] Loading '' @ http://localhost:3001/src/lib/util/state.ts:192
[  101518ms] [LOG] Registration successful, scope is: http://localhost:3001/ @ http://localhost:3001/src/routes/+layout.svelte:42
[  101564ms] [LOG] [plausible] render {diagramType: flowchart-v2, isRough: false, lengthBucket: 0-10, renderTimeMsBucket: 50-100} @ http://localhost:3001/src/lib/util/stats.ts:89
[  102187ms] [LOG] [plausible] version {mermaidVersion: 11.14.0} @ http://localhost:3001/src/lib/util/stats.ts:89
[  102240ms] [LOG] Loading '' @ http://localhost:3001/src/lib/util/state.ts:192
[  102296ms] [LOG] Registration successful, scope is: http://localhost:3001/ @ http://localhost:3001/src/routes/+layout.svelte:42
[  102348ms] [LOG] [plausible] render {diagramType: flowchart-v2, isRough: false, lengthBucket: 0-10, renderTimeMsBucket: 50-100} @ http://localhost:3001/src/lib/util/stats.ts:89
[  102953ms] [LOG] [plausible] version {mermaidVersion: 11.14.0} @ http://localhost:3001/src/lib/util/stats.ts:89
[  103009ms] [LOG] Loading '' @ http://localhost:3001/src/lib/util/state.ts:192
[  103067ms] [LOG] Registration successful, scope is: http://localhost:3001/ @ http://localhost:3001/src/routes/+layout.svelte:42
[  103117ms] [LOG] [plausible] render {diagramType: flowchart-v2, isRough: false, lengthBucket: 0-10, renderTimeMsBucket: 50-100} @ http://localhost:3001/src/lib/util/stats.ts:89
[  103724ms] [LOG] [plausible] version {mermaidVersion: 11.14.0} @ http://localhost:3001/src/lib/util/stats.ts:89
[  103787ms] [LOG] Loading '' @ http://localhost:3001/src/lib/util/state.ts:192
[  103851ms] [LOG] Registration successful, scope is: http://localhost:3001/ @ http://localhost:3001/src/routes/+layout.svelte:42
[  103900ms] [LOG] [plausible] render {diagramType: flowchart-v2, isRough: false, lengthBucket: 0-10, renderTimeMsBucket: 50-100} @ http://localhost:3001/src/lib/util/stats.ts:89
[  104444ms] [LOG] [plausible] version {mermaidVersion: 11.14.0} @ http://localhost:3001/src/lib/util/stats.ts:89
[  104495ms] [LOG] Loading '' @ http://localhost:3001/src/lib/util/state.ts:192
[  104549ms] [LOG] Registration successful, scope is: http://localhost:3001/ @ http://localhost:3001/src/routes/+layout.svelte:42
[  104596ms] [LOG] [plausible] render {diagramType: flowchart-v2, isRough: false, lengthBucket: 0-10, renderTimeMsBucket: 50-100} @ http://localhost:3001/src/lib/util/stats.ts:89
[  105170ms] [LOG] [plausible] version {mermaidVersion: 11.14.0} @ http://localhost:3001/src/lib/util/stats.ts:89
[  105228ms] [LOG] Loading '' @ http://localhost:3001/src/lib/util/state.ts:192
[  105269ms] [LOG] Registration successful, scope is: http://localhost:3001/ @ http://localhost:3001/src/routes/+layout.svelte:42
[  105304ms] [LOG] [plausible] render {diagramType: flowchart-v2, isRough: false, lengthBucket: 0-10, renderTimeMsBucket: 50-100} @ http://localhost:3001/src/lib/util/stats.ts:89
[  105911ms] [LOG] [plausible] version {mermaidVersion: 11.14.0} @ http://localhost:3001/src/lib/util/stats.ts:89
[  105971ms] [LOG] Loading '' @ http://localhost:3001/src/lib/util/state.ts:192
[  106020ms] [LOG] Registration successful, scope is: http://localhost:3001/ @ http://localhost:3001/src/routes/+layout.svelte:42
[  106052ms] [LOG] [plausible] render {diagramType: flowchart-v2, isRough: false, lengthBucket: 0-10, renderTimeMsBucket: 50-100} @ http://localhost:3001/src/lib/util/stats.ts:89
[  106626ms] [LOG] [plausible] version {mermaidVersion: 11.14.0} @ http://localhost:3001/src/lib/util/stats.ts:89
[  106677ms] [LOG] Loading '' @ http://localhost:3001/src/lib/util/state.ts:192
[  106728ms] [LOG] Registration successful, scope is: http://localhost:3001/ @ http://localhost:3001/src/routes/+layout.svelte:42
[  106760ms] [LOG] [plausible] render {diagramType: flowchart-v2, isRough: false, lengthBucket: 0-10, renderTimeMsBucket: 50-100} @ http://localhost:3001/src/lib/util/stats.ts:89
[  107306ms] [LOG] [plausible] version {mermaidVersion: 11.14.0} @ http://localhost:3001/src/lib/util/stats.ts:89
[  107361ms] [LOG] Loading '' @ http://localhost:3001/src/lib/util/state.ts:192
[  107409ms] [LOG] Registration successful, scope is: http://localhost:3001/ @ http://localhost:3001/src/routes/+layout.svelte:42
[  107444ms] [LOG] [plausible] render {diagramType: flowchart-v2, isRough: false, lengthBucket: 0-10, renderTimeMsBucket: 50-100} @ http://localhost:3001/src/lib/util/stats.ts:89
[  108022ms] [LOG] [plausible] version {mermaidVersion: 11.14.0} @ http://localhost:3001/src/lib/util/stats.ts:89
[  108088ms] [LOG] Loading '' @ http://localhost:3001/src/lib/util/state.ts:192
[  108136ms] [LOG] Registration successful, scope is: http://localhost:3001/ @ http://localhost:3001/src/routes/+layout.svelte:42
[  108172ms] [LOG] [plausible] render {diagramType: flowchart-v2, isRough: false, lengthBucket: 0-10, renderTimeMsBucket: 50-100} @ http://localhost:3001/src/lib/util/stats.ts:89
[  108722ms] [LOG] [plausible] version {mermaidVersion: 11.14.0} @ http://localhost:3001/src/lib/util/stats.ts:89
[  108769ms] [LOG] Loading '' @ http://localhost:3001/src/lib/util/state.ts:192
[  108814ms] [LOG] Registration successful, scope is: http://localhost:3001/ @ http://localhost:3001/src/routes/+layout.svelte:42
[  108859ms] [LOG] [plausible] render {diagramType: flowchart-v2, isRough: false, lengthBucket: 0-10, renderTimeMsBucket: 50-100} @ http://localhost:3001/src/lib/util/stats.ts:89
[  109450ms] [LOG] [plausible] version {mermaidVersion: 11.14.0} @ http://localhost:3001/src/lib/util/stats.ts:89
[  109517ms] [LOG] Loading '' @ http://localhost:3001/src/lib/util/state.ts:192
[  109568ms] [LOG] Registration successful, scope is: http://localhost:3001/ @ http://localhost:3001/src/routes/+layout.svelte:42
[  109618ms] [LOG] [plausible] render {diagramType: flowchart-v2, isRough: false, lengthBucket: 0-10, renderTimeMsBucket: 50-100} @ http://localhost:3001/src/lib/util/stats.ts:89
[  110158ms] [LOG] [plausible] version {mermaidVersion: 11.14.0} @ http://localhost:3001/src/lib/util/stats.ts:89
[  110217ms] [LOG] Loading '' @ http://localhost:3001/src/lib/util/state.ts:192
[  110271ms] [LOG] Registration successful, scope is: http://localhost:3001/ @ http://localhost:3001/src/routes/+layout.svelte:42
[  110312ms] [LOG] [plausible] render {diagramType: flowchart-v2, isRough: false, lengthBucket: 0-10, renderTimeMsBucket: 50-100} @ http://localhost:3001/src/lib/util/stats.ts:89
[  110869ms] [LOG] [plausible] version {mermaidVersion: 11.14.0} @ http://localhost:3001/src/lib/util/stats.ts:89
[  110925ms] [LOG] Loading '' @ http://localhost:3001/src/lib/util/state.ts:192
[  110972ms] [LOG] Registration successful, scope is: http://localhost:3001/ @ http://localhost:3001/src/routes/+layout.svelte:42
[  111015ms] [LOG] [plausible] render {diagramType: flowchart-v2, isRough: false, lengthBucket: 0-10, renderTimeMsBucket: 50-100} @ http://localhost:3001/src/lib/util/stats.ts:89
[  111633ms] [LOG] [plausible] version {mermaidVersion: 11.14.0} @ http://localhost:3001/src/lib/util/stats.ts:89
[  111699ms] [LOG] Loading '' @ http://localhost:3001/src/lib/util/state.ts:192
[  111747ms] [LOG] Registration successful, scope is: http://localhost:3001/ @ http://localhost:3001/src/routes/+layout.svelte:42
[  111793ms] [LOG] [plausible] render {diagramType: flowchart-v2, isRough: false, lengthBucket: 0-10, renderTimeMsBucket: 50-100} @ http://localhost:3001/src/lib/util/stats.ts:89
[  112346ms] [LOG] [plausible] version {mermaidVersion: 11.14.0} @ http://localhost:3001/src/lib/util/stats.ts:89
[  112411ms] [LOG] Loading '' @ http://localhost:3001/src/lib/util/state.ts:192
[  112460ms] [LOG] Registration successful, scope is: http://localhost:3001/ @ http://localhost:3001/src/routes/+layout.svelte:42
[  112495ms] [LOG] [plausible] render {diagramType: flowchart-v2, isRough: false, lengthBucket: 0-10, renderTimeMsBucket: 50-100} @ http://localhost:3001/src/lib/util/stats.ts:89
[  113067ms] [LOG] [plausible] version {mermaidVersion: 11.14.0} @ http://localhost:3001/src/lib/util/stats.ts:89
[  113133ms] [LOG] Loading '' @ http://localhost:3001/src/lib/util/state.ts:192
[  113181ms] [LOG] Registration successful, scope is: http://localhost:3001/ @ http://localhost:3001/src/routes/+layout.svelte:42
[  113213ms] [LOG] [plausible] render {diagramType: flowchart-v2, isRough: false, lengthBucket: 0-10, renderTimeMsBucket: 50-100} @ http://localhost:3001/src/lib/util/stats.ts:89
[  113784ms] [LOG] [plausible] version {mermaidVersion: 11.14.0} @ http://localhost:3001/src/lib/util/stats.ts:89
[  113848ms] [LOG] Loading '' @ http://localhost:3001/src/lib/util/state.ts:192
[  113894ms] [LOG] Registration successful, scope is: http://localhost:3001/ @ http://localhost:3001/src/routes/+layout.svelte:42
[  113928ms] [LOG] [plausible] render {diagramType: flowchart-v2, isRough: false, lengthBucket: 0-10, renderTimeMsBucket: 50-100} @ http://localhost:3001/src/lib/util/stats.ts:89
[  114548ms] [LOG] [plausible] version {mermaidVersion: 11.14.0} @ http://localhost:3001/src/lib/util/stats.ts:89
[  114592ms] [LOG] Loading '' @ http://localhost:3001/src/lib/util/state.ts:192
[  114632ms] [LOG] Registration successful, scope is: http://localhost:3001/ @ http://localhost:3001/src/routes/+layout.svelte:42
[  114666ms] [LOG] [plausible] render {diagramType: flowchart-v2, isRough: false, lengthBucket: 0-10, renderTimeMsBucket: 50-100} @ http://localhost:3001/src/lib/util/stats.ts:89
[  115221ms] [LOG] [plausible] version {mermaidVersion: 11.14.0} @ http://localhost:3001/src/lib/util/stats.ts:89
[  115286ms] [LOG] Loading '' @ http://localhost:3001/src/lib/util/state.ts:192
[  115335ms] [LOG] Registration successful, scope is: http://localhost:3001/ @ http://localhost:3001/src/routes/+layout.svelte:42
[  115371ms] [LOG] [plausible] render {diagramType: flowchart-v2, isRough: false, lengthBucket: 0-10, renderTimeMsBucket: 50-100} @ http://localhost:3001/src/lib/util/stats.ts:89
[  115987ms] [LOG] [plausible] version {mermaidVersion: 11.14.0} @ http://localhost:3001/src/lib/util/stats.ts:89
[  116049ms] [LOG] Loading '' @ http://localhost:3001/src/lib/util/state.ts:192
[  116100ms] [LOG] Registration successful, scope is: http://localhost:3001/ @ http://localhost:3001/src/routes/+layout.svelte:42
[  116143ms] [LOG] [plausible] render {diagramType: flowchart-v2, isRough: false, lengthBucket: 0-10, renderTimeMsBucket: 50-100} @ http://localhost:3001/src/lib/util/stats.ts:89
[  116736ms] [LOG] [plausible] version {mermaidVersion: 11.14.0} @ http://localhost:3001/src/lib/util/stats.ts:89
[  116798ms] [LOG] Loading '' @ http://localhost:3001/src/lib/util/state.ts:192
[  116838ms] [LOG] Registration successful, scope is: http://localhost:3001/ @ http://localhost:3001/src/routes/+layout.svelte:42
[  116880ms] [LOG] [plausible] render {diagramType: flowchart-v2, isRough: false, lengthBucket: 0-10, renderTimeMsBucket: 50-100} @ http://localhost:3001/src/lib/util/stats.ts:89
[  117488ms] [LOG] [plausible] version {mermaidVersion: 11.14.0} @ http://localhost:3001/src/lib/util/stats.ts:89
[  117552ms] [LOG] Loading '' @ http://localhost:3001/src/lib/util/state.ts:192
[  117630ms] [LOG] Registration successful, scope is: http://localhost:3001/ @ http://localhost:3001/src/routes/+layout.svelte:42
[  117691ms] [LOG] [plausible] render {diagramType: flowchart-v2, isRough: false, lengthBucket: 0-10, renderTimeMsBucket: 100-200} @ http://localhost:3001/src/lib/util/stats.ts:89
[  118307ms] [LOG] [plausible] version {mermaidVersion: 11.14.0} @ http://localhost:3001/src/lib/util/stats.ts:89
[  118367ms] [LOG] Loading '' @ http://localhost:3001/src/lib/util/state.ts:192
[  118425ms] [LOG] Registration successful, scope is: http://localhost:3001/ @ http://localhost:3001/src/routes/+layout.svelte:42
[  118497ms] [LOG] [plausible] render {diagramType: flowchart-v2, isRough: false, lengthBucket: 0-10, renderTimeMsBucket: 100-200} @ http://localhost:3001/src/lib/util/stats.ts:89
[  119319ms] [LOG] [plausible] version {mermaidVersion: 11.14.0} @ http://localhost:3001/src/lib/util/stats.ts:89
[  119378ms] [LOG] Loading '' @ http://localhost:3001/src/lib/util/state.ts:192
[  119422ms] [LOG] Registration successful, scope is: http://localhost:3001/ @ http://localhost:3001/src/routes/+layout.svelte:42
[  119453ms] [LOG] [plausible] render {diagramType: flowchart-v2, isRough: false, lengthBucket: 0-10, renderTimeMsBucket: 50-100} @ http://localhost:3001/src/lib/util/stats.ts:89
[  120046ms] [LOG] [plausible] version {mermaidVersion: 11.14.0} @ http://localhost:3001/src/lib/util/stats.ts:89
[  120095ms] [LOG] Loading '' @ http://localhost:3001/src/lib/util/state.ts:192
[  120143ms] [LOG] Registration successful, scope is: http://localhost:3001/ @ http://localhost:3001/src/routes/+layout.svelte:42
[  120173ms] [LOG] [plausible] render {diagramType: flowchart-v2, isRough: false, lengthBucket: 0-10, renderTimeMsBucket: 50-100} @ http://localhost:3001/src/lib/util/stats.ts:89
[  120758ms] [LOG] [plausible] version {mermaidVersion: 11.14.0} @ http://localhost:3001/src/lib/util/stats.ts:89
[  120820ms] [LOG] Loading '' @ http://localhost:3001/src/lib/util/state.ts:192
[  120879ms] [LOG] Registration successful, scope is: http://localhost:3001/ @ http://localhost:3001/src/routes/+layout.svelte:42
[  120941ms] [LOG] [plausible] render {diagramType: flowchart-v2, isRough: false, lengthBucket: 0-10, renderTimeMsBucket: 50-100} @ http://localhost:3001/src/lib/util/stats.ts:89
[  121677ms] [LOG] [plausible] version {mermaidVersion: 11.14.0} @ http://localhost:3001/src/lib/util/stats.ts:89
[  121736ms] [LOG] Loading '' @ http://localhost:3001/src/lib/util/state.ts:192
[  121784ms] [LOG] Registration successful, scope is: http://localhost:3001/ @ http://localhost:3001/src/routes/+layout.svelte:42
[  121828ms] [LOG] [plausible] render {diagramType: flowchart-v2, isRough: false, lengthBucket: 0-10, renderTimeMsBucket: 50-100} @ http://localhost:3001/src/lib/util/stats.ts:89
[  122447ms] [LOG] [plausible] version {mermaidVersion: 11.14.0} @ http://localhost:3001/src/lib/util/stats.ts:89
[  122504ms] [LOG] Loading '' @ http://localhost:3001/src/lib/util/state.ts:192
[  122554ms] [LOG] Registration successful, scope is: http://localhost:3001/ @ http://localhost:3001/src/routes/+layout.svelte:42
[  122589ms] [LOG] [plausible] render {diagramType: flowchart-v2, isRough: false, lengthBucket: 0-10, renderTimeMsBucket: 50-100} @ http://localhost:3001/src/lib/util/stats.ts:89
[  123234ms] [LOG] [plausible] version {mermaidVersion: 11.14.0} @ http://localhost:3001/src/lib/util/stats.ts:89
[  123302ms] [LOG] Loading '' @ http://localhost:3001/src/lib/util/state.ts:192
[  123350ms] [LOG] Registration successful, scope is: http://localhost:3001/ @ http://localhost:3001/src/routes/+layout.svelte:42
[  123388ms] [LOG] [plausible] render {diagramType: flowchart-v2, isRough: false, lengthBucket: 0-10, renderTimeMsBucket: 50-100} @ http://localhost:3001/src/lib/util/stats.ts:89
[  123974ms] [LOG] [plausible] version {mermaidVersion: 11.14.0} @ http://localhost:3001/src/lib/util/stats.ts:89
[  124026ms] [LOG] Loading '' @ http://localhost:3001/src/lib/util/state.ts:192
[  124073ms] [LOG] Registration successful, scope is: http://localhost:3001/ @ http://localhost:3001/src/routes/+layout.svelte:42
[  124113ms] [LOG] [plausible] render {diagramType: flowchart-v2, isRough: false, lengthBucket: 0-10, renderTimeMsBucket: 50-100} @ http://localhost:3001/src/lib/util/stats.ts:89
[  124714ms] [LOG] [plausible] version {mermaidVersion: 11.14.0} @ http://localhost:3001/src/lib/util/stats.ts:89
[  124774ms] [LOG] Loading '' @ http://localhost:3001/src/lib/util/state.ts:192
[  124824ms] [LOG] Registration successful, scope is: http://localhost:3001/ @ http://localhost:3001/src/routes/+layout.svelte:42
[  124863ms] [LOG] [plausible] render {diagramType: flowchart-v2, isRough: false, lengthBucket: 0-10, renderTimeMsBucket: 50-100} @ http://localhost:3001/src/lib/util/stats.ts:89
[  125467ms] [LOG] [plausible] version {mermaidVersion: 11.14.0} @ http://localhost:3001/src/lib/util/stats.ts:89
[  125532ms] [LOG] Loading '' @ http://localhost:3001/src/lib/util/state.ts:192
[  125575ms] [LOG] Registration successful, scope is: http://localhost:3001/ @ http://localhost:3001/src/routes/+layout.svelte:42
[  125617ms] [LOG] [plausible] render {diagramType: flowchart-v2, isRough: false, lengthBucket: 0-10, renderTimeMsBucket: 50-100} @ http://localhost:3001/src/lib/util/stats.ts:89
[  126255ms] [LOG] [plausible] version {mermaidVersion: 11.14.0} @ http://localhost:3001/src/lib/util/stats.ts:89
[  126321ms] [LOG] Loading '' @ http://localhost:3001/src/lib/util/state.ts:192
[  126369ms] [LOG] Registration successful, scope is: http://localhost:3001/ @ http://localhost:3001/src/routes/+layout.svelte:42
[  126413ms] [LOG] [plausible] render {diagramType: flowchart-v2, isRough: false, lengthBucket: 0-10, renderTimeMsBucket: 50-100} @ http://localhost:3001/src/lib/util/stats.ts:89
[  126987ms] [LOG] [plausible] version {mermaidVersion: 11.14.0} @ http://localhost:3001/src/lib/util/stats.ts:89
[  127037ms] [LOG] Loading '' @ http://localhost:3001/src/lib/util/state.ts:192
[  127072ms] [LOG] Registration successful, scope is: http://localhost:3001/ @ http://localhost:3001/src/routes/+layout.svelte:42
[  127107ms] [LOG] [plausible] render {diagramType: flowchart-v2, isRough: false, lengthBucket: 0-10, renderTimeMsBucket: 50-100} @ http://localhost:3001/src/lib/util/stats.ts:89
[  127662ms] [LOG] [plausible] version {mermaidVersion: 11.14.0} @ http://localhost:3001/src/lib/util/stats.ts:89
[  127717ms] [LOG] Loading '' @ http://localhost:3001/src/lib/util/state.ts:192
[  127760ms] [LOG] Registration successful, scope is: http://localhost:3001/ @ http://localhost:3001/src/routes/+layout.svelte:42
[  127788ms] [LOG] [plausible] render {diagramType: flowchart-v2, isRough: false, lengthBucket: 0-10, renderTimeMsBucket: 25-50} @ http://localhost:3001/src/lib/util/stats.ts:89
[  128405ms] [LOG] [plausible] version {mermaidVersion: 11.14.0} @ http://localhost:3001/src/lib/util/stats.ts:89
[  128452ms] [LOG] Loading '' @ http://localhost:3001/src/lib/util/state.ts:192
[  128488ms] [LOG] Registration successful, scope is: http://localhost:3001/ @ http://localhost:3001/src/routes/+layout.svelte:42
[  128515ms] [LOG] [plausible] render {diagramType: flowchart-v2, isRough: false, lengthBucket: 0-10, renderTimeMsBucket: 25-50} @ http://localhost:3001/src/lib/util/stats.ts:89
[  129136ms] [LOG] [plausible] version {mermaidVersion: 11.14.0} @ http://localhost:3001/src/lib/util/stats.ts:89
[  129193ms] [LOG] Loading '' @ http://localhost:3001/src/lib/util/state.ts:192
[  129243ms] [LOG] Registration successful, scope is: http://localhost:3001/ @ http://localhost:3001/src/routes/+layout.svelte:42
[  129273ms] [LOG] [plausible] render {diagramType: flowchart-v2, isRough: false, lengthBucket: 0-10, renderTimeMsBucket: 50-100} @ http://localhost:3001/src/lib/util/stats.ts:89
[  129849ms] [LOG] [plausible] version {mermaidVersion: 11.14.0} @ http://localhost:3001/src/lib/util/stats.ts:89
[  129897ms] [LOG] Loading '' @ http://localhost:3001/src/lib/util/state.ts:192
[  129939ms] [LOG] Registration successful, scope is: http://localhost:3001/ @ http://localhost:3001/src/routes/+layout.svelte:42
[  129967ms] [LOG] [plausible] render {diagramType: flowchart-v2, isRough: false, lengthBucket: 0-10, renderTimeMsBucket: 25-50} @ http://localhost:3001/src/lib/util/stats.ts:89
[  130517ms] [LOG] [plausible] version {mermaidVersion: 11.14.0} @ http://localhost:3001/src/lib/util/stats.ts:89
[  130570ms] [LOG] Loading '' @ http://localhost:3001/src/lib/util/state.ts:192
[  130607ms] [LOG] Registration successful, scope is: http://localhost:3001/ @ http://localhost:3001/src/routes/+layout.svelte:42
[  130634ms] [LOG] [plausible] render {diagramType: flowchart-v2, isRough: false, lengthBucket: 0-10, renderTimeMsBucket: 25-50} @ http://localhost:3001/src/lib/util/stats.ts:89
[  131207ms] [LOG] [plausible] version {mermaidVersion: 11.14.0} @ http://localhost:3001/src/lib/util/stats.ts:89
[  131257ms] [LOG] Loading '' @ http://localhost:3001/src/lib/util/state.ts:192
[  131295ms] [LOG] Registration successful, scope is: http://localhost:3001/ @ http://localhost:3001/src/routes/+layout.svelte:42
[  131326ms] [LOG] [plausible] render {diagramType: flowchart-v2, isRough: false, lengthBucket: 0-10, renderTimeMsBucket: 50-100} @ http://localhost:3001/src/lib/util/stats.ts:89
[  131882ms] [LOG] [plausible] version {mermaidVersion: 11.14.0} @ http://localhost:3001/src/lib/util/stats.ts:89
[  131939ms] [LOG] Loading '' @ http://localhost:3001/src/lib/util/state.ts:192
[  131987ms] [LOG] Registration successful, scope is: http://localhost:3001/ @ http://localhost:3001/src/routes/+layout.svelte:42
[  132024ms] [LOG] [plausible] render {diagramType: flowchart-v2, isRough: false, lengthBucket: 0-10, renderTimeMsBucket: 50-100} @ http://localhost:3001/src/lib/util/stats.ts:89
[  132595ms] [LOG] [plausible] version {mermaidVersion: 11.14.0} @ http://localhost:3001/src/lib/util/stats.ts:89
[  132643ms] [LOG] Loading '' @ http://localhost:3001/src/lib/util/state.ts:192
[  132687ms] [LOG] Registration successful, scope is: http://localhost:3001/ @ http://localhost:3001/src/routes/+layout.svelte:42
[  132722ms] [LOG] [plausible] render {diagramType: flowchart-v2, isRough: false, lengthBucket: 0-10, renderTimeMsBucket: 50-100} @ http://localhost:3001/src/lib/util/stats.ts:89
[  133321ms] [LOG] [plausible] version {mermaidVersion: 11.14.0} @ http://localhost:3001/src/lib/util/stats.ts:89
[  133373ms] [LOG] Loading '' @ http://localhost:3001/src/lib/util/state.ts:192
[  133407ms] [LOG] Registration successful, scope is: http://localhost:3001/ @ http://localhost:3001/src/routes/+layout.svelte:42
[  133434ms] [LOG] [plausible] render {diagramType: flowchart-v2, isRough: false, lengthBucket: 0-10, renderTimeMsBucket: 25-50} @ http://localhost:3001/src/lib/util/stats.ts:89
[  134003ms] [LOG] [plausible] version {mermaidVersion: 11.14.0} @ http://localhost:3001/src/lib/util/stats.ts:89
[  134055ms] [LOG] Loading '' @ http://localhost:3001/src/lib/util/state.ts:192
[  134095ms] [LOG] Registration successful, scope is: http://localhost:3001/ @ http://localhost:3001/src/routes/+layout.svelte:42
[  134124ms] [LOG] [plausible] render {diagramType: flowchart-v2, isRough: false, lengthBucket: 0-10, renderTimeMsBucket: 25-50} @ http://localhost:3001/src/lib/util/stats.ts:89
[  134707ms] [LOG] [plausible] version {mermaidVersion: 11.14.0} @ http://localhost:3001/src/lib/util/stats.ts:89
[  134781ms] [LOG] Loading '' @ http://localhost:3001/src/lib/util/state.ts:192
[  134837ms] [LOG] Registration successful, scope is: http://localhost:3001/ @ http://localhost:3001/src/routes/+layout.svelte:42
[  134873ms] [LOG] [plausible] render {diagramType: flowchart-v2, isRough: false, lengthBucket: 0-10, renderTimeMsBucket: 50-100} @ http://localhost:3001/src/lib/util/stats.ts:89
[  135463ms] [LOG] [plausible] version {mermaidVersion: 11.14.0} @ http://localhost:3001/src/lib/util/stats.ts:89
[  135519ms] [LOG] Loading '' @ http://localhost:3001/src/lib/util/state.ts:192
[  135564ms] [LOG] Registration successful, scope is: http://localhost:3001/ @ http://localhost:3001/src/routes/+layout.svelte:42
[  135599ms] [LOG] [plausible] render {diagramType: flowchart-v2, isRough: false, lengthBucket: 0-10, renderTimeMsBucket: 50-100} @ http://localhost:3001/src/lib/util/stats.ts:89
[  136196ms] [LOG] [plausible] version {mermaidVersion: 11.14.0} @ http://localhost:3001/src/lib/util/stats.ts:89
[  136263ms] [LOG] Loading '' @ http://localhost:3001/src/lib/util/state.ts:192
[  136305ms] [LOG] Registration successful, scope is: http://localhost:3001/ @ http://localhost:3001/src/routes/+layout.svelte:42
[  136341ms] [LOG] [plausible] render {diagramType: flowchart-v2, isRough: false, lengthBucket: 0-10, renderTimeMsBucket: 50-100} @ http://localhost:3001/src/lib/util/stats.ts:89
[  136975ms] [LOG] [plausible] version {mermaidVersion: 11.14.0} @ http://localhost:3001/src/lib/util/stats.ts:89
[  137038ms] [LOG] Loading '' @ http://localhost:3001/src/lib/util/state.ts:192
[  137097ms] [LOG] Registration successful, scope is: http://localhost:3001/ @ http://localhost:3001/src/routes/+layout.svelte:42
[  137134ms] [LOG] [plausible] render {diagramType: flowchart-v2, isRough: false, lengthBucket: 0-10, renderTimeMsBucket: 50-100} @ http://localhost:3001/src/lib/util/stats.ts:89
[  137704ms] [LOG] [plausible] version {mermaidVersion: 11.14.0} @ http://localhost:3001/src/lib/util/stats.ts:89
[  137764ms] [LOG] Loading '' @ http://localhost:3001/src/lib/util/state.ts:192
[  137815ms] [LOG] Registration successful, scope is: http://localhost:3001/ @ http://localhost:3001/src/routes/+layout.svelte:42
[  137862ms] [LOG] [plausible] render {diagramType: flowchart-v2, isRough: false, lengthBucket: 0-10, renderTimeMsBucket: 50-100} @ http://localhost:3001/src/lib/util/stats.ts:89
[  138484ms] [LOG] [plausible] version {mermaidVersion: 11.14.0} @ http://localhost:3001/src/lib/util/stats.ts:89
[  138558ms] [LOG] Loading '' @ http://localhost:3001/src/lib/util/state.ts:192
[  138611ms] [LOG] Registration successful, scope is: http://localhost:3001/ @ http://localhost:3001/src/routes/+layout.svelte:42
[  138647ms] [LOG] [plausible] render {diagramType: flowchart-v2, isRough: false, lengthBucket: 0-10, renderTimeMsBucket: 50-100} @ http://localhost:3001/src/lib/util/stats.ts:89
[  139225ms] [LOG] [plausible] version {mermaidVersion: 11.14.0} @ http://localhost:3001/src/lib/util/stats.ts:89
[  139288ms] [LOG] Loading '' @ http://localhost:3001/src/lib/util/state.ts:192
[  139337ms] [LOG] Registration successful, scope is: http://localhost:3001/ @ http://localhost:3001/src/routes/+layout.svelte:42
[  139370ms] [LOG] [plausible] render {diagramType: flowchart-v2, isRough: false, lengthBucket: 0-10, renderTimeMsBucket: 50-100} @ http://localhost:3001/src/lib/util/stats.ts:89
[  139986ms] [LOG] [plausible] version {mermaidVersion: 11.14.0} @ http://localhost:3001/src/lib/util/stats.ts:89
[  140040ms] [LOG] Loading '' @ http://localhost:3001/src/lib/util/state.ts:192
[  140082ms] [LOG] Registration successful, scope is: http://localhost:3001/ @ http://localhost:3001/src/routes/+layout.svelte:42
[  140129ms] [LOG] [plausible] render {diagramType: flowchart-v2, isRough: false, lengthBucket: 0-10, renderTimeMsBucket: 50-100} @ http://localhost:3001/src/lib/util/stats.ts:89
[  140689ms] [LOG] [plausible] version {mermaidVersion: 11.14.0} @ http://localhost:3001/src/lib/util/stats.ts:89
[  140738ms] [LOG] Loading '' @ http://localhost:3001/src/lib/util/state.ts:192
[  140776ms] [LOG] Registration successful, scope is: http://localhost:3001/ @ http://localhost:3001/src/routes/+layout.svelte:42
[  140814ms] [LOG] [plausible] render {diagramType: flowchart-v2, isRough: false, lengthBucket: 0-10, renderTimeMsBucket: 50-100} @ http://localhost:3001/src/lib/util/stats.ts:89
[  141436ms] [LOG] [plausible] version {mermaidVersion: 11.14.0} @ http://localhost:3001/src/lib/util/stats.ts:89
[  141479ms] [LOG] Loading '' @ http://localhost:3001/src/lib/util/state.ts:192
[  141518ms] [LOG] Registration successful, scope is: http://localhost:3001/ @ http://localhost:3001/src/routes/+layout.svelte:42
[  141555ms] [LOG] [plausible] render {diagramType: flowchart-v2, isRough: false, lengthBucket: 0-10, renderTimeMsBucket: 50-100} @ http://localhost:3001/src/lib/util/stats.ts:89
[  142099ms] [LOG] [plausible] version {mermaidVersion: 11.14.0} @ http://localhost:3001/src/lib/util/stats.ts:89
[  142160ms] [LOG] Loading '' @ http://localhost:3001/src/lib/util/state.ts:192
[  142202ms] [LOG] Registration successful, scope is: http://localhost:3001/ @ http://localhost:3001/src/routes/+layout.svelte:42
[  142241ms] [LOG] [plausible] render {diagramType: flowchart-v2, isRough: false, lengthBucket: 0-10, renderTimeMsBucket: 50-100} @ http://localhost:3001/src/lib/util/stats.ts:89
[  142851ms] [LOG] [plausible] version {mermaidVersion: 11.14.0} @ http://localhost:3001/src/lib/util/stats.ts:89
[  142898ms] [LOG] Loading '' @ http://localhost:3001/src/lib/util/state.ts:192
[  142952ms] [LOG] Registration successful, scope is: http://localhost:3001/ @ http://localhost:3001/src/routes/+layout.svelte:42
[  142999ms] [LOG] [plausible] render {diagramType: flowchart-v2, isRough: false, lengthBucket: 0-10, renderTimeMsBucket: 50-100} @ http://localhost:3001/src/lib/util/stats.ts:89
[  143548ms] [LOG] [plausible] version {mermaidVersion: 11.14.0} @ http://localhost:3001/src/lib/util/stats.ts:89
[  143603ms] [LOG] Loading '' @ http://localhost:3001/src/lib/util/state.ts:192
[  143656ms] [LOG] Registration successful, scope is: http://localhost:3001/ @ http://localhost:3001/src/routes/+layout.svelte:42
[  143705ms] [LOG] [plausible] render {diagramType: flowchart-v2, isRough: false, lengthBucket: 0-10, renderTimeMsBucket: 50-100} @ http://localhost:3001/src/lib/util/stats.ts:89
[  144313ms] [LOG] [plausible] version {mermaidVersion: 11.14.0} @ http://localhost:3001/src/lib/util/stats.ts:89
[  144376ms] [LOG] Loading '' @ http://localhost:3001/src/lib/util/state.ts:192
[  144414ms] [LOG] Registration successful, scope is: http://localhost:3001/ @ http://localhost:3001/src/routes/+layout.svelte:42
[  144442ms] [LOG] [plausible] render {diagramType: flowchart-v2, isRough: false, lengthBucket: 0-10, renderTimeMsBucket: 25-50} @ http://localhost:3001/src/lib/util/stats.ts:89
[  145008ms] [LOG] [plausible] version {mermaidVersion: 11.14.0} @ http://localhost:3001/src/lib/util/stats.ts:89
[  145053ms] [LOG] Loading '' @ http://localhost:3001/src/lib/util/state.ts:192
[  145097ms] [LOG] Registration successful, scope is: http://localhost:3001/ @ http://localhost:3001/src/routes/+layout.svelte:42
[  145130ms] [LOG] [plausible] render {diagramType: flowchart-v2, isRough: false, lengthBucket: 0-10, renderTimeMsBucket: 50-100} @ http://localhost:3001/src/lib/util/stats.ts:89
[  145605ms] [LOG] [plausible] version {mermaidVersion: 11.14.0} @ http://localhost:3001/src/lib/util/stats.ts:89
[  145668ms] [LOG] Loading '' @ http://localhost:3001/src/lib/util/state.ts:192
[  145722ms] [LOG] Registration successful, scope is: http://localhost:3001/ @ http://localhost:3001/src/routes/+layout.svelte:42
[  145776ms] [LOG] [plausible] render {diagramType: flowchart-v2, isRough: false, lengthBucket: 0-10, renderTimeMsBucket: 50-100} @ http://localhost:3001/src/lib/util/stats.ts:89
[  146276ms] [LOG] [plausible] version {mermaidVersion: 11.14.0} @ http://localhost:3001/src/lib/util/stats.ts:89
[  146347ms] [LOG] Loading '' @ http://localhost:3001/src/lib/util/state.ts:192
[  146396ms] [LOG] Registration successful, scope is: http://localhost:3001/ @ http://localhost:3001/src/routes/+layout.svelte:42
[  146432ms] [LOG] [plausible] render {diagramType: flowchart-v2, isRough: false, lengthBucket: 0-10, renderTimeMsBucket: 50-100} @ http://localhost:3001/src/lib/util/stats.ts:89
[  146931ms] [LOG] [plausible] version {mermaidVersion: 11.14.0} @ http://localhost:3001/src/lib/util/stats.ts:89
[  146999ms] [LOG] Loading '' @ http://localhost:3001/src/lib/util/state.ts:192
[  147063ms] [LOG] Registration successful, scope is: http://localhost:3001/ @ http://localhost:3001/src/routes/+layout.svelte:42
[  147109ms] [LOG] [plausible] render {diagramType: flowchart-v2, isRough: false, lengthBucket: 0-10, renderTimeMsBucket: 50-100} @ http://localhost:3001/src/lib/util/stats.ts:89
[  147682ms] [LOG] [plausible] version {mermaidVersion: 11.14.0} @ http://localhost:3001/src/lib/util/stats.ts:89
[  147743ms] [LOG] Loading '' @ http://localhost:3001/src/lib/util/state.ts:192
[  147793ms] [LOG] Registration successful, scope is: http://localhost:3001/ @ http://localhost:3001/src/routes/+layout.svelte:42
[  147822ms] [LOG] [plausible] render {diagramType: flowchart-v2, isRough: false, lengthBucket: 0-10, renderTimeMsBucket: 50-100} @ http://localhost:3001/src/lib/util/stats.ts:89
[  148317ms] [LOG] [plausible] version {mermaidVersion: 11.14.0} @ http://localhost:3001/src/lib/util/stats.ts:89
[  148380ms] [LOG] Loading '' @ http://localhost:3001/src/lib/util/state.ts:192
[  148432ms] [LOG] Registration successful, scope is: http://localhost:3001/ @ http://localhost:3001/src/routes/+layout.svelte:42
[  148468ms] [LOG] [plausible] render {diagramType: flowchart-v2, isRough: false, lengthBucket: 0-10, renderTimeMsBucket: 50-100} @ http://localhost:3001/src/lib/util/stats.ts:89
[  149003ms] [LOG] [plausible] version {mermaidVersion: 11.14.0} @ http://localhost:3001/src/lib/util/stats.ts:89
[  149067ms] [LOG] Loading '' @ http://localhost:3001/src/lib/util/state.ts:192
[  149122ms] [LOG] Registration successful, scope is: http://localhost:3001/ @ http://localhost:3001/src/routes/+layout.svelte:42
[  149157ms] [LOG] [plausible] render {diagramType: flowchart-v2, isRough: false, lengthBucket: 0-10, renderTimeMsBucket: 50-100} @ http://localhost:3001/src/lib/util/stats.ts:89
[  149656ms] [LOG] [plausible] version {mermaidVersion: 11.14.0} @ http://localhost:3001/src/lib/util/stats.ts:89
[  149717ms] [LOG] Loading '' @ http://localhost:3001/src/lib/util/state.ts:192
[  149763ms] [LOG] Registration successful, scope is: http://localhost:3001/ @ http://localhost:3001/src/routes/+layout.svelte:42
[  149800ms] [LOG] [plausible] render {diagramType: flowchart-v2, isRough: false, lengthBucket: 0-10, renderTimeMsBucket: 50-100} @ http://localhost:3001/src/lib/util/stats.ts:89
[  150238ms] [LOG] [plausible] version {mermaidVersion: 11.14.0} @ http://localhost:3001/src/lib/util/stats.ts:89
[  150305ms] [LOG] Loading '' @ http://localhost:3001/src/lib/util/state.ts:192
[  150367ms] [LOG] Registration successful, scope is: http://localhost:3001/ @ http://localhost:3001/src/routes/+layout.svelte:42
[  150402ms] [LOG] [plausible] render {diagramType: flowchart-v2, isRough: false, lengthBucket: 0-10, renderTimeMsBucket: 50-100} @ http://localhost:3001/src/lib/util/stats.ts:89
[  150829ms] [LOG] [plausible] version {mermaidVersion: 11.14.0} @ http://localhost:3001/src/lib/util/stats.ts:89
[  150892ms] [LOG] Loading '' @ http://localhost:3001/src/lib/util/state.ts:192
[  150945ms] [LOG] Registration successful, scope is: http://localhost:3001/ @ http://localhost:3001/src/routes/+layout.svelte:42
[  150982ms] [LOG] [plausible] render {diagramType: flowchart-v2, isRough: false, lengthBucket: 0-10, renderTimeMsBucket: 50-100} @ http://localhost:3001/src/lib/util/stats.ts:89
[  151412ms] [LOG] [plausible] version {mermaidVersion: 11.14.0} @ http://localhost:3001/src/lib/util/stats.ts:89
[  151469ms] [LOG] Loading '' @ http://localhost:3001/src/lib/util/state.ts:192
[  151518ms] [LOG] Registration successful, scope is: http://localhost:3001/ @ http://localhost:3001/src/routes/+layout.svelte:42
[  151564ms] [LOG] [plausible] render {diagramType: flowchart-v2, isRough: false, lengthBucket: 0-10, renderTimeMsBucket: 50-100} @ http://localhost:3001/src/lib/util/stats.ts:89
[  152033ms] [LOG] [plausible] version {mermaidVersion: 11.14.0} @ http://localhost:3001/src/lib/util/stats.ts:89
[  152102ms] [LOG] Loading '' @ http://localhost:3001/src/lib/util/state.ts:192
[  152155ms] [LOG] Registration successful, scope is: http://localhost:3001/ @ http://localhost:3001/src/routes/+layout.svelte:42
[  152219ms] [LOG] [plausible] render {diagramType: flowchart-v2, isRough: false, lengthBucket: 0-10, renderTimeMsBucket: 50-100} @ http://localhost:3001/src/lib/util/stats.ts:89
[  152709ms] [LOG] [plausible] version {mermaidVersion: 11.14.0} @ http://localhost:3001/src/lib/util/stats.ts:89
[  152773ms] [LOG] Loading '' @ http://localhost:3001/src/lib/util/state.ts:192
[  152824ms] [LOG] Registration successful, scope is: http://localhost:3001/ @ http://localhost:3001/src/routes/+layout.svelte:42
[  152860ms] [LOG] [plausible] render {diagramType: flowchart-v2, isRough: false, lengthBucket: 0-10, renderTimeMsBucket: 50-100} @ http://localhost:3001/src/lib/util/stats.ts:89
[  153425ms] [LOG] [plausible] version {mermaidVersion: 11.14.0} @ http://localhost:3001/src/lib/util/stats.ts:89
[  153492ms] [LOG] Loading '' @ http://localhost:3001/src/lib/util/state.ts:192
[  153541ms] [LOG] Registration successful, scope is: http://localhost:3001/ @ http://localhost:3001/src/routes/+layout.svelte:42
[  153591ms] [LOG] [plausible] render {diagramType: flowchart-v2, isRough: false, lengthBucket: 0-10, renderTimeMsBucket: 50-100} @ http://localhost:3001/src/lib/util/stats.ts:89
[  154039ms] [LOG] [plausible] version {mermaidVersion: 11.14.0} @ http://localhost:3001/src/lib/util/stats.ts:89
[  154099ms] [LOG] Loading '' @ http://localhost:3001/src/lib/util/state.ts:192
[  154139ms] [LOG] Registration successful, scope is: http://localhost:3001/ @ http://localhost:3001/src/routes/+layout.svelte:42
[  154169ms] [LOG] [plausible] render {diagramType: flowchart-v2, isRough: false, lengthBucket: 0-10, renderTimeMsBucket: 25-50} @ http://localhost:3001/src/lib/util/stats.ts:89
[  154671ms] [LOG] [plausible] version {mermaidVersion: 11.14.0} @ http://localhost:3001/src/lib/util/stats.ts:89
[  154757ms] [LOG] Loading '' @ http://localhost:3001/src/lib/util/state.ts:192
[  154816ms] [LOG] Registration successful, scope is: http://localhost:3001/ @ http://localhost:3001/src/routes/+layout.svelte:42
[  154874ms] [LOG] [plausible] render {diagramType: flowchart-v2, isRough: false, lengthBucket: 0-10, renderTimeMsBucket: 50-100} @ http://localhost:3001/src/lib/util/stats.ts:89
[  155410ms] [LOG] [plausible] version {mermaidVersion: 11.14.0} @ http://localhost:3001/src/lib/util/stats.ts:89
[  155477ms] [LOG] Loading '' @ http://localhost:3001/src/lib/util/state.ts:192
[  155566ms] [LOG] Registration successful, scope is: http://localhost:3001/ @ http://localhost:3001/src/routes/+layout.svelte:42
[  155612ms] [LOG] [plausible] render {diagramType: flowchart-v2, isRough: false, lengthBucket: 0-10, renderTimeMsBucket: 50-100} @ http://localhost:3001/src/lib/util/stats.ts:89
[  156278ms] [LOG] [plausible] version {mermaidVersion: 11.14.0} @ http://localhost:3001/src/lib/util/stats.ts:89
[  156335ms] [LOG] Loading '' @ http://localhost:3001/src/lib/util/state.ts:192
[  156375ms] [LOG] Registration successful, scope is: http://localhost:3001/ @ http://localhost:3001/src/routes/+layout.svelte:42
[  156403ms] [LOG] [plausible] render {diagramType: flowchart-v2, isRough: false, lengthBucket: 0-10, renderTimeMsBucket: 25-50} @ http://localhost:3001/src/lib/util/stats.ts:89
[  156988ms] [LOG] [plausible] version {mermaidVersion: 11.14.0} @ http://localhost:3001/src/lib/util/stats.ts:89
[  157044ms] [LOG] Loading '' @ http://localhost:3001/src/lib/util/state.ts:192
[  157096ms] [LOG] Registration successful, scope is: http://localhost:3001/ @ http://localhost:3001/src/routes/+layout.svelte:42
[  157136ms] [LOG] [plausible] render {diagramType: flowchart-v2, isRough: false, lengthBucket: 0-10, renderTimeMsBucket: 50-100} @ http://localhost:3001/src/lib/util/stats.ts:89
[  158288ms] [LOG] [plausible] version {mermaidVersion: 11.14.0} @ http://localhost:3001/src/lib/util/stats.ts:89
[  158350ms] [LOG] Loading '' @ http://localhost:3001/src/lib/util/state.ts:192
[  158407ms] [LOG] Registration successful, scope is: http://localhost:3001/ @ http://localhost:3001/src/routes/+layout.svelte:42
[  158490ms] [LOG] [plausible] render {diagramType: flowchart-v2, isRough: false, lengthBucket: 0-10, renderTimeMsBucket: 100-200} @ http://localhost:3001/src/lib/util/stats.ts:89
[  159355ms] [LOG] [plausible] version {mermaidVersion: 11.14.0} @ http://localhost:3001/src/lib/util/stats.ts:89
[  159422ms] [LOG] Loading '' @ http://localhost:3001/src/lib/util/state.ts:192
[  159472ms] [LOG] Registration successful, scope is: http://localhost:3001/ @ http://localhost:3001/src/routes/+layout.svelte:42
[  159518ms] [LOG] [plausible] render {diagramType: flowchart-v2, isRough: false, lengthBucket: 0-10, renderTimeMsBucket: 50-100} @ http://localhost:3001/src/lib/util/stats.ts:89
[  160673ms] [LOG] [plausible] version {mermaidVersion: 11.14.0} @ http://localhost:3001/src/lib/util/stats.ts:89
[  160730ms] [LOG] Loading '' @ http://localhost:3001/src/lib/util/state.ts:192
[  160781ms] [LOG] Registration successful, scope is: http://localhost:3001/ @ http://localhost:3001/src/routes/+layout.svelte:42
[  160816ms] [LOG] [plausible] render {diagramType: flowchart-v2, isRough: false, lengthBucket: 0-10, renderTimeMsBucket: 50-100} @ http://localhost:3001/src/lib/util/stats.ts:89
[  161864ms] [LOG] [plausible] version {mermaidVersion: 11.14.0} @ http://localhost:3001/src/lib/util/stats.ts:89
[  161928ms] [LOG] Loading '' @ http://localhost:3001/src/lib/util/state.ts:192
[  161976ms] [LOG] Registration successful, scope is: http://localhost:3001/ @ http://localhost:3001/src/routes/+layout.svelte:42
[  162021ms] [LOG] [plausible] render {diagramType: flowchart-v2, isRough: false, lengthBucket: 0-10, renderTimeMsBucket: 50-100} @ http://localhost:3001/src/lib/util/stats.ts:89
[  162600ms] [LOG] [plausible] version {mermaidVersion: 11.14.0} @ http://localhost:3001/src/lib/util/stats.ts:89
[  162671ms] [LOG] Loading '' @ http://localhost:3001/src/lib/util/state.ts:192
[  162719ms] [LOG] Registration successful, scope is: http://localhost:3001/ @ http://localhost:3001/src/routes/+layout.svelte:42
[  162757ms] [LOG] [plausible] render {diagramType: flowchart-v2, isRough: false, lengthBucket: 0-10, renderTimeMsBucket: 50-100} @ http://localhost:3001/src/lib/util/stats.ts:89
[  163259ms] [LOG] [plausible] version {mermaidVersion: 11.14.0} @ http://localhost:3001/src/lib/util/stats.ts:89
[  163325ms] [LOG] Loading '' @ http://localhost:3001/src/lib/util/state.ts:192
[  163376ms] [LOG] Registration successful, scope is: http://localhost:3001/ @ http://localhost:3001/src/routes/+layout.svelte:42
[  163408ms] [LOG] [plausible] render {diagramType: flowchart-v2, isRough: false, lengthBucket: 0-10, renderTimeMsBucket: 50-100} @ http://localhost:3001/src/lib/util/stats.ts:89
[  163887ms] [LOG] [plausible] version {mermaidVersion: 11.14.0} @ http://localhost:3001/src/lib/util/stats.ts:89
[  163948ms] [LOG] Loading '' @ http://localhost:3001/src/lib/util/state.ts:192
[  164003ms] [LOG] Registration successful, scope is: http://localhost:3001/ @ http://localhost:3001/src/routes/+layout.svelte:42
[  164043ms] [LOG] [plausible] render {diagramType: flowchart-v2, isRough: false, lengthBucket: 0-10, renderTimeMsBucket: 50-100} @ http://localhost:3001/src/lib/util/stats.ts:89
[  164591ms] [LOG] [plausible] version {mermaidVersion: 11.14.0} @ http://localhost:3001/src/lib/util/stats.ts:89
[  164649ms] [LOG] Loading '' @ http://localhost:3001/src/lib/util/state.ts:192
[  164706ms] [LOG] Registration successful, scope is: http://localhost:3001/ @ http://localhost:3001/src/routes/+layout.svelte:42
[  164743ms] [LOG] [plausible] render {diagramType: flowchart-v2, isRough: false, lengthBucket: 0-10, renderTimeMsBucket: 50-100} @ http://localhost:3001/src/lib/util/stats.ts:89
[  165336ms] [LOG] [plausible] version {mermaidVersion: 11.14.0} @ http://localhost:3001/src/lib/util/stats.ts:89
[  165399ms] [LOG] Loading '' @ http://localhost:3001/src/lib/util/state.ts:192
[  165450ms] [LOG] Registration successful, scope is: http://localhost:3001/ @ http://localhost:3001/src/routes/+layout.svelte:42
[  165486ms] [LOG] [plausible] render {diagramType: flowchart-v2, isRough: false, lengthBucket: 0-10, renderTimeMsBucket: 50-100} @ http://localhost:3001/src/lib/util/stats.ts:89
[  166041ms] [LOG] [plausible] version {mermaidVersion: 11.14.0} @ http://localhost:3001/src/lib/util/stats.ts:89
[  166098ms] [LOG] Loading '' @ http://localhost:3001/src/lib/util/state.ts:192
[  166152ms] [LOG] Registration successful, scope is: http://localhost:3001/ @ http://localhost:3001/src/routes/+layout.svelte:42
[  166189ms] [LOG] [plausible] render {diagramType: flowchart-v2, isRough: false, lengthBucket: 0-10, renderTimeMsBucket: 50-100} @ http://localhost:3001/src/lib/util/stats.ts:89
[  166751ms] [LOG] [plausible] version {mermaidVersion: 11.14.0} @ http://localhost:3001/src/lib/util/stats.ts:89
[  166819ms] [LOG] Loading '' @ http://localhost:3001/src/lib/util/state.ts:192
[  166873ms] [LOG] Registration successful, scope is: http://localhost:3001/ @ http://localhost:3001/src/routes/+layout.svelte:42
[  166912ms] [LOG] [plausible] render {diagramType: flowchart-v2, isRough: false, lengthBucket: 0-10, renderTimeMsBucket: 50-100} @ http://localhost:3001/src/lib/util/stats.ts:89
[  167442ms] [LOG] [plausible] version {mermaidVersion: 11.14.0} @ http://localhost:3001/src/lib/util/stats.ts:89
[  167504ms] [LOG] Loading '' @ http://localhost:3001/src/lib/util/state.ts:192
[  167557ms] [LOG] Registration successful, scope is: http://localhost:3001/ @ http://localhost:3001/src/routes/+layout.svelte:42
[  167598ms] [LOG] [plausible] render {diagramType: flowchart-v2, isRough: false, lengthBucket: 0-10, renderTimeMsBucket: 50-100} @ http://localhost:3001/src/lib/util/stats.ts:89
[  168031ms] [LOG] [plausible] version {mermaidVersion: 11.14.0} @ http://localhost:3001/src/lib/util/stats.ts:89
[  168094ms] [LOG] Loading '' @ http://localhost:3001/src/lib/util/state.ts:192
[  168150ms] [LOG] Registration successful, scope is: http://localhost:3001/ @ http://localhost:3001/src/routes/+layout.svelte:42
[  168188ms] [LOG] [plausible] render {diagramType: flowchart-v2, isRough: false, lengthBucket: 0-10, renderTimeMsBucket: 50-100} @ http://localhost:3001/src/lib/util/stats.ts:89
[  168687ms] [LOG] [plausible] version {mermaidVersion: 11.14.0} @ http://localhost:3001/src/lib/util/stats.ts:89
[  168745ms] [LOG] Loading '' @ http://localhost:3001/src/lib/util/state.ts:192
[  168803ms] [LOG] Registration successful, scope is: http://localhost:3001/ @ http://localhost:3001/src/routes/+layout.svelte:42
[  168859ms] [LOG] [plausible] render {diagramType: flowchart-v2, isRough: false, lengthBucket: 0-10, renderTimeMsBucket: 50-100} @ http://localhost:3001/src/lib/util/stats.ts:89
[  169327ms] [LOG] [plausible] version {mermaidVersion: 11.14.0} @ http://localhost:3001/src/lib/util/stats.ts:89
[  169394ms] [LOG] Loading '' @ http://localhost:3001/src/lib/util/state.ts:192
[  169445ms] [LOG] Registration successful, scope is: http://localhost:3001/ @ http://localhost:3001/src/routes/+layout.svelte:42
[  169482ms] [LOG] [plausible] render {diagramType: flowchart-v2, isRough: false, lengthBucket: 0-10, renderTimeMsBucket: 50-100} @ http://localhost:3001/src/lib/util/stats.ts:89
[  169961ms] [LOG] [plausible] version {mermaidVersion: 11.14.0} @ http://localhost:3001/src/lib/util/stats.ts:89
[  170025ms] [LOG] Loading '' @ http://localhost:3001/src/lib/util/state.ts:192
[  170071ms] [LOG] Registration successful, scope is: http://localhost:3001/ @ http://localhost:3001/src/routes/+layout.svelte:42
[  170106ms] [LOG] [plausible] render {diagramType: flowchart-v2, isRough: false, lengthBucket: 0-10, renderTimeMsBucket: 50-100} @ http://localhost:3001/src/lib/util/stats.ts:89
[  170592ms] [LOG] [plausible] version {mermaidVersion: 11.14.0} @ http://localhost:3001/src/lib/util/stats.ts:89
[  170655ms] [LOG] Loading '' @ http://localhost:3001/src/lib/util/state.ts:192
[  170710ms] [LOG] Registration successful, scope is: http://localhost:3001/ @ http://localhost:3001/src/routes/+layout.svelte:42
[  170748ms] [LOG] [plausible] render {diagramType: flowchart-v2, isRough: false, lengthBucket: 0-10, renderTimeMsBucket: 50-100} @ http://localhost:3001/src/lib/util/stats.ts:89
[  171152ms] [LOG] [plausible] version {mermaidVersion: 11.14.0} @ http://localhost:3001/src/lib/util/stats.ts:89
[  171216ms] [LOG] Loading '' @ http://localhost:3001/src/lib/util/state.ts:192
[  171258ms] [LOG] Registration successful, scope is: http://localhost:3001/ @ http://localhost:3001/src/routes/+layout.svelte:42
[  171292ms] [LOG] [plausible] render {diagramType: flowchart-v2, isRough: false, lengthBucket: 0-10, renderTimeMsBucket: 50-100} @ http://localhost:3001/src/lib/util/stats.ts:89
[  171763ms] [LOG] [plausible] version {mermaidVersion: 11.14.0} @ http://localhost:3001/src/lib/util/stats.ts:89
[  171831ms] [LOG] Loading '' @ http://localhost:3001/src/lib/util/state.ts:192
[  171881ms] [LOG] Registration successful, scope is: http://localhost:3001/ @ http://localhost:3001/src/routes/+layout.svelte:42
[  171932ms] [LOG] [plausible] render {diagramType: flowchart-v2, isRough: false, lengthBucket: 0-10, renderTimeMsBucket: 50-100} @ http://localhost:3001/src/lib/util/stats.ts:89
[  172377ms] [LOG] [plausible] version {mermaidVersion: 11.14.0} @ http://localhost:3001/src/lib/util/stats.ts:89
[  172440ms] [LOG] Loading '' @ http://localhost:3001/src/lib/util/state.ts:192
[  172492ms] [LOG] Registration successful, scope is: http://localhost:3001/ @ http://localhost:3001/src/routes/+layout.svelte:42
[  172534ms] [LOG] [plausible] render {diagramType: flowchart-v2, isRough: false, lengthBucket: 0-10, renderTimeMsBucket: 50-100} @ http://localhost:3001/src/lib/util/stats.ts:89
[  173001ms] [LOG] [plausible] version {mermaidVersion: 11.14.0} @ http://localhost:3001/src/lib/util/stats.ts:89
[  173070ms] [LOG] Loading '' @ http://localhost:3001/src/lib/util/state.ts:192
[  173124ms] [LOG] Registration successful, scope is: http://localhost:3001/ @ http://localhost:3001/src/routes/+layout.svelte:42
[  173160ms] [LOG] [plausible] render {diagramType: flowchart-v2, isRough: false, lengthBucket: 0-10, renderTimeMsBucket: 50-100} @ http://localhost:3001/src/lib/util/stats.ts:89
[  173582ms] [LOG] [plausible] version {mermaidVersion: 11.14.0} @ http://localhost:3001/src/lib/util/stats.ts:89
[  173651ms] [LOG] Loading '' @ http://localhost:3001/src/lib/util/state.ts:192
[  173703ms] [LOG] Registration successful, scope is: http://localhost:3001/ @ http://localhost:3001/src/routes/+layout.svelte:42
[  173743ms] [LOG] [plausible] render {diagramType: flowchart-v2, isRough: false, lengthBucket: 0-10, renderTimeMsBucket: 50-100} @ http://localhost:3001/src/lib/util/stats.ts:89
[  174166ms] [LOG] [plausible] version {mermaidVersion: 11.14.0} @ http://localhost:3001/src/lib/util/stats.ts:89
[  174236ms] [LOG] Loading '' @ http://localhost:3001/src/lib/util/state.ts:192
[  174297ms] [LOG] Registration successful, scope is: http://localhost:3001/ @ http://localhost:3001/src/routes/+layout.svelte:42
[  174337ms] [LOG] [plausible] render {diagramType: flowchart-v2, isRough: false, lengthBucket: 0-10, renderTimeMsBucket: 50-100} @ http://localhost:3001/src/lib/util/stats.ts:89
[  174753ms] [LOG] [plausible] version {mermaidVersion: 11.14.0} @ http://localhost:3001/src/lib/util/stats.ts:89
[  174823ms] [LOG] Loading '' @ http://localhost:3001/src/lib/util/state.ts:192
[  174870ms] [LOG] Registration successful, scope is: http://localhost:3001/ @ http://localhost:3001/src/routes/+layout.svelte:42
[  174912ms] [LOG] [plausible] render {diagramType: flowchart-v2, isRough: false, lengthBucket: 0-10, renderTimeMsBucket: 50-100} @ http://localhost:3001/src/lib/util/stats.ts:89
[  175352ms] [LOG] [plausible] version {mermaidVersion: 11.14.0} @ http://localhost:3001/src/lib/util/stats.ts:89
[  175419ms] [LOG] Loading '' @ http://localhost:3001/src/lib/util/state.ts:192
[  175469ms] [LOG] Registration successful, scope is: http://localhost:3001/ @ http://localhost:3001/src/routes/+layout.svelte:42
[  175507ms] [LOG] [plausible] render {diagramType: flowchart-v2, isRough: false, lengthBucket: 0-10, renderTimeMsBucket: 50-100} @ http://localhost:3001/src/lib/util/stats.ts:89
[  175966ms] [LOG] [plausible] version {mermaidVersion: 11.14.0} @ http://localhost:3001/src/lib/util/stats.ts:89
[  176032ms] [LOG] Loading '' @ http://localhost:3001/src/lib/util/state.ts:192
[  176081ms] [LOG] Registration successful, scope is: http://localhost:3001/ @ http://localhost:3001/src/routes/+layout.svelte:42
[  176119ms] [LOG] [plausible] render {diagramType: flowchart-v2, isRough: false, lengthBucket: 0-10, renderTimeMsBucket: 50-100} @ http://localhost:3001/src/lib/util/stats.ts:89
[  176560ms] [LOG] [plausible] version {mermaidVersion: 11.14.0} @ http://localhost:3001/src/lib/util/stats.ts:89
[  176628ms] [LOG] Loading '' @ http://localhost:3001/src/lib/util/state.ts:192
[  176683ms] [LOG] Registration successful, scope is: http://localhost:3001/ @ http://localhost:3001/src/routes/+layout.svelte:42
[  176722ms] [LOG] [plausible] render {diagramType: flowchart-v2, isRough: false, lengthBucket: 0-10, renderTimeMsBucket: 50-100} @ http://localhost:3001/src/lib/util/stats.ts:89
[  177161ms] [LOG] [plausible] version {mermaidVersion: 11.14.0} @ http://localhost:3001/src/lib/util/stats.ts:89
[  177230ms] [LOG] Loading '' @ http://localhost:3001/src/lib/util/state.ts:192
[  177282ms] [LOG] Registration successful, scope is: http://localhost:3001/ @ http://localhost:3001/src/routes/+layout.svelte:42
[  177323ms] [LOG] [plausible] render {diagramType: flowchart-v2, isRough: false, lengthBucket: 0-10, renderTimeMsBucket: 50-100} @ http://localhost:3001/src/lib/util/stats.ts:89
[  177782ms] [LOG] [plausible] version {mermaidVersion: 11.14.0} @ http://localhost:3001/src/lib/util/stats.ts:89
[  177850ms] [LOG] Loading '' @ http://localhost:3001/src/lib/util/state.ts:192
[  177905ms] [LOG] Registration successful, scope is: http://localhost:3001/ @ http://localhost:3001/src/routes/+layout.svelte:42
[  177945ms] [LOG] [plausible] render {diagramType: flowchart-v2, isRough: false, lengthBucket: 0-10, renderTimeMsBucket: 50-100} @ http://localhost:3001/src/lib/util/stats.ts:89
[  178383ms] [LOG] [plausible] version {mermaidVersion: 11.14.0} @ http://localhost:3001/src/lib/util/stats.ts:89
[  178452ms] [LOG] Loading '' @ http://localhost:3001/src/lib/util/state.ts:192
[  178507ms] [LOG] Registration successful, scope is: http://localhost:3001/ @ http://localhost:3001/src/routes/+layout.svelte:42
[  178547ms] [LOG] [plausible] render {diagramType: flowchart-v2, isRough: false, lengthBucket: 0-10, renderTimeMsBucket: 50-100} @ http://localhost:3001/src/lib/util/stats.ts:89
[  179066ms] [LOG] [plausible] version {mermaidVersion: 11.14.0} @ http://localhost:3001/src/lib/util/stats.ts:89
[  179131ms] [LOG] Loading '' @ http://localhost:3001/src/lib/util/state.ts:192
[  179188ms] [LOG] Registration successful, scope is: http://localhost:3001/ @ http://localhost:3001/src/routes/+layout.svelte:42
[  179229ms] [LOG] [plausible] render {diagramType: flowchart-v2, isRough: false, lengthBucket: 0-10, renderTimeMsBucket: 50-100} @ http://localhost:3001/src/lib/util/stats.ts:89
[  179658ms] [LOG] [plausible] version {mermaidVersion: 11.14.0} @ http://localhost:3001/src/lib/util/stats.ts:89
[  179722ms] [LOG] Loading '' @ http://localhost:3001/src/lib/util/state.ts:192
[  179774ms] [LOG] Registration successful, scope is: http://localhost:3001/ @ http://localhost:3001/src/routes/+layout.svelte:42
[  179815ms] [LOG] [plausible] render {diagramType: flowchart-v2, isRough: false, lengthBucket: 0-10, renderTimeMsBucket: 50-100} @ http://localhost:3001/src/lib/util/stats.ts:89
[  180225ms] [LOG] [plausible] version {mermaidVersion: 11.14.0} @ http://localhost:3001/src/lib/util/stats.ts:89
[  180291ms] [LOG] Loading '' @ http://localhost:3001/src/lib/util/state.ts:192
[  180340ms] [LOG] Registration successful, scope is: http://localhost:3001/ @ http://localhost:3001/src/routes/+layout.svelte:42
[  180376ms] [LOG] [plausible] render {diagramType: flowchart-v2, isRough: false, lengthBucket: 0-10, renderTimeMsBucket: 50-100} @ http://localhost:3001/src/lib/util/stats.ts:89
[  180852ms] [LOG] [plausible] version {mermaidVersion: 11.14.0} @ http://localhost:3001/src/lib/util/stats.ts:89
[  180919ms] [LOG] Loading '' @ http://localhost:3001/src/lib/util/state.ts:192
[  180983ms] [LOG] Registration successful, scope is: http://localhost:3001/ @ http://localhost:3001/src/routes/+layout.svelte:42
[  181061ms] [LOG] [plausible] render {diagramType: flowchart-v2, isRough: false, lengthBucket: 0-10, renderTimeMsBucket: 100-200} @ http://localhost:3001/src/lib/util/stats.ts:89
[  181518ms] [LOG] [plausible] version {mermaidVersion: 11.14.0} @ http://localhost:3001/src/lib/util/stats.ts:89
[  181583ms] [LOG] Loading '' @ http://localhost:3001/src/lib/util/state.ts:192
[  181628ms] [LOG] Registration successful, scope is: http://localhost:3001/ @ http://localhost:3001/src/routes/+layout.svelte:42
[  181659ms] [LOG] [plausible] render {diagramType: flowchart-v2, isRough: false, lengthBucket: 0-10, renderTimeMsBucket: 50-100} @ http://localhost:3001/src/lib/util/stats.ts:89
[  182119ms] [LOG] [plausible] version {mermaidVersion: 11.14.0} @ http://localhost:3001/src/lib/util/stats.ts:89
[  182188ms] [LOG] Loading '' @ http://localhost:3001/src/lib/util/state.ts:192
[  182241ms] [LOG] Registration successful, scope is: http://localhost:3001/ @ http://localhost:3001/src/routes/+layout.svelte:42
[  182275ms] [LOG] [plausible] render {diagramType: flowchart-v2, isRough: false, lengthBucket: 0-10, renderTimeMsBucket: 50-100} @ http://localhost:3001/src/lib/util/stats.ts:89
[  182707ms] [LOG] [plausible] version {mermaidVersion: 11.14.0} @ http://localhost:3001/src/lib/util/stats.ts:89
[  182769ms] [LOG] Loading '' @ http://localhost:3001/src/lib/util/state.ts:192
[  182821ms] [LOG] Registration successful, scope is: http://localhost:3001/ @ http://localhost:3001/src/routes/+layout.svelte:42
[  182853ms] [LOG] [plausible] render {diagramType: flowchart-v2, isRough: false, lengthBucket: 0-10, renderTimeMsBucket: 50-100} @ http://localhost:3001/src/lib/util/stats.ts:89
[  183281ms] [LOG] [plausible] version {mermaidVersion: 11.14.0} @ http://localhost:3001/src/lib/util/stats.ts:89
[  183345ms] [LOG] Loading '' @ http://localhost:3001/src/lib/util/state.ts:192
[  183398ms] [LOG] Registration successful, scope is: http://localhost:3001/ @ http://localhost:3001/src/routes/+layout.svelte:42
[  183439ms] [LOG] [plausible] render {diagramType: flowchart-v2, isRough: false, lengthBucket: 0-10, renderTimeMsBucket: 50-100} @ http://localhost:3001/src/lib/util/stats.ts:89
[  183870ms] [LOG] [plausible] version {mermaidVersion: 11.14.0} @ http://localhost:3001/src/lib/util/stats.ts:89
[  183938ms] [LOG] Loading '' @ http://localhost:3001/src/lib/util/state.ts:192
[  183991ms] [LOG] Registration successful, scope is: http://localhost:3001/ @ http://localhost:3001/src/routes/+layout.svelte:42
[  184030ms] [LOG] [plausible] render {diagramType: flowchart-v2, isRough: false, lengthBucket: 0-10, renderTimeMsBucket: 50-100} @ http://localhost:3001/src/lib/util/stats.ts:89
[  184460ms] [LOG] [plausible] version {mermaidVersion: 11.14.0} @ http://localhost:3001/src/lib/util/stats.ts:89
[  184528ms] [LOG] Loading '' @ http://localhost:3001/src/lib/util/state.ts:192
[  184582ms] [LOG] Registration successful, scope is: http://localhost:3001/ @ http://localhost:3001/src/routes/+layout.svelte:42
[  184624ms] [LOG] [plausible] render {diagramType: flowchart-v2, isRough: false, lengthBucket: 0-10, renderTimeMsBucket: 50-100} @ http://localhost:3001/src/lib/util/stats.ts:89
[  185052ms] [LOG] [plausible] version {mermaidVersion: 11.14.0} @ http://localhost:3001/src/lib/util/stats.ts:89
[  185120ms] [LOG] Loading '' @ http://localhost:3001/src/lib/util/state.ts:192
[  185170ms] [LOG] Registration successful, scope is: http://localhost:3001/ @ http://localhost:3001/src/routes/+layout.svelte:42
[  185208ms] [LOG] [plausible] render {diagramType: flowchart-v2, isRough: false, lengthBucket: 0-10, renderTimeMsBucket: 50-100} @ http://localhost:3001/src/lib/util/stats.ts:89
[  185640ms] [LOG] [plausible] version {mermaidVersion: 11.14.0} @ http://localhost:3001/src/lib/util/stats.ts:89
[  185709ms] [LOG] Loading '' @ http://localhost:3001/src/lib/util/state.ts:192
[  185763ms] [LOG] Registration successful, scope is: http://localhost:3001/ @ http://localhost:3001/src/routes/+layout.svelte:42
[  185801ms] [LOG] [plausible] render {diagramType: flowchart-v2, isRough: false, lengthBucket: 0-10, renderTimeMsBucket: 50-100} @ http://localhost:3001/src/lib/util/stats.ts:89
[  186271ms] [LOG] [plausible] version {mermaidVersion: 11.14.0} @ http://localhost:3001/src/lib/util/stats.ts:89
[  186336ms] [LOG] Loading '' @ http://localhost:3001/src/lib/util/state.ts:192
[  186390ms] [LOG] Registration successful, scope is: http://localhost:3001/ @ http://localhost:3001/src/routes/+layout.svelte:42
[  186431ms] [LOG] [plausible] render {diagramType: flowchart-v2, isRough: false, lengthBucket: 0-10, renderTimeMsBucket: 50-100} @ http://localhost:3001/src/lib/util/stats.ts:89
[  186862ms] [LOG] [plausible] version {mermaidVersion: 11.14.0} @ http://localhost:3001/src/lib/util/stats.ts:89
[  186921ms] [LOG] Loading '' @ http://localhost:3001/src/lib/util/state.ts:192
[  186976ms] [LOG] Registration successful, scope is: http://localhost:3001/ @ http://localhost:3001/src/routes/+layout.svelte:42
[  187015ms] [LOG] [plausible] render {diagramType: flowchart-v2, isRough: false, lengthBucket: 0-10, renderTimeMsBucket: 50-100} @ http://localhost:3001/src/lib/util/stats.ts:89
[  187438ms] [LOG] [plausible] version {mermaidVersion: 11.14.0} @ http://localhost:3001/src/lib/util/stats.ts:89
[  187509ms] [LOG] Loading '' @ http://localhost:3001/src/lib/util/state.ts:192
[  187566ms] [LOG] Registration successful, scope is: http://localhost:3001/ @ http://localhost:3001/src/routes/+layout.svelte:42
[  187606ms] [LOG] [plausible] render {diagramType: flowchart-v2, isRough: false, lengthBucket: 0-10, renderTimeMsBucket: 50-100} @ http://localhost:3001/src/lib/util/stats.ts:89
[  188019ms] [LOG] [plausible] version {mermaidVersion: 11.14.0} @ http://localhost:3001/src/lib/util/stats.ts:89
[  188086ms] [LOG] Loading '' @ http://localhost:3001/src/lib/util/state.ts:192
[  188141ms] [LOG] Registration successful, scope is: http://localhost:3001/ @ http://localhost:3001/src/routes/+layout.svelte:42
[  188188ms] [LOG] [plausible] render {diagramType: flowchart-v2, isRough: false, lengthBucket: 0-10, renderTimeMsBucket: 50-100} @ http://localhost:3001/src/lib/util/stats.ts:89
[  188605ms] [LOG] [plausible] version {mermaidVersion: 11.14.0} @ http://localhost:3001/src/lib/util/stats.ts:89
[  188664ms] [LOG] Loading '' @ http://localhost:3001/src/lib/util/state.ts:192
[  188713ms] [LOG] Registration successful, scope is: http://localhost:3001/ @ http://localhost:3001/src/routes/+layout.svelte:42
[  188757ms] [LOG] [plausible] render {diagramType: flowchart-v2, isRough: false, lengthBucket: 0-10, renderTimeMsBucket: 50-100} @ http://localhost:3001/src/lib/util/stats.ts:89
[  189176ms] [LOG] [plausible] version {mermaidVersion: 11.14.0} @ http://localhost:3001/src/lib/util/stats.ts:89
[  189239ms] [LOG] Loading '' @ http://localhost:3001/src/lib/util/state.ts:192
[  189297ms] [LOG] Registration successful, scope is: http://localhost:3001/ @ http://localhost:3001/src/routes/+layout.svelte:42
[  189353ms] [LOG] [plausible] render {diagramType: flowchart-v2, isRough: false, lengthBucket: 0-10, renderTimeMsBucket: 50-100} @ http://localhost:3001/src/lib/util/stats.ts:89
[  189817ms] [LOG] [plausible] version {mermaidVersion: 11.14.0} @ http://localhost:3001/src/lib/util/stats.ts:89
[  189883ms] [LOG] Loading '' @ http://localhost:3001/src/lib/util/state.ts:192
[  189930ms] [LOG] Registration successful, scope is: http://localhost:3001/ @ http://localhost:3001/src/routes/+layout.svelte:42
[  190002ms] [LOG] [plausible] render {diagramType: flowchart-v2, isRough: false, lengthBucket: 0-10, renderTimeMsBucket: 50-100} @ http://localhost:3001/src/lib/util/stats.ts:89
[  190435ms] [LOG] [plausible] version {mermaidVersion: 11.14.0} @ http://localhost:3001/src/lib/util/stats.ts:89
[  190501ms] [LOG] Loading '' @ http://localhost:3001/src/lib/util/state.ts:192
[  190553ms] [LOG] Registration successful, scope is: http://localhost:3001/ @ http://localhost:3001/src/routes/+layout.svelte:42
[  190621ms] [LOG] [plausible] render {diagramType: flowchart-v2, isRough: false, lengthBucket: 0-10, renderTimeMsBucket: 50-100} @ http://localhost:3001/src/lib/util/stats.ts:89
[  191041ms] [LOG] [plausible] version {mermaidVersion: 11.14.0} @ http://localhost:3001/src/lib/util/stats.ts:89
[  191105ms] [LOG] Loading '' @ http://localhost:3001/src/lib/util/state.ts:192
[  191162ms] [LOG] Registration successful, scope is: http://localhost:3001/ @ http://localhost:3001/src/routes/+layout.svelte:42
[  191215ms] [LOG] [plausible] render {diagramType: flowchart-v2, isRough: false, lengthBucket: 0-10, renderTimeMsBucket: 50-100} @ http://localhost:3001/src/lib/util/stats.ts:89
[  191650ms] [LOG] [plausible] version {mermaidVersion: 11.14.0} @ http://localhost:3001/src/lib/util/stats.ts:89
[  191709ms] [LOG] Loading '' @ http://localhost:3001/src/lib/util/state.ts:192
[  191767ms] [LOG] Registration successful, scope is: http://localhost:3001/ @ http://localhost:3001/src/routes/+layout.svelte:42
[  191822ms] [LOG] [plausible] render {diagramType: flowchart-v2, isRough: false, lengthBucket: 0-10, renderTimeMsBucket: 50-100} @ http://localhost:3001/src/lib/util/stats.ts:89
[  192261ms] [LOG] [plausible] version {mermaidVersion: 11.14.0} @ http://localhost:3001/src/lib/util/stats.ts:89
[  192321ms] [LOG] Loading '' @ http://localhost:3001/src/lib/util/state.ts:192
[  192380ms] [LOG] Registration successful, scope is: http://localhost:3001/ @ http://localhost:3001/src/routes/+layout.svelte:42
[  192432ms] [LOG] [plausible] render {diagramType: flowchart-v2, isRough: false, lengthBucket: 0-10, renderTimeMsBucket: 50-100} @ http://localhost:3001/src/lib/util/stats.ts:89
[  192875ms] [LOG] [plausible] version {mermaidVersion: 11.14.0} @ http://localhost:3001/src/lib/util/stats.ts:89
[  192944ms] [LOG] Loading '' @ http://localhost:3001/src/lib/util/state.ts:192
[  192994ms] [LOG] Registration successful, scope is: http://localhost:3001/ @ http://localhost:3001/src/routes/+layout.svelte:42
[  193035ms] [LOG] [plausible] render {diagramType: flowchart-v2, isRough: false, lengthBucket: 0-10, renderTimeMsBucket: 50-100} @ http://localhost:3001/src/lib/util/stats.ts:89
[  193506ms] [LOG] [plausible] version {mermaidVersion: 11.14.0} @ http://localhost:3001/src/lib/util/stats.ts:89
[  193571ms] [LOG] Loading '' @ http://localhost:3001/src/lib/util/state.ts:192
[  193624ms] [LOG] Registration successful, scope is: http://localhost:3001/ @ http://localhost:3001/src/routes/+layout.svelte:42
[  193670ms] [LOG] [plausible] render {diagramType: flowchart-v2, isRough: false, lengthBucket: 0-10, renderTimeMsBucket: 50-100} @ http://localhost:3001/src/lib/util/stats.ts:89
[  194108ms] [LOG] [plausible] version {mermaidVersion: 11.14.0} @ http://localhost:3001/src/lib/util/stats.ts:89
[  194177ms] [LOG] Loading '' @ http://localhost:3001/src/lib/util/state.ts:192
[  194218ms] [LOG] Registration successful, scope is: http://localhost:3001/ @ http://localhost:3001/src/routes/+layout.svelte:42
[  194265ms] [LOG] [plausible] render {diagramType: flowchart-v2, isRough: false, lengthBucket: 0-10, renderTimeMsBucket: 50-100} @ http://localhost:3001/src/lib/util/stats.ts:89
[  194767ms] [LOG] [plausible] version {mermaidVersion: 11.14.0} @ http://localhost:3001/src/lib/util/stats.ts:89
[  194830ms] [LOG] Loading '' @ http://localhost:3001/src/lib/util/state.ts:192
[  194878ms] [LOG] Registration successful, scope is: http://localhost:3001/ @ http://localhost:3001/src/routes/+layout.svelte:42
[  194913ms] [LOG] [plausible] render {diagramType: flowchart-v2, isRough: false, lengthBucket: 0-10, renderTimeMsBucket: 50-100} @ http://localhost:3001/src/lib/util/stats.ts:89
[  195370ms] [LOG] [plausible] version {mermaidVersion: 11.14.0} @ http://localhost:3001/src/lib/util/stats.ts:89
[  195439ms] [LOG] Loading '' @ http://localhost:3001/src/lib/util/state.ts:192
[  195494ms] [LOG] Registration successful, scope is: http://localhost:3001/ @ http://localhost:3001/src/routes/+layout.svelte:42
[  195533ms] [LOG] [plausible] render {diagramType: flowchart-v2, isRough: false, lengthBucket: 0-10, renderTimeMsBucket: 50-100} @ http://localhost:3001/src/lib/util/stats.ts:89
[  195982ms] [LOG] [plausible] version {mermaidVersion: 11.14.0} @ http://localhost:3001/src/lib/util/stats.ts:89
[  196048ms] [LOG] Loading '' @ http://localhost:3001/src/lib/util/state.ts:192
[  196094ms] [LOG] Registration successful, scope is: http://localhost:3001/ @ http://localhost:3001/src/routes/+layout.svelte:42
[  196135ms] [LOG] [plausible] render {diagramType: flowchart-v2, isRough: false, lengthBucket: 0-10, renderTimeMsBucket: 50-100} @ http://localhost:3001/src/lib/util/stats.ts:89
[  196602ms] [LOG] [plausible] version {mermaidVersion: 11.14.0} @ http://localhost:3001/src/lib/util/stats.ts:89
[  196667ms] [LOG] Loading '' @ http://localhost:3001/src/lib/util/state.ts:192
[  196722ms] [LOG] Registration successful, scope is: http://localhost:3001/ @ http://localhost:3001/src/routes/+layout.svelte:42
[  196760ms] [LOG] [plausible] render {diagramType: flowchart-v2, isRough: false, lengthBucket: 0-10, renderTimeMsBucket: 50-100} @ http://localhost:3001/src/lib/util/stats.ts:89
[  197215ms] [LOG] [plausible] version {mermaidVersion: 11.14.0} @ http://localhost:3001/src/lib/util/stats.ts:89
[  197276ms] [LOG] Loading '' @ http://localhost:3001/src/lib/util/state.ts:192
[  197333ms] [LOG] Registration successful, scope is: http://localhost:3001/ @ http://localhost:3001/src/routes/+layout.svelte:42
[  197374ms] [LOG] [plausible] render {diagramType: flowchart-v2, isRough: false, lengthBucket: 0-10, renderTimeMsBucket: 50-100} @ http://localhost:3001/src/lib/util/stats.ts:89
[  197818ms] [LOG] [plausible] version {mermaidVersion: 11.14.0} @ http://localhost:3001/src/lib/util/stats.ts:89
[  197888ms] [LOG] Loading '' @ http://localhost:3001/src/lib/util/state.ts:192
[  197945ms] [LOG] Registration successful, scope is: http://localhost:3001/ @ http://localhost:3001/src/routes/+layout.svelte:42
[  197984ms] [LOG] [plausible] render {diagramType: flowchart-v2, isRough: false, lengthBucket: 0-10, renderTimeMsBucket: 50-100} @ http://localhost:3001/src/lib/util/stats.ts:89
[  198469ms] [LOG] [plausible] version {mermaidVersion: 11.14.0} @ http://localhost:3001/src/lib/util/stats.ts:89
[  198533ms] [LOG] Loading '' @ http://localhost:3001/src/lib/util/state.ts:192
[  198592ms] [LOG] Registration successful, scope is: http://localhost:3001/ @ http://localhost:3001/src/routes/+layout.svelte:42
[  198633ms] [LOG] [plausible] render {diagramType: flowchart-v2, isRough: false, lengthBucket: 0-10, renderTimeMsBucket: 50-100} @ http://localhost:3001/src/lib/util/stats.ts:89
[  199069ms] [LOG] [plausible] version {mermaidVersion: 11.14.0} @ http://localhost:3001/src/lib/util/stats.ts:89
[  199132ms] [LOG] Loading '' @ http://localhost:3001/src/lib/util/state.ts:192
[  199185ms] [LOG] Registration successful, scope is: http://localhost:3001/ @ http://localhost:3001/src/routes/+layout.svelte:42
[  199226ms] [LOG] [plausible] render {diagramType: flowchart-v2, isRough: false, lengthBucket: 0-10, renderTimeMsBucket: 50-100} @ http://localhost:3001/src/lib/util/stats.ts:89
[  199694ms] [LOG] [plausible] version {mermaidVersion: 11.14.0} @ http://localhost:3001/src/lib/util/stats.ts:89
[  199750ms] [LOG] Loading '' @ http://localhost:3001/src/lib/util/state.ts:192
[  199801ms] [LOG] Registration successful, scope is: http://localhost:3001/ @ http://localhost:3001/src/routes/+layout.svelte:42
[  199843ms] [LOG] [plausible] render {diagramType: flowchart-v2, isRough: false, lengthBucket: 0-10, renderTimeMsBucket: 50-100} @ http://localhost:3001/src/lib/util/stats.ts:89
[  200301ms] [LOG] [plausible] version {mermaidVersion: 11.14.0} @ http://localhost:3001/src/lib/util/stats.ts:89
[  200363ms] [LOG] Loading '' @ http://localhost:3001/src/lib/util/state.ts:192
[  200419ms] [LOG] Registration successful, scope is: http://localhost:3001/ @ http://localhost:3001/src/routes/+layout.svelte:42
[  200458ms] [LOG] [plausible] render {diagramType: flowchart-v2, isRough: false, lengthBucket: 0-10, renderTimeMsBucket: 50-100} @ http://localhost:3001/src/lib/util/stats.ts:89
[  200903ms] [LOG] [plausible] version {mermaidVersion: 11.14.0} @ http://localhost:3001/src/lib/util/stats.ts:89
[  200972ms] [LOG] Loading '' @ http://localhost:3001/src/lib/util/state.ts:192
[  201029ms] [LOG] Registration successful, scope is: http://localhost:3001/ @ http://localhost:3001/src/routes/+layout.svelte:42
[  201068ms] [LOG] [plausible] render {diagramType: flowchart-v2, isRough: false, lengthBucket: 0-10, renderTimeMsBucket: 50-100} @ http://localhost:3001/src/lib/util/stats.ts:89
[  201504ms] [LOG] [plausible] version {mermaidVersion: 11.14.0} @ http://localhost:3001/src/lib/util/stats.ts:89
[  201574ms] [LOG] Loading '' @ http://localhost:3001/src/lib/util/state.ts:192
[  201626ms] [LOG] Registration successful, scope is: http://localhost:3001/ @ http://localhost:3001/src/routes/+layout.svelte:42
[  201663ms] [LOG] [plausible] render {diagramType: flowchart-v2, isRough: false, lengthBucket: 0-10, renderTimeMsBucket: 50-100} @ http://localhost:3001/src/lib/util/stats.ts:89
[  202137ms] [LOG] [plausible] version {mermaidVersion: 11.14.0} @ http://localhost:3001/src/lib/util/stats.ts:89
[  202203ms] [LOG] Loading '' @ http://localhost:3001/src/lib/util/state.ts:192
[  202259ms] [LOG] Registration successful, scope is: http://localhost:3001/ @ http://localhost:3001/src/routes/+layout.svelte:42
[  202309ms] [LOG] [plausible] render {diagramType: flowchart-v2, isRough: false, lengthBucket: 0-10, renderTimeMsBucket: 50-100} @ http://localhost:3001/src/lib/util/stats.ts:89
[  202778ms] [LOG] [plausible] version {mermaidVersion: 11.14.0} @ http://localhost:3001/src/lib/util/stats.ts:89
[  202837ms] [LOG] Loading '' @ http://localhost:3001/src/lib/util/state.ts:192
[  202896ms] [LOG] Registration successful, scope is: http://localhost:3001/ @ http://localhost:3001/src/routes/+layout.svelte:42
[  202959ms] [LOG] [plausible] render {diagramType: flowchart-v2, isRough: false, lengthBucket: 0-10, renderTimeMsBucket: 50-100} @ http://localhost:3001/src/lib/util/stats.ts:89
[  203417ms] [LOG] [plausible] version {mermaidVersion: 11.14.0} @ http://localhost:3001/src/lib/util/stats.ts:89
[  203480ms] [LOG] Loading '' @ http://localhost:3001/src/lib/util/state.ts:192
[  203539ms] [LOG] Registration successful, scope is: http://localhost:3001/ @ http://localhost:3001/src/routes/+layout.svelte:42
[  203579ms] [LOG] [plausible] render {diagramType: flowchart-v2, isRough: false, lengthBucket: 0-10, renderTimeMsBucket: 50-100} @ http://localhost:3001/src/lib/util/stats.ts:89
[  204035ms] [LOG] [plausible] version {mermaidVersion: 11.14.0} @ http://localhost:3001/src/lib/util/stats.ts:89
[  204104ms] [LOG] Loading '' @ http://localhost:3001/src/lib/util/state.ts:192
[  204159ms] [LOG] Registration successful, scope is: http://localhost:3001/ @ http://localhost:3001/src/routes/+layout.svelte:42
[  204213ms] [LOG] [plausible] render {diagramType: flowchart-v2, isRough: false, lengthBucket: 0-10, renderTimeMsBucket: 50-100} @ http://localhost:3001/src/lib/util/stats.ts:89
[  204641ms] [LOG] [plausible] version {mermaidVersion: 11.14.0} @ http://localhost:3001/src/lib/util/stats.ts:89
[  204697ms] [LOG] Loading '' @ http://localhost:3001/src/lib/util/state.ts:192
[  204744ms] [LOG] Registration successful, scope is: http://localhost:3001/ @ http://localhost:3001/src/routes/+layout.svelte:42
[  204784ms] [LOG] [plausible] render {diagramType: flowchart-v2, isRough: false, lengthBucket: 0-10, renderTimeMsBucket: 50-100} @ http://localhost:3001/src/lib/util/stats.ts:89
[  205235ms] [LOG] [plausible] version {mermaidVersion: 11.14.0} @ http://localhost:3001/src/lib/util/stats.ts:89
[  205298ms] [LOG] Loading '' @ http://localhost:3001/src/lib/util/state.ts:192
[  205357ms] [LOG] Registration successful, scope is: http://localhost:3001/ @ http://localhost:3001/src/routes/+layout.svelte:42
[  205409ms] [LOG] [plausible] render {diagramType: flowchart-v2, isRough: false, lengthBucket: 0-10, renderTimeMsBucket: 50-100} @ http://localhost:3001/src/lib/util/stats.ts:89
[  205928ms] [LOG] [plausible] version {mermaidVersion: 11.14.0} @ http://localhost:3001/src/lib/util/stats.ts:89
[  205997ms] [LOG] Loading '' @ http://localhost:3001/src/lib/util/state.ts:192
[  206046ms] [LOG] Registration successful, scope is: http://localhost:3001/ @ http://localhost:3001/src/routes/+layout.svelte:42
[  206082ms] [LOG] [plausible] render {diagramType: flowchart-v2, isRough: false, lengthBucket: 0-10, renderTimeMsBucket: 50-100} @ http://localhost:3001/src/lib/util/stats.ts:89
[  206537ms] [LOG] [plausible] version {mermaidVersion: 11.14.0} @ http://localhost:3001/src/lib/util/stats.ts:89
[  206604ms] [LOG] Loading '' @ http://localhost:3001/src/lib/util/state.ts:192
[  206656ms] [LOG] Registration successful, scope is: http://localhost:3001/ @ http://localhost:3001/src/routes/+layout.svelte:42
[  206702ms] [LOG] [plausible] render {diagramType: flowchart-v2, isRough: false, lengthBucket: 0-10, renderTimeMsBucket: 50-100} @ http://localhost:3001/src/lib/util/stats.ts:89
[  207132ms] [LOG] [plausible] version {mermaidVersion: 11.14.0} @ http://localhost:3001/src/lib/util/stats.ts:89
[  207191ms] [LOG] Loading '' @ http://localhost:3001/src/lib/util/state.ts:192
[  207240ms] [LOG] Registration successful, scope is: http://localhost:3001/ @ http://localhost:3001/src/routes/+layout.svelte:42
[  207275ms] [LOG] [plausible] render {diagramType: flowchart-v2, isRough: false, lengthBucket: 0-10, renderTimeMsBucket: 50-100} @ http://localhost:3001/src/lib/util/stats.ts:89
[  207741ms] [LOG] [plausible] version {mermaidVersion: 11.14.0} @ http://localhost:3001/src/lib/util/stats.ts:89
[  207807ms] [LOG] Loading '' @ http://localhost:3001/src/lib/util/state.ts:192
[  207854ms] [LOG] Registration successful, scope is: http://localhost:3001/ @ http://localhost:3001/src/routes/+layout.svelte:42
[  207899ms] [LOG] [plausible] render {diagramType: flowchart-v2, isRough: false, lengthBucket: 0-10, renderTimeMsBucket: 50-100} @ http://localhost:3001/src/lib/util/stats.ts:89
[  208341ms] [LOG] [plausible] version {mermaidVersion: 11.14.0} @ http://localhost:3001/src/lib/util/stats.ts:89
[  208411ms] [LOG] Loading '' @ http://localhost:3001/src/lib/util/state.ts:192
[  208460ms] [LOG] Registration successful, scope is: http://localhost:3001/ @ http://localhost:3001/src/routes/+layout.svelte:42
[  208497ms] [LOG] [plausible] render {diagramType: flowchart-v2, isRough: false, lengthBucket: 0-10, renderTimeMsBucket: 50-100} @ http://localhost:3001/src/lib/util/stats.ts:89
[  208961ms] [LOG] [plausible] version {mermaidVersion: 11.14.0} @ http://localhost:3001/src/lib/util/stats.ts:89
[  209031ms] [LOG] Loading '' @ http://localhost:3001/src/lib/util/state.ts:192
[  209081ms] [LOG] Registration successful, scope is: http://localhost:3001/ @ http://localhost:3001/src/routes/+layout.svelte:42
[  209117ms] [LOG] [plausible] render {diagramType: flowchart-v2, isRough: false, lengthBucket: 0-10, renderTimeMsBucket: 50-100} @ http://localhost:3001/src/lib/util/stats.ts:89
[  209569ms] [LOG] [plausible] version {mermaidVersion: 11.14.0} @ http://localhost:3001/src/lib/util/stats.ts:89
[  209627ms] [LOG] Loading '' @ http://localhost:3001/src/lib/util/state.ts:192
[  209684ms] [LOG] Registration successful, scope is: http://localhost:3001/ @ http://localhost:3001/src/routes/+layout.svelte:42
[  209726ms] [LOG] [plausible] render {diagramType: flowchart-v2, isRough: false, lengthBucket: 0-10, renderTimeMsBucket: 50-100} @ http://localhost:3001/src/lib/util/stats.ts:89
[  210144ms] [LOG] [plausible] version {mermaidVersion: 11.14.0} @ http://localhost:3001/src/lib/util/stats.ts:89
[  210204ms] [LOG] Loading '' @ http://localhost:3001/src/lib/util/state.ts:192
[  210257ms] [LOG] Registration successful, scope is: http://localhost:3001/ @ http://localhost:3001/src/routes/+layout.svelte:42
[  210306ms] [LOG] [plausible] render {diagramType: flowchart-v2, isRough: false, lengthBucket: 0-10, renderTimeMsBucket: 50-100} @ http://localhost:3001/src/lib/util/stats.ts:89
[  210779ms] [LOG] [plausible] version {mermaidVersion: 11.14.0} @ http://localhost:3001/src/lib/util/stats.ts:89
[  210846ms] [LOG] Loading '' @ http://localhost:3001/src/lib/util/state.ts:192
[  210900ms] [LOG] Registration successful, scope is: http://localhost:3001/ @ http://localhost:3001/src/routes/+layout.svelte:42
[  210960ms] [LOG] [plausible] render {diagramType: flowchart-v2, isRough: false, lengthBucket: 0-10, renderTimeMsBucket: 50-100} @ http://localhost:3001/src/lib/util/stats.ts:89
[  211394ms] [LOG] [plausible] version {mermaidVersion: 11.14.0} @ http://localhost:3001/src/lib/util/stats.ts:89
[  211449ms] [LOG] Loading '' @ http://localhost:3001/src/lib/util/state.ts:192
[  211502ms] [LOG] Registration successful, scope is: http://localhost:3001/ @ http://localhost:3001/src/routes/+layout.svelte:42
[  211541ms] [LOG] [plausible] render {diagramType: flowchart-v2, isRough: false, lengthBucket: 0-10, renderTimeMsBucket: 50-100} @ http://localhost:3001/src/lib/util/stats.ts:89
[  211989ms] [LOG] [plausible] version {mermaidVersion: 11.14.0} @ http://localhost:3001/src/lib/util/stats.ts:89
[  212059ms] [LOG] Loading '' @ http://localhost:3001/src/lib/util/state.ts:192
[  212110ms] [LOG] Registration successful, scope is: http://localhost:3001/ @ http://localhost:3001/src/routes/+layout.svelte:42
[  212148ms] [LOG] [plausible] render {diagramType: flowchart-v2, isRough: false, lengthBucket: 0-10, renderTimeMsBucket: 50-100} @ http://localhost:3001/src/lib/util/stats.ts:89
[  212547ms] [LOG] [plausible] version {mermaidVersion: 11.14.0} @ http://localhost:3001/src/lib/util/stats.ts:89
[  212614ms] [LOG] Loading '' @ http://localhost:3001/src/lib/util/state.ts:192
[  212663ms] [LOG] Registration successful, scope is: http://localhost:3001/ @ http://localhost:3001/src/routes/+layout.svelte:42
[  212700ms] [LOG] [plausible] render {diagramType: flowchart-v2, isRough: false, lengthBucket: 0-10, renderTimeMsBucket: 50-100} @ http://localhost:3001/src/lib/util/stats.ts:89
[  213134ms] [LOG] [plausible] version {mermaidVersion: 11.14.0} @ http://localhost:3001/src/lib/util/stats.ts:89
[  213201ms] [LOG] Loading '' @ http://localhost:3001/src/lib/util/state.ts:192
[  213255ms] [LOG] Registration successful, scope is: http://localhost:3001/ @ http://localhost:3001/src/routes/+layout.svelte:42
[  213293ms] [LOG] [plausible] render {diagramType: flowchart-v2, isRough: false, lengthBucket: 0-10, renderTimeMsBucket: 50-100} @ http://localhost:3001/src/lib/util/stats.ts:89
[  213751ms] [LOG] [plausible] version {mermaidVersion: 11.14.0} @ http://localhost:3001/src/lib/util/stats.ts:89
[  213814ms] [LOG] Loading '' @ http://localhost:3001/src/lib/util/state.ts:192
[  213866ms] [LOG] Registration successful, scope is: http://localhost:3001/ @ http://localhost:3001/src/routes/+layout.svelte:42
[  213905ms] [LOG] [plausible] render {diagramType: flowchart-v2, isRough: false, lengthBucket: 0-10, renderTimeMsBucket: 50-100} @ http://localhost:3001/src/lib/util/stats.ts:89
[  214305ms] [LOG] [plausible] version {mermaidVersion: 11.14.0} @ http://localhost:3001/src/lib/util/stats.ts:89
[  214381ms] [LOG] Loading '' @ http://localhost:3001/src/lib/util/state.ts:192
[  214437ms] [LOG] Registration successful, scope is: http://localhost:3001/ @ http://localhost:3001/src/routes/+layout.svelte:42
[  214479ms] [LOG] [plausible] render {diagramType: flowchart-v2, isRough: false, lengthBucket: 0-10, renderTimeMsBucket: 50-100} @ http://localhost:3001/src/lib/util/stats.ts:89
[  214900ms] [LOG] [plausible] version {mermaidVersion: 11.14.0} @ http://localhost:3001/src/lib/util/stats.ts:89
[  214964ms] [LOG] Loading '' @ http://localhost:3001/src/lib/util/state.ts:192
[  215021ms] [LOG] Registration successful, scope is: http://localhost:3001/ @ http://localhost:3001/src/routes/+layout.svelte:42
[  215073ms] [LOG] [plausible] render {diagramType: flowchart-v2, isRough: false, lengthBucket: 0-10, renderTimeMsBucket: 50-100} @ http://localhost:3001/src/lib/util/stats.ts:89
[  215560ms] [LOG] [plausible] version {mermaidVersion: 11.14.0} @ http://localhost:3001/src/lib/util/stats.ts:89
[  215627ms] [LOG] Loading '' @ http://localhost:3001/src/lib/util/state.ts:192
[  215693ms] [LOG] Registration successful, scope is: http://localhost:3001/ @ http://localhost:3001/src/routes/+layout.svelte:42
[  215741ms] [LOG] [plausible] render {diagramType: flowchart-v2, isRough: false, lengthBucket: 0-10, renderTimeMsBucket: 50-100} @ http://localhost:3001/src/lib/util/stats.ts:89
[  216200ms] [LOG] [plausible] version {mermaidVersion: 11.14.0} @ http://localhost:3001/src/lib/util/stats.ts:89
[  216266ms] [LOG] Loading '' @ http://localhost:3001/src/lib/util/state.ts:192
[  216314ms] [LOG] Registration successful, scope is: http://localhost:3001/ @ http://localhost:3001/src/routes/+layout.svelte:42
[  216396ms] [LOG] [plausible] render {diagramType: flowchart-v2, isRough: false, lengthBucket: 0-10, renderTimeMsBucket: 100-200} @ http://localhost:3001/src/lib/util/stats.ts:89
[  216834ms] [LOG] [plausible] version {mermaidVersion: 11.14.0} @ http://localhost:3001/src/lib/util/stats.ts:89
[  216902ms] [LOG] Loading '' @ http://localhost:3001/src/lib/util/state.ts:192
[  216963ms] [LOG] Registration successful, scope is: http://localhost:3001/ @ http://localhost:3001/src/routes/+layout.svelte:42
[  217000ms] [LOG] [plausible] render {diagramType: flowchart-v2, isRough: false, lengthBucket: 0-10, renderTimeMsBucket: 50-100} @ http://localhost:3001/src/lib/util/stats.ts:89
[  217397ms] [LOG] [plausible] version {mermaidVersion: 11.14.0} @ http://localhost:3001/src/lib/util/stats.ts:89
[  217461ms] [LOG] Loading '' @ http://localhost:3001/src/lib/util/state.ts:192
[  217530ms] [LOG] Registration successful, scope is: http://localhost:3001/ @ http://localhost:3001/src/routes/+layout.svelte:42
[  217572ms] [LOG] [plausible] render {diagramType: flowchart-v2, isRough: false, lengthBucket: 0-10, renderTimeMsBucket: 50-100} @ http://localhost:3001/src/lib/util/stats.ts:89
[  217992ms] [LOG] [plausible] version {mermaidVersion: 11.14.0} @ http://localhost:3001/src/lib/util/stats.ts:89
[  218066ms] [LOG] Loading '' @ http://localhost:3001/src/lib/util/state.ts:192
[  218119ms] [LOG] Registration successful, scope is: http://localhost:3001/ @ http://localhost:3001/src/routes/+layout.svelte:42
[  218165ms] [LOG] [plausible] render {diagramType: flowchart-v2, isRough: false, lengthBucket: 0-10, renderTimeMsBucket: 50-100} @ http://localhost:3001/src/lib/util/stats.ts:89
[  218610ms] [LOG] [plausible] version {mermaidVersion: 11.14.0} @ http://localhost:3001/src/lib/util/stats.ts:89
[  218680ms] [LOG] Loading '' @ http://localhost:3001/src/lib/util/state.ts:192
[  218738ms] [LOG] Registration successful, scope is: http://localhost:3001/ @ http://localhost:3001/src/routes/+layout.svelte:42
[  218778ms] [LOG] [plausible] render {diagramType: flowchart-v2, isRough: false, lengthBucket: 0-10, renderTimeMsBucket: 50-100} @ http://localhost:3001/src/lib/util/stats.ts:89
[  219271ms] [LOG] [plausible] version {mermaidVersion: 11.14.0} @ http://localhost:3001/src/lib/util/stats.ts:89
[  219340ms] [LOG] Loading '' @ http://localhost:3001/src/lib/util/state.ts:192
[  219387ms] [LOG] Registration successful, scope is: http://localhost:3001/ @ http://localhost:3001/src/routes/+layout.svelte:42
[  219422ms] [LOG] [plausible] render {diagramType: flowchart-v2, isRough: false, lengthBucket: 0-10, renderTimeMsBucket: 50-100} @ http://localhost:3001/src/lib/util/stats.ts:89
[  219880ms] [LOG] [plausible] version {mermaidVersion: 11.14.0} @ http://localhost:3001/src/lib/util/stats.ts:89
[  219950ms] [LOG] Loading '' @ http://localhost:3001/src/lib/util/state.ts:192
[  219997ms] [LOG] Registration successful, scope is: http://localhost:3001/ @ http://localhost:3001/src/routes/+layout.svelte:42
[  220025ms] [LOG] [plausible] render {diagramType: flowchart-v2, isRough: false, lengthBucket: 0-10, renderTimeMsBucket: 25-50} @ http://localhost:3001/src/lib/util/stats.ts:89
[  220481ms] [LOG] [plausible] version {mermaidVersion: 11.14.0} @ http://localhost:3001/src/lib/util/stats.ts:89
[  220550ms] [LOG] Loading '' @ http://localhost:3001/src/lib/util/state.ts:192
[  220600ms] [LOG] Registration successful, scope is: http://localhost:3001/ @ http://localhost:3001/src/routes/+layout.svelte:42
[  220643ms] [LOG] [plausible] render {diagramType: flowchart-v2, isRough: false, lengthBucket: 0-10, renderTimeMsBucket: 50-100} @ http://localhost:3001/src/lib/util/stats.ts:89
[  221210ms] [LOG] [plausible] version {mermaidVersion: 11.14.0} @ http://localhost:3001/src/lib/util/stats.ts:89
[  221275ms] [LOG] Loading '' @ http://localhost:3001/src/lib/util/state.ts:192
[  221322ms] [LOG] Registration successful, scope is: http://localhost:3001/ @ http://localhost:3001/src/routes/+layout.svelte:42
[  221358ms] [LOG] [plausible] render {diagramType: flowchart-v2, isRough: false, lengthBucket: 0-10, renderTimeMsBucket: 50-100} @ http://localhost:3001/src/lib/util/stats.ts:89
[  221921ms] [LOG] [plausible] version {mermaidVersion: 11.14.0} @ http://localhost:3001/src/lib/util/stats.ts:89
[  221992ms] [LOG] Loading '' @ http://localhost:3001/src/lib/util/state.ts:192
[  222044ms] [LOG] Registration successful, scope is: http://localhost:3001/ @ http://localhost:3001/src/routes/+layout.svelte:42
[  222090ms] [LOG] [plausible] render {diagramType: flowchart-v2, isRough: false, lengthBucket: 0-10, renderTimeMsBucket: 50-100} @ http://localhost:3001/src/lib/util/stats.ts:89
[  222652ms] [LOG] [plausible] version {mermaidVersion: 11.14.0} @ http://localhost:3001/src/lib/util/stats.ts:89
[  222720ms] [LOG] Loading '' @ http://localhost:3001/src/lib/util/state.ts:192
[  222772ms] [LOG] Registration successful, scope is: http://localhost:3001/ @ http://localhost:3001/src/routes/+layout.svelte:42
[  222807ms] [LOG] [plausible] render {diagramType: flowchart-v2, isRough: false, lengthBucket: 0-10, renderTimeMsBucket: 50-100} @ http://localhost:3001/src/lib/util/stats.ts:89
[  223398ms] [LOG] [plausible] version {mermaidVersion: 11.14.0} @ http://localhost:3001/src/lib/util/stats.ts:89
[  223459ms] [LOG] Loading '' @ http://localhost:3001/src/lib/util/state.ts:192
[  223510ms] [LOG] Registration successful, scope is: http://localhost:3001/ @ http://localhost:3001/src/routes/+layout.svelte:42
[  223562ms] [LOG] [plausible] render {diagramType: flowchart-v2, isRough: false, lengthBucket: 0-10, renderTimeMsBucket: 50-100} @ http://localhost:3001/src/lib/util/stats.ts:89
[  224137ms] [LOG] [plausible] version {mermaidVersion: 11.14.0} @ http://localhost:3001/src/lib/util/stats.ts:89
[  224200ms] [LOG] Loading '' @ http://localhost:3001/src/lib/util/state.ts:192
[  224252ms] [LOG] Registration successful, scope is: http://localhost:3001/ @ http://localhost:3001/src/routes/+layout.svelte:42
[  224288ms] [LOG] [plausible] render {diagramType: flowchart-v2, isRough: false, lengthBucket: 0-10, renderTimeMsBucket: 50-100} @ http://localhost:3001/src/lib/util/stats.ts:89
[  224878ms] [LOG] [plausible] version {mermaidVersion: 11.14.0} @ http://localhost:3001/src/lib/util/stats.ts:89
[  224937ms] [LOG] Loading '' @ http://localhost:3001/src/lib/util/state.ts:192
[  224989ms] [LOG] Registration successful, scope is: http://localhost:3001/ @ http://localhost:3001/src/routes/+layout.svelte:42
[  225024ms] [LOG] [plausible] render {diagramType: flowchart-v2, isRough: false, lengthBucket: 0-10, renderTimeMsBucket: 50-100} @ http://localhost:3001/src/lib/util/stats.ts:89
[  225580ms] [LOG] [plausible] version {mermaidVersion: 11.14.0} @ http://localhost:3001/src/lib/util/stats.ts:89
[  225638ms] [LOG] Loading '' @ http://localhost:3001/src/lib/util/state.ts:192
[  225697ms] [LOG] Registration successful, scope is: http://localhost:3001/ @ http://localhost:3001/src/routes/+layout.svelte:42
[  225734ms] [LOG] [plausible] render {diagramType: flowchart-v2, isRough: false, lengthBucket: 0-10, renderTimeMsBucket: 50-100} @ http://localhost:3001/src/lib/util/stats.ts:89
[  226282ms] [LOG] [plausible] version {mermaidVersion: 11.14.0} @ http://localhost:3001/src/lib/util/stats.ts:89
[  226348ms] [LOG] Loading '' @ http://localhost:3001/src/lib/util/state.ts:192
[  226399ms] [LOG] Registration successful, scope is: http://localhost:3001/ @ http://localhost:3001/src/routes/+layout.svelte:42
[  226434ms] [LOG] [plausible] render {diagramType: flowchart-v2, isRough: false, lengthBucket: 0-10, renderTimeMsBucket: 50-100} @ http://localhost:3001/src/lib/util/stats.ts:89
[  227002ms] [LOG] [plausible] version {mermaidVersion: 11.14.0} @ http://localhost:3001/src/lib/util/stats.ts:89
[  227071ms] [LOG] Loading '' @ http://localhost:3001/src/lib/util/state.ts:192
[  227116ms] [LOG] Registration successful, scope is: http://localhost:3001/ @ http://localhost:3001/src/routes/+layout.svelte:42
[  227157ms] [LOG] [plausible] render {diagramType: flowchart-v2, isRough: false, lengthBucket: 0-10, renderTimeMsBucket: 50-100} @ http://localhost:3001/src/lib/util/stats.ts:89
[  227722ms] [LOG] [plausible] version {mermaidVersion: 11.14.0} @ http://localhost:3001/src/lib/util/stats.ts:89
[  227789ms] [LOG] Loading '' @ http://localhost:3001/src/lib/util/state.ts:192
[  227838ms] [LOG] Registration successful, scope is: http://localhost:3001/ @ http://localhost:3001/src/routes/+layout.svelte:42
[  227874ms] [LOG] [plausible] render {diagramType: flowchart-v2, isRough: false, lengthBucket: 0-10, renderTimeMsBucket: 50-100} @ http://localhost:3001/src/lib/util/stats.ts:89
[  228435ms] [LOG] [plausible] version {mermaidVersion: 11.14.0} @ http://localhost:3001/src/lib/util/stats.ts:89
[  228505ms] [LOG] Loading '' @ http://localhost:3001/src/lib/util/state.ts:192
[  228554ms] [LOG] Registration successful, scope is: http://localhost:3001/ @ http://localhost:3001/src/routes/+layout.svelte:42
[  228588ms] [LOG] [plausible] render {diagramType: flowchart-v2, isRough: false, lengthBucket: 0-10, renderTimeMsBucket: 50-100} @ http://localhost:3001/src/lib/util/stats.ts:89
[  229192ms] [LOG] [plausible] version {mermaidVersion: 11.14.0} @ http://localhost:3001/src/lib/util/stats.ts:89
[  229258ms] [LOG] Loading '' @ http://localhost:3001/src/lib/util/state.ts:192
[  229307ms] [LOG] Registration successful, scope is: http://localhost:3001/ @ http://localhost:3001/src/routes/+layout.svelte:42
[  229344ms] [LOG] [plausible] render {diagramType: flowchart-v2, isRough: false, lengthBucket: 0-10, renderTimeMsBucket: 50-100} @ http://localhost:3001/src/lib/util/stats.ts:89
[  229937ms] [LOG] [plausible] version {mermaidVersion: 11.14.0} @ http://localhost:3001/src/lib/util/stats.ts:89
[  230007ms] [LOG] Loading '' @ http://localhost:3001/src/lib/util/state.ts:192
[  230058ms] [LOG] Registration successful, scope is: http://localhost:3001/ @ http://localhost:3001/src/routes/+layout.svelte:42
[  230094ms] [LOG] [plausible] render {diagramType: flowchart-v2, isRough: false, lengthBucket: 0-10, renderTimeMsBucket: 50-100} @ http://localhost:3001/src/lib/util/stats.ts:89
[  230669ms] [LOG] [plausible] version {mermaidVersion: 11.14.0} @ http://localhost:3001/src/lib/util/stats.ts:89
[  230735ms] [LOG] Loading '' @ http://localhost:3001/src/lib/util/state.ts:192
[  230787ms] [LOG] Registration successful, scope is: http://localhost:3001/ @ http://localhost:3001/src/routes/+layout.svelte:42
[  230836ms] [LOG] [plausible] render {diagramType: flowchart-v2, isRough: false, lengthBucket: 0-10, renderTimeMsBucket: 50-100} @ http://localhost:3001/src/lib/util/stats.ts:89
[  231395ms] [LOG] [plausible] version {mermaidVersion: 11.14.0} @ http://localhost:3001/src/lib/util/stats.ts:89
[  231461ms] [LOG] Loading '' @ http://localhost:3001/src/lib/util/state.ts:192
[  231512ms] [LOG] Registration successful, scope is: http://localhost:3001/ @ http://localhost:3001/src/routes/+layout.svelte:42
[  231557ms] [LOG] [plausible] render {diagramType: flowchart-v2, isRough: false, lengthBucket: 0-10, renderTimeMsBucket: 50-100} @ http://localhost:3001/src/lib/util/stats.ts:89
[  232130ms] [LOG] [plausible] version {mermaidVersion: 11.14.0} @ http://localhost:3001/src/lib/util/stats.ts:89
[  232189ms] [LOG] Loading '' @ http://localhost:3001/src/lib/util/state.ts:192
[  232241ms] [LOG] Registration successful, scope is: http://localhost:3001/ @ http://localhost:3001/src/routes/+layout.svelte:42
[  232288ms] [LOG] [plausible] render {diagramType: flowchart-v2, isRough: false, lengthBucket: 0-10, renderTimeMsBucket: 50-100} @ http://localhost:3001/src/lib/util/stats.ts:89
[  232868ms] [LOG] [plausible] version {mermaidVersion: 11.14.0} @ http://localhost:3001/src/lib/util/stats.ts:89
[  232930ms] [LOG] Loading '' @ http://localhost:3001/src/lib/util/state.ts:192
[  232981ms] [LOG] Registration successful, scope is: http://localhost:3001/ @ http://localhost:3001/src/routes/+layout.svelte:42
[  233030ms] [LOG] [plausible] render {diagramType: flowchart-v2, isRough: false, lengthBucket: 0-10, renderTimeMsBucket: 50-100} @ http://localhost:3001/src/lib/util/stats.ts:89
[  233578ms] [LOG] [plausible] version {mermaidVersion: 11.14.0} @ http://localhost:3001/src/lib/util/stats.ts:89
[  233642ms] [LOG] Loading '' @ http://localhost:3001/src/lib/util/state.ts:192
[  233700ms] [LOG] Registration successful, scope is: http://localhost:3001/ @ http://localhost:3001/src/routes/+layout.svelte:42
[  233746ms] [LOG] [plausible] render {diagramType: flowchart-v2, isRough: false, lengthBucket: 0-10, renderTimeMsBucket: 50-100} @ http://localhost:3001/src/lib/util/stats.ts:89
[  234329ms] [LOG] [plausible] version {mermaidVersion: 11.14.0} @ http://localhost:3001/src/lib/util/stats.ts:89
[  234392ms] [LOG] Loading '' @ http://localhost:3001/src/lib/util/state.ts:192
[  234445ms] [LOG] Registration successful, scope is: http://localhost:3001/ @ http://localhost:3001/src/routes/+layout.svelte:42
[  234494ms] [LOG] [plausible] render {diagramType: flowchart-v2, isRough: false, lengthBucket: 0-10, renderTimeMsBucket: 50-100} @ http://localhost:3001/src/lib/util/stats.ts:89
[  235044ms] [LOG] [plausible] version {mermaidVersion: 11.14.0} @ http://localhost:3001/src/lib/util/stats.ts:89
[  235104ms] [LOG] Loading '' @ http://localhost:3001/src/lib/util/state.ts:192
[  235161ms] [LOG] Registration successful, scope is: http://localhost:3001/ @ http://localhost:3001/src/routes/+layout.svelte:42
[  235200ms] [LOG] [plausible] render {diagramType: flowchart-v2, isRough: false, lengthBucket: 0-10, renderTimeMsBucket: 50-100} @ http://localhost:3001/src/lib/util/stats.ts:89
[  235831ms] [LOG] [plausible] version {mermaidVersion: 11.14.0} @ http://localhost:3001/src/lib/util/stats.ts:89
[  235892ms] [LOG] Loading '' @ http://localhost:3001/src/lib/util/state.ts:192
[  235942ms] [LOG] Registration successful, scope is: http://localhost:3001/ @ http://localhost:3001/src/routes/+layout.svelte:42
[  235980ms] [LOG] [plausible] render {diagramType: flowchart-v2, isRough: false, lengthBucket: 0-10, renderTimeMsBucket: 50-100} @ http://localhost:3001/src/lib/util/stats.ts:89
[  236537ms] [LOG] [plausible] version {mermaidVersion: 11.14.0} @ http://localhost:3001/src/lib/util/stats.ts:89
[  236602ms] [LOG] Loading '' @ http://localhost:3001/src/lib/util/state.ts:192
[  236653ms] [LOG] Registration successful, scope is: http://localhost:3001/ @ http://localhost:3001/src/routes/+layout.svelte:42
[  236693ms] [LOG] [plausible] render {diagramType: flowchart-v2, isRough: false, lengthBucket: 0-10, renderTimeMsBucket: 50-100} @ http://localhost:3001/src/lib/util/stats.ts:89
[  237245ms] [LOG] [plausible] version {mermaidVersion: 11.14.0} @ http://localhost:3001/src/lib/util/stats.ts:89
[  237314ms] [LOG] Loading '' @ http://localhost:3001/src/lib/util/state.ts:192
[  237365ms] [LOG] Registration successful, scope is: http://localhost:3001/ @ http://localhost:3001/src/routes/+layout.svelte:42
[  237402ms] [LOG] [plausible] render {diagramType: flowchart-v2, isRough: false, lengthBucket: 0-10, renderTimeMsBucket: 50-100} @ http://localhost:3001/src/lib/util/stats.ts:89
[  238000ms] [LOG] [plausible] version {mermaidVersion: 11.14.0} @ http://localhost:3001/src/lib/util/stats.ts:89
[  238069ms] [LOG] Loading '' @ http://localhost:3001/src/lib/util/state.ts:192
[  238122ms] [LOG] Registration successful, scope is: http://localhost:3001/ @ http://localhost:3001/src/routes/+layout.svelte:42
[  238176ms] [LOG] [plausible] render {diagramType: flowchart-v2, isRough: false, lengthBucket: 0-10, renderTimeMsBucket: 50-100} @ http://localhost:3001/src/lib/util/stats.ts:89
[  238747ms] [LOG] [plausible] version {mermaidVersion: 11.14.0} @ http://localhost:3001/src/lib/util/stats.ts:89
[  238810ms] [LOG] Loading '' @ http://localhost:3001/src/lib/util/state.ts:192
[  238865ms] [LOG] Registration successful, scope is: http://localhost:3001/ @ http://localhost:3001/src/routes/+layout.svelte:42
[  238910ms] [LOG] [plausible] render {diagramType: flowchart-v2, isRough: false, lengthBucket: 0-10, renderTimeMsBucket: 50-100} @ http://localhost:3001/src/lib/util/stats.ts:89
[  239443ms] [LOG] [plausible] version {mermaidVersion: 11.14.0} @ http://localhost:3001/src/lib/util/stats.ts:89
[  239510ms] [LOG] Loading '' @ http://localhost:3001/src/lib/util/state.ts:192
[  239560ms] [LOG] Registration successful, scope is: http://localhost:3001/ @ http://localhost:3001/src/routes/+layout.svelte:42
[  239604ms] [LOG] [plausible] render {diagramType: flowchart-v2, isRough: false, lengthBucket: 0-10, renderTimeMsBucket: 50-100} @ http://localhost:3001/src/lib/util/stats.ts:89
[  240157ms] [LOG] [plausible] version {mermaidVersion: 11.14.0} @ http://localhost:3001/src/lib/util/stats.ts:89
[  240227ms] [LOG] Loading '' @ http://localhost:3001/src/lib/util/state.ts:192
[  240275ms] [LOG] Registration successful, scope is: http://localhost:3001/ @ http://localhost:3001/src/routes/+layout.svelte:42
[  240317ms] [LOG] [plausible] render {diagramType: flowchart-v2, isRough: false, lengthBucket: 0-10, renderTimeMsBucket: 50-100} @ http://localhost:3001/src/lib/util/stats.ts:89
[  240901ms] [LOG] [plausible] version {mermaidVersion: 11.14.0} @ http://localhost:3001/src/lib/util/stats.ts:89
[  240966ms] [LOG] Loading '' @ http://localhost:3001/src/lib/util/state.ts:192
[  241019ms] [LOG] Registration successful, scope is: http://localhost:3001/ @ http://localhost:3001/src/routes/+layout.svelte:42
[  241064ms] [LOG] [plausible] render {diagramType: flowchart-v2, isRough: false, lengthBucket: 0-10, renderTimeMsBucket: 50-100} @ http://localhost:3001/src/lib/util/stats.ts:89
[  241582ms] [LOG] [plausible] version {mermaidVersion: 11.14.0} @ http://localhost:3001/src/lib/util/stats.ts:89
[  241651ms] [LOG] Loading '' @ http://localhost:3001/src/lib/util/state.ts:192
[  241705ms] [LOG] Registration successful, scope is: http://localhost:3001/ @ http://localhost:3001/src/routes/+layout.svelte:42
[  241751ms] [LOG] [plausible] render {diagramType: flowchart-v2, isRough: false, lengthBucket: 0-10, renderTimeMsBucket: 50-100} @ http://localhost:3001/src/lib/util/stats.ts:89
[  242295ms] [LOG] [plausible] version {mermaidVersion: 11.14.0} @ http://localhost:3001/src/lib/util/stats.ts:89
[  242359ms] [LOG] Loading '' @ http://localhost:3001/src/lib/util/state.ts:192
[  242409ms] [LOG] Registration successful, scope is: http://localhost:3001/ @ http://localhost:3001/src/routes/+layout.svelte:42
[  242446ms] [LOG] [plausible] render {diagramType: flowchart-v2, isRough: false, lengthBucket: 0-10, renderTimeMsBucket: 50-100} @ http://localhost:3001/src/lib/util/stats.ts:89
[  243019ms] [LOG] [plausible] version {mermaidVersion: 11.14.0} @ http://localhost:3001/src/lib/util/stats.ts:89
[  243085ms] [LOG] Loading '' @ http://localhost:3001/src/lib/util/state.ts:192
[  243135ms] [LOG] Registration successful, scope is: http://localhost:3001/ @ http://localhost:3001/src/routes/+layout.svelte:42
[  243173ms] [LOG] [plausible] render {diagramType: flowchart-v2, isRough: false, lengthBucket: 0-10, renderTimeMsBucket: 50-100} @ http://localhost:3001/src/lib/util/stats.ts:89
[  243745ms] [LOG] [plausible] version {mermaidVersion: 11.14.0} @ http://localhost:3001/src/lib/util/stats.ts:89
[  243810ms] [LOG] Loading '' @ http://localhost:3001/src/lib/util/state.ts:192
[  243860ms] [LOG] Registration successful, scope is: http://localhost:3001/ @ http://localhost:3001/src/routes/+layout.svelte:42
[  243899ms] [LOG] [plausible] render {diagramType: flowchart-v2, isRough: false, lengthBucket: 0-10, renderTimeMsBucket: 50-100} @ http://localhost:3001/src/lib/util/stats.ts:89
[  244490ms] [LOG] [plausible] version {mermaidVersion: 11.14.0} @ http://localhost:3001/src/lib/util/stats.ts:89
[  244560ms] [LOG] Loading '' @ http://localhost:3001/src/lib/util/state.ts:192
[  244611ms] [LOG] Registration successful, scope is: http://localhost:3001/ @ http://localhost:3001/src/routes/+layout.svelte:42
[  244672ms] [LOG] [plausible] render {diagramType: flowchart-v2, isRough: false, lengthBucket: 0-10, renderTimeMsBucket: 50-100} @ http://localhost:3001/src/lib/util/stats.ts:89
[  245257ms] [LOG] [plausible] version {mermaidVersion: 11.14.0} @ http://localhost:3001/src/lib/util/stats.ts:89
[  245327ms] [LOG] Loading '' @ http://localhost:3001/src/lib/util/state.ts:192
[  245377ms] [LOG] Registration successful, scope is: http://localhost:3001/ @ http://localhost:3001/src/routes/+layout.svelte:42
[  245426ms] [LOG] [plausible] render {diagramType: flowchart-v2, isRough: false, lengthBucket: 0-10, renderTimeMsBucket: 50-100} @ http://localhost:3001/src/lib/util/stats.ts:89
[  246027ms] [LOG] [plausible] version {mermaidVersion: 11.14.0} @ http://localhost:3001/src/lib/util/stats.ts:89
[  246096ms] [LOG] Loading '' @ http://localhost:3001/src/lib/util/state.ts:192
[  246147ms] [LOG] Registration successful, scope is: http://localhost:3001/ @ http://localhost:3001/src/routes/+layout.svelte:42
[  246198ms] [LOG] [plausible] render {diagramType: flowchart-v2, isRough: false, lengthBucket: 0-10, renderTimeMsBucket: 50-100} @ http://localhost:3001/src/lib/util/stats.ts:89
[  246773ms] [LOG] [plausible] version {mermaidVersion: 11.14.0} @ http://localhost:3001/src/lib/util/stats.ts:89
[  246837ms] [LOG] Loading '' @ http://localhost:3001/src/lib/util/state.ts:192
[  246890ms] [LOG] Registration successful, scope is: http://localhost:3001/ @ http://localhost:3001/src/routes/+layout.svelte:42
[  246945ms] [LOG] [plausible] render {diagramType: flowchart-v2, isRough: false, lengthBucket: 0-10, renderTimeMsBucket: 50-100} @ http://localhost:3001/src/lib/util/stats.ts:89
[  247506ms] [LOG] [plausible] version {mermaidVersion: 11.14.0} @ http://localhost:3001/src/lib/util/stats.ts:89
[  247569ms] [LOG] Loading '' @ http://localhost:3001/src/lib/util/state.ts:192
[  247619ms] [LOG] Registration successful, scope is: http://localhost:3001/ @ http://localhost:3001/src/routes/+layout.svelte:42
[  247668ms] [LOG] [plausible] render {diagramType: flowchart-v2, isRough: false, lengthBucket: 0-10, renderTimeMsBucket: 50-100} @ http://localhost:3001/src/lib/util/stats.ts:89
[  248233ms] [LOG] [plausible] version {mermaidVersion: 11.14.0} @ http://localhost:3001/src/lib/util/stats.ts:89
[  248298ms] [LOG] Loading '' @ http://localhost:3001/src/lib/util/state.ts:192
[  248352ms] [LOG] Registration successful, scope is: http://localhost:3001/ @ http://localhost:3001/src/routes/+layout.svelte:42
[  248401ms] [LOG] [plausible] render {diagramType: flowchart-v2, isRough: false, lengthBucket: 0-10, renderTimeMsBucket: 50-100} @ http://localhost:3001/src/lib/util/stats.ts:89
[  248933ms] [LOG] [plausible] version {mermaidVersion: 11.14.0} @ http://localhost:3001/src/lib/util/stats.ts:89
[  248999ms] [LOG] Loading '' @ http://localhost:3001/src/lib/util/state.ts:192
[  249048ms] [LOG] Registration successful, scope is: http://localhost:3001/ @ http://localhost:3001/src/routes/+layout.svelte:42
[  249091ms] [LOG] [plausible] render {diagramType: flowchart-v2, isRough: false, lengthBucket: 0-10, renderTimeMsBucket: 50-100} @ http://localhost:3001/src/lib/util/stats.ts:89
[  249669ms] [LOG] [plausible] version {mermaidVersion: 11.14.0} @ http://localhost:3001/src/lib/util/stats.ts:89
[  249738ms] [LOG] Loading '' @ http://localhost:3001/src/lib/util/state.ts:192
[  249790ms] [LOG] Registration successful, scope is: http://localhost:3001/ @ http://localhost:3001/src/routes/+layout.svelte:42
[  249838ms] [LOG] [plausible] render {diagramType: flowchart-v2, isRough: false, lengthBucket: 0-10, renderTimeMsBucket: 50-100} @ http://localhost:3001/src/lib/util/stats.ts:89
[  250439ms] [LOG] [plausible] version {mermaidVersion: 11.14.0} @ http://localhost:3001/src/lib/util/stats.ts:89
[  250509ms] [LOG] Loading '' @ http://localhost:3001/src/lib/util/state.ts:192
[  250563ms] [LOG] Registration successful, scope is: http://localhost:3001/ @ http://localhost:3001/src/routes/+layout.svelte:42
[  250620ms] [LOG] [plausible] render {diagramType: flowchart-v2, isRough: false, lengthBucket: 0-10, renderTimeMsBucket: 50-100} @ http://localhost:3001/src/lib/util/stats.ts:89
[  251207ms] [LOG] [plausible] version {mermaidVersion: 11.14.0} @ http://localhost:3001/src/lib/util/stats.ts:89
[  251268ms] [LOG] Loading '' @ http://localhost:3001/src/lib/util/state.ts:192
[  251321ms] [LOG] Registration successful, scope is: http://localhost:3001/ @ http://localhost:3001/src/routes/+layout.svelte:42
[  251357ms] [LOG] [plausible] render {diagramType: flowchart-v2, isRough: false, lengthBucket: 0-10, renderTimeMsBucket: 50-100} @ http://localhost:3001/src/lib/util/stats.ts:89
[  251926ms] [LOG] [plausible] version {mermaidVersion: 11.14.0} @ http://localhost:3001/src/lib/util/stats.ts:89
[  251994ms] [LOG] Loading '' @ http://localhost:3001/src/lib/util/state.ts:192
[  252041ms] [LOG] Registration successful, scope is: http://localhost:3001/ @ http://localhost:3001/src/routes/+layout.svelte:42
[  252072ms] [LOG] [plausible] render {diagramType: flowchart-v2, isRough: false, lengthBucket: 0-10, renderTimeMsBucket: 50-100} @ http://localhost:3001/src/lib/util/stats.ts:89
[  252614ms] [LOG] [plausible] version {mermaidVersion: 11.14.0} @ http://localhost:3001/src/lib/util/stats.ts:89
[  252684ms] [LOG] Loading '' @ http://localhost:3001/src/lib/util/state.ts:192
[  252736ms] [LOG] Registration successful, scope is: http://localhost:3001/ @ http://localhost:3001/src/routes/+layout.svelte:42
[  252771ms] [LOG] [plausible] render {diagramType: flowchart-v2, isRough: false, lengthBucket: 0-10, renderTimeMsBucket: 50-100} @ http://localhost:3001/src/lib/util/stats.ts:89
[  253286ms] [LOG] [plausible] version {mermaidVersion: 11.14.0} @ http://localhost:3001/src/lib/util/stats.ts:89
[  253349ms] [LOG] Loading '' @ http://localhost:3001/src/lib/util/state.ts:192
[  253409ms] [LOG] Registration successful, scope is: http://localhost:3001/ @ http://localhost:3001/src/routes/+layout.svelte:42
[  253451ms] [LOG] [plausible] render {diagramType: flowchart-v2, isRough: false, lengthBucket: 0-10, renderTimeMsBucket: 50-100} @ http://localhost:3001/src/lib/util/stats.ts:89
[  253980ms] [LOG] [plausible] version {mermaidVersion: 11.14.0} @ http://localhost:3001/src/lib/util/stats.ts:89
[  254052ms] [LOG] Loading '' @ http://localhost:3001/src/lib/util/state.ts:192
[  254105ms] [LOG] Registration successful, scope is: http://localhost:3001/ @ http://localhost:3001/src/routes/+layout.svelte:42
[  254144ms] [LOG] [plausible] render {diagramType: flowchart-v2, isRough: false, lengthBucket: 0-10, renderTimeMsBucket: 50-100} @ http://localhost:3001/src/lib/util/stats.ts:89
[  254685ms] [LOG] [plausible] version {mermaidVersion: 11.14.0} @ http://localhost:3001/src/lib/util/stats.ts:89
[  254753ms] [LOG] Loading '' @ http://localhost:3001/src/lib/util/state.ts:192
[  254803ms] [LOG] Registration successful, scope is: http://localhost:3001/ @ http://localhost:3001/src/routes/+layout.svelte:42
[  254842ms] [LOG] [plausible] render {diagramType: flowchart-v2, isRough: false, lengthBucket: 0-10, renderTimeMsBucket: 50-100} @ http://localhost:3001/src/lib/util/stats.ts:89
[  255428ms] [LOG] [plausible] version {mermaidVersion: 11.14.0} @ http://localhost:3001/src/lib/util/stats.ts:89
[  255495ms] [LOG] Loading '' @ http://localhost:3001/src/lib/util/state.ts:192
[  255554ms] [LOG] Registration successful, scope is: http://localhost:3001/ @ http://localhost:3001/src/routes/+layout.svelte:42
[  255593ms] [LOG] [plausible] render {diagramType: flowchart-v2, isRough: false, lengthBucket: 0-10, renderTimeMsBucket: 50-100} @ http://localhost:3001/src/lib/util/stats.ts:89
[  256147ms] [LOG] [plausible] version {mermaidVersion: 11.14.0} @ http://localhost:3001/src/lib/util/stats.ts:89
[  256214ms] [LOG] Loading '' @ http://localhost:3001/src/lib/util/state.ts:192
[  256255ms] [LOG] Registration successful, scope is: http://localhost:3001/ @ http://localhost:3001/src/routes/+layout.svelte:42
[  256289ms] [LOG] [plausible] render {diagramType: flowchart-v2, isRough: false, lengthBucket: 0-10, renderTimeMsBucket: 50-100} @ http://localhost:3001/src/lib/util/stats.ts:89
[  256889ms] [LOG] [plausible] version {mermaidVersion: 11.14.0} @ http://localhost:3001/src/lib/util/stats.ts:89
[  256951ms] [LOG] Loading '' @ http://localhost:3001/src/lib/util/state.ts:192
[  257010ms] [LOG] Registration successful, scope is: http://localhost:3001/ @ http://localhost:3001/src/routes/+layout.svelte:42
[  257044ms] [LOG] [plausible] render {diagramType: flowchart-v2, isRough: false, lengthBucket: 0-10, renderTimeMsBucket: 50-100} @ http://localhost:3001/src/lib/util/stats.ts:89
[  257587ms] [LOG] [plausible] version {mermaidVersion: 11.14.0} @ http://localhost:3001/src/lib/util/stats.ts:89
[  257650ms] [LOG] Loading '' @ http://localhost:3001/src/lib/util/state.ts:192
[  257706ms] [LOG] Registration successful, scope is: http://localhost:3001/ @ http://localhost:3001/src/routes/+layout.svelte:42
[  257745ms] [LOG] [plausible] render {diagramType: flowchart-v2, isRough: false, lengthBucket: 0-10, renderTimeMsBucket: 50-100} @ http://localhost:3001/src/lib/util/stats.ts:89
[  258304ms] [LOG] [plausible] version {mermaidVersion: 11.14.0} @ http://localhost:3001/src/lib/util/stats.ts:89
[  258364ms] [LOG] Loading '' @ http://localhost:3001/src/lib/util/state.ts:192
[  258413ms] [LOG] Registration successful, scope is: http://localhost:3001/ @ http://localhost:3001/src/routes/+layout.svelte:42
[  258445ms] [LOG] [plausible] render {diagramType: flowchart-v2, isRough: false, lengthBucket: 0-10, renderTimeMsBucket: 50-100} @ http://localhost:3001/src/lib/util/stats.ts:89
[  259050ms] [LOG] [plausible] version {mermaidVersion: 11.14.0} @ http://localhost:3001/src/lib/util/stats.ts:89
[  259119ms] [LOG] Loading '' @ http://localhost:3001/src/lib/util/state.ts:192
[  259170ms] [LOG] Registration successful, scope is: http://localhost:3001/ @ http://localhost:3001/src/routes/+layout.svelte:42
[  259207ms] [LOG] [plausible] render {diagramType: flowchart-v2, isRough: false, lengthBucket: 0-10, renderTimeMsBucket: 50-100} @ http://localhost:3001/src/lib/util/stats.ts:89
[  259799ms] [LOG] [plausible] version {mermaidVersion: 11.14.0} @ http://localhost:3001/src/lib/util/stats.ts:89
[  259856ms] [LOG] Loading '' @ http://localhost:3001/src/lib/util/state.ts:192
[  259914ms] [LOG] Registration successful, scope is: http://localhost:3001/ @ http://localhost:3001/src/routes/+layout.svelte:42
[  259953ms] [LOG] [plausible] render {diagramType: flowchart-v2, isRough: false, lengthBucket: 0-10, renderTimeMsBucket: 50-100} @ http://localhost:3001/src/lib/util/stats.ts:89
[  260518ms] [LOG] [plausible] version {mermaidVersion: 11.14.0} @ http://localhost:3001/src/lib/util/stats.ts:89
[  260588ms] [LOG] Loading '' @ http://localhost:3001/src/lib/util/state.ts:192
[  260640ms] [LOG] Registration successful, scope is: http://localhost:3001/ @ http://localhost:3001/src/routes/+layout.svelte:42
[  260678ms] [LOG] [plausible] render {diagramType: flowchart-v2, isRough: false, lengthBucket: 0-10, renderTimeMsBucket: 50-100} @ http://localhost:3001/src/lib/util/stats.ts:89
[  261249ms] [LOG] [plausible] version {mermaidVersion: 11.14.0} @ http://localhost:3001/src/lib/util/stats.ts:89
[  261310ms] [LOG] Loading '' @ http://localhost:3001/src/lib/util/state.ts:192
[  261354ms] [LOG] Registration successful, scope is: http://localhost:3001/ @ http://localhost:3001/src/routes/+layout.svelte:42
[  261387ms] [LOG] [plausible] render {diagramType: flowchart-v2, isRough: false, lengthBucket: 0-10, renderTimeMsBucket: 50-100} @ http://localhost:3001/src/lib/util/stats.ts:89
[  262096ms] [LOG] [plausible] version {mermaidVersion: 11.14.0} @ http://localhost:3001/src/lib/util/stats.ts:89
[  262159ms] [LOG] Loading '' @ http://localhost:3001/src/lib/util/state.ts:192
[  262213ms] [LOG] Registration successful, scope is: http://localhost:3001/ @ http://localhost:3001/src/routes/+layout.svelte:42
[  262256ms] [LOG] [plausible] render {diagramType: flowchart-v2, isRough: false, lengthBucket: 0-10, renderTimeMsBucket: 50-100} @ http://localhost:3001/src/lib/util/stats.ts:89
[  262794ms] [LOG] [plausible] version {mermaidVersion: 11.14.0} @ http://localhost:3001/src/lib/util/stats.ts:89
[  262853ms] [LOG] Loading '' @ http://localhost:3001/src/lib/util/state.ts:192
[  262912ms] [LOG] Registration successful, scope is: http://localhost:3001/ @ http://localhost:3001/src/routes/+layout.svelte:42
[  262959ms] [LOG] [plausible] render {diagramType: flowchart-v2, isRough: false, lengthBucket: 0-10, renderTimeMsBucket: 50-100} @ http://localhost:3001/src/lib/util/stats.ts:89
[  263492ms] [LOG] [plausible] version {mermaidVersion: 11.14.0} @ http://localhost:3001/src/lib/util/stats.ts:89
[  263556ms] [LOG] Loading '' @ http://localhost:3001/src/lib/util/state.ts:192
[  263608ms] [LOG] Registration successful, scope is: http://localhost:3001/ @ http://localhost:3001/src/routes/+layout.svelte:42
[  263661ms] [LOG] [plausible] render {diagramType: flowchart-v2, isRough: false, lengthBucket: 0-10, renderTimeMsBucket: 50-100} @ http://localhost:3001/src/lib/util/stats.ts:89
[  264251ms] [LOG] [plausible] version {mermaidVersion: 11.14.0} @ http://localhost:3001/src/lib/util/stats.ts:89
[  264321ms] [LOG] Loading '' @ http://localhost:3001/src/lib/util/state.ts:192
[  264368ms] [LOG] Registration successful, scope is: http://localhost:3001/ @ http://localhost:3001/src/routes/+layout.svelte:42
[  264424ms] [LOG] [plausible] render {diagramType: flowchart-v2, isRough: false, lengthBucket: 0-10, renderTimeMsBucket: 50-100} @ http://localhost:3001/src/lib/util/stats.ts:89
[  264997ms] [LOG] [plausible] version {mermaidVersion: 11.14.0} @ http://localhost:3001/src/lib/util/stats.ts:89
[  265060ms] [LOG] Loading '' @ http://localhost:3001/src/lib/util/state.ts:192
[  265114ms] [LOG] Registration successful, scope is: http://localhost:3001/ @ http://localhost:3001/src/routes/+layout.svelte:42
[  265157ms] [LOG] [plausible] render {diagramType: flowchart-v2, isRough: false, lengthBucket: 0-10, renderTimeMsBucket: 50-100} @ http://localhost:3001/src/lib/util/stats.ts:89
[  265866ms] [LOG] [plausible] version {mermaidVersion: 11.14.0} @ http://localhost:3001/src/lib/util/stats.ts:89
[  265925ms] [LOG] Loading '' @ http://localhost:3001/src/lib/util/state.ts:192
[  265984ms] [LOG] Registration successful, scope is: http://localhost:3001/ @ http://localhost:3001/src/routes/+layout.svelte:42
[  266024ms] [LOG] [plausible] render {diagramType: flowchart-v2, isRough: false, lengthBucket: 0-10, renderTimeMsBucket: 50-100} @ http://localhost:3001/src/lib/util/stats.ts:89
[  266561ms] [LOG] [plausible] version {mermaidVersion: 11.14.0} @ http://localhost:3001/src/lib/util/stats.ts:89
[  266624ms] [LOG] Loading '' @ http://localhost:3001/src/lib/util/state.ts:192
[  266678ms] [LOG] Registration successful, scope is: http://localhost:3001/ @ http://localhost:3001/src/routes/+layout.svelte:42
[  266719ms] [LOG] [plausible] render {diagramType: flowchart-v2, isRough: false, lengthBucket: 0-10, renderTimeMsBucket: 50-100} @ http://localhost:3001/src/lib/util/stats.ts:89
[  267273ms] [LOG] [plausible] version {mermaidVersion: 11.14.0} @ http://localhost:3001/src/lib/util/stats.ts:89
[  267344ms] [LOG] Loading '' @ http://localhost:3001/src/lib/util/state.ts:192
[  267397ms] [LOG] Registration successful, scope is: http://localhost:3001/ @ http://localhost:3001/src/routes/+layout.svelte:42
[  267436ms] [LOG] [plausible] render {diagramType: flowchart-v2, isRough: false, lengthBucket: 0-10, renderTimeMsBucket: 50-100} @ http://localhost:3001/src/lib/util/stats.ts:89
[  267972ms] [LOG] [plausible] version {mermaidVersion: 11.14.0} @ http://localhost:3001/src/lib/util/stats.ts:89
[  268039ms] [LOG] Loading '' @ http://localhost:3001/src/lib/util/state.ts:192
[  268091ms] [LOG] Registration successful, scope is: http://localhost:3001/ @ http://localhost:3001/src/routes/+layout.svelte:42
[  268128ms] [LOG] [plausible] render {diagramType: flowchart-v2, isRough: false, lengthBucket: 0-10, renderTimeMsBucket: 50-100} @ http://localhost:3001/src/lib/util/stats.ts:89
[  268698ms] [LOG] [plausible] version {mermaidVersion: 11.14.0} @ http://localhost:3001/src/lib/util/stats.ts:89
[  268752ms] [LOG] Loading '' @ http://localhost:3001/src/lib/util/state.ts:192
[  268809ms] [LOG] Registration successful, scope is: http://localhost:3001/ @ http://localhost:3001/src/routes/+layout.svelte:42
[  268848ms] [LOG] [plausible] render {diagramType: flowchart-v2, isRough: false, lengthBucket: 0-10, renderTimeMsBucket: 50-100} @ http://localhost:3001/src/lib/util/stats.ts:89
[  269402ms] [LOG] [plausible] version {mermaidVersion: 11.14.0} @ http://localhost:3001/src/lib/util/stats.ts:89
[  269471ms] [LOG] Loading '' @ http://localhost:3001/src/lib/util/state.ts:192
[  269513ms] [LOG] Registration successful, scope is: http://localhost:3001/ @ http://localhost:3001/src/routes/+layout.svelte:42
[  269550ms] [LOG] [plausible] render {diagramType: flowchart-v2, isRough: false, lengthBucket: 0-10, renderTimeMsBucket: 50-100} @ http://localhost:3001/src/lib/util/stats.ts:89
[  270102ms] [LOG] [plausible] version {mermaidVersion: 11.14.0} @ http://localhost:3001/src/lib/util/stats.ts:89
[  270153ms] [LOG] Loading '' @ http://localhost:3001/src/lib/util/state.ts:192
[  270204ms] [LOG] Registration successful, scope is: http://localhost:3001/ @ http://localhost:3001/src/routes/+layout.svelte:42
[  270240ms] [LOG] [plausible] render {diagramType: flowchart-v2, isRough: false, lengthBucket: 0-10, renderTimeMsBucket: 50-100} @ http://localhost:3001/src/lib/util/stats.ts:89
[  270972ms] [LOG] [plausible] version {mermaidVersion: 11.14.0} @ http://localhost:3001/src/lib/util/stats.ts:89
[  271038ms] [LOG] Loading '' @ http://localhost:3001/src/lib/util/state.ts:192
[  271091ms] [LOG] Registration successful, scope is: http://localhost:3001/ @ http://localhost:3001/src/routes/+layout.svelte:42
[  271133ms] [LOG] [plausible] render {diagramType: flowchart-v2, isRough: false, lengthBucket: 0-10, renderTimeMsBucket: 50-100} @ http://localhost:3001/src/lib/util/stats.ts:89
[  271721ms] [LOG] [plausible] version {mermaidVersion: 11.14.0} @ http://localhost:3001/src/lib/util/stats.ts:89
[  271782ms] [LOG] Loading '' @ http://localhost:3001/src/lib/util/state.ts:192
[  271835ms] [LOG] Registration successful, scope is: http://localhost:3001/ @ http://localhost:3001/src/routes/+layout.svelte:42
[  271880ms] [LOG] [plausible] render {diagramType: flowchart-v2, isRough: false, lengthBucket: 0-10, renderTimeMsBucket: 50-100} @ http://localhost:3001/src/lib/util/stats.ts:89
[  272448ms] [LOG] [plausible] version {mermaidVersion: 11.14.0} @ http://localhost:3001/src/lib/util/stats.ts:89
[  272515ms] [LOG] Loading '' @ http://localhost:3001/src/lib/util/state.ts:192
[  272569ms] [LOG] Registration successful, scope is: http://localhost:3001/ @ http://localhost:3001/src/routes/+layout.svelte:42
[  272603ms] [LOG] [plausible] render {diagramType: flowchart-v2, isRough: false, lengthBucket: 0-10, renderTimeMsBucket: 50-100} @ http://localhost:3001/src/lib/util/stats.ts:89
[  273149ms] [LOG] [plausible] version {mermaidVersion: 11.14.0} @ http://localhost:3001/src/lib/util/stats.ts:89
[  273215ms] [LOG] Loading '' @ http://localhost:3001/src/lib/util/state.ts:192
[  273269ms] [LOG] Registration successful, scope is: http://localhost:3001/ @ http://localhost:3001/src/routes/+layout.svelte:42
[  273304ms] [LOG] [plausible] render {diagramType: flowchart-v2, isRough: false, lengthBucket: 0-10, renderTimeMsBucket: 50-100} @ http://localhost:3001/src/lib/util/stats.ts:89
[  273883ms] [LOG] [plausible] version {mermaidVersion: 11.14.0} @ http://localhost:3001/src/lib/util/stats.ts:89
[  273941ms] [LOG] Loading '' @ http://localhost:3001/src/lib/util/state.ts:192
[  273997ms] [LOG] Registration successful, scope is: http://localhost:3001/ @ http://localhost:3001/src/routes/+layout.svelte:42
[  274038ms] [LOG] [plausible] render {diagramType: flowchart-v2, isRough: false, lengthBucket: 0-10, renderTimeMsBucket: 50-100} @ http://localhost:3001/src/lib/util/stats.ts:89
[  274613ms] [LOG] [plausible] version {mermaidVersion: 11.14.0} @ http://localhost:3001/src/lib/util/stats.ts:89
[  274676ms] [LOG] Loading '' @ http://localhost:3001/src/lib/util/state.ts:192
[  274735ms] [LOG] Registration successful, scope is: http://localhost:3001/ @ http://localhost:3001/src/routes/+layout.svelte:42
[  274774ms] [LOG] [plausible] render {diagramType: flowchart-v2, isRough: false, lengthBucket: 0-10, renderTimeMsBucket: 50-100} @ http://localhost:3001/src/lib/util/stats.ts:89
[  275315ms] [LOG] [plausible] version {mermaidVersion: 11.14.0} @ http://localhost:3001/src/lib/util/stats.ts:89
[  275384ms] [LOG] Loading '' @ http://localhost:3001/src/lib/util/state.ts:192
[  275436ms] [LOG] Registration successful, scope is: http://localhost:3001/ @ http://localhost:3001/src/routes/+layout.svelte:42
[  275472ms] [LOG] [plausible] render {diagramType: flowchart-v2, isRough: false, lengthBucket: 0-10, renderTimeMsBucket: 50-100} @ http://localhost:3001/src/lib/util/stats.ts:89
[  276001ms] [LOG] [plausible] version {mermaidVersion: 11.14.0} @ http://localhost:3001/src/lib/util/stats.ts:89
[  276070ms] [LOG] Loading '' @ http://localhost:3001/src/lib/util/state.ts:192
[  276123ms] [LOG] Registration successful, scope is: http://localhost:3001/ @ http://localhost:3001/src/routes/+layout.svelte:42
[  276169ms] [LOG] [plausible] render {diagramType: flowchart-v2, isRough: false, lengthBucket: 0-10, renderTimeMsBucket: 50-100} @ http://localhost:3001/src/lib/util/stats.ts:89
[  276705ms] [LOG] [plausible] version {mermaidVersion: 11.14.0} @ http://localhost:3001/src/lib/util/stats.ts:89
[  276773ms] [LOG] Loading '' @ http://localhost:3001/src/lib/util/state.ts:192
[  276824ms] [LOG] Registration successful, scope is: http://localhost:3001/ @ http://localhost:3001/src/routes/+layout.svelte:42
[  276865ms] [LOG] [plausible] render {diagramType: flowchart-v2, isRough: false, lengthBucket: 0-10, renderTimeMsBucket: 50-100} @ http://localhost:3001/src/lib/util/stats.ts:89
[  277414ms] [LOG] [plausible] version {mermaidVersion: 11.14.0} @ http://localhost:3001/src/lib/util/stats.ts:89
[  277473ms] [LOG] Loading '' @ http://localhost:3001/src/lib/util/state.ts:192
[  277532ms] [LOG] Registration successful, scope is: http://localhost:3001/ @ http://localhost:3001/src/routes/+layout.svelte:42
[  277580ms] [LOG] [plausible] render {diagramType: flowchart-v2, isRough: false, lengthBucket: 0-10, renderTimeMsBucket: 50-100} @ http://localhost:3001/src/lib/util/stats.ts:89
[  278103ms] [LOG] [plausible] version {mermaidVersion: 11.14.0} @ http://localhost:3001/src/lib/util/stats.ts:89
[  278175ms] [LOG] Loading '' @ http://localhost:3001/src/lib/util/state.ts:192
[  278230ms] [LOG] Registration successful, scope is: http://localhost:3001/ @ http://localhost:3001/src/routes/+layout.svelte:42
[  278271ms] [LOG] [plausible] render {diagramType: flowchart-v2, isRough: false, lengthBucket: 0-10, renderTimeMsBucket: 50-100} @ http://localhost:3001/src/lib/util/stats.ts:89
[  278860ms] [LOG] [plausible] version {mermaidVersion: 11.14.0} @ http://localhost:3001/src/lib/util/stats.ts:89
[  278921ms] [LOG] Loading '' @ http://localhost:3001/src/lib/util/state.ts:192
[  278978ms] [LOG] Registration successful, scope is: http://localhost:3001/ @ http://localhost:3001/src/routes/+layout.svelte:42
[  279029ms] [LOG] [plausible] render {diagramType: flowchart-v2, isRough: false, lengthBucket: 0-10, renderTimeMsBucket: 50-100} @ http://localhost:3001/src/lib/util/stats.ts:89
[  279572ms] [LOG] [plausible] version {mermaidVersion: 11.14.0} @ http://localhost:3001/src/lib/util/stats.ts:89
[  279642ms] [LOG] Loading '' @ http://localhost:3001/src/lib/util/state.ts:192
[  279695ms] [LOG] Registration successful, scope is: http://localhost:3001/ @ http://localhost:3001/src/routes/+layout.svelte:42
[  279742ms] [LOG] [plausible] render {diagramType: flowchart-v2, isRough: false, lengthBucket: 0-10, renderTimeMsBucket: 50-100} @ http://localhost:3001/src/lib/util/stats.ts:89
[  280290ms] [LOG] [plausible] version {mermaidVersion: 11.14.0} @ http://localhost:3001/src/lib/util/stats.ts:89
[  280360ms] [LOG] Loading '' @ http://localhost:3001/src/lib/util/state.ts:192
[  280410ms] [LOG] Registration successful, scope is: http://localhost:3001/ @ http://localhost:3001/src/routes/+layout.svelte:42
[  280451ms] [LOG] [plausible] render {diagramType: flowchart-v2, isRough: false, lengthBucket: 0-10, renderTimeMsBucket: 50-100} @ http://localhost:3001/src/lib/util/stats.ts:89
[  281039ms] [LOG] [plausible] version {mermaidVersion: 11.14.0} @ http://localhost:3001/src/lib/util/stats.ts:89
[  281104ms] [LOG] Loading '' @ http://localhost:3001/src/lib/util/state.ts:192
[  281149ms] [LOG] Registration successful, scope is: http://localhost:3001/ @ http://localhost:3001/src/routes/+layout.svelte:42
[  281179ms] [LOG] [plausible] render {diagramType: flowchart-v2, isRough: false, lengthBucket: 0-10, renderTimeMsBucket: 50-100} @ http://localhost:3001/src/lib/util/stats.ts:89
[  281778ms] [LOG] [plausible] version {mermaidVersion: 11.14.0} @ http://localhost:3001/src/lib/util/stats.ts:89
[  281834ms] [LOG] Loading '' @ http://localhost:3001/src/lib/util/state.ts:192
[  281883ms] [LOG] Registration successful, scope is: http://localhost:3001/ @ http://localhost:3001/src/routes/+layout.svelte:42
[  281916ms] [LOG] [plausible] render {diagramType: flowchart-v2, isRough: false, lengthBucket: 0-10, renderTimeMsBucket: 50-100} @ http://localhost:3001/src/lib/util/stats.ts:89
[  282514ms] [LOG] [plausible] version {mermaidVersion: 11.14.0} @ http://localhost:3001/src/lib/util/stats.ts:89
[  282583ms] [LOG] Loading '' @ http://localhost:3001/src/lib/util/state.ts:192
[  282635ms] [LOG] Registration successful, scope is: http://localhost:3001/ @ http://localhost:3001/src/routes/+layout.svelte:42
[  282669ms] [LOG] [plausible] render {diagramType: flowchart-v2, isRough: false, lengthBucket: 0-10, renderTimeMsBucket: 50-100} @ http://localhost:3001/src/lib/util/stats.ts:89
[  283253ms] [LOG] [plausible] version {mermaidVersion: 11.14.0} @ http://localhost:3001/src/lib/util/stats.ts:89
[  283318ms] [LOG] Loading '' @ http://localhost:3001/src/lib/util/state.ts:192
[  283368ms] [LOG] Registration successful, scope is: http://localhost:3001/ @ http://localhost:3001/src/routes/+layout.svelte:42
[  283400ms] [LOG] [plausible] render {diagramType: flowchart-v2, isRough: false, lengthBucket: 0-10, renderTimeMsBucket: 50-100} @ http://localhost:3001/src/lib/util/stats.ts:89
[  283989ms] [LOG] [plausible] version {mermaidVersion: 11.14.0} @ http://localhost:3001/src/lib/util/stats.ts:89
[  284058ms] [LOG] Loading '' @ http://localhost:3001/src/lib/util/state.ts:192
[  284109ms] [LOG] Registration successful, scope is: http://localhost:3001/ @ http://localhost:3001/src/routes/+layout.svelte:42
[  284144ms] [LOG] [plausible] render {diagramType: flowchart-v2, isRough: false, lengthBucket: 0-10, renderTimeMsBucket: 50-100} @ http://localhost:3001/src/lib/util/stats.ts:89
[  284711ms] [LOG] [plausible] version {mermaidVersion: 11.14.0} @ http://localhost:3001/src/lib/util/stats.ts:89
[  284779ms] [LOG] Loading '' @ http://localhost:3001/src/lib/util/state.ts:192
[  284828ms] [LOG] Registration successful, scope is: http://localhost:3001/ @ http://localhost:3001/src/routes/+layout.svelte:42
[  284864ms] [LOG] [plausible] render {diagramType: flowchart-v2, isRough: false, lengthBucket: 0-10, renderTimeMsBucket: 50-100} @ http://localhost:3001/src/lib/util/stats.ts:89
[  285446ms] [LOG] [plausible] version {mermaidVersion: 11.14.0} @ http://localhost:3001/src/lib/util/stats.ts:89
[  285512ms] [LOG] Loading '' @ http://localhost:3001/src/lib/util/state.ts:192
[  285571ms] [LOG] Registration successful, scope is: http://localhost:3001/ @ http://localhost:3001/src/routes/+layout.svelte:42
[  285620ms] [LOG] [plausible] render {diagramType: flowchart-v2, isRough: false, lengthBucket: 0-10, renderTimeMsBucket: 50-100} @ http://localhost:3001/src/lib/util/stats.ts:89
[  286182ms] [LOG] [plausible] version {mermaidVersion: 11.14.0} @ http://localhost:3001/src/lib/util/stats.ts:89
[  286238ms] [LOG] Loading '' @ http://localhost:3001/src/lib/util/state.ts:192
[  286289ms] [LOG] Registration successful, scope is: http://localhost:3001/ @ http://localhost:3001/src/routes/+layout.svelte:42
[  286333ms] [LOG] [plausible] render {diagramType: flowchart-v2, isRough: false, lengthBucket: 0-10, renderTimeMsBucket: 50-100} @ http://localhost:3001/src/lib/util/stats.ts:89
[  286900ms] [LOG] [plausible] version {mermaidVersion: 11.14.0} @ http://localhost:3001/src/lib/util/stats.ts:89
[  286970ms] [LOG] Loading '' @ http://localhost:3001/src/lib/util/state.ts:192
[  287021ms] [LOG] Registration successful, scope is: http://localhost:3001/ @ http://localhost:3001/src/routes/+layout.svelte:42
[  287062ms] [LOG] [plausible] render {diagramType: flowchart-v2, isRough: false, lengthBucket: 0-10, renderTimeMsBucket: 50-100} @ http://localhost:3001/src/lib/util/stats.ts:89
[  287605ms] [LOG] [plausible] version {mermaidVersion: 11.14.0} @ http://localhost:3001/src/lib/util/stats.ts:89
[  287675ms] [LOG] Loading '' @ http://localhost:3001/src/lib/util/state.ts:192
[  287728ms] [LOG] Registration successful, scope is: http://localhost:3001/ @ http://localhost:3001/src/routes/+layout.svelte:42
[  287772ms] [LOG] [plausible] render {diagramType: flowchart-v2, isRough: false, lengthBucket: 0-10, renderTimeMsBucket: 50-100} @ http://localhost:3001/src/lib/util/stats.ts:89
[  288321ms] [LOG] [plausible] version {mermaidVersion: 11.14.0} @ http://localhost:3001/src/lib/util/stats.ts:89
[  288384ms] [LOG] Loading '' @ http://localhost:3001/src/lib/util/state.ts:192
[  288435ms] [LOG] Registration successful, scope is: http://localhost:3001/ @ http://localhost:3001/src/routes/+layout.svelte:42
[  288478ms] [LOG] [plausible] render {diagramType: flowchart-v2, isRough: false, lengthBucket: 0-10, renderTimeMsBucket: 50-100} @ http://localhost:3001/src/lib/util/stats.ts:89
[  289025ms] [LOG] [plausible] version {mermaidVersion: 11.14.0} @ http://localhost:3001/src/lib/util/stats.ts:89
[  289091ms] [LOG] Loading '' @ http://localhost:3001/src/lib/util/state.ts:192
[  289141ms] [LOG] Registration successful, scope is: http://localhost:3001/ @ http://localhost:3001/src/routes/+layout.svelte:42
[  289185ms] [LOG] [plausible] render {diagramType: flowchart-v2, isRough: false, lengthBucket: 0-10, renderTimeMsBucket: 50-100} @ http://localhost:3001/src/lib/util/stats.ts:89
[  289768ms] [LOG] [plausible] version {mermaidVersion: 11.14.0} @ http://localhost:3001/src/lib/util/stats.ts:89
[  289830ms] [LOG] Loading '' @ http://localhost:3001/src/lib/util/state.ts:192
[  289879ms] [LOG] Registration successful, scope is: http://localhost:3001/ @ http://localhost:3001/src/routes/+layout.svelte:42
[  289920ms] [LOG] [plausible] render {diagramType: flowchart-v2, isRough: false, lengthBucket: 0-10, renderTimeMsBucket: 50-100} @ http://localhost:3001/src/lib/util/stats.ts:89
[  290525ms] [LOG] [plausible] version {mermaidVersion: 11.14.0} @ http://localhost:3001/src/lib/util/stats.ts:89
[  290592ms] [LOG] Loading '' @ http://localhost:3001/src/lib/util/state.ts:192
[  290641ms] [LOG] Registration successful, scope is: http://localhost:3001/ @ http://localhost:3001/src/routes/+layout.svelte:42
[  290703ms] [LOG] [plausible] render {diagramType: flowchart-v2, isRough: false, lengthBucket: 0-10, renderTimeMsBucket: 50-100} @ http://localhost:3001/src/lib/util/stats.ts:89
[  291307ms] [LOG] [plausible] version {mermaidVersion: 11.14.0} @ http://localhost:3001/src/lib/util/stats.ts:89
[  291370ms] [LOG] Loading '' @ http://localhost:3001/src/lib/util/state.ts:192
[  291421ms] [LOG] Registration successful, scope is: http://localhost:3001/ @ http://localhost:3001/src/routes/+layout.svelte:42
[  291473ms] [LOG] [plausible] render {diagramType: flowchart-v2, isRough: false, lengthBucket: 0-10, renderTimeMsBucket: 50-100} @ http://localhost:3001/src/lib/util/stats.ts:89
[  292035ms] [LOG] [plausible] version {mermaidVersion: 11.14.0} @ http://localhost:3001/src/lib/util/stats.ts:89
[  292100ms] [LOG] Loading '' @ http://localhost:3001/src/lib/util/state.ts:192
[  292149ms] [LOG] Registration successful, scope is: http://localhost:3001/ @ http://localhost:3001/src/routes/+layout.svelte:42
[  292205ms] [LOG] [plausible] render {diagramType: flowchart-v2, isRough: false, lengthBucket: 0-10, renderTimeMsBucket: 50-100} @ http://localhost:3001/src/lib/util/stats.ts:89
[  292779ms] [LOG] [plausible] version {mermaidVersion: 11.14.0} @ http://localhost:3001/src/lib/util/stats.ts:89
[  292839ms] [LOG] Loading '' @ http://localhost:3001/src/lib/util/state.ts:192
[  292896ms] [LOG] Registration successful, scope is: http://localhost:3001/ @ http://localhost:3001/src/routes/+layout.svelte:42
[  292946ms] [LOG] [plausible] render {diagramType: flowchart-v2, isRough: false, lengthBucket: 0-10, renderTimeMsBucket: 50-100} @ http://localhost:3001/src/lib/util/stats.ts:89
[  293523ms] [LOG] [plausible] version {mermaidVersion: 11.14.0} @ http://localhost:3001/src/lib/util/stats.ts:89
[  293585ms] [LOG] Loading '' @ http://localhost:3001/src/lib/util/state.ts:192
[  293626ms] [LOG] Registration successful, scope is: http://localhost:3001/ @ http://localhost:3001/src/routes/+layout.svelte:42
[  293671ms] [LOG] [plausible] render {diagramType: flowchart-v2, isRough: false, lengthBucket: 0-10, renderTimeMsBucket: 50-100} @ http://localhost:3001/src/lib/util/stats.ts:89
[  294248ms] [LOG] [plausible] version {mermaidVersion: 11.14.0} @ http://localhost:3001/src/lib/util/stats.ts:89
[  294316ms] [LOG] Loading '' @ http://localhost:3001/src/lib/util/state.ts:192
[  294367ms] [LOG] Registration successful, scope is: http://localhost:3001/ @ http://localhost:3001/src/routes/+layout.svelte:42
[  294413ms] [LOG] [plausible] render {diagramType: flowchart-v2, isRough: false, lengthBucket: 0-10, renderTimeMsBucket: 50-100} @ http://localhost:3001/src/lib/util/stats.ts:89
[  294990ms] [LOG] [plausible] version {mermaidVersion: 11.14.0} @ http://localhost:3001/src/lib/util/stats.ts:89
[  295053ms] [LOG] Loading '' @ http://localhost:3001/src/lib/util/state.ts:192
[  295111ms] [LOG] Registration successful, scope is: http://localhost:3001/ @ http://localhost:3001/src/routes/+layout.svelte:42
[  295159ms] [LOG] [plausible] render {diagramType: flowchart-v2, isRough: false, lengthBucket: 0-10, renderTimeMsBucket: 50-100} @ http://localhost:3001/src/lib/util/stats.ts:89
[  295678ms] [LOG] [plausible] version {mermaidVersion: 11.14.0} @ http://localhost:3001/src/lib/util/stats.ts:89
[  295745ms] [LOG] Loading '' @ http://localhost:3001/src/lib/util/state.ts:192
[  295798ms] [LOG] Registration successful, scope is: http://localhost:3001/ @ http://localhost:3001/src/routes/+layout.svelte:42
[  295847ms] [LOG] [plausible] render {diagramType: flowchart-v2, isRough: false, lengthBucket: 0-10, renderTimeMsBucket: 50-100} @ http://localhost:3001/src/lib/util/stats.ts:89
[  296480ms] [LOG] [plausible] version {mermaidVersion: 11.14.0} @ http://localhost:3001/src/lib/util/stats.ts:89
[  296549ms] [LOG] Loading '' @ http://localhost:3001/src/lib/util/state.ts:192
[  296611ms] [LOG] Registration successful, scope is: http://localhost:3001/ @ http://localhost:3001/src/routes/+layout.svelte:42
[  296649ms] [LOG] [plausible] render {diagramType: flowchart-v2, isRough: false, lengthBucket: 0-10, renderTimeMsBucket: 50-100} @ http://localhost:3001/src/lib/util/stats.ts:89
[  297207ms] [LOG] [plausible] version {mermaidVersion: 11.14.0} @ http://localhost:3001/src/lib/util/stats.ts:89
[  297272ms] [LOG] Loading '' @ http://localhost:3001/src/lib/util/state.ts:192
[  297335ms] [LOG] Registration successful, scope is: http://localhost:3001/ @ http://localhost:3001/src/routes/+layout.svelte:42
[  297373ms] [LOG] [plausible] render {diagramType: flowchart-v2, isRough: false, lengthBucket: 0-10, renderTimeMsBucket: 50-100} @ http://localhost:3001/src/lib/util/stats.ts:89
[  297906ms] [LOG] [plausible] version {mermaidVersion: 11.14.0} @ http://localhost:3001/src/lib/util/stats.ts:89
[  297967ms] [LOG] Loading '' @ http://localhost:3001/src/lib/util/state.ts:192
[  298024ms] [LOG] Registration successful, scope is: http://localhost:3001/ @ http://localhost:3001/src/routes/+layout.svelte:42
[  298072ms] [LOG] [plausible] render {diagramType: flowchart-v2, isRough: false, lengthBucket: 0-10, renderTimeMsBucket: 50-100} @ http://localhost:3001/src/lib/util/stats.ts:89
[  298649ms] [LOG] [plausible] version {mermaidVersion: 11.14.0} @ http://localhost:3001/src/lib/util/stats.ts:89
[  298710ms] [LOG] Loading '' @ http://localhost:3001/src/lib/util/state.ts:192
[  298772ms] [LOG] Registration successful, scope is: http://localhost:3001/ @ http://localhost:3001/src/routes/+layout.svelte:42
[  298811ms] [LOG] [plausible] render {diagramType: flowchart-v2, isRough: false, lengthBucket: 0-10, renderTimeMsBucket: 50-100} @ http://localhost:3001/src/lib/util/stats.ts:89
[  299346ms] [LOG] [plausible] version {mermaidVersion: 11.14.0} @ http://localhost:3001/src/lib/util/stats.ts:89
[  299408ms] [LOG] Loading '' @ http://localhost:3001/src/lib/util/state.ts:192
[  299464ms] [LOG] Registration successful, scope is: http://localhost:3001/ @ http://localhost:3001/src/routes/+layout.svelte:42
[  299504ms] [LOG] [plausible] render {diagramType: flowchart-v2, isRough: false, lengthBucket: 0-10, renderTimeMsBucket: 50-100} @ http://localhost:3001/src/lib/util/stats.ts:89
[  300044ms] [LOG] [plausible] version {mermaidVersion: 11.14.0} @ http://localhost:3001/src/lib/util/stats.ts:89
[  300112ms] [LOG] Loading '' @ http://localhost:3001/src/lib/util/state.ts:192
[  300166ms] [LOG] Registration successful, scope is: http://localhost:3001/ @ http://localhost:3001/src/routes/+layout.svelte:42
[  300212ms] [LOG] [plausible] render {diagramType: flowchart-v2, isRough: false, lengthBucket: 0-10, renderTimeMsBucket: 50-100} @ http://localhost:3001/src/lib/util/stats.ts:89
[  300733ms] [LOG] [plausible] version {mermaidVersion: 11.14.0} @ http://localhost:3001/src/lib/util/stats.ts:89
[  300798ms] [LOG] Loading '' @ http://localhost:3001/src/lib/util/state.ts:192
[  300848ms] [LOG] Registration successful, scope is: http://localhost:3001/ @ http://localhost:3001/src/routes/+layout.svelte:42
[  300888ms] [LOG] [plausible] render {diagramType: flowchart-v2, isRough: false, lengthBucket: 0-10, renderTimeMsBucket: 50-100} @ http://localhost:3001/src/lib/util/stats.ts:89
[  301448ms] [LOG] [plausible] version {mermaidVersion: 11.14.0} @ http://localhost:3001/src/lib/util/stats.ts:89
[  301517ms] [LOG] Loading '' @ http://localhost:3001/src/lib/util/state.ts:192
[  301572ms] [LOG] Registration successful, scope is: http://localhost:3001/ @ http://localhost:3001/src/routes/+layout.svelte:42
[  301612ms] [LOG] [plausible] render {diagramType: flowchart-v2, isRough: false, lengthBucket: 0-10, renderTimeMsBucket: 50-100} @ http://localhost:3001/src/lib/util/stats.ts:89
[  302156ms] [LOG] [plausible] version {mermaidVersion: 11.14.0} @ http://localhost:3001/src/lib/util/stats.ts:89
[  302223ms] [LOG] Loading '' @ http://localhost:3001/src/lib/util/state.ts:192
[  302273ms] [LOG] Registration successful, scope is: http://localhost:3001/ @ http://localhost:3001/src/routes/+layout.svelte:42
[  302318ms] [LOG] [plausible] render {diagramType: flowchart-v2, isRough: false, lengthBucket: 0-10, renderTimeMsBucket: 50-100} @ http://localhost:3001/src/lib/util/stats.ts:89
[  302892ms] [LOG] [plausible] version {mermaidVersion: 11.14.0} @ http://localhost:3001/src/lib/util/stats.ts:89
[  302959ms] [LOG] Loading '' @ http://localhost:3001/src/lib/util/state.ts:192
[  303015ms] [LOG] Registration successful, scope is: http://localhost:3001/ @ http://localhost:3001/src/routes/+layout.svelte:42
[  303064ms] [LOG] [plausible] render {diagramType: flowchart-v2, isRough: false, lengthBucket: 0-10, renderTimeMsBucket: 50-100} @ http://localhost:3001/src/lib/util/stats.ts:89
[  303653ms] [LOG] [plausible] version {mermaidVersion: 11.14.0} @ http://localhost:3001/src/lib/util/stats.ts:89
[  303717ms] [LOG] Loading '' @ http://localhost:3001/src/lib/util/state.ts:192
[  303766ms] [LOG] Registration successful, scope is: http://localhost:3001/ @ http://localhost:3001/src/routes/+layout.svelte:42
[  303798ms] [LOG] [plausible] render {diagramType: flowchart-v2, isRough: false, lengthBucket: 0-10, renderTimeMsBucket: 50-100} @ http://localhost:3001/src/lib/util/stats.ts:89
[  304376ms] [LOG] [plausible] version {mermaidVersion: 11.14.0} @ http://localhost:3001/src/lib/util/stats.ts:89
[  304436ms] [LOG] Loading '' @ http://localhost:3001/src/lib/util/state.ts:192
[  304488ms] [LOG] Registration successful, scope is: http://localhost:3001/ @ http://localhost:3001/src/routes/+layout.svelte:42
[  304522ms] [LOG] [plausible] render {diagramType: flowchart-v2, isRough: false, lengthBucket: 0-10, renderTimeMsBucket: 50-100} @ http://localhost:3001/src/lib/util/stats.ts:89
[  305103ms] [LOG] [plausible] version {mermaidVersion: 11.14.0} @ http://localhost:3001/src/lib/util/stats.ts:89
[  305156ms] [LOG] Loading '' @ http://localhost:3001/src/lib/util/state.ts:192
[  305213ms] [LOG] Registration successful, scope is: http://localhost:3001/ @ http://localhost:3001/src/routes/+layout.svelte:42
[  305263ms] [LOG] [plausible] render {diagramType: flowchart-v2, isRough: false, lengthBucket: 0-10, renderTimeMsBucket: 50-100} @ http://localhost:3001/src/lib/util/stats.ts:89
[  305814ms] [LOG] [plausible] version {mermaidVersion: 11.14.0} @ http://localhost:3001/src/lib/util/stats.ts:89
[  305877ms] [LOG] Loading '' @ http://localhost:3001/src/lib/util/state.ts:192
[  305936ms] [LOG] Registration successful, scope is: http://localhost:3001/ @ http://localhost:3001/src/routes/+layout.svelte:42
[  305975ms] [LOG] [plausible] render {diagramType: flowchart-v2, isRough: false, lengthBucket: 0-10, renderTimeMsBucket: 50-100} @ http://localhost:3001/src/lib/util/stats.ts:89
[  306505ms] [LOG] [plausible] version {mermaidVersion: 11.14.0} @ http://localhost:3001/src/lib/util/stats.ts:89
[  306568ms] [LOG] Loading '' @ http://localhost:3001/src/lib/util/state.ts:192
[  306623ms] [LOG] Registration successful, scope is: http://localhost:3001/ @ http://localhost:3001/src/routes/+layout.svelte:42
[  306663ms] [LOG] [plausible] render {diagramType: flowchart-v2, isRough: false, lengthBucket: 0-10, renderTimeMsBucket: 50-100} @ http://localhost:3001/src/lib/util/stats.ts:89
[  307213ms] [LOG] [plausible] version {mermaidVersion: 11.14.0} @ http://localhost:3001/src/lib/util/stats.ts:89
[  307282ms] [LOG] Loading '' @ http://localhost:3001/src/lib/util/state.ts:192
[  307335ms] [LOG] Registration successful, scope is: http://localhost:3001/ @ http://localhost:3001/src/routes/+layout.svelte:42
[  307380ms] [LOG] [plausible] render {diagramType: flowchart-v2, isRough: false, lengthBucket: 0-10, renderTimeMsBucket: 50-100} @ http://localhost:3001/src/lib/util/stats.ts:89
[  307923ms] [LOG] [plausible] version {mermaidVersion: 11.14.0} @ http://localhost:3001/src/lib/util/stats.ts:89
[  307991ms] [LOG] Loading '' @ http://localhost:3001/src/lib/util/state.ts:192
[  308046ms] [LOG] Registration successful, scope is: http://localhost:3001/ @ http://localhost:3001/src/routes/+layout.svelte:42
[  308084ms] [LOG] [plausible] render {diagramType: flowchart-v2, isRough: false, lengthBucket: 0-10, renderTimeMsBucket: 50-100} @ http://localhost:3001/src/lib/util/stats.ts:89
[  308666ms] [LOG] [plausible] version {mermaidVersion: 11.14.0} @ http://localhost:3001/src/lib/util/stats.ts:89
[  308727ms] [LOG] Loading '' @ http://localhost:3001/src/lib/util/state.ts:192
[  308782ms] [LOG] Registration successful, scope is: http://localhost:3001/ @ http://localhost:3001/src/routes/+layout.svelte:42
[  308820ms] [LOG] [plausible] render {diagramType: flowchart-v2, isRough: false, lengthBucket: 0-10, renderTimeMsBucket: 50-100} @ http://localhost:3001/src/lib/util/stats.ts:89
[  309446ms] [LOG] [plausible] version {mermaidVersion: 11.14.0} @ http://localhost:3001/src/lib/util/stats.ts:89
[  309509ms] [LOG] Loading '' @ http://localhost:3001/src/lib/util/state.ts:192
[  309566ms] [LOG] Registration successful, scope is: http://localhost:3001/ @ http://localhost:3001/src/routes/+layout.svelte:42
[  309603ms] [LOG] [plausible] render {diagramType: flowchart-v2, isRough: false, lengthBucket: 0-10, renderTimeMsBucket: 50-100} @ http://localhost:3001/src/lib/util/stats.ts:89
[  310146ms] [LOG] [plausible] version {mermaidVersion: 11.14.0} @ http://localhost:3001/src/lib/util/stats.ts:89
[  310207ms] [LOG] Loading '' @ http://localhost:3001/src/lib/util/state.ts:192
[  310265ms] [LOG] Registration successful, scope is: http://localhost:3001/ @ http://localhost:3001/src/routes/+layout.svelte:42
[  310303ms] [LOG] [plausible] render {diagramType: flowchart-v2, isRough: false, lengthBucket: 0-10, renderTimeMsBucket: 50-100} @ http://localhost:3001/src/lib/util/stats.ts:89
[  310846ms] [LOG] [plausible] version {mermaidVersion: 11.14.0} @ http://localhost:3001/src/lib/util/stats.ts:89
[  310908ms] [LOG] Loading '' @ http://localhost:3001/src/lib/util/state.ts:192
[  310958ms] [LOG] Registration successful, scope is: http://localhost:3001/ @ http://localhost:3001/src/routes/+layout.svelte:42
[  310992ms] [LOG] [plausible] render {diagramType: flowchart-v2, isRough: false, lengthBucket: 0-10, renderTimeMsBucket: 50-100} @ http://localhost:3001/src/lib/util/stats.ts:89
[  311581ms] [LOG] [plausible] version {mermaidVersion: 11.14.0} @ http://localhost:3001/src/lib/util/stats.ts:89
[  311647ms] [LOG] Loading '' @ http://localhost:3001/src/lib/util/state.ts:192
[  311699ms] [LOG] Registration successful, scope is: http://localhost:3001/ @ http://localhost:3001/src/routes/+layout.svelte:42
[  311733ms] [LOG] [plausible] render {diagramType: flowchart-v2, isRough: false, lengthBucket: 0-10, renderTimeMsBucket: 50-100} @ http://localhost:3001/src/lib/util/stats.ts:89
[  312288ms] [LOG] [plausible] version {mermaidVersion: 11.14.0} @ http://localhost:3001/src/lib/util/stats.ts:89
[  312358ms] [LOG] Loading '' @ http://localhost:3001/src/lib/util/state.ts:192
[  312409ms] [LOG] Registration successful, scope is: http://localhost:3001/ @ http://localhost:3001/src/routes/+layout.svelte:42
[  312445ms] [LOG] [plausible] render {diagramType: flowchart-v2, isRough: false, lengthBucket: 0-10, renderTimeMsBucket: 50-100} @ http://localhost:3001/src/lib/util/stats.ts:89
[  312999ms] [LOG] [plausible] version {mermaidVersion: 11.14.0} @ http://localhost:3001/src/lib/util/stats.ts:89
[  313063ms] [LOG] Loading '' @ http://localhost:3001/src/lib/util/state.ts:192
[  313116ms] [LOG] Registration successful, scope is: http://localhost:3001/ @ http://localhost:3001/src/routes/+layout.svelte:42
[  313155ms] [LOG] [plausible] render {diagramType: flowchart-v2, isRough: false, lengthBucket: 0-10, renderTimeMsBucket: 50-100} @ http://localhost:3001/src/lib/util/stats.ts:89
[  313728ms] [LOG] [plausible] version {mermaidVersion: 11.14.0} @ http://localhost:3001/src/lib/util/stats.ts:89
[  313795ms] [LOG] Loading '' @ http://localhost:3001/src/lib/util/state.ts:192
[  313845ms] [LOG] Registration successful, scope is: http://localhost:3001/ @ http://localhost:3001/src/routes/+layout.svelte:42
[  313902ms] [LOG] [plausible] render {diagramType: flowchart-v2, isRough: false, lengthBucket: 0-10, renderTimeMsBucket: 50-100} @ http://localhost:3001/src/lib/util/stats.ts:89
[  314392ms] [LOG] [plausible] version {mermaidVersion: 11.14.0} @ http://localhost:3001/src/lib/util/stats.ts:89
[  314454ms] [LOG] Loading '' @ http://localhost:3001/src/lib/util/state.ts:192
[  314506ms] [LOG] Registration successful, scope is: http://localhost:3001/ @ http://localhost:3001/src/routes/+layout.svelte:42
[  314548ms] [LOG] [plausible] render {diagramType: flowchart-v2, isRough: false, lengthBucket: 0-10, renderTimeMsBucket: 50-100} @ http://localhost:3001/src/lib/util/stats.ts:89
[  315005ms] [LOG] [plausible] version {mermaidVersion: 11.14.0} @ http://localhost:3001/src/lib/util/stats.ts:89
[  315065ms] [LOG] Loading '' @ http://localhost:3001/src/lib/util/state.ts:192
[  315122ms] [LOG] Registration successful, scope is: http://localhost:3001/ @ http://localhost:3001/src/routes/+layout.svelte:42
[  315164ms] [LOG] [plausible] render {diagramType: flowchart-v2, isRough: false, lengthBucket: 0-10, renderTimeMsBucket: 50-100} @ http://localhost:3001/src/lib/util/stats.ts:89
[  315576ms] [LOG] [plausible] version {mermaidVersion: 11.14.0} @ http://localhost:3001/src/lib/util/stats.ts:89
[  315646ms] [LOG] Loading '' @ http://localhost:3001/src/lib/util/state.ts:192
[  315699ms] [LOG] Registration successful, scope is: http://localhost:3001/ @ http://localhost:3001/src/routes/+layout.svelte:42
[  315738ms] [LOG] [plausible] render {diagramType: flowchart-v2, isRough: false, lengthBucket: 0-10, renderTimeMsBucket: 50-100} @ http://localhost:3001/src/lib/util/stats.ts:89
[  316136ms] [LOG] [plausible] version {mermaidVersion: 11.14.0} @ http://localhost:3001/src/lib/util/stats.ts:89
[  316199ms] [LOG] Loading '' @ http://localhost:3001/src/lib/util/state.ts:192
[  316251ms] [LOG] Registration successful, scope is: http://localhost:3001/ @ http://localhost:3001/src/routes/+layout.svelte:42
[  316287ms] [LOG] [plausible] render {diagramType: flowchart-v2, isRough: false, lengthBucket: 0-10, renderTimeMsBucket: 50-100} @ http://localhost:3001/src/lib/util/stats.ts:89
[  316718ms] [LOG] [plausible] version {mermaidVersion: 11.14.0} @ http://localhost:3001/src/lib/util/stats.ts:89
[  316785ms] [LOG] Loading '' @ http://localhost:3001/src/lib/util/state.ts:192
[  316833ms] [LOG] Registration successful, scope is: http://localhost:3001/ @ http://localhost:3001/src/routes/+layout.svelte:42
[  316877ms] [LOG] [plausible] render {diagramType: flowchart-v2, isRough: false, lengthBucket: 0-10, renderTimeMsBucket: 50-100} @ http://localhost:3001/src/lib/util/stats.ts:89
[  317331ms] [LOG] [plausible] version {mermaidVersion: 11.14.0} @ http://localhost:3001/src/lib/util/stats.ts:89
[  317396ms] [LOG] Loading '' @ http://localhost:3001/src/lib/util/state.ts:192
[  317447ms] [LOG] Registration successful, scope is: http://localhost:3001/ @ http://localhost:3001/src/routes/+layout.svelte:42
[  317488ms] [LOG] [plausible] render {diagramType: flowchart-v2, isRough: false, lengthBucket: 0-10, renderTimeMsBucket: 50-100} @ http://localhost:3001/src/lib/util/stats.ts:89
[  317906ms] [LOG] [plausible] version {mermaidVersion: 11.14.0} @ http://localhost:3001/src/lib/util/stats.ts:89
[  317977ms] [LOG] Loading '' @ http://localhost:3001/src/lib/util/state.ts:192
[  318030ms] [LOG] Registration successful, scope is: http://localhost:3001/ @ http://localhost:3001/src/routes/+layout.svelte:42
[  318071ms] [LOG] [plausible] render {diagramType: flowchart-v2, isRough: false, lengthBucket: 0-10, renderTimeMsBucket: 50-100} @ http://localhost:3001/src/lib/util/stats.ts:89
[  318491ms] [LOG] [plausible] version {mermaidVersion: 11.14.0} @ http://localhost:3001/src/lib/util/stats.ts:89
[  318552ms] [LOG] Loading '' @ http://localhost:3001/src/lib/util/state.ts:192
[  318604ms] [LOG] Registration successful, scope is: http://localhost:3001/ @ http://localhost:3001/src/routes/+layout.svelte:42
[  318651ms] [LOG] [plausible] render {diagramType: flowchart-v2, isRough: false, lengthBucket: 0-10, renderTimeMsBucket: 50-100} @ http://localhost:3001/src/lib/util/stats.ts:89
[  319126ms] [LOG] [plausible] version {mermaidVersion: 11.14.0} @ http://localhost:3001/src/lib/util/stats.ts:89
[  319189ms] [LOG] Loading '' @ http://localhost:3001/src/lib/util/state.ts:192
[  319248ms] [LOG] Registration successful, scope is: http://localhost:3001/ @ http://localhost:3001/src/routes/+layout.svelte:42
[  319303ms] [LOG] [plausible] render {diagramType: flowchart-v2, isRough: false, lengthBucket: 0-10, renderTimeMsBucket: 50-100} @ http://localhost:3001/src/lib/util/stats.ts:89
[  319754ms] [LOG] [plausible] version {mermaidVersion: 11.14.0} @ http://localhost:3001/src/lib/util/stats.ts:89
[  319816ms] [LOG] Loading '' @ http://localhost:3001/src/lib/util/state.ts:192
[  319870ms] [LOG] Registration successful, scope is: http://localhost:3001/ @ http://localhost:3001/src/routes/+layout.svelte:42
[  319926ms] [LOG] [plausible] render {diagramType: flowchart-v2, isRough: false, lengthBucket: 0-10, renderTimeMsBucket: 50-100} @ http://localhost:3001/src/lib/util/stats.ts:89
[  320363ms] [LOG] [plausible] version {mermaidVersion: 11.14.0} @ http://localhost:3001/src/lib/util/stats.ts:89
[  320425ms] [LOG] Loading '' @ http://localhost:3001/src/lib/util/state.ts:192
[  320479ms] [LOG] Registration successful, scope is: http://localhost:3001/ @ http://localhost:3001/src/routes/+layout.svelte:42
[  320538ms] [LOG] [plausible] render {diagramType: flowchart-v2, isRough: false, lengthBucket: 0-10, renderTimeMsBucket: 50-100} @ http://localhost:3001/src/lib/util/stats.ts:89
[  320999ms] [LOG] [plausible] version {mermaidVersion: 11.14.0} @ http://localhost:3001/src/lib/util/stats.ts:89
[  321065ms] [LOG] Loading '' @ http://localhost:3001/src/lib/util/state.ts:192
[  321111ms] [LOG] Registration successful, scope is: http://localhost:3001/ @ http://localhost:3001/src/routes/+layout.svelte:42
[  321149ms] [LOG] [plausible] render {diagramType: flowchart-v2, isRough: false, lengthBucket: 0-10, renderTimeMsBucket: 50-100} @ http://localhost:3001/src/lib/util/stats.ts:89
[  321580ms] [LOG] [plausible] version {mermaidVersion: 11.14.0} @ http://localhost:3001/src/lib/util/stats.ts:89
[  321643ms] [LOG] Loading '' @ http://localhost:3001/src/lib/util/state.ts:192
[  321692ms] [LOG] Registration successful, scope is: http://localhost:3001/ @ http://localhost:3001/src/routes/+layout.svelte:42
[  321737ms] [LOG] [plausible] render {diagramType: flowchart-v2, isRough: false, lengthBucket: 0-10, renderTimeMsBucket: 50-100} @ http://localhost:3001/src/lib/util/stats.ts:89
[  322164ms] [LOG] [plausible] version {mermaidVersion: 11.14.0} @ http://localhost:3001/src/lib/util/stats.ts:89
[  322236ms] [LOG] Loading '' @ http://localhost:3001/src/lib/util/state.ts:192
[  322290ms] [LOG] Registration successful, scope is: http://localhost:3001/ @ http://localhost:3001/src/routes/+layout.svelte:42
[  322328ms] [LOG] [plausible] render {diagramType: flowchart-v2, isRough: false, lengthBucket: 0-10, renderTimeMsBucket: 50-100} @ http://localhost:3001/src/lib/util/stats.ts:89
[  322737ms] [LOG] [plausible] version {mermaidVersion: 11.14.0} @ http://localhost:3001/src/lib/util/stats.ts:89
[  322808ms] [LOG] Loading '' @ http://localhost:3001/src/lib/util/state.ts:192
[  322857ms] [LOG] Registration successful, scope is: http://localhost:3001/ @ http://localhost:3001/src/routes/+layout.svelte:42
[  322895ms] [LOG] [plausible] render {diagramType: flowchart-v2, isRough: false, lengthBucket: 0-10, renderTimeMsBucket: 50-100} @ http://localhost:3001/src/lib/util/stats.ts:89
[  323378ms] [LOG] [plausible] version {mermaidVersion: 11.14.0} @ http://localhost:3001/src/lib/util/stats.ts:89
[  323438ms] [LOG] Loading '' @ http://localhost:3001/src/lib/util/state.ts:192
[  323494ms] [LOG] Registration successful, scope is: http://localhost:3001/ @ http://localhost:3001/src/routes/+layout.svelte:42
[  323534ms] [LOG] [plausible] render {diagramType: flowchart-v2, isRough: false, lengthBucket: 0-10, renderTimeMsBucket: 50-100} @ http://localhost:3001/src/lib/util/stats.ts:89
[  323970ms] [LOG] [plausible] version {mermaidVersion: 11.14.0} @ http://localhost:3001/src/lib/util/stats.ts:89
[  324039ms] [LOG] Loading '' @ http://localhost:3001/src/lib/util/state.ts:192
[  324091ms] [LOG] Registration successful, scope is: http://localhost:3001/ @ http://localhost:3001/src/routes/+layout.svelte:42
[  324140ms] [LOG] [plausible] render {diagramType: flowchart-v2, isRough: false, lengthBucket: 0-10, renderTimeMsBucket: 50-100} @ http://localhost:3001/src/lib/util/stats.ts:89
[  324566ms] [LOG] [plausible] version {mermaidVersion: 11.14.0} @ http://localhost:3001/src/lib/util/stats.ts:89
[  324638ms] [LOG] Loading '' @ http://localhost:3001/src/lib/util/state.ts:192
[  324687ms] [LOG] Registration successful, scope is: http://localhost:3001/ @ http://localhost:3001/src/routes/+layout.svelte:42
[  324742ms] [LOG] [plausible] render {diagramType: flowchart-v2, isRough: false, lengthBucket: 0-10, renderTimeMsBucket: 50-100} @ http://localhost:3001/src/lib/util/stats.ts:89
[  325196ms] [LOG] [plausible] version {mermaidVersion: 11.14.0} @ http://localhost:3001/src/lib/util/stats.ts:89
[  325264ms] [LOG] Loading '' @ http://localhost:3001/src/lib/util/state.ts:192
[  325319ms] [LOG] Registration successful, scope is: http://localhost:3001/ @ http://localhost:3001/src/routes/+layout.svelte:42
[  325381ms] [LOG] [plausible] render {diagramType: flowchart-v2, isRough: false, lengthBucket: 0-10, renderTimeMsBucket: 50-100} @ http://localhost:3001/src/lib/util/stats.ts:89
[  325848ms] [LOG] [plausible] version {mermaidVersion: 11.14.0} @ http://localhost:3001/src/lib/util/stats.ts:89
[  325914ms] [LOG] Loading '' @ http://localhost:3001/src/lib/util/state.ts:192
[  325967ms] [LOG] Registration successful, scope is: http://localhost:3001/ @ http://localhost:3001/src/routes/+layout.svelte:42
[  326089ms] [LOG] [plausible] render {diagramType: flowchart-v2, isRough: false, lengthBucket: 0-10, renderTimeMsBucket: 100-200} @ http://localhost:3001/src/lib/util/stats.ts:89
[  326514ms] [LOG] [plausible] version {mermaidVersion: 11.14.0} @ http://localhost:3001/src/lib/util/stats.ts:89
[  326579ms] [LOG] Loading '' @ http://localhost:3001/src/lib/util/state.ts:192
[  326630ms] [LOG] Registration successful, scope is: http://localhost:3001/ @ http://localhost:3001/src/routes/+layout.svelte:42
[  326678ms] [LOG] [plausible] render {diagramType: flowchart-v2, isRough: false, lengthBucket: 0-10, renderTimeMsBucket: 50-100} @ http://localhost:3001/src/lib/util/stats.ts:89
[  327150ms] [LOG] [plausible] version {mermaidVersion: 11.14.0} @ http://localhost:3001/src/lib/util/stats.ts:89
[  327210ms] [LOG] Loading '' @ http://localhost:3001/src/lib/util/state.ts:192
[  327263ms] [LOG] Registration successful, scope is: http://localhost:3001/ @ http://localhost:3001/src/routes/+layout.svelte:42
[  327305ms] [LOG] [plausible] render {diagramType: flowchart-v2, isRough: false, lengthBucket: 0-10, renderTimeMsBucket: 50-100} @ http://localhost:3001/src/lib/util/stats.ts:89
[  327769ms] [LOG] [plausible] version {mermaidVersion: 11.14.0} @ http://localhost:3001/src/lib/util/stats.ts:89
[  327837ms] [LOG] Loading '' @ http://localhost:3001/src/lib/util/state.ts:192
[  327890ms] [LOG] Registration successful, scope is: http://localhost:3001/ @ http://localhost:3001/src/routes/+layout.svelte:42
[  327940ms] [LOG] [plausible] render {diagramType: flowchart-v2, isRough: false, lengthBucket: 0-10, renderTimeMsBucket: 50-100} @ http://localhost:3001/src/lib/util/stats.ts:89
[  328362ms] [LOG] [plausible] version {mermaidVersion: 11.14.0} @ http://localhost:3001/src/lib/util/stats.ts:89
[  328430ms] [LOG] Loading '' @ http://localhost:3001/src/lib/util/state.ts:192
[  328482ms] [LOG] Registration successful, scope is: http://localhost:3001/ @ http://localhost:3001/src/routes/+layout.svelte:42
[  328526ms] [LOG] [plausible] render {diagramType: flowchart-v2, isRough: false, lengthBucket: 0-10, renderTimeMsBucket: 50-100} @ http://localhost:3001/src/lib/util/stats.ts:89
[  328954ms] [LOG] [plausible] version {mermaidVersion: 11.14.0} @ http://localhost:3001/src/lib/util/stats.ts:89
[  329024ms] [LOG] Loading '' @ http://localhost:3001/src/lib/util/state.ts:192
[  329079ms] [LOG] Registration successful, scope is: http://localhost:3001/ @ http://localhost:3001/src/routes/+layout.svelte:42
[  329137ms] [LOG] [plausible] render {diagramType: flowchart-v2, isRough: false, lengthBucket: 0-10, renderTimeMsBucket: 50-100} @ http://localhost:3001/src/lib/util/stats.ts:89
[  329585ms] [LOG] [plausible] version {mermaidVersion: 11.14.0} @ http://localhost:3001/src/lib/util/stats.ts:89
[  329656ms] [LOG] Loading '' @ http://localhost:3001/src/lib/util/state.ts:192
[  329702ms] [LOG] Registration successful, scope is: http://localhost:3001/ @ http://localhost:3001/src/routes/+layout.svelte:42
[  329730ms] [LOG] [plausible] render {diagramType: flowchart-v2, isRough: false, lengthBucket: 0-10, renderTimeMsBucket: 50-100} @ http://localhost:3001/src/lib/util/stats.ts:89
[  330200ms] [LOG] [plausible] version {mermaidVersion: 11.14.0} @ http://localhost:3001/src/lib/util/stats.ts:89
[  330275ms] [LOG] Loading '' @ http://localhost:3001/src/lib/util/state.ts:192
[  330332ms] [LOG] Registration successful, scope is: http://localhost:3001/ @ http://localhost:3001/src/routes/+layout.svelte:42
[  330368ms] [LOG] [plausible] render {diagramType: flowchart-v2, isRough: false, lengthBucket: 0-10, renderTimeMsBucket: 50-100} @ http://localhost:3001/src/lib/util/stats.ts:89
[  330810ms] [LOG] [plausible] version {mermaidVersion: 11.14.0} @ http://localhost:3001/src/lib/util/stats.ts:89
[  330866ms] [LOG] Loading '' @ http://localhost:3001/src/lib/util/state.ts:192
[  330917ms] [LOG] Registration successful, scope is: http://localhost:3001/ @ http://localhost:3001/src/routes/+layout.svelte:42
[  330959ms] [LOG] [plausible] render {diagramType: flowchart-v2, isRough: false, lengthBucket: 0-10, renderTimeMsBucket: 50-100} @ http://localhost:3001/src/lib/util/stats.ts:89
[  331432ms] [LOG] [plausible] version {mermaidVersion: 11.14.0} @ http://localhost:3001/src/lib/util/stats.ts:89
[  331497ms] [LOG] Loading '' @ http://localhost:3001/src/lib/util/state.ts:192
[  331552ms] [LOG] Registration successful, scope is: http://localhost:3001/ @ http://localhost:3001/src/routes/+layout.svelte:42
[  331587ms] [LOG] [plausible] render {diagramType: flowchart-v2, isRough: false, lengthBucket: 0-10, renderTimeMsBucket: 50-100} @ http://localhost:3001/src/lib/util/stats.ts:89
[  332028ms] [LOG] [plausible] version {mermaidVersion: 11.14.0} @ http://localhost:3001/src/lib/util/stats.ts:89
[  332095ms] [LOG] Loading '' @ http://localhost:3001/src/lib/util/state.ts:192
[  332145ms] [LOG] Registration successful, scope is: http://localhost:3001/ @ http://localhost:3001/src/routes/+layout.svelte:42
[  332184ms] [LOG] [plausible] render {diagramType: flowchart-v2, isRough: false, lengthBucket: 0-10, renderTimeMsBucket: 50-100} @ http://localhost:3001/src/lib/util/stats.ts:89
[  332657ms] [LOG] [plausible] version {mermaidVersion: 11.14.0} @ http://localhost:3001/src/lib/util/stats.ts:89
[  332721ms] [LOG] Loading '' @ http://localhost:3001/src/lib/util/state.ts:192
[  332775ms] [LOG] Registration successful, scope is: http://localhost:3001/ @ http://localhost:3001/src/routes/+layout.svelte:42
[  332814ms] [LOG] [plausible] render {diagramType: flowchart-v2, isRough: false, lengthBucket: 0-10, renderTimeMsBucket: 50-100} @ http://localhost:3001/src/lib/util/stats.ts:89
[  333265ms] [LOG] [plausible] version {mermaidVersion: 11.14.0} @ http://localhost:3001/src/lib/util/stats.ts:89
[  333332ms] [LOG] Loading '' @ http://localhost:3001/src/lib/util/state.ts:192
[  333385ms] [LOG] Registration successful, scope is: http://localhost:3001/ @ http://localhost:3001/src/routes/+layout.svelte:42
[  333423ms] [LOG] [plausible] render {diagramType: flowchart-v2, isRough: false, lengthBucket: 0-10, renderTimeMsBucket: 50-100} @ http://localhost:3001/src/lib/util/stats.ts:89
[  333884ms] [LOG] [plausible] version {mermaidVersion: 11.14.0} @ http://localhost:3001/src/lib/util/stats.ts:89
[  333947ms] [LOG] Loading '' @ http://localhost:3001/src/lib/util/state.ts:192
[  333998ms] [LOG] Registration successful, scope is: http://localhost:3001/ @ http://localhost:3001/src/routes/+layout.svelte:42
[  334044ms] [LOG] [plausible] render {diagramType: flowchart-v2, isRough: false, lengthBucket: 0-10, renderTimeMsBucket: 50-100} @ http://localhost:3001/src/lib/util/stats.ts:89
[  334448ms] [LOG] [plausible] version {mermaidVersion: 11.14.0} @ http://localhost:3001/src/lib/util/stats.ts:89
[  334518ms] [LOG] Loading '' @ http://localhost:3001/src/lib/util/state.ts:192
[  334566ms] [LOG] Registration successful, scope is: http://localhost:3001/ @ http://localhost:3001/src/routes/+layout.svelte:42
[  334607ms] [LOG] [plausible] render {diagramType: flowchart-v2, isRough: false, lengthBucket: 0-10, renderTimeMsBucket: 50-100} @ http://localhost:3001/src/lib/util/stats.ts:89
[  335058ms] [LOG] [plausible] version {mermaidVersion: 11.14.0} @ http://localhost:3001/src/lib/util/stats.ts:89
[  335126ms] [LOG] Loading '' @ http://localhost:3001/src/lib/util/state.ts:192
[  335179ms] [LOG] Registration successful, scope is: http://localhost:3001/ @ http://localhost:3001/src/routes/+layout.svelte:42
[  335219ms] [LOG] [plausible] render {diagramType: flowchart-v2, isRough: false, lengthBucket: 0-10, renderTimeMsBucket: 50-100} @ http://localhost:3001/src/lib/util/stats.ts:89
[  335629ms] [LOG] [plausible] version {mermaidVersion: 11.14.0} @ http://localhost:3001/src/lib/util/stats.ts:89
[  335698ms] [LOG] Loading '' @ http://localhost:3001/src/lib/util/state.ts:192
[  335746ms] [LOG] Registration successful, scope is: http://localhost:3001/ @ http://localhost:3001/src/routes/+layout.svelte:42
[  335780ms] [LOG] [plausible] render {diagramType: flowchart-v2, isRough: false, lengthBucket: 0-10, renderTimeMsBucket: 50-100} @ http://localhost:3001/src/lib/util/stats.ts:89
[  336255ms] [LOG] [plausible] version {mermaidVersion: 11.14.0} @ http://localhost:3001/src/lib/util/stats.ts:89
[  336310ms] [LOG] Loading '' @ http://localhost:3001/src/lib/util/state.ts:192
[  336364ms] [LOG] Registration successful, scope is: http://localhost:3001/ @ http://localhost:3001/src/routes/+layout.svelte:42
[  336407ms] [LOG] [plausible] render {diagramType: flowchart-v2, isRough: false, lengthBucket: 0-10, renderTimeMsBucket: 50-100} @ http://localhost:3001/src/lib/util/stats.ts:89
[  336837ms] [LOG] [plausible] version {mermaidVersion: 11.14.0} @ http://localhost:3001/src/lib/util/stats.ts:89
[  336901ms] [LOG] Loading '' @ http://localhost:3001/src/lib/util/state.ts:192
[  336959ms] [LOG] Registration successful, scope is: http://localhost:3001/ @ http://localhost:3001/src/routes/+layout.svelte:42
[  337010ms] [LOG] [plausible] render {diagramType: flowchart-v2, isRough: false, lengthBucket: 0-10, renderTimeMsBucket: 50-100} @ http://localhost:3001/src/lib/util/stats.ts:89
[  337450ms] [LOG] [plausible] version {mermaidVersion: 11.14.0} @ http://localhost:3001/src/lib/util/stats.ts:89
[  337509ms] [LOG] Loading '' @ http://localhost:3001/src/lib/util/state.ts:192
[  337566ms] [LOG] Registration successful, scope is: http://localhost:3001/ @ http://localhost:3001/src/routes/+layout.svelte:42
[  337608ms] [LOG] [plausible] render {diagramType: flowchart-v2, isRough: false, lengthBucket: 0-10, renderTimeMsBucket: 50-100} @ http://localhost:3001/src/lib/util/stats.ts:89
[  338027ms] [LOG] [plausible] version {mermaidVersion: 11.14.0} @ http://localhost:3001/src/lib/util/stats.ts:89
[  338098ms] [LOG] Loading '' @ http://localhost:3001/src/lib/util/state.ts:192
[  338144ms] [LOG] Registration successful, scope is: http://localhost:3001/ @ http://localhost:3001/src/routes/+layout.svelte:42
[  338184ms] [LOG] [plausible] render {diagramType: flowchart-v2, isRough: false, lengthBucket: 0-10, renderTimeMsBucket: 50-100} @ http://localhost:3001/src/lib/util/stats.ts:89
[  338645ms] [LOG] [plausible] version {mermaidVersion: 11.14.0} @ http://localhost:3001/src/lib/util/stats.ts:89
[  338712ms] [LOG] Loading '' @ http://localhost:3001/src/lib/util/state.ts:192
[  338773ms] [LOG] Registration successful, scope is: http://localhost:3001/ @ http://localhost:3001/src/routes/+layout.svelte:42
[  338817ms] [LOG] [plausible] render {diagramType: flowchart-v2, isRough: false, lengthBucket: 0-10, renderTimeMsBucket: 50-100} @ http://localhost:3001/src/lib/util/stats.ts:89
[  339253ms] [LOG] [plausible] version {mermaidVersion: 11.14.0} @ http://localhost:3001/src/lib/util/stats.ts:89
[  339320ms] [LOG] Loading '' @ http://localhost:3001/src/lib/util/state.ts:192
[  339375ms] [LOG] Registration successful, scope is: http://localhost:3001/ @ http://localhost:3001/src/routes/+layout.svelte:42
[  339414ms] [LOG] [plausible] render {diagramType: flowchart-v2, isRough: false, lengthBucket: 0-10, renderTimeMsBucket: 50-100} @ http://localhost:3001/src/lib/util/stats.ts:89
[  339894ms] [LOG] [plausible] version {mermaidVersion: 11.14.0} @ http://localhost:3001/src/lib/util/stats.ts:89
[  339963ms] [LOG] Loading '' @ http://localhost:3001/src/lib/util/state.ts:192
[  340018ms] [LOG] Registration successful, scope is: http://localhost:3001/ @ http://localhost:3001/src/routes/+layout.svelte:42
[  340060ms] [LOG] [plausible] render {diagramType: flowchart-v2, isRough: false, lengthBucket: 0-10, renderTimeMsBucket: 50-100} @ http://localhost:3001/src/lib/util/stats.ts:89
[  340484ms] [LOG] [plausible] version {mermaidVersion: 11.14.0} @ http://localhost:3001/src/lib/util/stats.ts:89
[  340555ms] [LOG] Loading '' @ http://localhost:3001/src/lib/util/state.ts:192
[  340611ms] [LOG] Registration successful, scope is: http://localhost:3001/ @ http://localhost:3001/src/routes/+layout.svelte:42
[  340647ms] [LOG] [plausible] render {diagramType: flowchart-v2, isRough: false, lengthBucket: 0-10, renderTimeMsBucket: 50-100} @ http://localhost:3001/src/lib/util/stats.ts:89
[  341123ms] [LOG] [plausible] version {mermaidVersion: 11.14.0} @ http://localhost:3001/src/lib/util/stats.ts:89
[  341189ms] [LOG] Loading '' @ http://localhost:3001/src/lib/util/state.ts:192
[  341240ms] [LOG] Registration successful, scope is: http://localhost:3001/ @ http://localhost:3001/src/routes/+layout.svelte:42
[  341274ms] [LOG] [plausible] render {diagramType: flowchart-v2, isRough: false, lengthBucket: 0-10, renderTimeMsBucket: 50-100} @ http://localhost:3001/src/lib/util/stats.ts:89
[  341719ms] [LOG] [plausible] version {mermaidVersion: 11.14.0} @ http://localhost:3001/src/lib/util/stats.ts:89
[  341785ms] [LOG] Loading '' @ http://localhost:3001/src/lib/util/state.ts:192
[  341840ms] [LOG] Registration successful, scope is: http://localhost:3001/ @ http://localhost:3001/src/routes/+layout.svelte:42
[  341876ms] [LOG] [plausible] render {diagramType: flowchart-v2, isRough: false, lengthBucket: 0-10, renderTimeMsBucket: 50-100} @ http://localhost:3001/src/lib/util/stats.ts:89
[  342320ms] [LOG] [plausible] version {mermaidVersion: 11.14.0} @ http://localhost:3001/src/lib/util/stats.ts:89
[  342390ms] [LOG] Loading '' @ http://localhost:3001/src/lib/util/state.ts:192
[  342453ms] [LOG] Registration successful, scope is: http://localhost:3001/ @ http://localhost:3001/src/routes/+layout.svelte:42
[  342491ms] [LOG] [plausible] render {diagramType: flowchart-v2, isRough: false, lengthBucket: 0-10, renderTimeMsBucket: 50-100} @ http://localhost:3001/src/lib/util/stats.ts:89
[  343048ms] [LOG] [plausible] version {mermaidVersion: 11.14.0} @ http://localhost:3001/src/lib/util/stats.ts:89
[  343118ms] [LOG] Loading '' @ http://localhost:3001/src/lib/util/state.ts:192
[  343170ms] [LOG] Registration successful, scope is: http://localhost:3001/ @ http://localhost:3001/src/routes/+layout.svelte:42
[  343214ms] [LOG] [plausible] render {diagramType: flowchart-v2, isRough: false, lengthBucket: 0-10, renderTimeMsBucket: 50-100} @ http://localhost:3001/src/lib/util/stats.ts:89
[  343815ms] [LOG] [plausible] version {mermaidVersion: 11.14.0} @ http://localhost:3001/src/lib/util/stats.ts:89
[  343882ms] [LOG] Loading '' @ http://localhost:3001/src/lib/util/state.ts:192
[  343936ms] [LOG] Registration successful, scope is: http://localhost:3001/ @ http://localhost:3001/src/routes/+layout.svelte:42
[  343975ms] [LOG] [plausible] render {diagramType: flowchart-v2, isRough: false, lengthBucket: 0-10, renderTimeMsBucket: 50-100} @ http://localhost:3001/src/lib/util/stats.ts:89
[  344570ms] [LOG] [plausible] version {mermaidVersion: 11.14.0} @ http://localhost:3001/src/lib/util/stats.ts:89
[  344640ms] [LOG] Loading '' @ http://localhost:3001/src/lib/util/state.ts:192
[  344693ms] [LOG] Registration successful, scope is: http://localhost:3001/ @ http://localhost:3001/src/routes/+layout.svelte:42
[  344732ms] [LOG] [plausible] render {diagramType: flowchart-v2, isRough: false, lengthBucket: 0-10, renderTimeMsBucket: 50-100} @ http://localhost:3001/src/lib/util/stats.ts:89
[  345294ms] [LOG] [plausible] version {mermaidVersion: 11.14.0} @ http://localhost:3001/src/lib/util/stats.ts:89
[  345361ms] [LOG] Loading '' @ http://localhost:3001/src/lib/util/state.ts:192
[  345423ms] [LOG] Registration successful, scope is: http://localhost:3001/ @ http://localhost:3001/src/routes/+layout.svelte:42
[  345455ms] [LOG] [plausible] render {diagramType: flowchart-v2, isRough: false, lengthBucket: 0-10, renderTimeMsBucket: 50-100} @ http://localhost:3001/src/lib/util/stats.ts:89
[  346038ms] [LOG] [plausible] version {mermaidVersion: 11.14.0} @ http://localhost:3001/src/lib/util/stats.ts:89
[  346107ms] [LOG] Loading '' @ http://localhost:3001/src/lib/util/state.ts:192
[  346160ms] [LOG] Registration successful, scope is: http://localhost:3001/ @ http://localhost:3001/src/routes/+layout.svelte:42
[  346201ms] [LOG] [plausible] render {diagramType: flowchart-v2, isRough: false, lengthBucket: 0-10, renderTimeMsBucket: 50-100} @ http://localhost:3001/src/lib/util/stats.ts:89
[  346751ms] [LOG] [plausible] version {mermaidVersion: 11.14.0} @ http://localhost:3001/src/lib/util/stats.ts:89
[  346820ms] [LOG] Loading '' @ http://localhost:3001/src/lib/util/state.ts:192
[  346872ms] [LOG] Registration successful, scope is: http://localhost:3001/ @ http://localhost:3001/src/routes/+layout.svelte:42
[  346910ms] [LOG] [plausible] render {diagramType: flowchart-v2, isRough: false, lengthBucket: 0-10, renderTimeMsBucket: 50-100} @ http://localhost:3001/src/lib/util/stats.ts:89
[  347482ms] [LOG] [plausible] version {mermaidVersion: 11.14.0} @ http://localhost:3001/src/lib/util/stats.ts:89
[  347549ms] [LOG] Loading '' @ http://localhost:3001/src/lib/util/state.ts:192
[  347596ms] [LOG] Registration successful, scope is: http://localhost:3001/ @ http://localhost:3001/src/routes/+layout.svelte:42
[  347632ms] [LOG] [plausible] render {diagramType: flowchart-v2, isRough: false, lengthBucket: 0-10, renderTimeMsBucket: 50-100} @ http://localhost:3001/src/lib/util/stats.ts:89
[  348190ms] [LOG] [plausible] version {mermaidVersion: 11.14.0} @ http://localhost:3001/src/lib/util/stats.ts:89
[  348254ms] [LOG] Loading '' @ http://localhost:3001/src/lib/util/state.ts:192
[  348314ms] [LOG] Registration successful, scope is: http://localhost:3001/ @ http://localhost:3001/src/routes/+layout.svelte:42
[  348358ms] [LOG] [plausible] render {diagramType: flowchart-v2, isRough: false, lengthBucket: 0-10, renderTimeMsBucket: 50-100} @ http://localhost:3001/src/lib/util/stats.ts:89
[  348907ms] [LOG] [plausible] version {mermaidVersion: 11.14.0} @ http://localhost:3001/src/lib/util/stats.ts:89
[  348974ms] [LOG] Loading '' @ http://localhost:3001/src/lib/util/state.ts:192
[  349031ms] [LOG] Registration successful, scope is: http://localhost:3001/ @ http://localhost:3001/src/routes/+layout.svelte:42
[  349079ms] [LOG] [plausible] render {diagramType: flowchart-v2, isRough: false, lengthBucket: 0-10, renderTimeMsBucket: 50-100} @ http://localhost:3001/src/lib/util/stats.ts:89
[  349639ms] [LOG] [plausible] version {mermaidVersion: 11.14.0} @ http://localhost:3001/src/lib/util/stats.ts:89
[  349696ms] [LOG] Loading '' @ http://localhost:3001/src/lib/util/state.ts:192
[  349737ms] [LOG] Registration successful, scope is: http://localhost:3001/ @ http://localhost:3001/src/routes/+layout.svelte:42
[  349772ms] [LOG] [plausible] render {diagramType: flowchart-v2, isRough: false, lengthBucket: 0-10, renderTimeMsBucket: 50-100} @ http://localhost:3001/src/lib/util/stats.ts:89
[  350339ms] [LOG] [plausible] version {mermaidVersion: 11.14.0} @ http://localhost:3001/src/lib/util/stats.ts:89
[  350402ms] [LOG] Loading '' @ http://localhost:3001/src/lib/util/state.ts:192
[  350460ms] [LOG] Registration successful, scope is: http://localhost:3001/ @ http://localhost:3001/src/routes/+layout.svelte:42
[  350500ms] [LOG] [plausible] render {diagramType: flowchart-v2, isRough: false, lengthBucket: 0-10, renderTimeMsBucket: 50-100} @ http://localhost:3001/src/lib/util/stats.ts:89
[  351037ms] [LOG] [plausible] version {mermaidVersion: 11.14.0} @ http://localhost:3001/src/lib/util/stats.ts:89
[  351098ms] [LOG] Loading '' @ http://localhost:3001/src/lib/util/state.ts:192
[  351156ms] [LOG] Registration successful, scope is: http://localhost:3001/ @ http://localhost:3001/src/routes/+layout.svelte:42
[  351195ms] [LOG] [plausible] render {diagramType: flowchart-v2, isRough: false, lengthBucket: 0-10, renderTimeMsBucket: 50-100} @ http://localhost:3001/src/lib/util/stats.ts:89
[  351785ms] [LOG] [plausible] version {mermaidVersion: 11.14.0} @ http://localhost:3001/src/lib/util/stats.ts:89
[  351845ms] [LOG] Loading '' @ http://localhost:3001/src/lib/util/state.ts:192
[  351902ms] [LOG] Registration successful, scope is: http://localhost:3001/ @ http://localhost:3001/src/routes/+layout.svelte:42
[  351941ms] [LOG] [plausible] render {diagramType: flowchart-v2, isRough: false, lengthBucket: 0-10, renderTimeMsBucket: 50-100} @ http://localhost:3001/src/lib/util/stats.ts:89
[  352496ms] [LOG] [plausible] version {mermaidVersion: 11.14.0} @ http://localhost:3001/src/lib/util/stats.ts:89
[  352564ms] [LOG] Loading '' @ http://localhost:3001/src/lib/util/state.ts:192
[  352617ms] [LOG] Registration successful, scope is: http://localhost:3001/ @ http://localhost:3001/src/routes/+layout.svelte:42
[  352664ms] [LOG] [plausible] render {diagramType: flowchart-v2, isRough: false, lengthBucket: 0-10, renderTimeMsBucket: 50-100} @ http://localhost:3001/src/lib/util/stats.ts:89
[  353212ms] [LOG] [plausible] version {mermaidVersion: 11.14.0} @ http://localhost:3001/src/lib/util/stats.ts:89
[  353264ms] [LOG] Loading '' @ http://localhost:3001/src/lib/util/state.ts:192
[  353323ms] [LOG] Registration successful, scope is: http://localhost:3001/ @ http://localhost:3001/src/routes/+layout.svelte:42
[  353362ms] [LOG] [plausible] render {diagramType: flowchart-v2, isRough: false, lengthBucket: 0-10, renderTimeMsBucket: 50-100} @ http://localhost:3001/src/lib/util/stats.ts:89
[  353907ms] [LOG] [plausible] version {mermaidVersion: 11.14.0} @ http://localhost:3001/src/lib/util/stats.ts:89
[  353975ms] [LOG] Loading '' @ http://localhost:3001/src/lib/util/state.ts:192
[  354026ms] [LOG] Registration successful, scope is: http://localhost:3001/ @ http://localhost:3001/src/routes/+layout.svelte:42
[  354069ms] [LOG] [plausible] render {diagramType: flowchart-v2, isRough: false, lengthBucket: 0-10, renderTimeMsBucket: 50-100} @ http://localhost:3001/src/lib/util/stats.ts:89
[  354643ms] [LOG] [plausible] version {mermaidVersion: 11.14.0} @ http://localhost:3001/src/lib/util/stats.ts:89
[  354712ms] [LOG] Loading '' @ http://localhost:3001/src/lib/util/state.ts:192
[  354760ms] [LOG] Registration successful, scope is: http://localhost:3001/ @ http://localhost:3001/src/routes/+layout.svelte:42
[  354797ms] [LOG] [plausible] render {diagramType: flowchart-v2, isRough: false, lengthBucket: 0-10, renderTimeMsBucket: 50-100} @ http://localhost:3001/src/lib/util/stats.ts:89
[  355378ms] [LOG] [plausible] version {mermaidVersion: 11.14.0} @ http://localhost:3001/src/lib/util/stats.ts:89
[  355442ms] [LOG] Loading '' @ http://localhost:3001/src/lib/util/state.ts:192
[  355495ms] [LOG] Registration successful, scope is: http://localhost:3001/ @ http://localhost:3001/src/routes/+layout.svelte:42
[  355532ms] [LOG] [plausible] render {diagramType: flowchart-v2, isRough: false, lengthBucket: 0-10, renderTimeMsBucket: 50-100} @ http://localhost:3001/src/lib/util/stats.ts:89
[  356241ms] [LOG] [plausible] version {mermaidVersion: 11.14.0} @ http://localhost:3001/src/lib/util/stats.ts:89
[  356304ms] [LOG] Loading '' @ http://localhost:3001/src/lib/util/state.ts:192
[  356361ms] [LOG] Registration successful, scope is: http://localhost:3001/ @ http://localhost:3001/src/routes/+layout.svelte:42
[  356407ms] [LOG] [plausible] render {diagramType: flowchart-v2, isRough: false, lengthBucket: 0-10, renderTimeMsBucket: 50-100} @ http://localhost:3001/src/lib/util/stats.ts:89
[  356933ms] [LOG] [plausible] version {mermaidVersion: 11.14.0} @ http://localhost:3001/src/lib/util/stats.ts:89
[  357000ms] [LOG] Loading '' @ http://localhost:3001/src/lib/util/state.ts:192
[  357047ms] [LOG] Registration successful, scope is: http://localhost:3001/ @ http://localhost:3001/src/routes/+layout.svelte:42
[  357094ms] [LOG] [plausible] render {diagramType: flowchart-v2, isRough: false, lengthBucket: 0-10, renderTimeMsBucket: 50-100} @ http://localhost:3001/src/lib/util/stats.ts:89
[  357802ms] [LOG] [plausible] version {mermaidVersion: 11.14.0} @ http://localhost:3001/src/lib/util/stats.ts:89
[  357867ms] [LOG] Loading '' @ http://localhost:3001/src/lib/util/state.ts:192
[  357919ms] [LOG] Registration successful, scope is: http://localhost:3001/ @ http://localhost:3001/src/routes/+layout.svelte:42
[  357954ms] [LOG] [plausible] render {diagramType: flowchart-v2, isRough: false, lengthBucket: 0-10, renderTimeMsBucket: 50-100} @ http://localhost:3001/src/lib/util/stats.ts:89
[  358541ms] [LOG] [plausible] version {mermaidVersion: 11.14.0} @ http://localhost:3001/src/lib/util/stats.ts:89
[  358603ms] [LOG] Loading '' @ http://localhost:3001/src/lib/util/state.ts:192
[  358656ms] [LOG] Registration successful, scope is: http://localhost:3001/ @ http://localhost:3001/src/routes/+layout.svelte:42
[  358688ms] [LOG] [plausible] render {diagramType: flowchart-v2, isRough: false, lengthBucket: 0-10, renderTimeMsBucket: 50-100} @ http://localhost:3001/src/lib/util/stats.ts:89
[  359262ms] [LOG] [plausible] version {mermaidVersion: 11.14.0} @ http://localhost:3001/src/lib/util/stats.ts:89
[  359327ms] [LOG] Loading '' @ http://localhost:3001/src/lib/util/state.ts:192
[  359379ms] [LOG] Registration successful, scope is: http://localhost:3001/ @ http://localhost:3001/src/routes/+layout.svelte:42
[  359415ms] [LOG] [plausible] render {diagramType: flowchart-v2, isRough: false, lengthBucket: 0-10, renderTimeMsBucket: 50-100} @ http://localhost:3001/src/lib/util/stats.ts:89
[  359847ms] [LOG] [plausible] version {mermaidVersion: 11.14.0} @ http://localhost:3001/src/lib/util/stats.ts:89
[  359907ms] [LOG] Loading '' @ http://localhost:3001/src/lib/util/state.ts:192
[  359964ms] [LOG] Registration successful, scope is: http://localhost:3001/ @ http://localhost:3001/src/routes/+layout.svelte:42
[  360013ms] [LOG] [plausible] render {diagramType: flowchart-v2, isRough: false, lengthBucket: 0-10, renderTimeMsBucket: 50-100} @ http://localhost:3001/src/lib/util/stats.ts:89
[  360448ms] [LOG] [plausible] version {mermaidVersion: 11.14.0} @ http://localhost:3001/src/lib/util/stats.ts:89
[  360512ms] [LOG] Loading '' @ http://localhost:3001/src/lib/util/state.ts:192
[  360564ms] [LOG] Registration successful, scope is: http://localhost:3001/ @ http://localhost:3001/src/routes/+layout.svelte:42
[  360607ms] [LOG] [plausible] render {diagramType: flowchart-v2, isRough: false, lengthBucket: 0-10, renderTimeMsBucket: 50-100} @ http://localhost:3001/src/lib/util/stats.ts:89
[  361037ms] [LOG] [plausible] version {mermaidVersion: 11.14.0} @ http://localhost:3001/src/lib/util/stats.ts:89
[  361100ms] [LOG] Loading '' @ http://localhost:3001/src/lib/util/state.ts:192
[  361158ms] [LOG] Registration successful, scope is: http://localhost:3001/ @ http://localhost:3001/src/routes/+layout.svelte:42
[  361199ms] [LOG] [plausible] render {diagramType: flowchart-v2, isRough: false, lengthBucket: 0-10, renderTimeMsBucket: 50-100} @ http://localhost:3001/src/lib/util/stats.ts:89
[  361631ms] [LOG] [plausible] version {mermaidVersion: 11.14.0} @ http://localhost:3001/src/lib/util/stats.ts:89
[  361693ms] [LOG] Loading '' @ http://localhost:3001/src/lib/util/state.ts:192
[  361743ms] [LOG] Registration successful, scope is: http://localhost:3001/ @ http://localhost:3001/src/routes/+layout.svelte:42
[  361779ms] [LOG] [plausible] render {diagramType: flowchart-v2, isRough: false, lengthBucket: 0-10, renderTimeMsBucket: 50-100} @ http://localhost:3001/src/lib/util/stats.ts:89
[  362235ms] [LOG] [plausible] version {mermaidVersion: 11.14.0} @ http://localhost:3001/src/lib/util/stats.ts:89
[  362304ms] [LOG] Loading '' @ http://localhost:3001/src/lib/util/state.ts:192
[  362344ms] [LOG] Registration successful, scope is: http://localhost:3001/ @ http://localhost:3001/src/routes/+layout.svelte:42
[  362375ms] [LOG] [plausible] render {diagramType: flowchart-v2, isRough: false, lengthBucket: 0-10, renderTimeMsBucket: 25-50} @ http://localhost:3001/src/lib/util/stats.ts:89
[  362871ms] [LOG] [plausible] version {mermaidVersion: 11.14.0} @ http://localhost:3001/src/lib/util/stats.ts:89
[  362934ms] [LOG] Loading '' @ http://localhost:3001/src/lib/util/state.ts:192
[  362990ms] [LOG] Registration successful, scope is: http://localhost:3001/ @ http://localhost:3001/src/routes/+layout.svelte:42
[  363032ms] [LOG] [plausible] render {diagramType: flowchart-v2, isRough: false, lengthBucket: 0-10, renderTimeMsBucket: 50-100} @ http://localhost:3001/src/lib/util/stats.ts:89
[  363516ms] [LOG] [plausible] version {mermaidVersion: 11.14.0} @ http://localhost:3001/src/lib/util/stats.ts:89
[  363584ms] [LOG] Loading '' @ http://localhost:3001/src/lib/util/state.ts:192
[  363637ms] [LOG] Registration successful, scope is: http://localhost:3001/ @ http://localhost:3001/src/routes/+layout.svelte:42
[  363673ms] [LOG] [plausible] render {diagramType: flowchart-v2, isRough: false, lengthBucket: 0-10, renderTimeMsBucket: 50-100} @ http://localhost:3001/src/lib/util/stats.ts:89
[  364130ms] [LOG] [plausible] version {mermaidVersion: 11.14.0} @ http://localhost:3001/src/lib/util/stats.ts:89
[  364192ms] [LOG] Loading '' @ http://localhost:3001/src/lib/util/state.ts:192
[  364241ms] [LOG] Registration successful, scope is: http://localhost:3001/ @ http://localhost:3001/src/routes/+layout.svelte:42
[  364289ms] [LOG] [plausible] render {diagramType: flowchart-v2, isRough: false, lengthBucket: 0-10, renderTimeMsBucket: 50-100} @ http://localhost:3001/src/lib/util/stats.ts:89
[  364741ms] [LOG] [plausible] version {mermaidVersion: 11.14.0} @ http://localhost:3001/src/lib/util/stats.ts:89
[  364804ms] [LOG] Loading '' @ http://localhost:3001/src/lib/util/state.ts:192
[  364856ms] [LOG] Registration successful, scope is: http://localhost:3001/ @ http://localhost:3001/src/routes/+layout.svelte:42
[  364894ms] [LOG] [plausible] render {diagramType: flowchart-v2, isRough: false, lengthBucket: 0-10, renderTimeMsBucket: 50-100} @ http://localhost:3001/src/lib/util/stats.ts:89
[  365329ms] [LOG] [plausible] version {mermaidVersion: 11.14.0} @ http://localhost:3001/src/lib/util/stats.ts:89
[  365398ms] [LOG] Loading '' @ http://localhost:3001/src/lib/util/state.ts:192
[  365450ms] [LOG] Registration successful, scope is: http://localhost:3001/ @ http://localhost:3001/src/routes/+layout.svelte:42
[  365489ms] [LOG] [plausible] render {diagramType: flowchart-v2, isRough: false, lengthBucket: 0-10, renderTimeMsBucket: 50-100} @ http://localhost:3001/src/lib/util/stats.ts:89
[  365946ms] [LOG] [plausible] version {mermaidVersion: 11.14.0} @ http://localhost:3001/src/lib/util/stats.ts:89
[  366009ms] [LOG] Loading '' @ http://localhost:3001/src/lib/util/state.ts:192
[  366059ms] [LOG] Registration successful, scope is: http://localhost:3001/ @ http://localhost:3001/src/routes/+layout.svelte:42
[  366101ms] [LOG] [plausible] render {diagramType: flowchart-v2, isRough: false, lengthBucket: 0-10, renderTimeMsBucket: 50-100} @ http://localhost:3001/src/lib/util/stats.ts:89
[  366543ms] [LOG] [plausible] version {mermaidVersion: 11.14.0} @ http://localhost:3001/src/lib/util/stats.ts:89
[  366606ms] [LOG] Loading '' @ http://localhost:3001/src/lib/util/state.ts:192
[  366663ms] [LOG] Registration successful, scope is: http://localhost:3001/ @ http://localhost:3001/src/routes/+layout.svelte:42
[  366706ms] [LOG] [plausible] render {diagramType: flowchart-v2, isRough: false, lengthBucket: 0-10, renderTimeMsBucket: 50-100} @ http://localhost:3001/src/lib/util/stats.ts:89
[  367108ms] [LOG] [plausible] version {mermaidVersion: 11.14.0} @ http://localhost:3001/src/lib/util/stats.ts:89
[  367172ms] [LOG] Loading '' @ http://localhost:3001/src/lib/util/state.ts:192
[  367225ms] [LOG] Registration successful, scope is: http://localhost:3001/ @ http://localhost:3001/src/routes/+layout.svelte:42
[  367259ms] [LOG] [plausible] render {diagramType: flowchart-v2, isRough: false, lengthBucket: 0-10, renderTimeMsBucket: 50-100} @ http://localhost:3001/src/lib/util/stats.ts:89
[  367672ms] [LOG] [plausible] version {mermaidVersion: 11.14.0} @ http://localhost:3001/src/lib/util/stats.ts:89
[  367740ms] [LOG] Loading '' @ http://localhost:3001/src/lib/util/state.ts:192
[  367788ms] [LOG] Registration successful, scope is: http://localhost:3001/ @ http://localhost:3001/src/routes/+layout.svelte:42
[  367824ms] [LOG] [plausible] render {diagramType: flowchart-v2, isRough: false, lengthBucket: 0-10, renderTimeMsBucket: 50-100} @ http://localhost:3001/src/lib/util/stats.ts:89
[  368259ms] [LOG] [plausible] version {mermaidVersion: 11.14.0} @ http://localhost:3001/src/lib/util/stats.ts:89
[  368321ms] [LOG] Loading '' @ http://localhost:3001/src/lib/util/state.ts:192
[  368374ms] [LOG] Registration successful, scope is: http://localhost:3001/ @ http://localhost:3001/src/routes/+layout.svelte:42
[  368412ms] [LOG] [plausible] render {diagramType: flowchart-v2, isRough: false, lengthBucket: 0-10, renderTimeMsBucket: 50-100} @ http://localhost:3001/src/lib/util/stats.ts:89
[  368841ms] [LOG] [plausible] version {mermaidVersion: 11.14.0} @ http://localhost:3001/src/lib/util/stats.ts:89
[  368899ms] [LOG] Loading '' @ http://localhost:3001/src/lib/util/state.ts:192
[  368957ms] [LOG] Registration successful, scope is: http://localhost:3001/ @ http://localhost:3001/src/routes/+layout.svelte:42
[  368998ms] [LOG] [plausible] render {diagramType: flowchart-v2, isRough: false, lengthBucket: 0-10, renderTimeMsBucket: 50-100} @ http://localhost:3001/src/lib/util/stats.ts:89
[  369399ms] [LOG] [plausible] version {mermaidVersion: 11.14.0} @ http://localhost:3001/src/lib/util/stats.ts:89
[  369469ms] [LOG] Loading '' @ http://localhost:3001/src/lib/util/state.ts:192
[  369513ms] [LOG] Registration successful, scope is: http://localhost:3001/ @ http://localhost:3001/src/routes/+layout.svelte:42
[  369564ms] [LOG] [plausible] render {diagramType: flowchart-v2, isRough: false, lengthBucket: 0-10, renderTimeMsBucket: 50-100} @ http://localhost:3001/src/lib/util/stats.ts:89
[  370043ms] [LOG] [plausible] version {mermaidVersion: 11.14.0} @ http://localhost:3001/src/lib/util/stats.ts:89
[  370112ms] [LOG] Loading '' @ http://localhost:3001/src/lib/util/state.ts:192
[  370161ms] [LOG] Registration successful, scope is: http://localhost:3001/ @ http://localhost:3001/src/routes/+layout.svelte:42
[  370217ms] [LOG] [plausible] render {diagramType: flowchart-v2, isRough: false, lengthBucket: 0-10, renderTimeMsBucket: 50-100} @ http://localhost:3001/src/lib/util/stats.ts:89
[  370687ms] [LOG] [plausible] version {mermaidVersion: 11.14.0} @ http://localhost:3001/src/lib/util/stats.ts:89
[  370758ms] [LOG] Loading '' @ http://localhost:3001/src/lib/util/state.ts:192
[  370814ms] [LOG] Registration successful, scope is: http://localhost:3001/ @ http://localhost:3001/src/routes/+layout.svelte:42
[  370863ms] [LOG] [plausible] render {diagramType: flowchart-v2, isRough: false, lengthBucket: 0-10, renderTimeMsBucket: 50-100} @ http://localhost:3001/src/lib/util/stats.ts:89
[  371280ms] [LOG] [plausible] version {mermaidVersion: 11.14.0} @ http://localhost:3001/src/lib/util/stats.ts:89
[  371345ms] [LOG] Loading '' @ http://localhost:3001/src/lib/util/state.ts:192
[  371407ms] [LOG] Registration successful, scope is: http://localhost:3001/ @ http://localhost:3001/src/routes/+layout.svelte:42
[  371447ms] [LOG] [plausible] render {diagramType: flowchart-v2, isRough: false, lengthBucket: 0-10, renderTimeMsBucket: 50-100} @ http://localhost:3001/src/lib/util/stats.ts:89
[  371926ms] [LOG] [plausible] version {mermaidVersion: 11.14.0} @ http://localhost:3001/src/lib/util/stats.ts:89
[  371993ms] [LOG] Loading '' @ http://localhost:3001/src/lib/util/state.ts:192
[  372047ms] [LOG] Registration successful, scope is: http://localhost:3001/ @ http://localhost:3001/src/routes/+layout.svelte:42
[  372084ms] [LOG] [plausible] render {diagramType: flowchart-v2, isRough: false, lengthBucket: 0-10, renderTimeMsBucket: 50-100} @ http://localhost:3001/src/lib/util/stats.ts:89
[  372498ms] [LOG] [plausible] version {mermaidVersion: 11.14.0} @ http://localhost:3001/src/lib/util/stats.ts:89
[  372565ms] [LOG] Loading '' @ http://localhost:3001/src/lib/util/state.ts:192
[  372616ms] [LOG] Registration successful, scope is: http://localhost:3001/ @ http://localhost:3001/src/routes/+layout.svelte:42
[  372662ms] [LOG] [plausible] render {diagramType: flowchart-v2, isRough: false, lengthBucket: 0-10, renderTimeMsBucket: 50-100} @ http://localhost:3001/src/lib/util/stats.ts:89
[  373116ms] [LOG] [plausible] version {mermaidVersion: 11.14.0} @ http://localhost:3001/src/lib/util/stats.ts:89
[  373180ms] [LOG] Loading '' @ http://localhost:3001/src/lib/util/state.ts:192
[  373239ms] [LOG] Registration successful, scope is: http://localhost:3001/ @ http://localhost:3001/src/routes/+layout.svelte:42
[  373297ms] [LOG] [plausible] render {diagramType: flowchart-v2, isRough: false, lengthBucket: 0-10, renderTimeMsBucket: 50-100} @ http://localhost:3001/src/lib/util/stats.ts:89
[  373859ms] [LOG] [plausible] version {mermaidVersion: 11.14.0} @ http://localhost:3001/src/lib/util/stats.ts:89
[  373929ms] [LOG] Loading '' @ http://localhost:3001/src/lib/util/state.ts:192
[  373981ms] [LOG] Registration successful, scope is: http://localhost:3001/ @ http://localhost:3001/src/routes/+layout.svelte:42
[  374017ms] [LOG] [plausible] render {diagramType: flowchart-v2, isRough: false, lengthBucket: 0-10, renderTimeMsBucket: 50-100} @ http://localhost:3001/src/lib/util/stats.ts:89
[  374607ms] [LOG] [plausible] version {mermaidVersion: 11.14.0} @ http://localhost:3001/src/lib/util/stats.ts:89
[  374678ms] [LOG] Loading '' @ http://localhost:3001/src/lib/util/state.ts:192
[  374730ms] [LOG] Registration successful, scope is: http://localhost:3001/ @ http://localhost:3001/src/routes/+layout.svelte:42
[  374764ms] [LOG] [plausible] render {diagramType: flowchart-v2, isRough: false, lengthBucket: 0-10, renderTimeMsBucket: 50-100} @ http://localhost:3001/src/lib/util/stats.ts:89
[  375323ms] [LOG] [plausible] version {mermaidVersion: 11.14.0} @ http://localhost:3001/src/lib/util/stats.ts:89
[  375384ms] [LOG] Loading '' @ http://localhost:3001/src/lib/util/state.ts:192
[  375431ms] [LOG] Registration successful, scope is: http://localhost:3001/ @ http://localhost:3001/src/routes/+layout.svelte:42
[  375465ms] [LOG] [plausible] render {diagramType: flowchart-v2, isRough: false, lengthBucket: 0-10, renderTimeMsBucket: 50-100} @ http://localhost:3001/src/lib/util/stats.ts:89
[  376018ms] [LOG] [plausible] version {mermaidVersion: 11.14.0} @ http://localhost:3001/src/lib/util/stats.ts:89
[  376081ms] [LOG] Loading '' @ http://localhost:3001/src/lib/util/state.ts:192
[  376127ms] [LOG] Registration successful, scope is: http://localhost:3001/ @ http://localhost:3001/src/routes/+layout.svelte:42
[  376162ms] [LOG] [plausible] render {diagramType: flowchart-v2, isRough: false, lengthBucket: 0-10, renderTimeMsBucket: 50-100} @ http://localhost:3001/src/lib/util/stats.ts:89
[  376732ms] [LOG] [plausible] version {mermaidVersion: 11.14.0} @ http://localhost:3001/src/lib/util/stats.ts:89
[  376788ms] [LOG] Loading '' @ http://localhost:3001/src/lib/util/state.ts:192
[  376835ms] [LOG] Registration successful, scope is: http://localhost:3001/ @ http://localhost:3001/src/routes/+layout.svelte:42
[  376877ms] [LOG] [plausible] render {diagramType: flowchart-v2, isRough: false, lengthBucket: 0-10, renderTimeMsBucket: 50-100} @ http://localhost:3001/src/lib/util/stats.ts:89
[  377445ms] [LOG] [plausible] version {mermaidVersion: 11.14.0} @ http://localhost:3001/src/lib/util/stats.ts:89
[  377513ms] [LOG] Loading '' @ http://localhost:3001/src/lib/util/state.ts:192
[  377561ms] [LOG] Registration successful, scope is: http://localhost:3001/ @ http://localhost:3001/src/routes/+layout.svelte:42
[  377597ms] [LOG] [plausible] render {diagramType: flowchart-v2, isRough: false, lengthBucket: 0-10, renderTimeMsBucket: 50-100} @ http://localhost:3001/src/lib/util/stats.ts:89
[  378211ms] [LOG] [plausible] version {mermaidVersion: 11.14.0} @ http://localhost:3001/src/lib/util/stats.ts:89
[  378278ms] [LOG] Loading '' @ http://localhost:3001/src/lib/util/state.ts:192
[  378324ms] [LOG] Registration successful, scope is: http://localhost:3001/ @ http://localhost:3001/src/routes/+layout.svelte:42
[  378361ms] [LOG] [plausible] render {diagramType: flowchart-v2, isRough: false, lengthBucket: 0-10, renderTimeMsBucket: 50-100} @ http://localhost:3001/src/lib/util/stats.ts:89
[  378940ms] [LOG] [plausible] version {mermaidVersion: 11.14.0} @ http://localhost:3001/src/lib/util/stats.ts:89
[  379010ms] [LOG] Loading '' @ http://localhost:3001/src/lib/util/state.ts:192
[  379062ms] [LOG] Registration successful, scope is: http://localhost:3001/ @ http://localhost:3001/src/routes/+layout.svelte:42
[  379098ms] [LOG] [plausible] render {diagramType: flowchart-v2, isRough: false, lengthBucket: 0-10, renderTimeMsBucket: 50-100} @ http://localhost:3001/src/lib/util/stats.ts:89
[  379700ms] [LOG] [plausible] version {mermaidVersion: 11.14.0} @ http://localhost:3001/src/lib/util/stats.ts:89
[  379752ms] [LOG] Loading '' @ http://localhost:3001/src/lib/util/state.ts:192
[  379813ms] [LOG] Registration successful, scope is: http://localhost:3001/ @ http://localhost:3001/src/routes/+layout.svelte:42
[  379869ms] [LOG] [plausible] render {diagramType: flowchart-v2, isRough: false, lengthBucket: 0-10, renderTimeMsBucket: 50-100} @ http://localhost:3001/src/lib/util/stats.ts:89
[  380432ms] [LOG] [plausible] version {mermaidVersion: 11.14.0} @ http://localhost:3001/src/lib/util/stats.ts:89
[  380494ms] [LOG] Loading '' @ http://localhost:3001/src/lib/util/state.ts:192
[  380549ms] [LOG] Registration successful, scope is: http://localhost:3001/ @ http://localhost:3001/src/routes/+layout.svelte:42
[  380587ms] [LOG] [plausible] render {diagramType: flowchart-v2, isRough: false, lengthBucket: 0-10, renderTimeMsBucket: 50-100} @ http://localhost:3001/src/lib/util/stats.ts:89
[  381140ms] [LOG] [plausible] version {mermaidVersion: 11.14.0} @ http://localhost:3001/src/lib/util/stats.ts:89
[  381201ms] [LOG] Loading '' @ http://localhost:3001/src/lib/util/state.ts:192
[  381255ms] [LOG] Registration successful, scope is: http://localhost:3001/ @ http://localhost:3001/src/routes/+layout.svelte:42
[  381292ms] [LOG] [plausible] render {diagramType: flowchart-v2, isRough: false, lengthBucket: 0-10, renderTimeMsBucket: 50-100} @ http://localhost:3001/src/lib/util/stats.ts:89
[  381857ms] [LOG] [plausible] version {mermaidVersion: 11.14.0} @ http://localhost:3001/src/lib/util/stats.ts:89
[  381920ms] [LOG] Loading '' @ http://localhost:3001/src/lib/util/state.ts:192
[  381977ms] [LOG] Registration successful, scope is: http://localhost:3001/ @ http://localhost:3001/src/routes/+layout.svelte:42
[  382009ms] [LOG] [plausible] render {diagramType: flowchart-v2, isRough: false, lengthBucket: 0-10, renderTimeMsBucket: 50-100} @ http://localhost:3001/src/lib/util/stats.ts:89
[  382593ms] [LOG] [plausible] version {mermaidVersion: 11.14.0} @ http://localhost:3001/src/lib/util/stats.ts:89
[  382654ms] [LOG] Loading '' @ http://localhost:3001/src/lib/util/state.ts:192
[  382707ms] [LOG] Registration successful, scope is: http://localhost:3001/ @ http://localhost:3001/src/routes/+layout.svelte:42
[  382746ms] [LOG] [plausible] render {diagramType: flowchart-v2, isRough: false, lengthBucket: 0-10, renderTimeMsBucket: 50-100} @ http://localhost:3001/src/lib/util/stats.ts:89
[  383277ms] [LOG] [plausible] version {mermaidVersion: 11.14.0} @ http://localhost:3001/src/lib/util/stats.ts:89
[  383339ms] [LOG] Loading '' @ http://localhost:3001/src/lib/util/state.ts:192
[  383389ms] [LOG] Registration successful, scope is: http://localhost:3001/ @ http://localhost:3001/src/routes/+layout.svelte:42
[  383424ms] [LOG] [plausible] render {diagramType: flowchart-v2, isRough: false, lengthBucket: 0-10, renderTimeMsBucket: 50-100} @ http://localhost:3001/src/lib/util/stats.ts:89
[  384003ms] [LOG] [plausible] version {mermaidVersion: 11.14.0} @ http://localhost:3001/src/lib/util/stats.ts:89
[  384069ms] [LOG] Loading '' @ http://localhost:3001/src/lib/util/state.ts:192
[  384122ms] [LOG] Registration successful, scope is: http://localhost:3001/ @ http://localhost:3001/src/routes/+layout.svelte:42
[  384167ms] [LOG] [plausible] render {diagramType: flowchart-v2, isRough: false, lengthBucket: 0-10, renderTimeMsBucket: 50-100} @ http://localhost:3001/src/lib/util/stats.ts:89
[  384705ms] [LOG] [plausible] version {mermaidVersion: 11.14.0} @ http://localhost:3001/src/lib/util/stats.ts:89
[  384762ms] [LOG] Loading '' @ http://localhost:3001/src/lib/util/state.ts:192
[  384811ms] [LOG] Registration successful, scope is: http://localhost:3001/ @ http://localhost:3001/src/routes/+layout.svelte:42
[  384843ms] [LOG] [plausible] render {diagramType: flowchart-v2, isRough: false, lengthBucket: 0-10, renderTimeMsBucket: 50-100} @ http://localhost:3001/src/lib/util/stats.ts:89
[  385448ms] [LOG] [plausible] version {mermaidVersion: 11.14.0} @ http://localhost:3001/src/lib/util/stats.ts:89
[  385502ms] [LOG] Loading '' @ http://localhost:3001/src/lib/util/state.ts:192
[  385559ms] [LOG] Registration successful, scope is: http://localhost:3001/ @ http://localhost:3001/src/routes/+layout.svelte:42
[  385598ms] [LOG] [plausible] render {diagramType: flowchart-v2, isRough: false, lengthBucket: 0-10, renderTimeMsBucket: 50-100} @ http://localhost:3001/src/lib/util/stats.ts:89
[  386156ms] [LOG] [plausible] version {mermaidVersion: 11.14.0} @ http://localhost:3001/src/lib/util/stats.ts:89
[  386221ms] [LOG] Loading '' @ http://localhost:3001/src/lib/util/state.ts:192
[  386304ms] [LOG] [plausible] render {diagramType: flowchart-v2, isRough: false, lengthBucket: 0-10, renderTimeMsBucket: 50-100} @ http://localhost:3001/src/lib/util/stats.ts:89
[  386390ms] [LOG] Registration successful, scope is: http://localhost:3001/ @ http://localhost:3001/src/routes/+layout.svelte:42
[  386908ms] [LOG] [plausible] version {mermaidVersion: 11.14.0} @ http://localhost:3001/src/lib/util/stats.ts:89
[  386968ms] [LOG] Loading '' @ http://localhost:3001/src/lib/util/state.ts:192
[  387025ms] [LOG] Registration successful, scope is: http://localhost:3001/ @ http://localhost:3001/src/routes/+layout.svelte:42
[  387069ms] [LOG] [plausible] render {diagramType: flowchart-v2, isRough: false, lengthBucket: 0-10, renderTimeMsBucket: 50-100} @ http://localhost:3001/src/lib/util/stats.ts:89
[  387508ms] [LOG] [plausible] version {mermaidVersion: 11.14.0} @ http://localhost:3001/src/lib/util/stats.ts:89
[  387577ms] [LOG] Loading '' @ http://localhost:3001/src/lib/util/state.ts:192
[  387630ms] [LOG] Registration successful, scope is: http://localhost:3001/ @ http://localhost:3001/src/routes/+layout.svelte:42
[  387670ms] [LOG] [plausible] render {diagramType: flowchart-v2, isRough: false, lengthBucket: 0-10, renderTimeMsBucket: 50-100} @ http://localhost:3001/src/lib/util/stats.ts:89
[  388153ms] [LOG] [plausible] version {mermaidVersion: 11.14.0} @ http://localhost:3001/src/lib/util/stats.ts:89
[  388221ms] [LOG] Loading '' @ http://localhost:3001/src/lib/util/state.ts:192
[  388271ms] [LOG] Registration successful, scope is: http://localhost:3001/ @ http://localhost:3001/src/routes/+layout.svelte:42
[  388332ms] [LOG] [plausible] render {diagramType: flowchart-v2, isRough: false, lengthBucket: 0-10, renderTimeMsBucket: 50-100} @ http://localhost:3001/src/lib/util/stats.ts:89
[  388795ms] [LOG] [plausible] version {mermaidVersion: 11.14.0} @ http://localhost:3001/src/lib/util/stats.ts:89
[  388864ms] [LOG] Loading '' @ http://localhost:3001/src/lib/util/state.ts:192
[  388919ms] [LOG] Registration successful, scope is: http://localhost:3001/ @ http://localhost:3001/src/routes/+layout.svelte:42
[  388955ms] [LOG] [plausible] render {diagramType: flowchart-v2, isRough: false, lengthBucket: 0-10, renderTimeMsBucket: 50-100} @ http://localhost:3001/src/lib/util/stats.ts:89
[  389355ms] [LOG] [plausible] version {mermaidVersion: 11.14.0} @ http://localhost:3001/src/lib/util/stats.ts:89
[  389423ms] [LOG] Loading '' @ http://localhost:3001/src/lib/util/state.ts:192
[  389475ms] [LOG] Registration successful, scope is: http://localhost:3001/ @ http://localhost:3001/src/routes/+layout.svelte:42
[  389513ms] [LOG] [plausible] render {diagramType: flowchart-v2, isRough: false, lengthBucket: 0-10, renderTimeMsBucket: 50-100} @ http://localhost:3001/src/lib/util/stats.ts:89
[  389929ms] [LOG] [plausible] version {mermaidVersion: 11.14.0} @ http://localhost:3001/src/lib/util/stats.ts:89
[  389994ms] [LOG] Loading '' @ http://localhost:3001/src/lib/util/state.ts:192
[  390048ms] [LOG] Registration successful, scope is: http://localhost:3001/ @ http://localhost:3001/src/routes/+layout.svelte:42
[  390096ms] [LOG] [plausible] render {diagramType: flowchart-v2, isRough: false, lengthBucket: 0-10, renderTimeMsBucket: 50-100} @ http://localhost:3001/src/lib/util/stats.ts:89
[  390542ms] [LOG] [plausible] version {mermaidVersion: 11.14.0} @ http://localhost:3001/src/lib/util/stats.ts:89
[  390608ms] [LOG] Loading '' @ http://localhost:3001/src/lib/util/state.ts:192
[  390662ms] [LOG] Registration successful, scope is: http://localhost:3001/ @ http://localhost:3001/src/routes/+layout.svelte:42
[  390700ms] [LOG] [plausible] render {diagramType: flowchart-v2, isRough: false, lengthBucket: 0-10, renderTimeMsBucket: 50-100} @ http://localhost:3001/src/lib/util/stats.ts:89
[  391259ms] [LOG] [plausible] version {mermaidVersion: 11.14.0} @ http://localhost:3001/src/lib/util/stats.ts:89
[  391322ms] [LOG] Loading '' @ http://localhost:3001/src/lib/util/state.ts:192
[  391381ms] [LOG] Registration successful, scope is: http://localhost:3001/ @ http://localhost:3001/src/routes/+layout.svelte:42
[  391419ms] [LOG] [plausible] render {diagramType: flowchart-v2, isRough: false, lengthBucket: 0-10, renderTimeMsBucket: 50-100} @ http://localhost:3001/src/lib/util/stats.ts:89
[  391971ms] [LOG] [plausible] version {mermaidVersion: 11.14.0} @ http://localhost:3001/src/lib/util/stats.ts:89
[  392035ms] [LOG] Loading '' @ http://localhost:3001/src/lib/util/state.ts:192
[  392082ms] [LOG] Registration successful, scope is: http://localhost:3001/ @ http://localhost:3001/src/routes/+layout.svelte:42
[  392127ms] [LOG] [plausible] render {diagramType: flowchart-v2, isRough: false, lengthBucket: 0-10, renderTimeMsBucket: 50-100} @ http://localhost:3001/src/lib/util/stats.ts:89
[  392707ms] [LOG] [plausible] version {mermaidVersion: 11.14.0} @ http://localhost:3001/src/lib/util/stats.ts:89
[  392772ms] [LOG] Loading '' @ http://localhost:3001/src/lib/util/state.ts:192
[  392821ms] [LOG] Registration successful, scope is: http://localhost:3001/ @ http://localhost:3001/src/routes/+layout.svelte:42
[  392867ms] [LOG] [plausible] render {diagramType: flowchart-v2, isRough: false, lengthBucket: 0-10, renderTimeMsBucket: 50-100} @ http://localhost:3001/src/lib/util/stats.ts:89
[  393344ms] [LOG] [plausible] version {mermaidVersion: 11.14.0} @ http://localhost:3001/src/lib/util/stats.ts:89
[  393398ms] [LOG] Loading '' @ http://localhost:3001/src/lib/util/state.ts:192
[  393451ms] [LOG] Registration successful, scope is: http://localhost:3001/ @ http://localhost:3001/src/routes/+layout.svelte:42
[  393513ms] [LOG] [plausible] render {diagramType: flowchart-v2, isRough: false, lengthBucket: 0-10, renderTimeMsBucket: 50-100} @ http://localhost:3001/src/lib/util/stats.ts:89
[  394076ms] [LOG] [plausible] version {mermaidVersion: 11.14.0} @ http://localhost:3001/src/lib/util/stats.ts:89
[  394135ms] [LOG] Loading '' @ http://localhost:3001/src/lib/util/state.ts:192
[  394186ms] [LOG] Registration successful, scope is: http://localhost:3001/ @ http://localhost:3001/src/routes/+layout.svelte:42
[  394225ms] [LOG] [plausible] render {diagramType: flowchart-v2, isRough: false, lengthBucket: 0-10, renderTimeMsBucket: 50-100} @ http://localhost:3001/src/lib/util/stats.ts:89
[  394768ms] [LOG] [plausible] version {mermaidVersion: 11.14.0} @ http://localhost:3001/src/lib/util/stats.ts:89
[  394832ms] [LOG] Loading '' @ http://localhost:3001/src/lib/util/state.ts:192
[  394880ms] [LOG] Registration successful, scope is: http://localhost:3001/ @ http://localhost:3001/src/routes/+layout.svelte:42
[  394915ms] [LOG] [plausible] render {diagramType: flowchart-v2, isRough: false, lengthBucket: 0-10, renderTimeMsBucket: 50-100} @ http://localhost:3001/src/lib/util/stats.ts:89
[  395483ms] [LOG] [plausible] version {mermaidVersion: 11.14.0} @ http://localhost:3001/src/lib/util/stats.ts:89
[  395545ms] [LOG] Loading '' @ http://localhost:3001/src/lib/util/state.ts:192
[  395601ms] [LOG] Registration successful, scope is: http://localhost:3001/ @ http://localhost:3001/src/routes/+layout.svelte:42
[  395641ms] [LOG] [plausible] render {diagramType: flowchart-v2, isRough: false, lengthBucket: 0-10, renderTimeMsBucket: 50-100} @ http://localhost:3001/src/lib/util/stats.ts:89
[  396175ms] [LOG] [plausible] version {mermaidVersion: 11.14.0} @ http://localhost:3001/src/lib/util/stats.ts:89
[  396240ms] [LOG] Loading '' @ http://localhost:3001/src/lib/util/state.ts:192
[  396289ms] [LOG] Registration successful, scope is: http://localhost:3001/ @ http://localhost:3001/src/routes/+layout.svelte:42
[  396322ms] [LOG] [plausible] render {diagramType: flowchart-v2, isRough: false, lengthBucket: 0-10, renderTimeMsBucket: 50-100} @ http://localhost:3001/src/lib/util/stats.ts:89
[  396928ms] [LOG] [plausible] version {mermaidVersion: 11.14.0} @ http://localhost:3001/src/lib/util/stats.ts:89
[  396993ms] [LOG] Loading '' @ http://localhost:3001/src/lib/util/state.ts:192
[  397052ms] [LOG] Registration successful, scope is: http://localhost:3001/ @ http://localhost:3001/src/routes/+layout.svelte:42
[  397099ms] [LOG] [plausible] render {diagramType: flowchart-v2, isRough: false, lengthBucket: 0-10, renderTimeMsBucket: 50-100} @ http://localhost:3001/src/lib/util/stats.ts:89
[  397537ms] [LOG] [plausible] version {mermaidVersion: 11.14.0} @ http://localhost:3001/src/lib/util/stats.ts:89
[  397597ms] [LOG] Loading '' @ http://localhost:3001/src/lib/util/state.ts:192
[  397649ms] [LOG] Registration successful, scope is: http://localhost:3001/ @ http://localhost:3001/src/routes/+layout.svelte:42
[  397707ms] [LOG] [plausible] render {diagramType: flowchart-v2, isRough: false, lengthBucket: 0-10, renderTimeMsBucket: 50-100} @ http://localhost:3001/src/lib/util/stats.ts:89
[  398174ms] [LOG] [plausible] version {mermaidVersion: 11.14.0} @ http://localhost:3001/src/lib/util/stats.ts:89
[  398231ms] [LOG] Loading '' @ http://localhost:3001/src/lib/util/state.ts:192
[  398287ms] [LOG] Registration successful, scope is: http://localhost:3001/ @ http://localhost:3001/src/routes/+layout.svelte:42
[  398333ms] [LOG] [plausible] render {diagramType: flowchart-v2, isRough: false, lengthBucket: 0-10, renderTimeMsBucket: 50-100} @ http://localhost:3001/src/lib/util/stats.ts:89
[  398776ms] [LOG] [plausible] version {mermaidVersion: 11.14.0} @ http://localhost:3001/src/lib/util/stats.ts:89
[  398831ms] [LOG] Loading '' @ http://localhost:3001/src/lib/util/state.ts:192
[  398888ms] [LOG] Registration successful, scope is: http://localhost:3001/ @ http://localhost:3001/src/routes/+layout.svelte:42
[  398939ms] [LOG] [plausible] render {diagramType: flowchart-v2, isRough: false, lengthBucket: 0-10, renderTimeMsBucket: 50-100} @ http://localhost:3001/src/lib/util/stats.ts:89
[  399377ms] [LOG] [plausible] version {mermaidVersion: 11.14.0} @ http://localhost:3001/src/lib/util/stats.ts:89
[  399448ms] [LOG] Loading '' @ http://localhost:3001/src/lib/util/state.ts:192
[  399499ms] [LOG] Registration successful, scope is: http://localhost:3001/ @ http://localhost:3001/src/routes/+layout.svelte:42
[  399536ms] [LOG] [plausible] render {diagramType: flowchart-v2, isRough: false, lengthBucket: 0-10, renderTimeMsBucket: 50-100} @ http://localhost:3001/src/lib/util/stats.ts:89
[  399992ms] [LOG] [plausible] version {mermaidVersion: 11.14.0} @ http://localhost:3001/src/lib/util/stats.ts:89
[  400061ms] [LOG] Loading '' @ http://localhost:3001/src/lib/util/state.ts:192
[  400113ms] [LOG] Registration successful, scope is: http://localhost:3001/ @ http://localhost:3001/src/routes/+layout.svelte:42
[  400153ms] [LOG] [plausible] render {diagramType: flowchart-v2, isRough: false, lengthBucket: 0-10, renderTimeMsBucket: 50-100} @ http://localhost:3001/src/lib/util/stats.ts:89
[  400624ms] [LOG] [plausible] version {mermaidVersion: 11.14.0} @ http://localhost:3001/src/lib/util/stats.ts:89
[  400687ms] [LOG] Loading '' @ http://localhost:3001/src/lib/util/state.ts:192
[  400740ms] [LOG] Registration successful, scope is: http://localhost:3001/ @ http://localhost:3001/src/routes/+layout.svelte:42
[  400778ms] [LOG] [plausible] render {diagramType: flowchart-v2, isRough: false, lengthBucket: 0-10, renderTimeMsBucket: 50-100} @ http://localhost:3001/src/lib/util/stats.ts:89
[  401215ms] [LOG] [plausible] version {mermaidVersion: 11.14.0} @ http://localhost:3001/src/lib/util/stats.ts:89
[  401282ms] [LOG] Loading '' @ http://localhost:3001/src/lib/util/state.ts:192
[  401337ms] [LOG] Registration successful, scope is: http://localhost:3001/ @ http://localhost:3001/src/routes/+layout.svelte:42
[  401374ms] [LOG] [plausible] render {diagramType: flowchart-v2, isRough: false, lengthBucket: 0-10, renderTimeMsBucket: 50-100} @ http://localhost:3001/src/lib/util/stats.ts:89
[  401851ms] [LOG] [plausible] version {mermaidVersion: 11.14.0} @ http://localhost:3001/src/lib/util/stats.ts:89
[  401915ms] [LOG] Loading '' @ http://localhost:3001/src/lib/util/state.ts:192
[  401970ms] [LOG] Registration successful, scope is: http://localhost:3001/ @ http://localhost:3001/src/routes/+layout.svelte:42
[  402015ms] [LOG] [plausible] render {diagramType: flowchart-v2, isRough: false, lengthBucket: 0-10, renderTimeMsBucket: 50-100} @ http://localhost:3001/src/lib/util/stats.ts:89
[  402450ms] [LOG] [plausible] version {mermaidVersion: 11.14.0} @ http://localhost:3001/src/lib/util/stats.ts:89
[  402514ms] [LOG] Loading '' @ http://localhost:3001/src/lib/util/state.ts:192
[  402566ms] [LOG] Registration successful, scope is: http://localhost:3001/ @ http://localhost:3001/src/routes/+layout.svelte:42
[  402605ms] [LOG] [plausible] render {diagramType: flowchart-v2, isRough: false, lengthBucket: 0-10, renderTimeMsBucket: 50-100} @ http://localhost:3001/src/lib/util/stats.ts:89
[  403058ms] [LOG] [plausible] version {mermaidVersion: 11.14.0} @ http://localhost:3001/src/lib/util/stats.ts:89
[  403133ms] [LOG] Loading '' @ http://localhost:3001/src/lib/util/state.ts:192
[  403177ms] [LOG] Registration successful, scope is: http://localhost:3001/ @ http://localhost:3001/src/routes/+layout.svelte:42
[  403218ms] [LOG] [plausible] render {diagramType: flowchart-v2, isRough: false, lengthBucket: 0-10, renderTimeMsBucket: 50-100} @ http://localhost:3001/src/lib/util/stats.ts:89
[  403677ms] [LOG] [plausible] version {mermaidVersion: 11.14.0} @ http://localhost:3001/src/lib/util/stats.ts:89
[  403738ms] [LOG] Loading '' @ http://localhost:3001/src/lib/util/state.ts:192
[  403797ms] [LOG] Registration successful, scope is: http://localhost:3001/ @ http://localhost:3001/src/routes/+layout.svelte:42
[  403835ms] [LOG] [plausible] render {diagramType: flowchart-v2, isRough: false, lengthBucket: 0-10, renderTimeMsBucket: 50-100} @ http://localhost:3001/src/lib/util/stats.ts:89
[  404327ms] [LOG] [plausible] version {mermaidVersion: 11.14.0} @ http://localhost:3001/src/lib/util/stats.ts:89
[  404397ms] [LOG] Loading '' @ http://localhost:3001/src/lib/util/state.ts:192
[  404452ms] [LOG] Registration successful, scope is: http://localhost:3001/ @ http://localhost:3001/src/routes/+layout.svelte:42
[  404501ms] [LOG] [plausible] render {diagramType: flowchart-v2, isRough: false, lengthBucket: 0-10, renderTimeMsBucket: 50-100} @ http://localhost:3001/src/lib/util/stats.ts:89
[  404927ms] [LOG] [plausible] version {mermaidVersion: 11.14.0} @ http://localhost:3001/src/lib/util/stats.ts:89
[  404992ms] [LOG] Loading '' @ http://localhost:3001/src/lib/util/state.ts:192
[  405039ms] [LOG] Registration successful, scope is: http://localhost:3001/ @ http://localhost:3001/src/routes/+layout.svelte:42
[  405096ms] [LOG] [plausible] render {diagramType: flowchart-v2, isRough: false, lengthBucket: 0-10, renderTimeMsBucket: 50-100} @ http://localhost:3001/src/lib/util/stats.ts:89
[  405551ms] [LOG] [plausible] version {mermaidVersion: 11.14.0} @ http://localhost:3001/src/lib/util/stats.ts:89
[  405624ms] [LOG] Loading '' @ http://localhost:3001/src/lib/util/state.ts:192
[  405682ms] [LOG] Registration successful, scope is: http://localhost:3001/ @ http://localhost:3001/src/routes/+layout.svelte:42
[  405721ms] [LOG] [plausible] render {diagramType: flowchart-v2, isRough: false, lengthBucket: 0-10, renderTimeMsBucket: 50-100} @ http://localhost:3001/src/lib/util/stats.ts:89
[  406148ms] [LOG] [plausible] version {mermaidVersion: 11.14.0} @ http://localhost:3001/src/lib/util/stats.ts:89
[  406219ms] [LOG] Loading '' @ http://localhost:3001/src/lib/util/state.ts:192
[  406269ms] [LOG] Registration successful, scope is: http://localhost:3001/ @ http://localhost:3001/src/routes/+layout.svelte:42
[  406318ms] [LOG] [plausible] render {diagramType: flowchart-v2, isRough: false, lengthBucket: 0-10, renderTimeMsBucket: 50-100} @ http://localhost:3001/src/lib/util/stats.ts:89
[  406797ms] [LOG] [plausible] version {mermaidVersion: 11.14.0} @ http://localhost:3001/src/lib/util/stats.ts:89
[  406864ms] [LOG] Loading '' @ http://localhost:3001/src/lib/util/state.ts:192
[  406918ms] [LOG] Registration successful, scope is: http://localhost:3001/ @ http://localhost:3001/src/routes/+layout.svelte:42
[  406969ms] [LOG] [plausible] render {diagramType: flowchart-v2, isRough: false, lengthBucket: 0-10, renderTimeMsBucket: 50-100} @ http://localhost:3001/src/lib/util/stats.ts:89
[  407427ms] [LOG] [plausible] version {mermaidVersion: 11.14.0} @ http://localhost:3001/src/lib/util/stats.ts:89
[  407478ms] [LOG] Loading '' @ http://localhost:3001/src/lib/util/state.ts:192
[  407528ms] [LOG] Registration successful, scope is: http://localhost:3001/ @ http://localhost:3001/src/routes/+layout.svelte:42
[  407601ms] [LOG] [plausible] render {diagramType: flowchart-v2, isRough: false, lengthBucket: 0-10, renderTimeMsBucket: 100-200} @ http://localhost:3001/src/lib/util/stats.ts:89
[  407870ms] [WARNING] Avoid using `history.pushState(...)` and `history.replaceState(...)` as these will conflict with SvelteKit's router. Use the `pushState` and `replaceState` imports from `$app/navigation` instead. @ http://localhost:3001/node_modules/.pnpm/@sveltejs+kit@2.37.0_@svelt_451e8418fb2bf1e4b93263c948f3b481/node_modules/@sveltejs/kit/src/runtime/client/client.js?v=5ec1b7ca:3085
[  408426ms] [LOG] [plausible] version {mermaidVersion: 11.14.0} @ http://localhost:3001/src/lib/util/stats.ts:89
[  408496ms] [LOG] Loading 'pako:eNpFTsluwjAQ_RVrELeAIEsdfKiUgNQf6KmYwxDbSVQvyHHUpij_XpMKdU7ztpl3h8YJCQyUdl9Nhz6Q9xO36zVpnDHSBkYqfeuQDJ0btSBDwIn09qlyW50X_UI2m1dS1edaBrxEul6I4_kNjXkQQ5i0jAaieq3ZSqkmDiTQ-l4AC36UCRjpDT4g3LklhEPopJEcWFyFVDjqwIHbOcZuaD-cM8-kd2PbAVOoh4jGm8AgTz22Hv8t0grpj260AVixXAB2h29gaUq32Z4Wu3K3L2mRlwlMkd1vDxnNs8MLzVJa0JLOCfwsP3fbaEv-2tXYfLbxvX3UXjV4za85zL8WD2z8' @ http://localhost:3001/src/lib/util/state.ts:192
[  408562ms] [LOG] Registration successful, scope is: http://localhost:3001/ @ http://localhost:3001/src/routes/+layout.svelte:42
[  408626ms] [LOG] [plausible] render {diagramType: flowchart-v2, isRough: false, lengthBucket: 0-10, renderTimeMsBucket: 100-200} @ http://localhost:3001/src/lib/util/stats.ts:89
[  409117ms] [LOG] [plausible] version {mermaidVersion: 11.14.0} @ http://localhost:3001/src/lib/util/stats.ts:89
[  409185ms] [LOG] Loading 'pako:eNpFTsluwjAQ_RVrELeAIEsdfKiUgNQf6KmYwxDbSVQvyHHUpij_XpMKdU7ztpl3h8YJCQyUdl9Nhz6Q9xO36zVpnDHSBkYqfeuQDJ0btSBDwIn09qlyW50X_UI2m1dS1edaBrxEul6I4_kNjXkQQ5i0jAaieq3ZSqkmDiTQ-l4AC36UCRjpDT4g3LklhEPopJEcWFyFVDjqwIHbOcZuaD-cM8-kd2PbAVOoh4jGm8AgTz22Hv8t0grpj260AVixXAB2h29gaUq32Z4Wu3K3L2mRlwlMkd1vDxnNs8MLzVJa0JLOCfwsP3fbaEv-2tXYfLbxvX3UXjV4za85zL8WD2z8' @ http://localhost:3001/src/lib/util/state.ts:192
[  409239ms] [LOG] Registration successful, scope is: http://localhost:3001/ @ http://localhost:3001/src/routes/+layout.svelte:42
[  409292ms] [LOG] [plausible] render {diagramType: flowchart-v2, isRough: false, lengthBucket: 0-10, renderTimeMsBucket: 50-100} @ http://localhost:3001/src/lib/util/stats.ts:89
[  409744ms] [LOG] [plausible] version {mermaidVersion: 11.14.0} @ http://localhost:3001/src/lib/util/stats.ts:89
[  409813ms] [LOG] Loading 'pako:eNpFTsluwjAQ_RVrELeAIEsdfKiUgNQf6KmYwxDbSVQvyHHUpij_XpMKdU7ztpl3h8YJCQyUdl9Nhz6Q9xO36zVpnDHSBkYqfeuQDJ0btSBDwIn09qlyW50X_UI2m1dS1edaBrxEul6I4_kNjXkQQ5i0jAaieq3ZSqkmDiTQ-l4AC36UCRjpDT4g3LklhEPopJEcWFyFVDjqwIHbOcZuaD-cM8-kd2PbAVOoh4jGm8AgTz22Hv8t0grpj260AVixXAB2h29gaUq32Z4Wu3K3L2mRlwlMkd1vDxnNs8MLzVJa0JLOCfwsP3fbaEv-2tXYfLbxvX3UXjV4za85zL8WD2z8' @ http://localhost:3001/src/lib/util/state.ts:192
[  409869ms] [LOG] Registration successful, scope is: http://localhost:3001/ @ http://localhost:3001/src/routes/+layout.svelte:42
[  409935ms] [LOG] [plausible] render {diagramType: flowchart-v2, isRough: false, lengthBucket: 0-10, renderTimeMsBucket: 50-100} @ http://localhost:3001/src/lib/util/stats.ts:89
[  410404ms] [LOG] [plausible] version {mermaidVersion: 11.14.0} @ http://localhost:3001/src/lib/util/stats.ts:89
[  410466ms] [LOG] Loading 'pako:eNpFTsluwjAQ_RVrELeAIEsdfKiUgNQf6KmYwxDbSVQvyHHUpij_XpMKdU7ztpl3h8YJCQyUdl9Nhz6Q9xO36zVpnDHSBkYqfeuQDJ0btSBDwIn09qlyW50X_UI2m1dS1edaBrxEul6I4_kNjXkQQ5i0jAaieq3ZSqkmDiTQ-l4AC36UCRjpDT4g3LklhEPopJEcWFyFVDjqwIHbOcZuaD-cM8-kd2PbAVOoh4jGm8AgTz22Hv8t0grpj260AVixXAB2h29gaUq32Z4Wu3K3L2mRlwlMkd1vDxnNs8MLzVJa0JLOCfwsP3fbaEv-2tXYfLbxvX3UXjV4za85zL8WD2z8' @ http://localhost:3001/src/lib/util/state.ts:192
[  410523ms] [LOG] Registration successful, scope is: http://localhost:3001/ @ http://localhost:3001/src/routes/+layout.svelte:42
[  410572ms] [LOG] [plausible] render {diagramType: flowchart-v2, isRough: false, lengthBucket: 0-10, renderTimeMsBucket: 50-100} @ http://localhost:3001/src/lib/util/stats.ts:89
[  411012ms] [LOG] [plausible] version {mermaidVersion: 11.14.0} @ http://localhost:3001/src/lib/util/stats.ts:89
[  411075ms] [LOG] Loading 'pako:eNpFTsluwjAQ_RVrELeAIEsdfKiUgNQf6KmYwxDbSVQvyHHUpij_XpMKdU7ztpl3h8YJCQyUdl9Nhz6Q9xO36zVpnDHSBkYqfeuQDJ0btSBDwIn09qlyW50X_UI2m1dS1edaBrxEul6I4_kNjXkQQ5i0jAaieq3ZSqkmDiTQ-l4AC36UCRjpDT4g3LklhEPopJEcWFyFVDjqwIHbOcZuaD-cM8-kd2PbAVOoh4jGm8AgTz22Hv8t0grpj260AVixXAB2h29gaUq32Z4Wu3K3L2mRlwlMkd1vDxnNs8MLzVJa0JLOCfwsP3fbaEv-2tXYfLbxvX3UXjV4za85zL8WD2z8' @ http://localhost:3001/src/lib/util/state.ts:192
[  411134ms] [LOG] Registration successful, scope is: http://localhost:3001/ @ http://localhost:3001/src/routes/+layout.svelte:42
[  411193ms] [LOG] [plausible] render {diagramType: flowchart-v2, isRough: false, lengthBucket: 0-10, renderTimeMsBucket: 50-100} @ http://localhost:3001/src/lib/util/stats.ts:89
[  411617ms] [LOG] [plausible] version {mermaidVersion: 11.14.0} @ http://localhost:3001/src/lib/util/stats.ts:89
[  411685ms] [LOG] Loading 'pako:eNpFTsluwjAQ_RVrELeAIEsdfKiUgNQf6KmYwxDbSVQvyHHUpij_XpMKdU7ztpl3h8YJCQyUdl9Nhz6Q9xO36zVpnDHSBkYqfeuQDJ0btSBDwIn09qlyW50X_UI2m1dS1edaBrxEul6I4_kNjXkQQ5i0jAaieq3ZSqkmDiTQ-l4AC36UCRjpDT4g3LklhEPopJEcWFyFVDjqwIHbOcZuaD-cM8-kd2PbAVOoh4jGm8AgTz22Hv8t0grpj260AVixXAB2h29gaUq32Z4Wu3K3L2mRlwlMkd1vDxnNs8MLzVJa0JLOCfwsP3fbaEv-2tXYfLbxvX3UXjV4za85zL8WD2z8' @ http://localhost:3001/src/lib/util/state.ts:192
[  411738ms] [LOG] Registration successful, scope is: http://localhost:3001/ @ http://localhost:3001/src/routes/+layout.svelte:42
[  411775ms] [LOG] [plausible] render {diagramType: flowchart-v2, isRough: false, lengthBucket: 0-10, renderTimeMsBucket: 50-100} @ http://localhost:3001/src/lib/util/stats.ts:89
[  412205ms] [LOG] [plausible] version {mermaidVersion: 11.14.0} @ http://localhost:3001/src/lib/util/stats.ts:89
[  412271ms] [LOG] Loading 'pako:eNpFTsluwjAQ_RVrELeAIEsdfKiUgNQf6KmYwxDbSVQvyHHUpij_XpMKdU7ztpl3h8YJCQyUdl9Nhz6Q9xO36zVpnDHSBkYqfeuQDJ0btSBDwIn09qlyW50X_UI2m1dS1edaBrxEul6I4_kNjXkQQ5i0jAaieq3ZSqkmDiTQ-l4AC36UCRjpDT4g3LklhEPopJEcWFyFVDjqwIHbOcZuaD-cM8-kd2PbAVOoh4jGm8AgTz22Hv8t0grpj260AVixXAB2h29gaUq32Z4Wu3K3L2mRlwlMkd1vDxnNs8MLzVJa0JLOCfwsP3fbaEv-2tXYfLbxvX3UXjV4za85zL8WD2z8' @ http://localhost:3001/src/lib/util/state.ts:192
[  412322ms] [LOG] Registration successful, scope is: http://localhost:3001/ @ http://localhost:3001/src/routes/+layout.svelte:42
[  412369ms] [LOG] [plausible] render {diagramType: flowchart-v2, isRough: false, lengthBucket: 0-10, renderTimeMsBucket: 50-100} @ http://localhost:3001/src/lib/util/stats.ts:89
[  412806ms] [LOG] [plausible] version {mermaidVersion: 11.14.0} @ http://localhost:3001/src/lib/util/stats.ts:89
[  412868ms] [LOG] Loading 'pako:eNpFTsluwjAQ_RVrELeAIEsdfKiUgNQf6KmYwxDbSVQvyHHUpij_XpMKdU7ztpl3h8YJCQyUdl9Nhz6Q9xO36zVpnDHSBkYqfeuQDJ0btSBDwIn09qlyW50X_UI2m1dS1edaBrxEul6I4_kNjXkQQ5i0jAaieq3ZSqkmDiTQ-l4AC36UCRjpDT4g3LklhEPopJEcWFyFVDjqwIHbOcZuaD-cM8-kd2PbAVOoh4jGm8AgTz22Hv8t0grpj260AVixXAB2h29gaUq32Z4Wu3K3L2mRlwlMkd1vDxnNs8MLzVJa0JLOCfwsP3fbaEv-2tXYfLbxvX3UXjV4za85zL8WD2z8' @ http://localhost:3001/src/lib/util/state.ts:192
[  412923ms] [LOG] Registration successful, scope is: http://localhost:3001/ @ http://localhost:3001/src/routes/+layout.svelte:42
[  412954ms] [LOG] [plausible] render {diagramType: flowchart-v2, isRough: false, lengthBucket: 0-10, renderTimeMsBucket: 50-100} @ http://localhost:3001/src/lib/util/stats.ts:89
[  413382ms] [LOG] [plausible] version {mermaidVersion: 11.14.0} @ http://localhost:3001/src/lib/util/stats.ts:89
[  413445ms] [LOG] Loading 'pako:eNpFTsluwjAQ_RVrELeAIEsdfKiUgNQf6KmYwxDbSVQvyHHUpij_XpMKdU7ztpl3h8YJCQyUdl9Nhz6Q9xO36zVpnDHSBkYqfeuQDJ0btSBDwIn09qlyW50X_UI2m1dS1edaBrxEul6I4_kNjXkQQ5i0jAaieq3ZSqkmDiTQ-l4AC36UCRjpDT4g3LklhEPopJEcWFyFVDjqwIHbOcZuaD-cM8-kd2PbAVOoh4jGm8AgTz22Hv8t0grpj260AVixXAB2h29gaUq32Z4Wu3K3L2mRlwlMkd1vDxnNs8MLzVJa0JLOCfwsP3fbaEv-2tXYfLbxvX3UXjV4za85zL8WD2z8' @ http://localhost:3001/src/lib/util/state.ts:192
[  413497ms] [LOG] Registration successful, scope is: http://localhost:3001/ @ http://localhost:3001/src/routes/+layout.svelte:42
[  413543ms] [LOG] [plausible] render {diagramType: flowchart-v2, isRough: false, lengthBucket: 0-10, renderTimeMsBucket: 50-100} @ http://localhost:3001/src/lib/util/stats.ts:89
[  414003ms] [LOG] [plausible] version {mermaidVersion: 11.14.0} @ http://localhost:3001/src/lib/util/stats.ts:89
[  414072ms] [LOG] Loading 'pako:eNpFTsluwjAQ_RVrELeAIEsdfKiUgNQf6KmYwxDbSVQvyHHUpij_XpMKdU7ztpl3h8YJCQyUdl9Nhz6Q9xO36zVpnDHSBkYqfeuQDJ0btSBDwIn09qlyW50X_UI2m1dS1edaBrxEul6I4_kNjXkQQ5i0jAaieq3ZSqkmDiTQ-l4AC36UCRjpDT4g3LklhEPopJEcWFyFVDjqwIHbOcZuaD-cM8-kd2PbAVOoh4jGm8AgTz22Hv8t0grpj260AVixXAB2h29gaUq32Z4Wu3K3L2mRlwlMkd1vDxnNs8MLzVJa0JLOCfwsP3fbaEv-2tXYfLbxvX3UXjV4za85zL8WD2z8' @ http://localhost:3001/src/lib/util/state.ts:192
[  414119ms] [LOG] Registration successful, scope is: http://localhost:3001/ @ http://localhost:3001/src/routes/+layout.svelte:42
[  414152ms] [LOG] [plausible] render {diagramType: flowchart-v2, isRough: false, lengthBucket: 0-10, renderTimeMsBucket: 50-100} @ http://localhost:3001/src/lib/util/stats.ts:89
[  414600ms] [LOG] [plausible] version {mermaidVersion: 11.14.0} @ http://localhost:3001/src/lib/util/stats.ts:89
[  414668ms] [LOG] Loading 'pako:eNpFTsluwjAQ_RVrELeAIEsdfKiUgNQf6KmYwxDbSVQvyHHUpij_XpMKdU7ztpl3h8YJCQyUdl9Nhz6Q9xO36zVpnDHSBkYqfeuQDJ0btSBDwIn09qlyW50X_UI2m1dS1edaBrxEul6I4_kNjXkQQ5i0jAaieq3ZSqkmDiTQ-l4AC36UCRjpDT4g3LklhEPopJEcWFyFVDjqwIHbOcZuaD-cM8-kd2PbAVOoh4jGm8AgTz22Hv8t0grpj260AVixXAB2h29gaUq32Z4Wu3K3L2mRlwlMkd1vDxnNs8MLzVJa0JLOCfwsP3fbaEv-2tXYfLbxvX3UXjV4za85zL8WD2z8' @ http://localhost:3001/src/lib/util/state.ts:192
[  414733ms] [LOG] Registration successful, scope is: http://localhost:3001/ @ http://localhost:3001/src/routes/+layout.svelte:42
[  414783ms] [LOG] [plausible] render {diagramType: flowchart-v2, isRough: false, lengthBucket: 0-10, renderTimeMsBucket: 50-100} @ http://localhost:3001/src/lib/util/stats.ts:89
[  415216ms] [LOG] [plausible] version {mermaidVersion: 11.14.0} @ http://localhost:3001/src/lib/util/stats.ts:89
[  415278ms] [LOG] Loading 'pako:eNpFTsluwjAQ_RVrELeAIEsdfKiUgNQf6KmYwxDbSVQvyHHUpij_XpMKdU7ztpl3h8YJCQyUdl9Nhz6Q9xO36zVpnDHSBkYqfeuQDJ0btSBDwIn09qlyW50X_UI2m1dS1edaBrxEul6I4_kNjXkQQ5i0jAaieq3ZSqkmDiTQ-l4AC36UCRjpDT4g3LklhEPopJEcWFyFVDjqwIHbOcZuaD-cM8-kd2PbAVOoh4jGm8AgTz22Hv8t0grpj260AVixXAB2h29gaUq32Z4Wu3K3L2mRlwlMkd1vDxnNs8MLzVJa0JLOCfwsP3fbaEv-2tXYfLbxvX3UXjV4za85zL8WD2z8' @ http://localhost:3001/src/lib/util/state.ts:192
[  415336ms] [LOG] Registration successful, scope is: http://localhost:3001/ @ http://localhost:3001/src/routes/+layout.svelte:42
[  415405ms] [LOG] [plausible] render {diagramType: flowchart-v2, isRough: false, lengthBucket: 0-10, renderTimeMsBucket: 100-200} @ http://localhost:3001/src/lib/util/stats.ts:89
[  415852ms] [LOG] [plausible] version {mermaidVersion: 11.14.0} @ http://localhost:3001/src/lib/util/stats.ts:89
[  415915ms] [LOG] Loading 'pako:eNpFTsluwjAQ_RVrELeAIEsdfKiUgNQf6KmYwxDbSVQvyHHUpij_XpMKdU7ztpl3h8YJCQyUdl9Nhz6Q9xO36zVpnDHSBkYqfeuQDJ0btSBDwIn09qlyW50X_UI2m1dS1edaBrxEul6I4_kNjXkQQ5i0jAaieq3ZSqkmDiTQ-l4AC36UCRjpDT4g3LklhEPopJEcWFyFVDjqwIHbOcZuaD-cM8-kd2PbAVOoh4jGm8AgTz22Hv8t0grpj260AVixXAB2h29gaUq32Z4Wu3K3L2mRlwlMkd1vDxnNs8MLzVJa0JLOCfwsP3fbaEv-2tXYfLbxvX3UXjV4za85zL8WD2z8' @ http://localhost:3001/src/lib/util/state.ts:192
[  415972ms] [LOG] Registration successful, scope is: http://localhost:3001/ @ http://localhost:3001/src/routes/+layout.svelte:42
[  416027ms] [LOG] [plausible] render {diagramType: flowchart-v2, isRough: false, lengthBucket: 0-10, renderTimeMsBucket: 50-100} @ http://localhost:3001/src/lib/util/stats.ts:89
[  416591ms] [LOG] [plausible] version {mermaidVersion: 11.14.0} @ http://localhost:3001/src/lib/util/stats.ts:89
[  416661ms] [LOG] Loading 'pako:eNpFTsluwjAQ_RVrELeAIEsdfKiUgNQf6KmYwxDbSVQvyHHUpij_XpMKdU7ztpl3h8YJCQyUdl9Nhz6Q9xO36zVpnDHSBkYqfeuQDJ0btSBDwIn09qlyW50X_UI2m1dS1edaBrxEul6I4_kNjXkQQ5i0jAaieq3ZSqkmDiTQ-l4AC36UCRjpDT4g3LklhEPopJEcWFyFVDjqwIHbOcZuaD-cM8-kd2PbAVOoh4jGm8AgTz22Hv8t0grpj260AVixXAB2h29gaUq32Z4Wu3K3L2mRlwlMkd1vDxnNs8MLzVJa0JLOCfwsP3fbaEv-2tXYfLbxvX3UXjV4za85zL8WD2z8' @ http://localhost:3001/src/lib/util/state.ts:192
[  416709ms] [LOG] Registration successful, scope is: http://localhost:3001/ @ http://localhost:3001/src/routes/+layout.svelte:42
[  416738ms] [LOG] [plausible] render {diagramType: flowchart-v2, isRough: false, lengthBucket: 0-10, renderTimeMsBucket: 50-100} @ http://localhost:3001/src/lib/util/stats.ts:89
[  417180ms] [LOG] [plausible] version {mermaidVersion: 11.14.0} @ http://localhost:3001/src/lib/util/stats.ts:89
[  417240ms] [LOG] Loading 'pako:eNpFTsluwjAQ_RVrELeAIEsdfKiUgNQf6KmYwxDbSVQvyHHUpij_XpMKdU7ztpl3h8YJCQyUdl9Nhz6Q9xO36zVpnDHSBkYqfeuQDJ0btSBDwIn09qlyW50X_UI2m1dS1edaBrxEul6I4_kNjXkQQ5i0jAaieq3ZSqkmDiTQ-l4AC36UCRjpDT4g3LklhEPopJEcWFyFVDjqwIHbOcZuaD-cM8-kd2PbAVOoh4jGm8AgTz22Hv8t0grpj260AVixXAB2h29gaUq32Z4Wu3K3L2mRlwlMkd1vDxnNs8MLzVJa0JLOCfwsP3fbaEv-2tXYfLbxvX3UXjV4za85zL8WD2z8' @ http://localhost:3001/src/lib/util/state.ts:192
[  417294ms] [LOG] Registration successful, scope is: http://localhost:3001/ @ http://localhost:3001/src/routes/+layout.svelte:42
[  417334ms] [LOG] [plausible] render {diagramType: flowchart-v2, isRough: false, lengthBucket: 0-10, renderTimeMsBucket: 50-100} @ http://localhost:3001/src/lib/util/stats.ts:89
[  417786ms] [LOG] [plausible] version {mermaidVersion: 11.14.0} @ http://localhost:3001/src/lib/util/stats.ts:89
[  417856ms] [LOG] Loading 'pako:eNpFTsluwjAQ_RVrELeAIEsdfKiUgNQf6KmYwxDbSVQvyHHUpij_XpMKdU7ztpl3h8YJCQyUdl9Nhz6Q9xO36zVpnDHSBkYqfeuQDJ0btSBDwIn09qlyW50X_UI2m1dS1edaBrxEul6I4_kNjXkQQ5i0jAaieq3ZSqkmDiTQ-l4AC36UCRjpDT4g3LklhEPopJEcWFyFVDjqwIHbOcZuaD-cM8-kd2PbAVOoh4jGm8AgTz22Hv8t0grpj260AVixXAB2h29gaUq32Z4Wu3K3L2mRlwlMkd1vDxnNs8MLzVJa0JLOCfwsP3fbaEv-2tXYfLbxvX3UXjV4za85zL8WD2z8' @ http://localhost:3001/src/lib/util/state.ts:192
[  417908ms] [LOG] Registration successful, scope is: http://localhost:3001/ @ http://localhost:3001/src/routes/+layout.svelte:42
[  417942ms] [LOG] [plausible] render {diagramType: flowchart-v2, isRough: false, lengthBucket: 0-10, renderTimeMsBucket: 50-100} @ http://localhost:3001/src/lib/util/stats.ts:89
[  418373ms] [LOG] [plausible] version {mermaidVersion: 11.14.0} @ http://localhost:3001/src/lib/util/stats.ts:89
[  418435ms] [LOG] Loading 'pako:eNpFTsluwjAQ_RVrELeAIEsdfKiUgNQf6KmYwxDbSVQvyHHUpij_XpMKdU7ztpl3h8YJCQyUdl9Nhz6Q9xO36zVpnDHSBkYqfeuQDJ0btSBDwIn09qlyW50X_UI2m1dS1edaBrxEul6I4_kNjXkQQ5i0jAaieq3ZSqkmDiTQ-l4AC36UCRjpDT4g3LklhEPopJEcWFyFVDjqwIHbOcZuaD-cM8-kd2PbAVOoh4jGm8AgTz22Hv8t0grpj260AVixXAB2h29gaUq32Z4Wu3K3L2mRlwlMkd1vDxnNs8MLzVJa0JLOCfwsP3fbaEv-2tXYfLbxvX3UXjV4za85zL8WD2z8' @ http://localhost:3001/src/lib/util/state.ts:192
[  418482ms] [LOG] Registration successful, scope is: http://localhost:3001/ @ http://localhost:3001/src/routes/+layout.svelte:42
[  418525ms] [LOG] [plausible] render {diagramType: flowchart-v2, isRough: false, lengthBucket: 0-10, renderTimeMsBucket: 50-100} @ http://localhost:3001/src/lib/util/stats.ts:89
[  418980ms] [LOG] [plausible] version {mermaidVersion: 11.14.0} @ http://localhost:3001/src/lib/util/stats.ts:89
[  419052ms] [LOG] Loading 'pako:eNpFTsluwjAQ_RVrELeAIEsdfKiUgNQf6KmYwxDbSVQvyHHUpij_XpMKdU7ztpl3h8YJCQyUdl9Nhz6Q9xO36zVpnDHSBkYqfeuQDJ0btSBDwIn09qlyW50X_UI2m1dS1edaBrxEul6I4_kNjXkQQ5i0jAaieq3ZSqkmDiTQ-l4AC36UCRjpDT4g3LklhEPopJEcWFyFVDjqwIHbOcZuaD-cM8-kd2PbAVOoh4jGm8AgTz22Hv8t0grpj260AVixXAB2h29gaUq32Z4Wu3K3L2mRlwlMkd1vDxnNs8MLzVJa0JLOCfwsP3fbaEv-2tXYfLbxvX3UXjV4za85zL8WD2z8' @ http://localhost:3001/src/lib/util/state.ts:192
[  419103ms] [LOG] Registration successful, scope is: http://localhost:3001/ @ http://localhost:3001/src/routes/+layout.svelte:42
[  419143ms] [LOG] [plausible] render {diagramType: flowchart-v2, isRough: false, lengthBucket: 0-10, renderTimeMsBucket: 50-100} @ http://localhost:3001/src/lib/util/stats.ts:89
[  419548ms] [LOG] [plausible] version {mermaidVersion: 11.14.0} @ http://localhost:3001/src/lib/util/stats.ts:89
[  419616ms] [LOG] Loading 'pako:eNpFTsluwjAQ_RVrELeAIEsdfKiUgNQf6KmYwxDbSVQvyHHUpij_XpMKdU7ztpl3h8YJCQyUdl9Nhz6Q9xO36zVpnDHSBkYqfeuQDJ0btSBDwIn09qlyW50X_UI2m1dS1edaBrxEul6I4_kNjXkQQ5i0jAaieq3ZSqkmDiTQ-l4AC36UCRjpDT4g3LklhEPopJEcWFyFVDjqwIHbOcZuaD-cM8-kd2PbAVOoh4jGm8AgTz22Hv8t0grpj260AVixXAB2h29gaUq32Z4Wu3K3L2mRlwlMkd1vDxnNs8MLzVJa0JLOCfwsP3fbaEv-2tXYfLbxvX3UXjV4za85zL8WD2z8' @ http://localhost:3001/src/lib/util/state.ts:192
[  419668ms] [LOG] Registration successful, scope is: http://localhost:3001/ @ http://localhost:3001/src/routes/+layout.svelte:42
[  419709ms] [LOG] [plausible] render {diagramType: flowchart-v2, isRough: false, lengthBucket: 0-10, renderTimeMsBucket: 50-100} @ http://localhost:3001/src/lib/util/stats.ts:89
[  420177ms] [LOG] [plausible] version {mermaidVersion: 11.14.0} @ http://localhost:3001/src/lib/util/stats.ts:89
[  420247ms] [LOG] Loading 'pako:eNpFTsluwjAQ_RVrELeAIEsdfKiUgNQf6KmYwxDbSVQvyHHUpij_XpMKdU7ztpl3h8YJCQyUdl9Nhz6Q9xO36zVpnDHSBkYqfeuQDJ0btSBDwIn09qlyW50X_UI2m1dS1edaBrxEul6I4_kNjXkQQ5i0jAaieq3ZSqkmDiTQ-l4AC36UCRjpDT4g3LklhEPopJEcWFyFVDjqwIHbOcZuaD-cM8-kd2PbAVOoh4jGm8AgTz22Hv8t0grpj260AVixXAB2h29gaUq32Z4Wu3K3L2mRlwlMkd1vDxnNs8MLzVJa0JLOCfwsP3fbaEv-2tXYfLbxvX3UXjV4za85zL8WD2z8' @ http://localhost:3001/src/lib/util/state.ts:192
[  420300ms] [LOG] Registration successful, scope is: http://localhost:3001/ @ http://localhost:3001/src/routes/+layout.svelte:42
[  420340ms] [LOG] [plausible] render {diagramType: flowchart-v2, isRough: false, lengthBucket: 0-10, renderTimeMsBucket: 50-100} @ http://localhost:3001/src/lib/util/stats.ts:89
[  420760ms] [LOG] [plausible] version {mermaidVersion: 11.14.0} @ http://localhost:3001/src/lib/util/stats.ts:89
[  420829ms] [LOG] Loading 'pako:eNpFTsluwjAQ_RVrELeAIEsdfKiUgNQf6KmYwxDbSVQvyHHUpij_XpMKdU7ztpl3h8YJCQyUdl9Nhz6Q9xO36zVpnDHSBkYqfeuQDJ0btSBDwIn09qlyW50X_UI2m1dS1edaBrxEul6I4_kNjXkQQ5i0jAaieq3ZSqkmDiTQ-l4AC36UCRjpDT4g3LklhEPopJEcWFyFVDjqwIHbOcZuaD-cM8-kd2PbAVOoh4jGm8AgTz22Hv8t0grpj260AVixXAB2h29gaUq32Z4Wu3K3L2mRlwlMkd1vDxnNs8MLzVJa0JLOCfwsP3fbaEv-2tXYfLbxvX3UXjV4za85zL8WD2z8' @ http://localhost:3001/src/lib/util/state.ts:192
[  420881ms] [LOG] Registration successful, scope is: http://localhost:3001/ @ http://localhost:3001/src/routes/+layout.svelte:42
[  420918ms] [LOG] [plausible] render {diagramType: flowchart-v2, isRough: false, lengthBucket: 0-10, renderTimeMsBucket: 50-100} @ http://localhost:3001/src/lib/util/stats.ts:89
[  421383ms] [LOG] [plausible] version {mermaidVersion: 11.14.0} @ http://localhost:3001/src/lib/util/stats.ts:89
[  421433ms] [LOG] Loading 'pako:eNpFTsluwjAQ_RVrELeAIEsdfKiUgNQf6KmYwxDbSVQvyHHUpij_XpMKdU7ztpl3h8YJCQyUdl9Nhz6Q9xO36zVpnDHSBkYqfeuQDJ0btSBDwIn09qlyW50X_UI2m1dS1edaBrxEul6I4_kNjXkQQ5i0jAaieq3ZSqkmDiTQ-l4AC36UCRjpDT4g3LklhEPopJEcWFyFVDjqwIHbOcZuaD-cM8-kd2PbAVOoh4jGm8AgTz22Hv8t0grpj260AVixXAB2h29gaUq32Z4Wu3K3L2mRlwlMkd1vDxnNs8MLzVJa0JLOCfwsP3fbaEv-2tXYfLbxvX3UXjV4za85zL8WD2z8' @ http://localhost:3001/src/lib/util/state.ts:192
[  421479ms] [LOG] Registration successful, scope is: http://localhost:3001/ @ http://localhost:3001/src/routes/+layout.svelte:42
[  421529ms] [LOG] [plausible] render {diagramType: flowchart-v2, isRough: false, lengthBucket: 0-10, renderTimeMsBucket: 50-100} @ http://localhost:3001/src/lib/util/stats.ts:89
[  421965ms] [LOG] [plausible] version {mermaidVersion: 11.14.0} @ http://localhost:3001/src/lib/util/stats.ts:89
[  422031ms] [LOG] Loading 'pako:eNpFTsluwjAQ_RVrELeAIEsdfKiUgNQf6KmYwxDbSVQvyHHUpij_XpMKdU7ztpl3h8YJCQyUdl9Nhz6Q9xO36zVpnDHSBkYqfeuQDJ0btSBDwIn09qlyW50X_UI2m1dS1edaBrxEul6I4_kNjXkQQ5i0jAaieq3ZSqkmDiTQ-l4AC36UCRjpDT4g3LklhEPopJEcWFyFVDjqwIHbOcZuaD-cM8-kd2PbAVOoh4jGm8AgTz22Hv8t0grpj260AVixXAB2h29gaUq32Z4Wu3K3L2mRlwlMkd1vDxnNs8MLzVJa0JLOCfwsP3fbaEv-2tXYfLbxvX3UXjV4za85zL8WD2z8' @ http://localhost:3001/src/lib/util/state.ts:192
[  422082ms] [LOG] Registration successful, scope is: http://localhost:3001/ @ http://localhost:3001/src/routes/+layout.svelte:42
[  422119ms] [LOG] [plausible] render {diagramType: flowchart-v2, isRough: false, lengthBucket: 0-10, renderTimeMsBucket: 50-100} @ http://localhost:3001/src/lib/util/stats.ts:89
[  422565ms] [LOG] [plausible] version {mermaidVersion: 11.14.0} @ http://localhost:3001/src/lib/util/stats.ts:89
[  422632ms] [LOG] Loading 'pako:eNpFTsluwjAQ_RVrELeAIEsdfKiUgNQf6KmYwxDbSVQvyHHUpij_XpMKdU7ztpl3h8YJCQyUdl9Nhz6Q9xO36zVpnDHSBkYqfeuQDJ0btSBDwIn09qlyW50X_UI2m1dS1edaBrxEul6I4_kNjXkQQ5i0jAaieq3ZSqkmDiTQ-l4AC36UCRjpDT4g3LklhEPopJEcWFyFVDjqwIHbOcZuaD-cM8-kd2PbAVOoh4jGm8AgTz22Hv8t0grpj260AVixXAB2h29gaUq32Z4Wu3K3L2mRlwlMkd1vDxnNs8MLzVJa0JLOCfwsP3fbaEv-2tXYfLbxvX3UXjV4za85zL8WD2z8' @ http://localhost:3001/src/lib/util/state.ts:192
[  422686ms] [LOG] Registration successful, scope is: http://localhost:3001/ @ http://localhost:3001/src/routes/+layout.svelte:42
[  422739ms] [LOG] [plausible] render {diagramType: flowchart-v2, isRough: false, lengthBucket: 0-10, renderTimeMsBucket: 50-100} @ http://localhost:3001/src/lib/util/stats.ts:89
[  423156ms] [LOG] [plausible] version {mermaidVersion: 11.14.0} @ http://localhost:3001/src/lib/util/stats.ts:89
[  423214ms] [LOG] Loading 'pako:eNpFTsluwjAQ_RVrELeAIEsdfKiUgNQf6KmYwxDbSVQvyHHUpij_XpMKdU7ztpl3h8YJCQyUdl9Nhz6Q9xO36zVpnDHSBkYqfeuQDJ0btSBDwIn09qlyW50X_UI2m1dS1edaBrxEul6I4_kNjXkQQ5i0jAaieq3ZSqkmDiTQ-l4AC36UCRjpDT4g3LklhEPopJEcWFyFVDjqwIHbOcZuaD-cM8-kd2PbAVOoh4jGm8AgTz22Hv8t0grpj260AVixXAB2h29gaUq32Z4Wu3K3L2mRlwlMkd1vDxnNs8MLzVJa0JLOCfwsP3fbaEv-2tXYfLbxvX3UXjV4za85zL8WD2z8' @ http://localhost:3001/src/lib/util/state.ts:192
[  423266ms] [LOG] Registration successful, scope is: http://localhost:3001/ @ http://localhost:3001/src/routes/+layout.svelte:42
[  423307ms] [LOG] [plausible] render {diagramType: flowchart-v2, isRough: false, lengthBucket: 0-10, renderTimeMsBucket: 50-100} @ http://localhost:3001/src/lib/util/stats.ts:89
[  423896ms] [LOG] [plausible] version {mermaidVersion: 11.14.0} @ http://localhost:3001/src/lib/util/stats.ts:89
[  423963ms] [LOG] Loading 'pako:eNpFTsluwjAQ_RVrELeAIEsdfKiUgNQf6KmYwxDbSVQvyHHUpij_XpMKdU7ztpl3h8YJCQyUdl9Nhz6Q9xO36zVpnDHSBkYqfeuQDJ0btSBDwIn09qlyW50X_UI2m1dS1edaBrxEul6I4_kNjXkQQ5i0jAaieq3ZSqkmDiTQ-l4AC36UCRjpDT4g3LklhEPopJEcWFyFVDjqwIHbOcZuaD-cM8-kd2PbAVOoh4jGm8AgTz22Hv8t0grpj260AVixXAB2h29gaUq32Z4Wu3K3L2mRlwlMkd1vDxnNs8MLzVJa0JLOCfwsP3fbaEv-2tXYfLbxvX3UXjV4za85zL8WD2z8' @ http://localhost:3001/src/lib/util/state.ts:192
[  424011ms] [LOG] Registration successful, scope is: http://localhost:3001/ @ http://localhost:3001/src/routes/+layout.svelte:42
[  424045ms] [LOG] [plausible] render {diagramType: flowchart-v2, isRough: false, lengthBucket: 0-10, renderTimeMsBucket: 50-100} @ http://localhost:3001/src/lib/util/stats.ts:89
[  424590ms] [LOG] [plausible] version {mermaidVersion: 11.14.0} @ http://localhost:3001/src/lib/util/stats.ts:89
[  424660ms] [LOG] Loading 'pako:eNpFTsluwjAQ_RVrELeAIEsdfKiUgNQf6KmYwxDbSVQvyHHUpij_XpMKdU7ztpl3h8YJCQyUdl9Nhz6Q9xO36zVpnDHSBkYqfeuQDJ0btSBDwIn09qlyW50X_UI2m1dS1edaBrxEul6I4_kNjXkQQ5i0jAaieq3ZSqkmDiTQ-l4AC36UCRjpDT4g3LklhEPopJEcWFyFVDjqwIHbOcZuaD-cM8-kd2PbAVOoh4jGm8AgTz22Hv8t0grpj260AVixXAB2h29gaUq32Z4Wu3K3L2mRlwlMkd1vDxnNs8MLzVJa0JLOCfwsP3fbaEv-2tXYfLbxvX3UXjV4za85zL8WD2z8' @ http://localhost:3001/src/lib/util/state.ts:192
[  424709ms] [LOG] Registration successful, scope is: http://localhost:3001/ @ http://localhost:3001/src/routes/+layout.svelte:42
[  424745ms] [LOG] [plausible] render {diagramType: flowchart-v2, isRough: false, lengthBucket: 0-10, renderTimeMsBucket: 50-100} @ http://localhost:3001/src/lib/util/stats.ts:89
[  425294ms] [LOG] [plausible] version {mermaidVersion: 11.14.0} @ http://localhost:3001/src/lib/util/stats.ts:89
[  425360ms] [LOG] Loading 'pako:eNpFTsluwjAQ_RVrELeAIEsdfKiUgNQf6KmYwxDbSVQvyHHUpij_XpMKdU7ztpl3h8YJCQyUdl9Nhz6Q9xO36zVpnDHSBkYqfeuQDJ0btSBDwIn09qlyW50X_UI2m1dS1edaBrxEul6I4_kNjXkQQ5i0jAaieq3ZSqkmDiTQ-l4AC36UCRjpDT4g3LklhEPopJEcWFyFVDjqwIHbOcZuaD-cM8-kd2PbAVOoh4jGm8AgTz22Hv8t0grpj260AVixXAB2h29gaUq32Z4Wu3K3L2mRlwlMkd1vDxnNs8MLzVJa0JLOCfwsP3fbaEv-2tXYfLbxvX3UXjV4za85zL8WD2z8' @ http://localhost:3001/src/lib/util/state.ts:192
[  425414ms] [LOG] Registration successful, scope is: http://localhost:3001/ @ http://localhost:3001/src/routes/+layout.svelte:42
[  425456ms] [LOG] [plausible] render {diagramType: flowchart-v2, isRough: false, lengthBucket: 0-10, renderTimeMsBucket: 50-100} @ http://localhost:3001/src/lib/util/stats.ts:89
[  426002ms] [LOG] [plausible] version {mermaidVersion: 11.14.0} @ http://localhost:3001/src/lib/util/stats.ts:89
[  426074ms] [LOG] Loading 'pako:eNpFTsluwjAQ_RVrELeAIEsdfKiUgNQf6KmYwxDbSVQvyHHUpij_XpMKdU7ztpl3h8YJCQyUdl9Nhz6Q9xO36zVpnDHSBkYqfeuQDJ0btSBDwIn09qlyW50X_UI2m1dS1edaBrxEul6I4_kNjXkQQ5i0jAaieq3ZSqkmDiTQ-l4AC36UCRjpDT4g3LklhEPopJEcWFyFVDjqwIHbOcZuaD-cM8-kd2PbAVOoh4jGm8AgTz22Hv8t0grpj260AVixXAB2h29gaUq32Z4Wu3K3L2mRlwlMkd1vDxnNs8MLzVJa0JLOCfwsP3fbaEv-2tXYfLbxvX3UXjV4za85zL8WD2z8' @ http://localhost:3001/src/lib/util/state.ts:192
[  426128ms] [LOG] Registration successful, scope is: http://localhost:3001/ @ http://localhost:3001/src/routes/+layout.svelte:42
[  426172ms] [LOG] [plausible] render {diagramType: flowchart-v2, isRough: false, lengthBucket: 0-10, renderTimeMsBucket: 50-100} @ http://localhost:3001/src/lib/util/stats.ts:89
[  426725ms] [LOG] [plausible] version {mermaidVersion: 11.14.0} @ http://localhost:3001/src/lib/util/stats.ts:89
[  426790ms] [LOG] Loading 'pako:eNpFTsluwjAQ_RVrELeAIEsdfKiUgNQf6KmYwxDbSVQvyHHUpij_XpMKdU7ztpl3h8YJCQyUdl9Nhz6Q9xO36zVpnDHSBkYqfeuQDJ0btSBDwIn09qlyW50X_UI2m1dS1edaBrxEul6I4_kNjXkQQ5i0jAaieq3ZSqkmDiTQ-l4AC36UCRjpDT4g3LklhEPopJEcWFyFVDjqwIHbOcZuaD-cM8-kd2PbAVOoh4jGm8AgTz22Hv8t0grpj260AVixXAB2h29gaUq32Z4Wu3K3L2mRlwlMkd1vDxnNs8MLzVJa0JLOCfwsP3fbaEv-2tXYfLbxvX3UXjV4za85zL8WD2z8' @ http://localhost:3001/src/lib/util/state.ts:192
[  426850ms] [LOG] Registration successful, scope is: http://localhost:3001/ @ http://localhost:3001/src/routes/+layout.svelte:42
[  426906ms] [LOG] [plausible] render {diagramType: flowchart-v2, isRough: false, lengthBucket: 0-10, renderTimeMsBucket: 50-100} @ http://localhost:3001/src/lib/util/stats.ts:89
[  427501ms] [LOG] [plausible] version {mermaidVersion: 11.14.0} @ http://localhost:3001/src/lib/util/stats.ts:89
[  427559ms] [LOG] Loading 'pako:eNpFTsluwjAQ_RVrELeAIEsdfKiUgNQf6KmYwxDbSVQvyHHUpij_XpMKdU7ztpl3h8YJCQyUdl9Nhz6Q9xO36zVpnDHSBkYqfeuQDJ0btSBDwIn09qlyW50X_UI2m1dS1edaBrxEul6I4_kNjXkQQ5i0jAaieq3ZSqkmDiTQ-l4AC36UCRjpDT4g3LklhEPopJEcWFyFVDjqwIHbOcZuaD-cM8-kd2PbAVOoh4jGm8AgTz22Hv8t0grpj260AVixXAB2h29gaUq32Z4Wu3K3L2mRlwlMkd1vDxnNs8MLzVJa0JLOCfwsP3fbaEv-2tXYfLbxvX3UXjV4za85zL8WD2z8' @ http://localhost:3001/src/lib/util/state.ts:192
[  427613ms] [LOG] Registration successful, scope is: http://localhost:3001/ @ http://localhost:3001/src/routes/+layout.svelte:42
[  427646ms] [LOG] [plausible] render {diagramType: flowchart-v2, isRough: false, lengthBucket: 0-10, renderTimeMsBucket: 50-100} @ http://localhost:3001/src/lib/util/stats.ts:89
[  428237ms] [LOG] [plausible] version {mermaidVersion: 11.14.0} @ http://localhost:3001/src/lib/util/stats.ts:89
[  428305ms] [LOG] Loading 'pako:eNpFTsluwjAQ_RVrELeAIEsdfKiUgNQf6KmYwxDbSVQvyHHUpij_XpMKdU7ztpl3h8YJCQyUdl9Nhz6Q9xO36zVpnDHSBkYqfeuQDJ0btSBDwIn09qlyW50X_UI2m1dS1edaBrxEul6I4_kNjXkQQ5i0jAaieq3ZSqkmDiTQ-l4AC36UCRjpDT4g3LklhEPopJEcWFyFVDjqwIHbOcZuaD-cM8-kd2PbAVOoh4jGm8AgTz22Hv8t0grpj260AVixXAB2h29gaUq32Z4Wu3K3L2mRlwlMkd1vDxnNs8MLzVJa0JLOCfwsP3fbaEv-2tXYfLbxvX3UXjV4za85zL8WD2z8' @ http://localhost:3001/src/lib/util/state.ts:192
[  428357ms] [LOG] Registration successful, scope is: http://localhost:3001/ @ http://localhost:3001/src/routes/+layout.svelte:42
[  428392ms] [LOG] [plausible] render {diagramType: flowchart-v2, isRough: false, lengthBucket: 0-10, renderTimeMsBucket: 50-100} @ http://localhost:3001/src/lib/util/stats.ts:89
[  428942ms] [LOG] [plausible] version {mermaidVersion: 11.14.0} @ http://localhost:3001/src/lib/util/stats.ts:89
[  429004ms] [LOG] Loading 'pako:eNpFTsluwjAQ_RVrELeAIEsdfKiUgNQf6KmYwxDbSVQvyHHUpij_XpMKdU7ztpl3h8YJCQyUdl9Nhz6Q9xO36zVpnDHSBkYqfeuQDJ0btSBDwIn09qlyW50X_UI2m1dS1edaBrxEul6I4_kNjXkQQ5i0jAaieq3ZSqkmDiTQ-l4AC36UCRjpDT4g3LklhEPopJEcWFyFVDjqwIHbOcZuaD-cM8-kd2PbAVOoh4jGm8AgTz22Hv8t0grpj260AVixXAB2h29gaUq32Z4Wu3K3L2mRlwlMkd1vDxnNs8MLzVJa0JLOCfwsP3fbaEv-2tXYfLbxvX3UXjV4za85zL8WD2z8' @ http://localhost:3001/src/lib/util/state.ts:192
[  429054ms] [LOG] Registration successful, scope is: http://localhost:3001/ @ http://localhost:3001/src/routes/+layout.svelte:42
[  429092ms] [LOG] [plausible] render {diagramType: flowchart-v2, isRough: false, lengthBucket: 0-10, renderTimeMsBucket: 50-100} @ http://localhost:3001/src/lib/util/stats.ts:89
[  429698ms] [LOG] [plausible] version {mermaidVersion: 11.14.0} @ http://localhost:3001/src/lib/util/stats.ts:89
[  429758ms] [LOG] Loading 'pako:eNpFTsluwjAQ_RVrELeAIEsdfKiUgNQf6KmYwxDbSVQvyHHUpij_XpMKdU7ztpl3h8YJCQyUdl9Nhz6Q9xO36zVpnDHSBkYqfeuQDJ0btSBDwIn09qlyW50X_UI2m1dS1edaBrxEul6I4_kNjXkQQ5i0jAaieq3ZSqkmDiTQ-l4AC36UCRjpDT4g3LklhEPopJEcWFyFVDjqwIHbOcZuaD-cM8-kd2PbAVOoh4jGm8AgTz22Hv8t0grpj260AVixXAB2h29gaUq32Z4Wu3K3L2mRlwlMkd1vDxnNs8MLzVJa0JLOCfwsP3fbaEv-2tXYfLbxvX3UXjV4za85zL8WD2z8' @ http://localhost:3001/src/lib/util/state.ts:192
[  429817ms] [LOG] Registration successful, scope is: http://localhost:3001/ @ http://localhost:3001/src/routes/+layout.svelte:42
[  429864ms] [LOG] [plausible] render {diagramType: flowchart-v2, isRough: false, lengthBucket: 0-10, renderTimeMsBucket: 50-100} @ http://localhost:3001/src/lib/util/stats.ts:89
[  430380ms] [LOG] [plausible] version {mermaidVersion: 11.14.0} @ http://localhost:3001/src/lib/util/stats.ts:89
[  430443ms] [LOG] Loading 'pako:eNpFTsluwjAQ_RVrELeAIEsdfKiUgNQf6KmYwxDbSVQvyHHUpij_XpMKdU7ztpl3h8YJCQyUdl9Nhz6Q9xO36zVpnDHSBkYqfeuQDJ0btSBDwIn09qlyW50X_UI2m1dS1edaBrxEul6I4_kNjXkQQ5i0jAaieq3ZSqkmDiTQ-l4AC36UCRjpDT4g3LklhEPopJEcWFyFVDjqwIHbOcZuaD-cM8-kd2PbAVOoh4jGm8AgTz22Hv8t0grpj260AVixXAB2h29gaUq32Z4Wu3K3L2mRlwlMkd1vDxnNs8MLzVJa0JLOCfwsP3fbaEv-2tXYfLbxvX3UXjV4za85zL8WD2z8' @ http://localhost:3001/src/lib/util/state.ts:192
[  430493ms] [LOG] Registration successful, scope is: http://localhost:3001/ @ http://localhost:3001/src/routes/+layout.svelte:42
[  430537ms] [LOG] [plausible] render {diagramType: flowchart-v2, isRough: false, lengthBucket: 0-10, renderTimeMsBucket: 50-100} @ http://localhost:3001/src/lib/util/stats.ts:89
[  431123ms] [LOG] [plausible] version {mermaidVersion: 11.14.0} @ http://localhost:3001/src/lib/util/stats.ts:89
[  431187ms] [LOG] Loading 'pako:eNpFTsluwjAQ_RVrELeAIEsdfKiUgNQf6KmYwxDbSVQvyHHUpij_XpMKdU7ztpl3h8YJCQyUdl9Nhz6Q9xO36zVpnDHSBkYqfeuQDJ0btSBDwIn09qlyW50X_UI2m1dS1edaBrxEul6I4_kNjXkQQ5i0jAaieq3ZSqkmDiTQ-l4AC36UCRjpDT4g3LklhEPopJEcWFyFVDjqwIHbOcZuaD-cM8-kd2PbAVOoh4jGm8AgTz22Hv8t0grpj260AVixXAB2h29gaUq32Z4Wu3K3L2mRlwlMkd1vDxnNs8MLzVJa0JLOCfwsP3fbaEv-2tXYfLbxvX3UXjV4za85zL8WD2z8' @ http://localhost:3001/src/lib/util/state.ts:192
[  431244ms] [LOG] Registration successful, scope is: http://localhost:3001/ @ http://localhost:3001/src/routes/+layout.svelte:42
[  431279ms] [LOG] [plausible] render {diagramType: flowchart-v2, isRough: false, lengthBucket: 0-10, renderTimeMsBucket: 50-100} @ http://localhost:3001/src/lib/util/stats.ts:89
[  431865ms] [LOG] [plausible] version {mermaidVersion: 11.14.0} @ http://localhost:3001/src/lib/util/stats.ts:89
[  431927ms] [LOG] Loading 'pako:eNpFTsluwjAQ_RVrELeAIEsdfKiUgNQf6KmYwxDbSVQvyHHUpij_XpMKdU7ztpl3h8YJCQyUdl9Nhz6Q9xO36zVpnDHSBkYqfeuQDJ0btSBDwIn09qlyW50X_UI2m1dS1edaBrxEul6I4_kNjXkQQ5i0jAaieq3ZSqkmDiTQ-l4AC36UCRjpDT4g3LklhEPopJEcWFyFVDjqwIHbOcZuaD-cM8-kd2PbAVOoh4jGm8AgTz22Hv8t0grpj260AVixXAB2h29gaUq32Z4Wu3K3L2mRlwlMkd1vDxnNs8MLzVJa0JLOCfwsP3fbaEv-2tXYfLbxvX3UXjV4za85zL8WD2z8' @ http://localhost:3001/src/lib/util/state.ts:192
[  431984ms] [LOG] Registration successful, scope is: http://localhost:3001/ @ http://localhost:3001/src/routes/+layout.svelte:42
[  432022ms] [LOG] [plausible] render {diagramType: flowchart-v2, isRough: false, lengthBucket: 0-10, renderTimeMsBucket: 50-100} @ http://localhost:3001/src/lib/util/stats.ts:89
[  432577ms] [LOG] [plausible] version {mermaidVersion: 11.14.0} @ http://localhost:3001/src/lib/util/stats.ts:89
[  432643ms] [LOG] Loading 'pako:eNpFTsluwjAQ_RVrELeAIEsdfKiUgNQf6KmYwxDbSVQvyHHUpij_XpMKdU7ztpl3h8YJCQyUdl9Nhz6Q9xO36zVpnDHSBkYqfeuQDJ0btSBDwIn09qlyW50X_UI2m1dS1edaBrxEul6I4_kNjXkQQ5i0jAaieq3ZSqkmDiTQ-l4AC36UCRjpDT4g3LklhEPopJEcWFyFVDjqwIHbOcZuaD-cM8-kd2PbAVOoh4jGm8AgTz22Hv8t0grpj260AVixXAB2h29gaUq32Z4Wu3K3L2mRlwlMkd1vDxnNs8MLzVJa0JLOCfwsP3fbaEv-2tXYfLbxvX3UXjV4za85zL8WD2z8' @ http://localhost:3001/src/lib/util/state.ts:192
[  432696ms] [LOG] Registration successful, scope is: http://localhost:3001/ @ http://localhost:3001/src/routes/+layout.svelte:42
[  432737ms] [LOG] [plausible] render {diagramType: flowchart-v2, isRough: false, lengthBucket: 0-10, renderTimeMsBucket: 50-100} @ http://localhost:3001/src/lib/util/stats.ts:89
[  433290ms] [LOG] [plausible] version {mermaidVersion: 11.14.0} @ http://localhost:3001/src/lib/util/stats.ts:89
[  433354ms] [LOG] Loading 'pako:eNpFTsluwjAQ_RVrELeAIEsdfKiUgNQf6KmYwxDbSVQvyHHUpij_XpMKdU7ztpl3h8YJCQyUdl9Nhz6Q9xO36zVpnDHSBkYqfeuQDJ0btSBDwIn09qlyW50X_UI2m1dS1edaBrxEul6I4_kNjXkQQ5i0jAaieq3ZSqkmDiTQ-l4AC36UCRjpDT4g3LklhEPopJEcWFyFVDjqwIHbOcZuaD-cM8-kd2PbAVOoh4jGm8AgTz22Hv8t0grpj260AVixXAB2h29gaUq32Z4Wu3K3L2mRlwlMkd1vDxnNs8MLzVJa0JLOCfwsP3fbaEv-2tXYfLbxvX3UXjV4za85zL8WD2z8' @ http://localhost:3001/src/lib/util/state.ts:192
[  433407ms] [LOG] Registration successful, scope is: http://localhost:3001/ @ http://localhost:3001/src/routes/+layout.svelte:42
[  433455ms] [LOG] [plausible] render {diagramType: flowchart-v2, isRough: false, lengthBucket: 0-10, renderTimeMsBucket: 50-100} @ http://localhost:3001/src/lib/util/stats.ts:89
[  434002ms] [LOG] [plausible] version {mermaidVersion: 11.14.0} @ http://localhost:3001/src/lib/util/stats.ts:89
[  434066ms] [LOG] Loading 'pako:eNpFTsluwjAQ_RVrELeAIEsdfKiUgNQf6KmYwxDbSVQvyHHUpij_XpMKdU7ztpl3h8YJCQyUdl9Nhz6Q9xO36zVpnDHSBkYqfeuQDJ0btSBDwIn09qlyW50X_UI2m1dS1edaBrxEul6I4_kNjXkQQ5i0jAaieq3ZSqkmDiTQ-l4AC36UCRjpDT4g3LklhEPopJEcWFyFVDjqwIHbOcZuaD-cM8-kd2PbAVOoh4jGm8AgTz22Hv8t0grpj260AVixXAB2h29gaUq32Z4Wu3K3L2mRlwlMkd1vDxnNs8MLzVJa0JLOCfwsP3fbaEv-2tXYfLbxvX3UXjV4za85zL8WD2z8' @ http://localhost:3001/src/lib/util/state.ts:192
[  434123ms] [LOG] Registration successful, scope is: http://localhost:3001/ @ http://localhost:3001/src/routes/+layout.svelte:42
[  434162ms] [LOG] [plausible] render {diagramType: flowchart-v2, isRough: false, lengthBucket: 0-10, renderTimeMsBucket: 50-100} @ http://localhost:3001/src/lib/util/stats.ts:89
[  434699ms] [LOG] [plausible] version {mermaidVersion: 11.14.0} @ http://localhost:3001/src/lib/util/stats.ts:89
[  434756ms] [LOG] Loading 'pako:eNpFTsluwjAQ_RVrELeAIEsdfKiUgNQf6KmYwxDbSVQvyHHUpij_XpMKdU7ztpl3h8YJCQyUdl9Nhz6Q9xO36zVpnDHSBkYqfeuQDJ0btSBDwIn09qlyW50X_UI2m1dS1edaBrxEul6I4_kNjXkQQ5i0jAaieq3ZSqkmDiTQ-l4AC36UCRjpDT4g3LklhEPopJEcWFyFVDjqwIHbOcZuaD-cM8-kd2PbAVOoh4jGm8AgTz22Hv8t0grpj260AVixXAB2h29gaUq32Z4Wu3K3L2mRlwlMkd1vDxnNs8MLzVJa0JLOCfwsP3fbaEv-2tXYfLbxvX3UXjV4za85zL8WD2z8' @ http://localhost:3001/src/lib/util/state.ts:192
[  434815ms] [LOG] Registration successful, scope is: http://localhost:3001/ @ http://localhost:3001/src/routes/+layout.svelte:42
[  434852ms] [LOG] [plausible] render {diagramType: flowchart-v2, isRough: false, lengthBucket: 0-10, renderTimeMsBucket: 50-100} @ http://localhost:3001/src/lib/util/stats.ts:89
[  435457ms] [LOG] [plausible] version {mermaidVersion: 11.14.0} @ http://localhost:3001/src/lib/util/stats.ts:89
[  435514ms] [LOG] Loading 'pako:eNpFTsluwjAQ_RVrELeAIEsdfKiUgNQf6KmYwxDbSVQvyHHUpij_XpMKdU7ztpl3h8YJCQyUdl9Nhz6Q9xO36zVpnDHSBkYqfeuQDJ0btSBDwIn09qlyW50X_UI2m1dS1edaBrxEul6I4_kNjXkQQ5i0jAaieq3ZSqkmDiTQ-l4AC36UCRjpDT4g3LklhEPopJEcWFyFVDjqwIHbOcZuaD-cM8-kd2PbAVOoh4jGm8AgTz22Hv8t0grpj260AVixXAB2h29gaUq32Z4Wu3K3L2mRlwlMkd1vDxnNs8MLzVJa0JLOCfwsP3fbaEv-2tXYfLbxvX3UXjV4za85zL8WD2z8' @ http://localhost:3001/src/lib/util/state.ts:192
[  435573ms] [LOG] Registration successful, scope is: http://localhost:3001/ @ http://localhost:3001/src/routes/+layout.svelte:42
[  435626ms] [LOG] [plausible] render {diagramType: flowchart-v2, isRough: false, lengthBucket: 0-10, renderTimeMsBucket: 50-100} @ http://localhost:3001/src/lib/util/stats.ts:89
[  436198ms] [LOG] [plausible] version {mermaidVersion: 11.14.0} @ http://localhost:3001/src/lib/util/stats.ts:89
[  436255ms] [LOG] Loading 'pako:eNpFTsluwjAQ_RVrELeAIEsdfKiUgNQf6KmYwxDbSVQvyHHUpij_XpMKdU7ztpl3h8YJCQyUdl9Nhz6Q9xO36zVpnDHSBkYqfeuQDJ0btSBDwIn09qlyW50X_UI2m1dS1edaBrxEul6I4_kNjXkQQ5i0jAaieq3ZSqkmDiTQ-l4AC36UCRjpDT4g3LklhEPopJEcWFyFVDjqwIHbOcZuaD-cM8-kd2PbAVOoh4jGm8AgTz22Hv8t0grpj260AVixXAB2h29gaUq32Z4Wu3K3L2mRlwlMkd1vDxnNs8MLzVJa0JLOCfwsP3fbaEv-2tXYfLbxvX3UXjV4za85zL8WD2z8' @ http://localhost:3001/src/lib/util/state.ts:192
[  436313ms] [LOG] Registration successful, scope is: http://localhost:3001/ @ http://localhost:3001/src/routes/+layout.svelte:42
[  436367ms] [LOG] [plausible] render {diagramType: flowchart-v2, isRough: false, lengthBucket: 0-10, renderTimeMsBucket: 50-100} @ http://localhost:3001/src/lib/util/stats.ts:89
[  436940ms] [LOG] [plausible] version {mermaidVersion: 11.14.0} @ http://localhost:3001/src/lib/util/stats.ts:89
[  437003ms] [LOG] Loading 'pako:eNpFTsluwjAQ_RVrELeAIEsdfKiUgNQf6KmYwxDbSVQvyHHUpij_XpMKdU7ztpl3h8YJCQyUdl9Nhz6Q9xO36zVpnDHSBkYqfeuQDJ0btSBDwIn09qlyW50X_UI2m1dS1edaBrxEul6I4_kNjXkQQ5i0jAaieq3ZSqkmDiTQ-l4AC36UCRjpDT4g3LklhEPopJEcWFyFVDjqwIHbOcZuaD-cM8-kd2PbAVOoh4jGm8AgTz22Hv8t0grpj260AVixXAB2h29gaUq32Z4Wu3K3L2mRlwlMkd1vDxnNs8MLzVJa0JLOCfwsP3fbaEv-2tXYfLbxvX3UXjV4za85zL8WD2z8' @ http://localhost:3001/src/lib/util/state.ts:192
[  437060ms] [LOG] Registration successful, scope is: http://localhost:3001/ @ http://localhost:3001/src/routes/+layout.svelte:42
[  437111ms] [LOG] [plausible] render {diagramType: flowchart-v2, isRough: false, lengthBucket: 0-10, renderTimeMsBucket: 50-100} @ http://localhost:3001/src/lib/util/stats.ts:89
[  437673ms] [LOG] [plausible] version {mermaidVersion: 11.14.0} @ http://localhost:3001/src/lib/util/stats.ts:89
[  437741ms] [LOG] Loading 'pako:eNpFTsluwjAQ_RVrELeAIEsdfKiUgNQf6KmYwxDbSVQvyHHUpij_XpMKdU7ztpl3h8YJCQyUdl9Nhz6Q9xO36zVpnDHSBkYqfeuQDJ0btSBDwIn09qlyW50X_UI2m1dS1edaBrxEul6I4_kNjXkQQ5i0jAaieq3ZSqkmDiTQ-l4AC36UCRjpDT4g3LklhEPopJEcWFyFVDjqwIHbOcZuaD-cM8-kd2PbAVOoh4jGm8AgTz22Hv8t0grpj260AVixXAB2h29gaUq32Z4Wu3K3L2mRlwlMkd1vDxnNs8MLzVJa0JLOCfwsP3fbaEv-2tXYfLbxvX3UXjV4za85zL8WD2z8' @ http://localhost:3001/src/lib/util/state.ts:192
[  437786ms] [LOG] Registration successful, scope is: http://localhost:3001/ @ http://localhost:3001/src/routes/+layout.svelte:42
[  437833ms] [LOG] [plausible] render {diagramType: flowchart-v2, isRough: false, lengthBucket: 0-10, renderTimeMsBucket: 50-100} @ http://localhost:3001/src/lib/util/stats.ts:89
[  438388ms] [LOG] [plausible] version {mermaidVersion: 11.14.0} @ http://localhost:3001/src/lib/util/stats.ts:89
[  438458ms] [LOG] Loading 'pako:eNpFTsluwjAQ_RVrELeAIEsdfKiUgNQf6KmYwxDbSVQvyHHUpij_XpMKdU7ztpl3h8YJCQyUdl9Nhz6Q9xO36zVpnDHSBkYqfeuQDJ0btSBDwIn09qlyW50X_UI2m1dS1edaBrxEul6I4_kNjXkQQ5i0jAaieq3ZSqkmDiTQ-l4AC36UCRjpDT4g3LklhEPopJEcWFyFVDjqwIHbOcZuaD-cM8-kd2PbAVOoh4jGm8AgTz22Hv8t0grpj260AVixXAB2h29gaUq32Z4Wu3K3L2mRlwlMkd1vDxnNs8MLzVJa0JLOCfwsP3fbaEv-2tXYfLbxvX3UXjV4za85zL8WD2z8' @ http://localhost:3001/src/lib/util/state.ts:192
[  438512ms] [LOG] Registration successful, scope is: http://localhost:3001/ @ http://localhost:3001/src/routes/+layout.svelte:42
[  438561ms] [LOG] [plausible] render {diagramType: flowchart-v2, isRough: false, lengthBucket: 0-10, renderTimeMsBucket: 50-100} @ http://localhost:3001/src/lib/util/stats.ts:89
[  439123ms] [LOG] [plausible] version {mermaidVersion: 11.14.0} @ http://localhost:3001/src/lib/util/stats.ts:89
[  439186ms] [LOG] Loading 'pako:eNpFTsluwjAQ_RVrELeAIEsdfKiUgNQf6KmYwxDbSVQvyHHUpij_XpMKdU7ztpl3h8YJCQyUdl9Nhz6Q9xO36zVpnDHSBkYqfeuQDJ0btSBDwIn09qlyW50X_UI2m1dS1edaBrxEul6I4_kNjXkQQ5i0jAaieq3ZSqkmDiTQ-l4AC36UCRjpDT4g3LklhEPopJEcWFyFVDjqwIHbOcZuaD-cM8-kd2PbAVOoh4jGm8AgTz22Hv8t0grpj260AVixXAB2h29gaUq32Z4Wu3K3L2mRlwlMkd1vDxnNs8MLzVJa0JLOCfwsP3fbaEv-2tXYfLbxvX3UXjV4za85zL8WD2z8' @ http://localhost:3001/src/lib/util/state.ts:192
[  439240ms] [LOG] Registration successful, scope is: http://localhost:3001/ @ http://localhost:3001/src/routes/+layout.svelte:42
[  439296ms] [LOG] [plausible] render {diagramType: flowchart-v2, isRough: false, lengthBucket: 0-10, renderTimeMsBucket: 50-100} @ http://localhost:3001/src/lib/util/stats.ts:89
[  439891ms] [LOG] [plausible] version {mermaidVersion: 11.14.0} @ http://localhost:3001/src/lib/util/stats.ts:89
[  439958ms] [LOG] Loading 'pako:eNpFTsluwjAQ_RVrELeAIEsdfKiUgNQf6KmYwxDbSVQvyHHUpij_XpMKdU7ztpl3h8YJCQyUdl9Nhz6Q9xO36zVpnDHSBkYqfeuQDJ0btSBDwIn09qlyW50X_UI2m1dS1edaBrxEul6I4_kNjXkQQ5i0jAaieq3ZSqkmDiTQ-l4AC36UCRjpDT4g3LklhEPopJEcWFyFVDjqwIHbOcZuaD-cM8-kd2PbAVOoh4jGm8AgTz22Hv8t0grpj260AVixXAB2h29gaUq32Z4Wu3K3L2mRlwlMkd1vDxnNs8MLzVJa0JLOCfwsP3fbaEv-2tXYfLbxvX3UXjV4za85zL8WD2z8' @ http://localhost:3001/src/lib/util/state.ts:192
[  440010ms] [LOG] Registration successful, scope is: http://localhost:3001/ @ http://localhost:3001/src/routes/+layout.svelte:42
[  440063ms] [LOG] [plausible] render {diagramType: flowchart-v2, isRough: false, lengthBucket: 0-10, renderTimeMsBucket: 50-100} @ http://localhost:3001/src/lib/util/stats.ts:89
[  440645ms] [LOG] [plausible] version {mermaidVersion: 11.14.0} @ http://localhost:3001/src/lib/util/stats.ts:89
[  440708ms] [LOG] Loading 'pako:eNpFTsluwjAQ_RVrELeAIEsdfKiUgNQf6KmYwxDbSVQvyHHUpij_XpMKdU7ztpl3h8YJCQyUdl9Nhz6Q9xO36zVpnDHSBkYqfeuQDJ0btSBDwIn09qlyW50X_UI2m1dS1edaBrxEul6I4_kNjXkQQ5i0jAaieq3ZSqkmDiTQ-l4AC36UCRjpDT4g3LklhEPopJEcWFyFVDjqwIHbOcZuaD-cM8-kd2PbAVOoh4jGm8AgTz22Hv8t0grpj260AVixXAB2h29gaUq32Z4Wu3K3L2mRlwlMkd1vDxnNs8MLzVJa0JLOCfwsP3fbaEv-2tXYfLbxvX3UXjV4za85zL8WD2z8' @ http://localhost:3001/src/lib/util/state.ts:192
[  440762ms] [LOG] Registration successful, scope is: http://localhost:3001/ @ http://localhost:3001/src/routes/+layout.svelte:42
[  440817ms] [LOG] [plausible] render {diagramType: flowchart-v2, isRough: false, lengthBucket: 0-10, renderTimeMsBucket: 50-100} @ http://localhost:3001/src/lib/util/stats.ts:89
[  441377ms] [LOG] [plausible] version {mermaidVersion: 11.14.0} @ http://localhost:3001/src/lib/util/stats.ts:89
[  441436ms] [LOG] Loading 'pako:eNpFTsluwjAQ_RVrELeAIEsdfKiUgNQf6KmYwxDbSVQvyHHUpij_XpMKdU7ztpl3h8YJCQyUdl9Nhz6Q9xO36zVpnDHSBkYqfeuQDJ0btSBDwIn09qlyW50X_UI2m1dS1edaBrxEul6I4_kNjXkQQ5i0jAaieq3ZSqkmDiTQ-l4AC36UCRjpDT4g3LklhEPopJEcWFyFVDjqwIHbOcZuaD-cM8-kd2PbAVOoh4jGm8AgTz22Hv8t0grpj260AVixXAB2h29gaUq32Z4Wu3K3L2mRlwlMkd1vDxnNs8MLzVJa0JLOCfwsP3fbaEv-2tXYfLbxvX3UXjV4za85zL8WD2z8' @ http://localhost:3001/src/lib/util/state.ts:192
[  441492ms] [LOG] Registration successful, scope is: http://localhost:3001/ @ http://localhost:3001/src/routes/+layout.svelte:42
[  441544ms] [LOG] [plausible] render {diagramType: flowchart-v2, isRough: false, lengthBucket: 0-10, renderTimeMsBucket: 50-100} @ http://localhost:3001/src/lib/util/stats.ts:89
[  442111ms] [LOG] [plausible] version {mermaidVersion: 11.14.0} @ http://localhost:3001/src/lib/util/stats.ts:89
[  442179ms] [LOG] Loading 'pako:eNpFTsluwjAQ_RVrELeAIEsdfKiUgNQf6KmYwxDbSVQvyHHUpij_XpMKdU7ztpl3h8YJCQyUdl9Nhz6Q9xO36zVpnDHSBkYqfeuQDJ0btSBDwIn09qlyW50X_UI2m1dS1edaBrxEul6I4_kNjXkQQ5i0jAaieq3ZSqkmDiTQ-l4AC36UCRjpDT4g3LklhEPopJEcWFyFVDjqwIHbOcZuaD-cM8-kd2PbAVOoh4jGm8AgTz22Hv8t0grpj260AVixXAB2h29gaUq32Z4Wu3K3L2mRlwlMkd1vDxnNs8MLzVJa0JLOCfwsP3fbaEv-2tXYfLbxvX3UXjV4za85zL8WD2z8' @ http://localhost:3001/src/lib/util/state.ts:192
[  442227ms] [LOG] Registration successful, scope is: http://localhost:3001/ @ http://localhost:3001/src/routes/+layout.svelte:42
[  442270ms] [LOG] [plausible] render {diagramType: flowchart-v2, isRough: false, lengthBucket: 0-10, renderTimeMsBucket: 50-100} @ http://localhost:3001/src/lib/util/stats.ts:89
[  442835ms] [LOG] [plausible] version {mermaidVersion: 11.14.0} @ http://localhost:3001/src/lib/util/stats.ts:89
[  442898ms] [LOG] Loading 'pako:eNpFTsluwjAQ_RVrELeAIEsdfKiUgNQf6KmYwxDbSVQvyHHUpij_XpMKdU7ztpl3h8YJCQyUdl9Nhz6Q9xO36zVpnDHSBkYqfeuQDJ0btSBDwIn09qlyW50X_UI2m1dS1edaBrxEul6I4_kNjXkQQ5i0jAaieq3ZSqkmDiTQ-l4AC36UCRjpDT4g3LklhEPopJEcWFyFVDjqwIHbOcZuaD-cM8-kd2PbAVOoh4jGm8AgTz22Hv8t0grpj260AVixXAB2h29gaUq32Z4Wu3K3L2mRlwlMkd1vDxnNs8MLzVJa0JLOCfwsP3fbaEv-2tXYfLbxvX3UXjV4za85zL8WD2z8' @ http://localhost:3001/src/lib/util/state.ts:192
[  442962ms] [LOG] Registration successful, scope is: http://localhost:3001/ @ http://localhost:3001/src/routes/+layout.svelte:42
[  443000ms] [LOG] [plausible] render {diagramType: flowchart-v2, isRough: false, lengthBucket: 0-10, renderTimeMsBucket: 50-100} @ http://localhost:3001/src/lib/util/stats.ts:89
[  443541ms] [LOG] [plausible] version {mermaidVersion: 11.14.0} @ http://localhost:3001/src/lib/util/stats.ts:89
[  443611ms] [LOG] Loading 'pako:eNpFTsluwjAQ_RVrELeAIEsdfKiUgNQf6KmYwxDbSVQvyHHUpij_XpMKdU7ztpl3h8YJCQyUdl9Nhz6Q9xO36zVpnDHSBkYqfeuQDJ0btSBDwIn09qlyW50X_UI2m1dS1edaBrxEul6I4_kNjXkQQ5i0jAaieq3ZSqkmDiTQ-l4AC36UCRjpDT4g3LklhEPopJEcWFyFVDjqwIHbOcZuaD-cM8-kd2PbAVOoh4jGm8AgTz22Hv8t0grpj260AVixXAB2h29gaUq32Z4Wu3K3L2mRlwlMkd1vDxnNs8MLzVJa0JLOCfwsP3fbaEv-2tXYfLbxvX3UXjV4za85zL8WD2z8' @ http://localhost:3001/src/lib/util/state.ts:192
[  443664ms] [LOG] Registration successful, scope is: http://localhost:3001/ @ http://localhost:3001/src/routes/+layout.svelte:42
[  443706ms] [LOG] [plausible] render {diagramType: flowchart-v2, isRough: false, lengthBucket: 0-10, renderTimeMsBucket: 50-100} @ http://localhost:3001/src/lib/util/stats.ts:89
[  444299ms] [LOG] [plausible] version {mermaidVersion: 11.14.0} @ http://localhost:3001/src/lib/util/stats.ts:89
[  444370ms] [LOG] Loading 'pako:eNpFTsluwjAQ_RVrELeAIEsdfKiUgNQf6KmYwxDbSVQvyHHUpij_XpMKdU7ztpl3h8YJCQyUdl9Nhz6Q9xO36zVpnDHSBkYqfeuQDJ0btSBDwIn09qlyW50X_UI2m1dS1edaBrxEul6I4_kNjXkQQ5i0jAaieq3ZSqkmDiTQ-l4AC36UCRjpDT4g3LklhEPopJEcWFyFVDjqwIHbOcZuaD-cM8-kd2PbAVOoh4jGm8AgTz22Hv8t0grpj260AVixXAB2h29gaUq32Z4Wu3K3L2mRlwlMkd1vDxnNs8MLzVJa0JLOCfwsP3fbaEv-2tXYfLbxvX3UXjV4za85zL8WD2z8' @ http://localhost:3001/src/lib/util/state.ts:192
[  444423ms] [LOG] Registration successful, scope is: http://localhost:3001/ @ http://localhost:3001/src/routes/+layout.svelte:42
[  444460ms] [LOG] [plausible] render {diagramType: flowchart-v2, isRough: false, lengthBucket: 0-10, renderTimeMsBucket: 50-100} @ http://localhost:3001/src/lib/util/stats.ts:89
[  445032ms] [LOG] [plausible] version {mermaidVersion: 11.14.0} @ http://localhost:3001/src/lib/util/stats.ts:89
[  445090ms] [LOG] Loading 'pako:eNpFTsluwjAQ_RVrELeAIEsdfKiUgNQf6KmYwxDbSVQvyHHUpij_XpMKdU7ztpl3h8YJCQyUdl9Nhz6Q9xO36zVpnDHSBkYqfeuQDJ0btSBDwIn09qlyW50X_UI2m1dS1edaBrxEul6I4_kNjXkQQ5i0jAaieq3ZSqkmDiTQ-l4AC36UCRjpDT4g3LklhEPopJEcWFyFVDjqwIHbOcZuaD-cM8-kd2PbAVOoh4jGm8AgTz22Hv8t0grpj260AVixXAB2h29gaUq32Z4Wu3K3L2mRlwlMkd1vDxnNs8MLzVJa0JLOCfwsP3fbaEv-2tXYfLbxvX3UXjV4za85zL8WD2z8' @ http://localhost:3001/src/lib/util/state.ts:192
[  445151ms] [LOG] Registration successful, scope is: http://localhost:3001/ @ http://localhost:3001/src/routes/+layout.svelte:42
[  445203ms] [LOG] [plausible] render {diagramType: flowchart-v2, isRough: false, lengthBucket: 0-10, renderTimeMsBucket: 50-100} @ http://localhost:3001/src/lib/util/stats.ts:89
[  445759ms] [LOG] [plausible] version {mermaidVersion: 11.14.0} @ http://localhost:3001/src/lib/util/stats.ts:89
[  445822ms] [LOG] Loading 'pako:eNpFTsluwjAQ_RVrELeAIEsdfKiUgNQf6KmYwxDbSVQvyHHUpij_XpMKdU7ztpl3h8YJCQyUdl9Nhz6Q9xO36zVpnDHSBkYqfeuQDJ0btSBDwIn09qlyW50X_UI2m1dS1edaBrxEul6I4_kNjXkQQ5i0jAaieq3ZSqkmDiTQ-l4AC36UCRjpDT4g3LklhEPopJEcWFyFVDjqwIHbOcZuaD-cM8-kd2PbAVOoh4jGm8AgTz22Hv8t0grpj260AVixXAB2h29gaUq32Z4Wu3K3L2mRlwlMkd1vDxnNs8MLzVJa0JLOCfwsP3fbaEv-2tXYfLbxvX3UXjV4za85zL8WD2z8' @ http://localhost:3001/src/lib/util/state.ts:192
[  445883ms] [LOG] Registration successful, scope is: http://localhost:3001/ @ http://localhost:3001/src/routes/+layout.svelte:42
[  445932ms] [LOG] [plausible] render {diagramType: flowchart-v2, isRough: false, lengthBucket: 0-10, renderTimeMsBucket: 50-100} @ http://localhost:3001/src/lib/util/stats.ts:89
[  446466ms] [LOG] [plausible] version {mermaidVersion: 11.14.0} @ http://localhost:3001/src/lib/util/stats.ts:89
[  446536ms] [LOG] Loading 'pako:eNpFTsluwjAQ_RVrELeAIEsdfKiUgNQf6KmYwxDbSVQvyHHUpij_XpMKdU7ztpl3h8YJCQyUdl9Nhz6Q9xO36zVpnDHSBkYqfeuQDJ0btSBDwIn09qlyW50X_UI2m1dS1edaBrxEul6I4_kNjXkQQ5i0jAaieq3ZSqkmDiTQ-l4AC36UCRjpDT4g3LklhEPopJEcWFyFVDjqwIHbOcZuaD-cM8-kd2PbAVOoh4jGm8AgTz22Hv8t0grpj260AVixXAB2h29gaUq32Z4Wu3K3L2mRlwlMkd1vDxnNs8MLzVJa0JLOCfwsP3fbaEv-2tXYfLbxvX3UXjV4za85zL8WD2z8' @ http://localhost:3001/src/lib/util/state.ts:192
[  446586ms] [LOG] Registration successful, scope is: http://localhost:3001/ @ http://localhost:3001/src/routes/+layout.svelte:42
[  446625ms] [LOG] [plausible] render {diagramType: flowchart-v2, isRough: false, lengthBucket: 0-10, renderTimeMsBucket: 50-100} @ http://localhost:3001/src/lib/util/stats.ts:89
[  447223ms] [LOG] [plausible] version {mermaidVersion: 11.14.0} @ http://localhost:3001/src/lib/util/stats.ts:89
[  447291ms] [LOG] Loading 'pako:eNpFTsluwjAQ_RVrELeAIEsdfKiUgNQf6KmYwxDbSVQvyHHUpij_XpMKdU7ztpl3h8YJCQyUdl9Nhz6Q9xO36zVpnDHSBkYqfeuQDJ0btSBDwIn09qlyW50X_UI2m1dS1edaBrxEul6I4_kNjXkQQ5i0jAaieq3ZSqkmDiTQ-l4AC36UCRjpDT4g3LklhEPopJEcWFyFVDjqwIHbOcZuaD-cM8-kd2PbAVOoh4jGm8AgTz22Hv8t0grpj260AVixXAB2h29gaUq32Z4Wu3K3L2mRlwlMkd1vDxnNs8MLzVJa0JLOCfwsP3fbaEv-2tXYfLbxvX3UXjV4za85zL8WD2z8' @ http://localhost:3001/src/lib/util/state.ts:192
[  447345ms] [LOG] Registration successful, scope is: http://localhost:3001/ @ http://localhost:3001/src/routes/+layout.svelte:42
[  447390ms] [LOG] [plausible] render {diagramType: flowchart-v2, isRough: false, lengthBucket: 0-10, renderTimeMsBucket: 50-100} @ http://localhost:3001/src/lib/util/stats.ts:89
[  447928ms] [LOG] [plausible] version {mermaidVersion: 11.14.0} @ http://localhost:3001/src/lib/util/stats.ts:89
[  447999ms] [LOG] Loading 'pako:eNpFTsluwjAQ_RVrELeAIEsdfKiUgNQf6KmYwxDbSVQvyHHUpij_XpMKdU7ztpl3h8YJCQyUdl9Nhz6Q9xO36zVpnDHSBkYqfeuQDJ0btSBDwIn09qlyW50X_UI2m1dS1edaBrxEul6I4_kNjXkQQ5i0jAaieq3ZSqkmDiTQ-l4AC36UCRjpDT4g3LklhEPopJEcWFyFVDjqwIHbOcZuaD-cM8-kd2PbAVOoh4jGm8AgTz22Hv8t0grpj260AVixXAB2h29gaUq32Z4Wu3K3L2mRlwlMkd1vDxnNs8MLzVJa0JLOCfwsP3fbaEv-2tXYfLbxvX3UXjV4za85zL8WD2z8' @ http://localhost:3001/src/lib/util/state.ts:192
[  448047ms] [LOG] Registration successful, scope is: http://localhost:3001/ @ http://localhost:3001/src/routes/+layout.svelte:42
[  448085ms] [LOG] [plausible] render {diagramType: flowchart-v2, isRough: false, lengthBucket: 0-10, renderTimeMsBucket: 50-100} @ http://localhost:3001/src/lib/util/stats.ts:89
[  448676ms] [LOG] [plausible] version {mermaidVersion: 11.14.0} @ http://localhost:3001/src/lib/util/stats.ts:89
[  448732ms] [LOG] Loading 'pako:eNpFTsluwjAQ_RVrELeAIEsdfKiUgNQf6KmYwxDbSVQvyHHUpij_XpMKdU7ztpl3h8YJCQyUdl9Nhz6Q9xO36zVpnDHSBkYqfeuQDJ0btSBDwIn09qlyW50X_UI2m1dS1edaBrxEul6I4_kNjXkQQ5i0jAaieq3ZSqkmDiTQ-l4AC36UCRjpDT4g3LklhEPopJEcWFyFVDjqwIHbOcZuaD-cM8-kd2PbAVOoh4jGm8AgTz22Hv8t0grpj260AVixXAB2h29gaUq32Z4Wu3K3L2mRlwlMkd1vDxnNs8MLzVJa0JLOCfwsP3fbaEv-2tXYfLbxvX3UXjV4za85zL8WD2z8' @ http://localhost:3001/src/lib/util/state.ts:192
[  448788ms] [LOG] Registration successful, scope is: http://localhost:3001/ @ http://localhost:3001/src/routes/+layout.svelte:42
[  448853ms] [LOG] [plausible] render {diagramType: flowchart-v2, isRough: false, lengthBucket: 0-10, renderTimeMsBucket: 50-100} @ http://localhost:3001/src/lib/util/stats.ts:89
[  449418ms] [LOG] [plausible] version {mermaidVersion: 11.14.0} @ http://localhost:3001/src/lib/util/stats.ts:89
[  449477ms] [LOG] Loading 'pako:eNpFTsluwjAQ_RVrELeAIEsdfKiUgNQf6KmYwxDbSVQvyHHUpij_XpMKdU7ztpl3h8YJCQyUdl9Nhz6Q9xO36zVpnDHSBkYqfeuQDJ0btSBDwIn09qlyW50X_UI2m1dS1edaBrxEul6I4_kNjXkQQ5i0jAaieq3ZSqkmDiTQ-l4AC36UCRjpDT4g3LklhEPopJEcWFyFVDjqwIHbOcZuaD-cM8-kd2PbAVOoh4jGm8AgTz22Hv8t0grpj260AVixXAB2h29gaUq32Z4Wu3K3L2mRlwlMkd1vDxnNs8MLzVJa0JLOCfwsP3fbaEv-2tXYfLbxvX3UXjV4za85zL8WD2z8' @ http://localhost:3001/src/lib/util/state.ts:192
[  449533ms] [LOG] Registration successful, scope is: http://localhost:3001/ @ http://localhost:3001/src/routes/+layout.svelte:42
[  449592ms] [LOG] [plausible] render {diagramType: flowchart-v2, isRough: false, lengthBucket: 0-10, renderTimeMsBucket: 50-100} @ http://localhost:3001/src/lib/util/stats.ts:89
[  450153ms] [LOG] [plausible] version {mermaidVersion: 11.14.0} @ http://localhost:3001/src/lib/util/stats.ts:89
[  450220ms] [LOG] Loading 'pako:eNpFTsluwjAQ_RVrELeAIEsdfKiUgNQf6KmYwxDbSVQvyHHUpij_XpMKdU7ztpl3h8YJCQyUdl9Nhz6Q9xO36zVpnDHSBkYqfeuQDJ0btSBDwIn09qlyW50X_UI2m1dS1edaBrxEul6I4_kNjXkQQ5i0jAaieq3ZSqkmDiTQ-l4AC36UCRjpDT4g3LklhEPopJEcWFyFVDjqwIHbOcZuaD-cM8-kd2PbAVOoh4jGm8AgTz22Hv8t0grpj260AVixXAB2h29gaUq32Z4Wu3K3L2mRlwlMkd1vDxnNs8MLzVJa0JLOCfwsP3fbaEv-2tXYfLbxvX3UXjV4za85zL8WD2z8' @ http://localhost:3001/src/lib/util/state.ts:192
[  450269ms] [LOG] Registration successful, scope is: http://localhost:3001/ @ http://localhost:3001/src/routes/+layout.svelte:42
[  450318ms] [LOG] [plausible] render {diagramType: flowchart-v2, isRough: false, lengthBucket: 0-10, renderTimeMsBucket: 50-100} @ http://localhost:3001/src/lib/util/stats.ts:89
[  450868ms] [LOG] [plausible] version {mermaidVersion: 11.14.0} @ http://localhost:3001/src/lib/util/stats.ts:89
[  450934ms] [LOG] Loading 'pako:eNpFTsluwjAQ_RVrELeAIEsdfKiUgNQf6KmYwxDbSVQvyHHUpij_XpMKdU7ztpl3h8YJCQyUdl9Nhz6Q9xO36zVpnDHSBkYqfeuQDJ0btSBDwIn09qlyW50X_UI2m1dS1edaBrxEul6I4_kNjXkQQ5i0jAaieq3ZSqkmDiTQ-l4AC36UCRjpDT4g3LklhEPopJEcWFyFVDjqwIHbOcZuaD-cM8-kd2PbAVOoh4jGm8AgTz22Hv8t0grpj260AVixXAB2h29gaUq32Z4Wu3K3L2mRlwlMkd1vDxnNs8MLzVJa0JLOCfwsP3fbaEv-2tXYfLbxvX3UXjV4za85zL8WD2z8' @ http://localhost:3001/src/lib/util/state.ts:192
[  450985ms] [LOG] Registration successful, scope is: http://localhost:3001/ @ http://localhost:3001/src/routes/+layout.svelte:42
[  451039ms] [LOG] [plausible] render {diagramType: flowchart-v2, isRough: false, lengthBucket: 0-10, renderTimeMsBucket: 50-100} @ http://localhost:3001/src/lib/util/stats.ts:89
[  451616ms] [LOG] [plausible] version {mermaidVersion: 11.14.0} @ http://localhost:3001/src/lib/util/stats.ts:89
[  451676ms] [LOG] Loading 'pako:eNpFTsluwjAQ_RVrELeAIEsdfKiUgNQf6KmYwxDbSVQvyHHUpij_XpMKdU7ztpl3h8YJCQyUdl9Nhz6Q9xO36zVpnDHSBkYqfeuQDJ0btSBDwIn09qlyW50X_UI2m1dS1edaBrxEul6I4_kNjXkQQ5i0jAaieq3ZSqkmDiTQ-l4AC36UCRjpDT4g3LklhEPopJEcWFyFVDjqwIHbOcZuaD-cM8-kd2PbAVOoh4jGm8AgTz22Hv8t0grpj260AVixXAB2h29gaUq32Z4Wu3K3L2mRlwlMkd1vDxnNs8MLzVJa0JLOCfwsP3fbaEv-2tXYfLbxvX3UXjV4za85zL8WD2z8' @ http://localhost:3001/src/lib/util/state.ts:192
[  451734ms] [LOG] Registration successful, scope is: http://localhost:3001/ @ http://localhost:3001/src/routes/+layout.svelte:42
[  451786ms] [LOG] [plausible] render {diagramType: flowchart-v2, isRough: false, lengthBucket: 0-10, renderTimeMsBucket: 50-100} @ http://localhost:3001/src/lib/util/stats.ts:89
[  452377ms] [LOG] [plausible] version {mermaidVersion: 11.14.0} @ http://localhost:3001/src/lib/util/stats.ts:89
[  452441ms] [LOG] Loading 'pako:eNpFTsluwjAQ_RVrELeAIEsdfKiUgNQf6KmYwxDbSVQvyHHUpij_XpMKdU7ztpl3h8YJCQyUdl9Nhz6Q9xO36zVpnDHSBkYqfeuQDJ0btSBDwIn09qlyW50X_UI2m1dS1edaBrxEul6I4_kNjXkQQ5i0jAaieq3ZSqkmDiTQ-l4AC36UCRjpDT4g3LklhEPopJEcWFyFVDjqwIHbOcZuaD-cM8-kd2PbAVOoh4jGm8AgTz22Hv8t0grpj260AVixXAB2h29gaUq32Z4Wu3K3L2mRlwlMkd1vDxnNs8MLzVJa0JLOCfwsP3fbaEv-2tXYfLbxvX3UXjV4za85zL8WD2z8' @ http://localhost:3001/src/lib/util/state.ts:192
[  452499ms] [LOG] Registration successful, scope is: http://localhost:3001/ @ http://localhost:3001/src/routes/+layout.svelte:42
[  452550ms] [LOG] [plausible] render {diagramType: flowchart-v2, isRough: false, lengthBucket: 0-10, renderTimeMsBucket: 50-100} @ http://localhost:3001/src/lib/util/stats.ts:89
[  453110ms] [LOG] [plausible] version {mermaidVersion: 11.14.0} @ http://localhost:3001/src/lib/util/stats.ts:89
[  453172ms] [LOG] Loading 'pako:eNpFTsluwjAQ_RVrELeAIEsdfKiUgNQf6KmYwxDbSVQvyHHUpij_XpMKdU7ztpl3h8YJCQyUdl9Nhz6Q9xO36zVpnDHSBkYqfeuQDJ0btSBDwIn09qlyW50X_UI2m1dS1edaBrxEul6I4_kNjXkQQ5i0jAaieq3ZSqkmDiTQ-l4AC36UCRjpDT4g3LklhEPopJEcWFyFVDjqwIHbOcZuaD-cM8-kd2PbAVOoh4jGm8AgTz22Hv8t0grpj260AVixXAB2h29gaUq32Z4Wu3K3L2mRlwlMkd1vDxnNs8MLzVJa0JLOCfwsP3fbaEv-2tXYfLbxvX3UXjV4za85zL8WD2z8' @ http://localhost:3001/src/lib/util/state.ts:192
[  453229ms] [LOG] Registration successful, scope is: http://localhost:3001/ @ http://localhost:3001/src/routes/+layout.svelte:42
[  453279ms] [LOG] [plausible] render {diagramType: flowchart-v2, isRough: false, lengthBucket: 0-10, renderTimeMsBucket: 50-100} @ http://localhost:3001/src/lib/util/stats.ts:89
[  453811ms] [LOG] [plausible] version {mermaidVersion: 11.14.0} @ http://localhost:3001/src/lib/util/stats.ts:89
[  453881ms] [LOG] Loading 'pako:eNpFTsluwjAQ_RVrELeAIEsdfKiUgNQf6KmYwxDbSVQvyHHUpij_XpMKdU7ztpl3h8YJCQyUdl9Nhz6Q9xO36zVpnDHSBkYqfeuQDJ0btSBDwIn09qlyW50X_UI2m1dS1edaBrxEul6I4_kNjXkQQ5i0jAaieq3ZSqkmDiTQ-l4AC36UCRjpDT4g3LklhEPopJEcWFyFVDjqwIHbOcZuaD-cM8-kd2PbAVOoh4jGm8AgTz22Hv8t0grpj260AVixXAB2h29gaUq32Z4Wu3K3L2mRlwlMkd1vDxnNs8MLzVJa0JLOCfwsP3fbaEv-2tXYfLbxvX3UXjV4za85zL8WD2z8' @ http://localhost:3001/src/lib/util/state.ts:192
[  453935ms] [LOG] Registration successful, scope is: http://localhost:3001/ @ http://localhost:3001/src/routes/+layout.svelte:42
[  453978ms] [LOG] [plausible] render {diagramType: flowchart-v2, isRough: false, lengthBucket: 0-10, renderTimeMsBucket: 50-100} @ http://localhost:3001/src/lib/util/stats.ts:89
[  454509ms] [LOG] [plausible] version {mermaidVersion: 11.14.0} @ http://localhost:3001/src/lib/util/stats.ts:89
[  454569ms] [LOG] Loading 'pako:eNpFTsluwjAQ_RVrELeAIEsdfKiUgNQf6KmYwxDbSVQvyHHUpij_XpMKdU7ztpl3h8YJCQyUdl9Nhz6Q9xO36zVpnDHSBkYqfeuQDJ0btSBDwIn09qlyW50X_UI2m1dS1edaBrxEul6I4_kNjXkQQ5i0jAaieq3ZSqkmDiTQ-l4AC36UCRjpDT4g3LklhEPopJEcWFyFVDjqwIHbOcZuaD-cM8-kd2PbAVOoh4jGm8AgTz22Hv8t0grpj260AVixXAB2h29gaUq32Z4Wu3K3L2mRlwlMkd1vDxnNs8MLzVJa0JLOCfwsP3fbaEv-2tXYfLbxvX3UXjV4za85zL8WD2z8' @ http://localhost:3001/src/lib/util/state.ts:192
[  454620ms] [LOG] Registration successful, scope is: http://localhost:3001/ @ http://localhost:3001/src/routes/+layout.svelte:42
[  454669ms] [LOG] [plausible] render {diagramType: flowchart-v2, isRough: false, lengthBucket: 0-10, renderTimeMsBucket: 50-100} @ http://localhost:3001/src/lib/util/stats.ts:89
[  455213ms] [LOG] [plausible] version {mermaidVersion: 11.14.0} @ http://localhost:3001/src/lib/util/stats.ts:89
[  455272ms] [LOG] Loading 'pako:eNpFTsluwjAQ_RVrELeAIEsdfKiUgNQf6KmYwxDbSVQvyHHUpij_XpMKdU7ztpl3h8YJCQyUdl9Nhz6Q9xO36zVpnDHSBkYqfeuQDJ0btSBDwIn09qlyW50X_UI2m1dS1edaBrxEul6I4_kNjXkQQ5i0jAaieq3ZSqkmDiTQ-l4AC36UCRjpDT4g3LklhEPopJEcWFyFVDjqwIHbOcZuaD-cM8-kd2PbAVOoh4jGm8AgTz22Hv8t0grpj260AVixXAB2h29gaUq32Z4Wu3K3L2mRlwlMkd1vDxnNs8MLzVJa0JLOCfwsP3fbaEv-2tXYfLbxvX3UXjV4za85zL8WD2z8' @ http://localhost:3001/src/lib/util/state.ts:192
[  455322ms] [LOG] Registration successful, scope is: http://localhost:3001/ @ http://localhost:3001/src/routes/+layout.svelte:42
[  455364ms] [LOG] [plausible] render {diagramType: flowchart-v2, isRough: false, lengthBucket: 0-10, renderTimeMsBucket: 50-100} @ http://localhost:3001/src/lib/util/stats.ts:89
[  455969ms] [LOG] [plausible] version {mermaidVersion: 11.14.0} @ http://localhost:3001/src/lib/util/stats.ts:89
[  456039ms] [LOG] Loading 'pako:eNpFTsluwjAQ_RVrELeAIEsdfKiUgNQf6KmYwxDbSVQvyHHUpij_XpMKdU7ztpl3h8YJCQyUdl9Nhz6Q9xO36zVpnDHSBkYqfeuQDJ0btSBDwIn09qlyW50X_UI2m1dS1edaBrxEul6I4_kNjXkQQ5i0jAaieq3ZSqkmDiTQ-l4AC36UCRjpDT4g3LklhEPopJEcWFyFVDjqwIHbOcZuaD-cM8-kd2PbAVOoh4jGm8AgTz22Hv8t0grpj260AVixXAB2h29gaUq32Z4Wu3K3L2mRlwlMkd1vDxnNs8MLzVJa0JLOCfwsP3fbaEv-2tXYfLbxvX3UXjV4za85zL8WD2z8' @ http://localhost:3001/src/lib/util/state.ts:192
[  456088ms] [LOG] Registration successful, scope is: http://localhost:3001/ @ http://localhost:3001/src/routes/+layout.svelte:42
[  456144ms] [LOG] [plausible] render {diagramType: flowchart-v2, isRough: false, lengthBucket: 0-10, renderTimeMsBucket: 50-100} @ http://localhost:3001/src/lib/util/stats.ts:89
[  456713ms] [LOG] [plausible] version {mermaidVersion: 11.14.0} @ http://localhost:3001/src/lib/util/stats.ts:89
[  456774ms] [LOG] Loading 'pako:eNpFTsluwjAQ_RVrELeAIEsdfKiUgNQf6KmYwxDbSVQvyHHUpij_XpMKdU7ztpl3h8YJCQyUdl9Nhz6Q9xO36zVpnDHSBkYqfeuQDJ0btSBDwIn09qlyW50X_UI2m1dS1edaBrxEul6I4_kNjXkQQ5i0jAaieq3ZSqkmDiTQ-l4AC36UCRjpDT4g3LklhEPopJEcWFyFVDjqwIHbOcZuaD-cM8-kd2PbAVOoh4jGm8AgTz22Hv8t0grpj260AVixXAB2h29gaUq32Z4Wu3K3L2mRlwlMkd1vDxnNs8MLzVJa0JLOCfwsP3fbaEv-2tXYfLbxvX3UXjV4za85zL8WD2z8' @ http://localhost:3001/src/lib/util/state.ts:192
[  456833ms] [LOG] Registration successful, scope is: http://localhost:3001/ @ http://localhost:3001/src/routes/+layout.svelte:42
[  456894ms] [LOG] [plausible] render {diagramType: flowchart-v2, isRough: false, lengthBucket: 0-10, renderTimeMsBucket: 50-100} @ http://localhost:3001/src/lib/util/stats.ts:89
[  457466ms] [LOG] [plausible] version {mermaidVersion: 11.14.0} @ http://localhost:3001/src/lib/util/stats.ts:89
[  457535ms] [LOG] Loading 'pako:eNpFTsluwjAQ_RVrELeAIEsdfKiUgNQf6KmYwxDbSVQvyHHUpij_XpMKdU7ztpl3h8YJCQyUdl9Nhz6Q9xO36zVpnDHSBkYqfeuQDJ0btSBDwIn09qlyW50X_UI2m1dS1edaBrxEul6I4_kNjXkQQ5i0jAaieq3ZSqkmDiTQ-l4AC36UCRjpDT4g3LklhEPopJEcWFyFVDjqwIHbOcZuaD-cM8-kd2PbAVOoh4jGm8AgTz22Hv8t0grpj260AVixXAB2h29gaUq32Z4Wu3K3L2mRlwlMkd1vDxnNs8MLzVJa0JLOCfwsP3fbaEv-2tXYfLbxvX3UXjV4za85zL8WD2z8' @ http://localhost:3001/src/lib/util/state.ts:192
[  457589ms] [LOG] Registration successful, scope is: http://localhost:3001/ @ http://localhost:3001/src/routes/+layout.svelte:42
[  457657ms] [LOG] [plausible] render {diagramType: flowchart-v2, isRough: false, lengthBucket: 0-10, renderTimeMsBucket: 50-100} @ http://localhost:3001/src/lib/util/stats.ts:89
[  458225ms] [LOG] [plausible] version {mermaidVersion: 11.14.0} @ http://localhost:3001/src/lib/util/stats.ts:89
[  458294ms] [LOG] Loading 'pako:eNpFTsluwjAQ_RVrELeAIEsdfKiUgNQf6KmYwxDbSVQvyHHUpij_XpMKdU7ztpl3h8YJCQyUdl9Nhz6Q9xO36zVpnDHSBkYqfeuQDJ0btSBDwIn09qlyW50X_UI2m1dS1edaBrxEul6I4_kNjXkQQ5i0jAaieq3ZSqkmDiTQ-l4AC36UCRjpDT4g3LklhEPopJEcWFyFVDjqwIHbOcZuaD-cM8-kd2PbAVOoh4jGm8AgTz22Hv8t0grpj260AVixXAB2h29gaUq32Z4Wu3K3L2mRlwlMkd1vDxnNs8MLzVJa0JLOCfwsP3fbaEv-2tXYfLbxvX3UXjV4za85zL8WD2z8' @ http://localhost:3001/src/lib/util/state.ts:192
[  458359ms] [LOG] Registration successful, scope is: http://localhost:3001/ @ http://localhost:3001/src/routes/+layout.svelte:42
[  458417ms] [LOG] [plausible] render {diagramType: flowchart-v2, isRough: false, lengthBucket: 0-10, renderTimeMsBucket: 50-100} @ http://localhost:3001/src/lib/util/stats.ts:89
[  458988ms] [LOG] [plausible] version {mermaidVersion: 11.14.0} @ http://localhost:3001/src/lib/util/stats.ts:89
[  459055ms] [LOG] Loading 'pako:eNpFTsluwjAQ_RVrELeAIEsdfKiUgNQf6KmYwxDbSVQvyHHUpij_XpMKdU7ztpl3h8YJCQyUdl9Nhz6Q9xO36zVpnDHSBkYqfeuQDJ0btSBDwIn09qlyW50X_UI2m1dS1edaBrxEul6I4_kNjXkQQ5i0jAaieq3ZSqkmDiTQ-l4AC36UCRjpDT4g3LklhEPopJEcWFyFVDjqwIHbOcZuaD-cM8-kd2PbAVOoh4jGm8AgTz22Hv8t0grpj260AVixXAB2h29gaUq32Z4Wu3K3L2mRlwlMkd1vDxnNs8MLzVJa0JLOCfwsP3fbaEv-2tXYfLbxvX3UXjV4za85zL8WD2z8' @ http://localhost:3001/src/lib/util/state.ts:192
[  459109ms] [LOG] Registration successful, scope is: http://localhost:3001/ @ http://localhost:3001/src/routes/+layout.svelte:42
[  459173ms] [LOG] [plausible] render {diagramType: flowchart-v2, isRough: false, lengthBucket: 0-10, renderTimeMsBucket: 50-100} @ http://localhost:3001/src/lib/util/stats.ts:89
[  459755ms] [LOG] [plausible] version {mermaidVersion: 11.14.0} @ http://localhost:3001/src/lib/util/stats.ts:89
[  459826ms] [LOG] Loading 'pako:eNpFTsluwjAQ_RVrELeAIEsdfKiUgNQf6KmYwxDbSVQvyHHUpij_XpMKdU7ztpl3h8YJCQyUdl9Nhz6Q9xO36zVpnDHSBkYqfeuQDJ0btSBDwIn09qlyW50X_UI2m1dS1edaBrxEul6I4_kNjXkQQ5i0jAaieq3ZSqkmDiTQ-l4AC36UCRjpDT4g3LklhEPopJEcWFyFVDjqwIHbOcZuaD-cM8-kd2PbAVOoh4jGm8AgTz22Hv8t0grpj260AVixXAB2h29gaUq32Z4Wu3K3L2mRlwlMkd1vDxnNs8MLzVJa0JLOCfwsP3fbaEv-2tXYfLbxvX3UXjV4za85zL8WD2z8' @ http://localhost:3001/src/lib/util/state.ts:192
[  459874ms] [LOG] Registration successful, scope is: http://localhost:3001/ @ http://localhost:3001/src/routes/+layout.svelte:42
[  459908ms] [LOG] [plausible] render {diagramType: flowchart-v2, isRough: false, lengthBucket: 0-10, renderTimeMsBucket: 50-100} @ http://localhost:3001/src/lib/util/stats.ts:89
[  460567ms] [LOG] [plausible] version {mermaidVersion: 11.14.0} @ http://localhost:3001/src/lib/util/stats.ts:89
[  460635ms] [LOG] Loading 'pako:eNpFTsluwjAQ_RVrELeAIEsdfKiUgNQf6KmYwxDbSVQvyHHUpij_XpMKdU7ztpl3h8YJCQyUdl9Nhz6Q9xO36zVpnDHSBkYqfeuQDJ0btSBDwIn09qlyW50X_UI2m1dS1edaBrxEul6I4_kNjXkQQ5i0jAaieq3ZSqkmDiTQ-l4AC36UCRjpDT4g3LklhEPopJEcWFyFVDjqwIHbOcZuaD-cM8-kd2PbAVOoh4jGm8AgTz22Hv8t0grpj260AVixXAB2h29gaUq32Z4Wu3K3L2mRlwlMkd1vDxnNs8MLzVJa0JLOCfwsP3fbaEv-2tXYfLbxvX3UXjV4za85zL8WD2z8' @ http://localhost:3001/src/lib/util/state.ts:192
[  460683ms] [LOG] Registration successful, scope is: http://localhost:3001/ @ http://localhost:3001/src/routes/+layout.svelte:42
[  460718ms] [LOG] [plausible] render {diagramType: flowchart-v2, isRough: false, lengthBucket: 0-10, renderTimeMsBucket: 50-100} @ http://localhost:3001/src/lib/util/stats.ts:89
[  460767ms] [LOG] [plausible] render {diagramType: flowchart-v2, isRough: false, lengthBucket: 0-10, renderTimeMsBucket: 25-50} @ http://localhost:3001/src/lib/util/stats.ts:89
[  461331ms] [LOG] [plausible] version {mermaidVersion: 11.14.0} @ http://localhost:3001/src/lib/util/stats.ts:89
[  461394ms] [LOG] Loading 'pako:eNpFTsluwjAQ_RVrELeAIEsdfKiUgNQf6KmYwxDbSVQvyHHUpij_XpMKdU7ztpl3h8YJCQyUdl9Nhz6Q9xO36zVpnDHSBkYqfeuQDJ0btSBDwIn09qlyW50X_UI2m1dS1edaBrxEul6I4_kNjXkQQ5i0jAaieq3ZSqkmDiTQ-l4AC36UCRjpDT4g3LklhEPopJEcWFyFVDjqwIHbOcZuaD-cM8-kd2PbAVOoh4jGm8AgTz22Hv8t0grpj260AVixXAB2h29gaUq32Z4Wu3K3L2mRlwlMkd1vDxnNs8MLzVJa0JLOCfwsP3fbaEv-2tXYfLbxvX3UXjV4za85zL8WD2z8' @ http://localhost:3001/src/lib/util/state.ts:192
[  461451ms] [LOG] Registration successful, scope is: http://localhost:3001/ @ http://localhost:3001/src/routes/+layout.svelte:42
[  461489ms] [LOG] [plausible] render {diagramType: flowchart-v2, isRough: false, lengthBucket: 0-10, renderTimeMsBucket: 50-100} @ http://localhost:3001/src/lib/util/stats.ts:89
[  462032ms] [LOG] [plausible] version {mermaidVersion: 11.14.0} @ http://localhost:3001/src/lib/util/stats.ts:89
[  462096ms] [LOG] Loading 'pako:eNpFTsluwjAQ_RVrELeAIEsdfKiUgNQf6KmYwxDbSVQvyHHUpij_XpMKdU7ztpl3h8YJCQyUdl9Nhz6Q9xO36zVpnDHSBkYqfeuQDJ0btSBDwIn09qlyW50X_UI2m1dS1edaBrxEul6I4_kNjXkQQ5i0jAaieq3ZSqkmDiTQ-l4AC36UCRjpDT4g3LklhEPopJEcWFyFVDjqwIHbOcZuaD-cM8-kd2PbAVOoh4jGm8AgTz22Hv8t0grpj260AVixXAB2h29gaUq32Z4Wu3K3L2mRlwlMkd1vDxnNs8MLzVJa0JLOCfwsP3fbaEv-2tXYfLbxvX3UXjV4za85zL8WD2z8' @ http://localhost:3001/src/lib/util/state.ts:192
[  462146ms] [LOG] Registration successful, scope is: http://localhost:3001/ @ http://localhost:3001/src/routes/+layout.svelte:42
[  462178ms] [LOG] [plausible] render {diagramType: flowchart-v2, isRough: false, lengthBucket: 0-10, renderTimeMsBucket: 50-100} @ http://localhost:3001/src/lib/util/stats.ts:89
[  462755ms] [LOG] [plausible] version {mermaidVersion: 11.14.0} @ http://localhost:3001/src/lib/util/stats.ts:89
[  462819ms] [LOG] Loading 'pako:eNpFTsluwjAQ_RVrELeAIEsdfKiUgNQf6KmYwxDbSVQvyHHUpij_XpMKdU7ztpl3h8YJCQyUdl9Nhz6Q9xO36zVpnDHSBkYqfeuQDJ0btSBDwIn09qlyW50X_UI2m1dS1edaBrxEul6I4_kNjXkQQ5i0jAaieq3ZSqkmDiTQ-l4AC36UCRjpDT4g3LklhEPopJEcWFyFVDjqwIHbOcZuaD-cM8-kd2PbAVOoh4jGm8AgTz22Hv8t0grpj260AVixXAB2h29gaUq32Z4Wu3K3L2mRlwlMkd1vDxnNs8MLzVJa0JLOCfwsP3fbaEv-2tXYfLbxvX3UXjV4za85zL8WD2z8' @ http://localhost:3001/src/lib/util/state.ts:192
[  462872ms] [LOG] Registration successful, scope is: http://localhost:3001/ @ http://localhost:3001/src/routes/+layout.svelte:42
[  462907ms] [LOG] [plausible] render {diagramType: flowchart-v2, isRough: false, lengthBucket: 0-10, renderTimeMsBucket: 50-100} @ http://localhost:3001/src/lib/util/stats.ts:89
[  463442ms] [LOG] [plausible] version {mermaidVersion: 11.14.0} @ http://localhost:3001/src/lib/util/stats.ts:89
[  463502ms] [LOG] Loading 'pako:eNpFTsluwjAQ_RVrELeAIEsdfKiUgNQf6KmYwxDbSVQvyHHUpij_XpMKdU7ztpl3h8YJCQyUdl9Nhz6Q9xO36zVpnDHSBkYqfeuQDJ0btSBDwIn09qlyW50X_UI2m1dS1edaBrxEul6I4_kNjXkQQ5i0jAaieq3ZSqkmDiTQ-l4AC36UCRjpDT4g3LklhEPopJEcWFyFVDjqwIHbOcZuaD-cM8-kd2PbAVOoh4jGm8AgTz22Hv8t0grpj260AVixXAB2h29gaUq32Z4Wu3K3L2mRlwlMkd1vDxnNs8MLzVJa0JLOCfwsP3fbaEv-2tXYfLbxvX3UXjV4za85zL8WD2z8' @ http://localhost:3001/src/lib/util/state.ts:192
[  463562ms] [LOG] Registration successful, scope is: http://localhost:3001/ @ http://localhost:3001/src/routes/+layout.svelte:42
[  463598ms] [LOG] [plausible] render {diagramType: flowchart-v2, isRough: false, lengthBucket: 0-10, renderTimeMsBucket: 50-100} @ http://localhost:3001/src/lib/util/stats.ts:89
[  464137ms] [LOG] [plausible] version {mermaidVersion: 11.14.0} @ http://localhost:3001/src/lib/util/stats.ts:89
[  464190ms] [LOG] Loading 'pako:eNpFTsluwjAQ_RVrELeAIEsdfKiUgNQf6KmYwxDbSVQvyHHUpij_XpMKdU7ztpl3h8YJCQyUdl9Nhz6Q9xO36zVpnDHSBkYqfeuQDJ0btSBDwIn09qlyW50X_UI2m1dS1edaBrxEul6I4_kNjXkQQ5i0jAaieq3ZSqkmDiTQ-l4AC36UCRjpDT4g3LklhEPopJEcWFyFVDjqwIHbOcZuaD-cM8-kd2PbAVOoh4jGm8AgTz22Hv8t0grpj260AVixXAB2h29gaUq32Z4Wu3K3L2mRlwlMkd1vDxnNs8MLzVJa0JLOCfwsP3fbaEv-2tXYfLbxvX3UXjV4za85zL8WD2z8' @ http://localhost:3001/src/lib/util/state.ts:192
[  464239ms] [LOG] Registration successful, scope is: http://localhost:3001/ @ http://localhost:3001/src/routes/+layout.svelte:42
[  464275ms] [LOG] [plausible] render {diagramType: flowchart-v2, isRough: false, lengthBucket: 0-10, renderTimeMsBucket: 50-100} @ http://localhost:3001/src/lib/util/stats.ts:89
[  464533ms] [WARNING] Avoid using `history.pushState(...)` and `history.replaceState(...)` as these will conflict with SvelteKit's router. Use the `pushState` and `replaceState` imports from `$app/navigation` instead. @ http://localhost:3001/node_modules/.pnpm/@sveltejs+kit@2.37.0_@svelt_451e8418fb2bf1e4b93263c948f3b481/node_modules/@sveltejs/kit/src/runtime/client/client.js?v=5ec1b7ca:3085
[  465491ms] [LOG] [plausible] version {mermaidVersion: 11.14.0} @ http://localhost:3001/src/lib/util/stats.ts:89
[  465557ms] [LOG] Loading 'pako:eNpFTsluwjAQ_RVrELeAIEsdfKiUgNQf6KmYwxDbSVQvyHHUpij_XpMKdU7ztpl3h8YJCQyUdl9Nhz6Q9xO36zVpnDHSBkYqfeuQDJ0btSBDwIn09qlyW50X_UI2m1dS1edaBrxEul6I4_kNjXkQQ5i0jAaieq3ZSqkmDiTQ-l4AC36UCRjpDT4g3LklhEPopJEcWFyFVDjqwIHbOcZuaD-cM8-kd2PbAVOoh4jGm8AgTz22Hv8t0grpj260AVixXAB2h29gaUq32Z4Wu3K3L2mRlwlMkd1vDxnNs8MLzVJa0JLOCfwsP3fbaEv-2tXYfLbxvX3UXjV4za85zL8WD2z8' @ http://localhost:3001/src/lib/util/state.ts:192
[  465615ms] [LOG] Registration successful, scope is: http://localhost:3001/ @ http://localhost:3001/src/routes/+layout.svelte:42
[  465658ms] [LOG] [plausible] render {diagramType: flowchart-v2, isRough: false, lengthBucket: 0-10, renderTimeMsBucket: 50-100} @ http://localhost:3001/src/lib/util/stats.ts:89
[  466254ms] [LOG] [plausible] version {mermaidVersion: 11.14.0} @ http://localhost:3001/src/lib/util/stats.ts:89
[  466321ms] [LOG] Loading 'pako:eNpFTsluwjAQ_RVrELeAIEsdfKiUgNQf6KmYwxDbSVQvyHHUpij_XpMKdU7ztpl3h8YJCQyUdl9Nhz6Q9xO36zVpnDHSBkYqfeuQDJ0btSBDwIn09qlyW50X_UI2m1dS1edaBrxEul6I4_kNjXkQQ5i0jAaieq3ZSqkmDiTQ-l4AC36UCRjpDT4g3LklhEPopJEcWFyFVDjqwIHbOcZuaD-cM8-kd2PbAVOoh4jGm8AgTz22Hv8t0grpj260AVixXAB2h29gaUq32Z4Wu3K3L2mRlwlMkd1vDxnNs8MLzVJa0JLOCfwsP3fbaEv-2tXYfLbxvX3UXjV4za85zL8WD2z8' @ http://localhost:3001/src/lib/util/state.ts:192
[  466373ms] [LOG] Registration successful, scope is: http://localhost:3001/ @ http://localhost:3001/src/routes/+layout.svelte:42
[  466424ms] [LOG] [plausible] render {diagramType: flowchart-v2, isRough: false, lengthBucket: 0-10, renderTimeMsBucket: 50-100} @ http://localhost:3001/src/lib/util/stats.ts:89
[  467000ms] [LOG] [plausible] version {mermaidVersion: 11.14.0} @ http://localhost:3001/src/lib/util/stats.ts:89
[  467068ms] [LOG] Loading 'pako:eNpFTsluwjAQ_RVrELeAIEsdfKiUgNQf6KmYwxDbSVQvyHHUpij_XpMKdU7ztpl3h8YJCQyUdl9Nhz6Q9xO36zVpnDHSBkYqfeuQDJ0btSBDwIn09qlyW50X_UI2m1dS1edaBrxEul6I4_kNjXkQQ5i0jAaieq3ZSqkmDiTQ-l4AC36UCRjpDT4g3LklhEPopJEcWFyFVDjqwIHbOcZuaD-cM8-kd2PbAVOoh4jGm8AgTz22Hv8t0grpj260AVixXAB2h29gaUq32Z4Wu3K3L2mRlwlMkd1vDxnNs8MLzVJa0JLOCfwsP3fbaEv-2tXYfLbxvX3UXjV4za85zL8WD2z8' @ http://localhost:3001/src/lib/util/state.ts:192
[  467132ms] [LOG] Registration successful, scope is: http://localhost:3001/ @ http://localhost:3001/src/routes/+layout.svelte:42
[  467178ms] [LOG] [plausible] render {diagramType: flowchart-v2, isRough: false, lengthBucket: 0-10, renderTimeMsBucket: 50-100} @ http://localhost:3001/src/lib/util/stats.ts:89
[  467728ms] [LOG] [plausible] version {mermaidVersion: 11.14.0} @ http://localhost:3001/src/lib/util/stats.ts:89
[  467784ms] [LOG] Loading 'pako:eNpFTsluwjAQ_RVrELeAIEsdfKiUgNQf6KmYwxDbSVQvyHHUpij_XpMKdU7ztpl3h8YJCQyUdl9Nhz6Q9xO36zVpnDHSBkYqfeuQDJ0btSBDwIn09qlyW50X_UI2m1dS1edaBrxEul6I4_kNjXkQQ5i0jAaieq3ZSqkmDiTQ-l4AC36UCRjpDT4g3LklhEPopJEcWFyFVDjqwIHbOcZuaD-cM8-kd2PbAVOoh4jGm8AgTz22Hv8t0grpj260AVixXAB2h29gaUq32Z4Wu3K3L2mRlwlMkd1vDxnNs8MLzVJa0JLOCfwsP3fbaEv-2tXYfLbxvX3UXjV4za85zL8WD2z8' @ http://localhost:3001/src/lib/util/state.ts:192
[  467842ms] [LOG] Registration successful, scope is: http://localhost:3001/ @ http://localhost:3001/src/routes/+layout.svelte:42
[  467882ms] [LOG] [plausible] render {diagramType: flowchart-v2, isRough: false, lengthBucket: 0-10, renderTimeMsBucket: 50-100} @ http://localhost:3001/src/lib/util/stats.ts:89
[  468428ms] [LOG] [plausible] version {mermaidVersion: 11.14.0} @ http://localhost:3001/src/lib/util/stats.ts:89
[  468489ms] [LOG] Loading 'pako:eNpFTsluwjAQ_RVrELeAIEsdfKiUgNQf6KmYwxDbSVQvyHHUpij_XpMKdU7ztpl3h8YJCQyUdl9Nhz6Q9xO36zVpnDHSBkYqfeuQDJ0btSBDwIn09qlyW50X_UI2m1dS1edaBrxEul6I4_kNjXkQQ5i0jAaieq3ZSqkmDiTQ-l4AC36UCRjpDT4g3LklhEPopJEcWFyFVDjqwIHbOcZuaD-cM8-kd2PbAVOoh4jGm8AgTz22Hv8t0grpj260AVixXAB2h29gaUq32Z4Wu3K3L2mRlwlMkd1vDxnNs8MLzVJa0JLOCfwsP3fbaEv-2tXYfLbxvX3UXjV4za85zL8WD2z8' @ http://localhost:3001/src/lib/util/state.ts:192
[  468544ms] [LOG] Registration successful, scope is: http://localhost:3001/ @ http://localhost:3001/src/routes/+layout.svelte:42
[  469124ms] [LOG] [plausible] version {mermaidVersion: 11.14.0} @ http://localhost:3001/src/lib/util/stats.ts:89
[  469199ms] [LOG] Loading 'pako:eNpFTsluwjAQ_RVrELeAIEsdfKiUgNQf6KmYwxDbSVQvyHHUpij_XpMKdU7ztpl3h8YJCQyUdl9Nhz6Q9xO36zVpnDHSBkYqfeuQDJ0btSBDwIn09qlyW50X_UI2m1dS1edaBrxEul6I4_kNjXkQQ5i0jAaieq3ZSqkmDiTQ-l4AC36UCRjpDT4g3LklhEPopJEcWFyFVDjqwIHbOcZuaD-cM8-kd2PbAVOoh4jGm8AgTz22Hv8t0grpj260AVixXAB2h29gaUq32Z4Wu3K3L2mRlwlMkd1vDxnNs8MLzVJa0JLOCfwsP3fbaEv-2tXYfLbxvX3UXjV4za85zL8WD2z8' @ http://localhost:3001/src/lib/util/state.ts:192
[  469255ms] [LOG] Registration successful, scope is: http://localhost:3001/ @ http://localhost:3001/src/routes/+layout.svelte:42
[  469294ms] [LOG] [plausible] render {diagramType: flowchart-v2, isRough: false, lengthBucket: 0-10, renderTimeMsBucket: 50-100} @ http://localhost:3001/src/lib/util/stats.ts:89
[  469912ms] [LOG] [plausible] version {mermaidVersion: 11.14.0} @ http://localhost:3001/src/lib/util/stats.ts:89
[  469983ms] [LOG] Loading 'pako:eNpFTsluwjAQ_RVrELeAIEsdfKiUgNQf6KmYwxDbSVQvyHHUpij_XpMKdU7ztpl3h8YJCQyUdl9Nhz6Q9xO36zVpnDHSBkYqfeuQDJ0btSBDwIn09qlyW50X_UI2m1dS1edaBrxEul6I4_kNjXkQQ5i0jAaieq3ZSqkmDiTQ-l4AC36UCRjpDT4g3LklhEPopJEcWFyFVDjqwIHbOcZuaD-cM8-kd2PbAVOoh4jGm8AgTz22Hv8t0grpj260AVixXAB2h29gaUq32Z4Wu3K3L2mRlwlMkd1vDxnNs8MLzVJa0JLOCfwsP3fbaEv-2tXYfLbxvX3UXjV4za85zL8WD2z8' @ http://localhost:3001/src/lib/util/state.ts:192
[  470033ms] [LOG] Registration successful, scope is: http://localhost:3001/ @ http://localhost:3001/src/routes/+layout.svelte:42
[  470067ms] [LOG] [plausible] render {diagramType: flowchart-v2, isRough: false, lengthBucket: 0-10, renderTimeMsBucket: 50-100} @ http://localhost:3001/src/lib/util/stats.ts:89
[  470643ms] [LOG] [plausible] version {mermaidVersion: 11.14.0} @ http://localhost:3001/src/lib/util/stats.ts:89
[  470710ms] [LOG] Loading 'pako:eNpFTsluwjAQ_RVrELeAIEsdfKiUgNQf6KmYwxDbSVQvyHHUpij_XpMKdU7ztpl3h8YJCQyUdl9Nhz6Q9xO36zVpnDHSBkYqfeuQDJ0btSBDwIn09qlyW50X_UI2m1dS1edaBrxEul6I4_kNjXkQQ5i0jAaieq3ZSqkmDiTQ-l4AC36UCRjpDT4g3LklhEPopJEcWFyFVDjqwIHbOcZuaD-cM8-kd2PbAVOoh4jGm8AgTz22Hv8t0grpj260AVixXAB2h29gaUq32Z4Wu3K3L2mRlwlMkd1vDxnNs8MLzVJa0JLOCfwsP3fbaEv-2tXYfLbxvX3UXjV4za85zL8WD2z8' @ http://localhost:3001/src/lib/util/state.ts:192
[  470761ms] [LOG] Registration successful, scope is: http://localhost:3001/ @ http://localhost:3001/src/routes/+layout.svelte:42
[  470798ms] [LOG] [plausible] render {diagramType: flowchart-v2, isRough: false, lengthBucket: 0-10, renderTimeMsBucket: 50-100} @ http://localhost:3001/src/lib/util/stats.ts:89
[  471373ms] [LOG] [plausible] version {mermaidVersion: 11.14.0} @ http://localhost:3001/src/lib/util/stats.ts:89
[  471447ms] [LOG] Loading 'pako:eNpFTsluwjAQ_RVrELeAIEsdfKiUgNQf6KmYwxDbSVQvyHHUpij_XpMKdU7ztpl3h8YJCQyUdl9Nhz6Q9xO36zVpnDHSBkYqfeuQDJ0btSBDwIn09qlyW50X_UI2m1dS1edaBrxEul6I4_kNjXkQQ5i0jAaieq3ZSqkmDiTQ-l4AC36UCRjpDT4g3LklhEPopJEcWFyFVDjqwIHbOcZuaD-cM8-kd2PbAVOoh4jGm8AgTz22Hv8t0grpj260AVixXAB2h29gaUq32Z4Wu3K3L2mRlwlMkd1vDxnNs8MLzVJa0JLOCfwsP3fbaEv-2tXYfLbxvX3UXjV4za85zL8WD2z8' @ http://localhost:3001/src/lib/util/state.ts:192
[  471502ms] [LOG] Registration successful, scope is: http://localhost:3001/ @ http://localhost:3001/src/routes/+layout.svelte:42
[  471542ms] [LOG] [plausible] render {diagramType: flowchart-v2, isRough: false, lengthBucket: 0-10, renderTimeMsBucket: 50-100} @ http://localhost:3001/src/lib/util/stats.ts:89
[  472087ms] [LOG] [plausible] version {mermaidVersion: 11.14.0} @ http://localhost:3001/src/lib/util/stats.ts:89
[  472151ms] [LOG] Loading 'pako:eNpFTsluwjAQ_RVrELeAIEsdfKiUgNQf6KmYwxDbSVQvyHHUpij_XpMKdU7ztpl3h8YJCQyUdl9Nhz6Q9xO36zVpnDHSBkYqfeuQDJ0btSBDwIn09qlyW50X_UI2m1dS1edaBrxEul6I4_kNjXkQQ5i0jAaieq3ZSqkmDiTQ-l4AC36UCRjpDT4g3LklhEPopJEcWFyFVDjqwIHbOcZuaD-cM8-kd2PbAVOoh4jGm8AgTz22Hv8t0grpj260AVixXAB2h29gaUq32Z4Wu3K3L2mRlwlMkd1vDxnNs8MLzVJa0JLOCfwsP3fbaEv-2tXYfLbxvX3UXjV4za85zL8WD2z8' @ http://localhost:3001/src/lib/util/state.ts:192
[  472201ms] [LOG] Registration successful, scope is: http://localhost:3001/ @ http://localhost:3001/src/routes/+layout.svelte:42
[  472234ms] [LOG] [plausible] render {diagramType: flowchart-v2, isRough: false, lengthBucket: 0-10, renderTimeMsBucket: 50-100} @ http://localhost:3001/src/lib/util/stats.ts:89
[  472865ms] [LOG] [plausible] version {mermaidVersion: 11.14.0} @ http://localhost:3001/src/lib/util/stats.ts:89
[  472920ms] [LOG] Loading 'pako:eNpFTsluwjAQ_RVrELeAIEsdfKiUgNQf6KmYwxDbSVQvyHHUpij_XpMKdU7ztpl3h8YJCQyUdl9Nhz6Q9xO36zVpnDHSBkYqfeuQDJ0btSBDwIn09qlyW50X_UI2m1dS1edaBrxEul6I4_kNjXkQQ5i0jAaieq3ZSqkmDiTQ-l4AC36UCRjpDT4g3LklhEPopJEcWFyFVDjqwIHbOcZuaD-cM8-kd2PbAVOoh4jGm8AgTz22Hv8t0grpj260AVixXAB2h29gaUq32Z4Wu3K3L2mRlwlMkd1vDxnNs8MLzVJa0JLOCfwsP3fbaEv-2tXYfLbxvX3UXjV4za85zL8WD2z8' @ http://localhost:3001/src/lib/util/state.ts:192
[  472969ms] [LOG] Registration successful, scope is: http://localhost:3001/ @ http://localhost:3001/src/routes/+layout.svelte:42
[  473014ms] [LOG] [plausible] render {diagramType: flowchart-v2, isRough: false, lengthBucket: 0-10, renderTimeMsBucket: 50-100} @ http://localhost:3001/src/lib/util/stats.ts:89
[  473576ms] [LOG] [plausible] version {mermaidVersion: 11.14.0} @ http://localhost:3001/src/lib/util/stats.ts:89
[  473642ms] [LOG] Loading 'pako:eNpFTsluwjAQ_RVrELeAIEsdfKiUgNQf6KmYwxDbSVQvyHHUpij_XpMKdU7ztpl3h8YJCQyUdl9Nhz6Q9xO36zVpnDHSBkYqfeuQDJ0btSBDwIn09qlyW50X_UI2m1dS1edaBrxEul6I4_kNjXkQQ5i0jAaieq3ZSqkmDiTQ-l4AC36UCRjpDT4g3LklhEPopJEcWFyFVDjqwIHbOcZuaD-cM8-kd2PbAVOoh4jGm8AgTz22Hv8t0grpj260AVixXAB2h29gaUq32Z4Wu3K3L2mRlwlMkd1vDxnNs8MLzVJa0JLOCfwsP3fbaEv-2tXYfLbxvX3UXjV4za85zL8WD2z8' @ http://localhost:3001/src/lib/util/state.ts:192
[  473687ms] [LOG] Registration successful, scope is: http://localhost:3001/ @ http://localhost:3001/src/routes/+layout.svelte:42
[  473732ms] [LOG] [plausible] render {diagramType: flowchart-v2, isRough: false, lengthBucket: 0-10, renderTimeMsBucket: 50-100} @ http://localhost:3001/src/lib/util/stats.ts:89
[  474328ms] [LOG] [plausible] version {mermaidVersion: 11.14.0} @ http://localhost:3001/src/lib/util/stats.ts:89
[  474398ms] [LOG] Loading 'pako:eNpFTsluwjAQ_RVrELeAIEsdfKiUgNQf6KmYwxDbSVQvyHHUpij_XpMKdU7ztpl3h8YJCQyUdl9Nhz6Q9xO36zVpnDHSBkYqfeuQDJ0btSBDwIn09qlyW50X_UI2m1dS1edaBrxEul6I4_kNjXkQQ5i0jAaieq3ZSqkmDiTQ-l4AC36UCRjpDT4g3LklhEPopJEcWFyFVDjqwIHbOcZuaD-cM8-kd2PbAVOoh4jGm8AgTz22Hv8t0grpj260AVixXAB2h29gaUq32Z4Wu3K3L2mRlwlMkd1vDxnNs8MLzVJa0JLOCfwsP3fbaEv-2tXYfLbxvX3UXjV4za85zL8WD2z8' @ http://localhost:3001/src/lib/util/state.ts:192
[  474447ms] [LOG] Registration successful, scope is: http://localhost:3001/ @ http://localhost:3001/src/routes/+layout.svelte:42
[  474483ms] [LOG] [plausible] render {diagramType: flowchart-v2, isRough: false, lengthBucket: 0-10, renderTimeMsBucket: 50-100} @ http://localhost:3001/src/lib/util/stats.ts:89
[  475065ms] [LOG] [plausible] version {mermaidVersion: 11.14.0} @ http://localhost:3001/src/lib/util/stats.ts:89
[  475130ms] [LOG] Loading 'pako:eNpFTsluwjAQ_RVrELeAIEsdfKiUgNQf6KmYwxDbSVQvyHHUpij_XpMKdU7ztpl3h8YJCQyUdl9Nhz6Q9xO36zVpnDHSBkYqfeuQDJ0btSBDwIn09qlyW50X_UI2m1dS1edaBrxEul6I4_kNjXkQQ5i0jAaieq3ZSqkmDiTQ-l4AC36UCRjpDT4g3LklhEPopJEcWFyFVDjqwIHbOcZuaD-cM8-kd2PbAVOoh4jGm8AgTz22Hv8t0grpj260AVixXAB2h29gaUq32Z4Wu3K3L2mRlwlMkd1vDxnNs8MLzVJa0JLOCfwsP3fbaEv-2tXYfLbxvX3UXjV4za85zL8WD2z8' @ http://localhost:3001/src/lib/util/state.ts:192
[  475178ms] [LOG] Registration successful, scope is: http://localhost:3001/ @ http://localhost:3001/src/routes/+layout.svelte:42
[  475216ms] [LOG] [plausible] render {diagramType: flowchart-v2, isRough: false, lengthBucket: 0-10, renderTimeMsBucket: 50-100} @ http://localhost:3001/src/lib/util/stats.ts:89
[  475802ms] [LOG] [plausible] version {mermaidVersion: 11.14.0} @ http://localhost:3001/src/lib/util/stats.ts:89
[  475872ms] [LOG] Loading 'pako:eNpFTsluwjAQ_RVrELeAIEsdfKiUgNQf6KmYwxDbSVQvyHHUpij_XpMKdU7ztpl3h8YJCQyUdl9Nhz6Q9xO36zVpnDHSBkYqfeuQDJ0btSBDwIn09qlyW50X_UI2m1dS1edaBrxEul6I4_kNjXkQQ5i0jAaieq3ZSqkmDiTQ-l4AC36UCRjpDT4g3LklhEPopJEcWFyFVDjqwIHbOcZuaD-cM8-kd2PbAVOoh4jGm8AgTz22Hv8t0grpj260AVixXAB2h29gaUq32Z4Wu3K3L2mRlwlMkd1vDxnNs8MLzVJa0JLOCfwsP3fbaEv-2tXYfLbxvX3UXjV4za85zL8WD2z8' @ http://localhost:3001/src/lib/util/state.ts:192
[  475938ms] [LOG] Registration successful, scope is: http://localhost:3001/ @ http://localhost:3001/src/routes/+layout.svelte:42
[  475970ms] [LOG] [plausible] render {diagramType: flowchart-v2, isRough: false, lengthBucket: 0-10, renderTimeMsBucket: 50-100} @ http://localhost:3001/src/lib/util/stats.ts:89
[  476524ms] [LOG] [plausible] version {mermaidVersion: 11.14.0} @ http://localhost:3001/src/lib/util/stats.ts:89
[  476590ms] [LOG] Loading 'pako:eNpFTsluwjAQ_RVrELeAIEsdfKiUgNQf6KmYwxDbSVQvyHHUpij_XpMKdU7ztpl3h8YJCQyUdl9Nhz6Q9xO36zVpnDHSBkYqfeuQDJ0btSBDwIn09qlyW50X_UI2m1dS1edaBrxEul6I4_kNjXkQQ5i0jAaieq3ZSqkmDiTQ-l4AC36UCRjpDT4g3LklhEPopJEcWFyFVDjqwIHbOcZuaD-cM8-kd2PbAVOoh4jGm8AgTz22Hv8t0grpj260AVixXAB2h29gaUq32Z4Wu3K3L2mRlwlMkd1vDxnNs8MLzVJa0JLOCfwsP3fbaEv-2tXYfLbxvX3UXjV4za85zL8WD2z8' @ http://localhost:3001/src/lib/util/state.ts:192
[  476644ms] [LOG] Registration successful, scope is: http://localhost:3001/ @ http://localhost:3001/src/routes/+layout.svelte:42
[  476699ms] [LOG] [plausible] render {diagramType: flowchart-v2, isRough: false, lengthBucket: 0-10, renderTimeMsBucket: 50-100} @ http://localhost:3001/src/lib/util/stats.ts:89
[  476966ms] [WARNING] Avoid using `history.pushState(...)` and `history.replaceState(...)` as these will conflict with SvelteKit's router. Use the `pushState` and `replaceState` imports from `$app/navigation` instead. @ http://localhost:3001/node_modules/.pnpm/@sveltejs+kit@2.37.0_@svelt_451e8418fb2bf1e4b93263c948f3b481/node_modules/@sveltejs/kit/src/runtime/client/client.js?v=5ec1b7ca:3085
[  477562ms] [LOG] [plausible] version {mermaidVersion: 11.14.0} @ http://localhost:3001/src/lib/util/stats.ts:89
[  477631ms] [LOG] Loading 'pako:eNpFTsluwjAQ_RVrELeAIEsdfKiUgNQf6KmYwxDbSVQvyHHUpij_XpMKdU7ztpl3h8YJCQyUdl9Nhz6Q9xO36zVpnDHSBkYqfeuQDJ0btSBDwIn09qlyW50X_UI2m1dS1edaBrxEul6I4_kNjXkQQ5i0jAaieq3ZSqkmDiTQ-l4AC36UCRjpDT4g3LklhEPopJEcWFyFVDjqwIHbOcZuaD-cM8-kd2PbAVOoh4jGm8AgTz22Hv8t0grpj260AVixXAB2h29gaUq32Z4Wu3K3L2mRlwlMkd1vDxnNs8MLzVJa0JLOCfwsP3fbaEv-2tXYfLbxvX3UXjV4za85zL8WD2z8' @ http://localhost:3001/src/lib/util/state.ts:192
[  477688ms] [LOG] Registration successful, scope is: http://localhost:3001/ @ http://localhost:3001/src/routes/+layout.svelte:42
[  477728ms] [LOG] [plausible] render {diagramType: flowchart-v2, isRough: false, lengthBucket: 0-10, renderTimeMsBucket: 50-100} @ http://localhost:3001/src/lib/util/stats.ts:89
[  478337ms] [LOG] [plausible] version {mermaidVersion: 11.14.0} @ http://localhost:3001/src/lib/util/stats.ts:89
[  478406ms] [LOG] Loading 'pako:eNpFTsluwjAQ_RVrELeAIEsdfKiUgNQf6KmYwxDbSVQvyHHUpij_XpMKdU7ztpl3h8YJCQyUdl9Nhz6Q9xO36zVpnDHSBkYqfeuQDJ0btSBDwIn09qlyW50X_UI2m1dS1edaBrxEul6I4_kNjXkQQ5i0jAaieq3ZSqkmDiTQ-l4AC36UCRjpDT4g3LklhEPopJEcWFyFVDjqwIHbOcZuaD-cM8-kd2PbAVOoh4jGm8AgTz22Hv8t0grpj260AVixXAB2h29gaUq32Z4Wu3K3L2mRlwlMkd1vDxnNs8MLzVJa0JLOCfwsP3fbaEv-2tXYfLbxvX3UXjV4za85zL8WD2z8' @ http://localhost:3001/src/lib/util/state.ts:192
[  478457ms] [LOG] Registration successful, scope is: http://localhost:3001/ @ http://localhost:3001/src/routes/+layout.svelte:42
[  478489ms] [LOG] [plausible] render {diagramType: flowchart-v2, isRough: false, lengthBucket: 0-10, renderTimeMsBucket: 50-100} @ http://localhost:3001/src/lib/util/stats.ts:89
[  479116ms] [LOG] [plausible] version {mermaidVersion: 11.14.0} @ http://localhost:3001/src/lib/util/stats.ts:89
[  479179ms] [LOG] Loading 'pako:eNpFTsluwjAQ_RVrELeAIEsdfKiUgNQf6KmYwxDbSVQvyHHUpij_XpMKdU7ztpl3h8YJCQyUdl9Nhz6Q9xO36zVpnDHSBkYqfeuQDJ0btSBDwIn09qlyW50X_UI2m1dS1edaBrxEul6I4_kNjXkQQ5i0jAaieq3ZSqkmDiTQ-l4AC36UCRjpDT4g3LklhEPopJEcWFyFVDjqwIHbOcZuaD-cM8-kd2PbAVOoh4jGm8AgTz22Hv8t0grpj260AVixXAB2h29gaUq32Z4Wu3K3L2mRlwlMkd1vDxnNs8MLzVJa0JLOCfwsP3fbaEv-2tXYfLbxvX3UXjV4za85zL8WD2z8' @ http://localhost:3001/src/lib/util/state.ts:192
[  479225ms] [LOG] Registration successful, scope is: http://localhost:3001/ @ http://localhost:3001/src/routes/+layout.svelte:42
[  479256ms] [LOG] [plausible] render {diagramType: flowchart-v2, isRough: false, lengthBucket: 0-10, renderTimeMsBucket: 50-100} @ http://localhost:3001/src/lib/util/stats.ts:89
[  479842ms] [LOG] [plausible] version {mermaidVersion: 11.14.0} @ http://localhost:3001/src/lib/util/stats.ts:89
[  479913ms] [LOG] Loading 'pako:eNpFTsluwjAQ_RVrELeAIEsdfKiUgNQf6KmYwxDbSVQvyHHUpij_XpMKdU7ztpl3h8YJCQyUdl9Nhz6Q9xO36zVpnDHSBkYqfeuQDJ0btSBDwIn09qlyW50X_UI2m1dS1edaBrxEul6I4_kNjXkQQ5i0jAaieq3ZSqkmDiTQ-l4AC36UCRjpDT4g3LklhEPopJEcWFyFVDjqwIHbOcZuaD-cM8-kd2PbAVOoh4jGm8AgTz22Hv8t0grpj260AVixXAB2h29gaUq32Z4Wu3K3L2mRlwlMkd1vDxnNs8MLzVJa0JLOCfwsP3fbaEv-2tXYfLbxvX3UXjV4za85zL8WD2z8' @ http://localhost:3001/src/lib/util/state.ts:192
[  479967ms] [LOG] Registration successful, scope is: http://localhost:3001/ @ http://localhost:3001/src/routes/+layout.svelte:42
[  480003ms] [LOG] [plausible] render {diagramType: flowchart-v2, isRough: false, lengthBucket: 0-10, renderTimeMsBucket: 50-100} @ http://localhost:3001/src/lib/util/stats.ts:89
[  480600ms] [LOG] [plausible] version {mermaidVersion: 11.14.0} @ http://localhost:3001/src/lib/util/stats.ts:89
[  480668ms] [LOG] Loading 'pako:eNpFTsluwjAQ_RVrELeAIEsdfKiUgNQf6KmYwxDbSVQvyHHUpij_XpMKdU7ztpl3h8YJCQyUdl9Nhz6Q9xO36zVpnDHSBkYqfeuQDJ0btSBDwIn09qlyW50X_UI2m1dS1edaBrxEul6I4_kNjXkQQ5i0jAaieq3ZSqkmDiTQ-l4AC36UCRjpDT4g3LklhEPopJEcWFyFVDjqwIHbOcZuaD-cM8-kd2PbAVOoh4jGm8AgTz22Hv8t0grpj260AVixXAB2h29gaUq32Z4Wu3K3L2mRlwlMkd1vDxnNs8MLzVJa0JLOCfwsP3fbaEv-2tXYfLbxvX3UXjV4za85zL8WD2z8' @ http://localhost:3001/src/lib/util/state.ts:192
[  480722ms] [LOG] Registration successful, scope is: http://localhost:3001/ @ http://localhost:3001/src/routes/+layout.svelte:42
[  480775ms] [LOG] [plausible] render {diagramType: flowchart-v2, isRough: false, lengthBucket: 0-10, renderTimeMsBucket: 50-100} @ http://localhost:3001/src/lib/util/stats.ts:89
[  481389ms] [LOG] [plausible] version {mermaidVersion: 11.14.0} @ http://localhost:3001/src/lib/util/stats.ts:89
[  481458ms] [LOG] Loading 'pako:eNpFTsluwjAQ_RVrELeAIEsdfKiUgNQf6KmYwxDbSVQvyHHUpij_XpMKdU7ztpl3h8YJCQyUdl9Nhz6Q9xO36zVpnDHSBkYqfeuQDJ0btSBDwIn09qlyW50X_UI2m1dS1edaBrxEul6I4_kNjXkQQ5i0jAaieq3ZSqkmDiTQ-l4AC36UCRjpDT4g3LklhEPopJEcWFyFVDjqwIHbOcZuaD-cM8-kd2PbAVOoh4jGm8AgTz22Hv8t0grpj260AVixXAB2h29gaUq32Z4Wu3K3L2mRlwlMkd1vDxnNs8MLzVJa0JLOCfwsP3fbaEv-2tXYfLbxvX3UXjV4za85zL8WD2z8' @ http://localhost:3001/src/lib/util/state.ts:192
[  481508ms] [LOG] Registration successful, scope is: http://localhost:3001/ @ http://localhost:3001/src/routes/+layout.svelte:42
[  481544ms] [LOG] [plausible] render {diagramType: flowchart-v2, isRough: false, lengthBucket: 0-10, renderTimeMsBucket: 50-100} @ http://localhost:3001/src/lib/util/stats.ts:89
[  482137ms] [LOG] [plausible] version {mermaidVersion: 11.14.0} @ http://localhost:3001/src/lib/util/stats.ts:89
[  482193ms] [LOG] Loading 'pako:eNpFTsluwjAQ_RVrELeAIEsdfKiUgNQf6KmYwxDbSVQvyHHUpij_XpMKdU7ztpl3h8YJCQyUdl9Nhz6Q9xO36zVpnDHSBkYqfeuQDJ0btSBDwIn09qlyW50X_UI2m1dS1edaBrxEul6I4_kNjXkQQ5i0jAaieq3ZSqkmDiTQ-l4AC36UCRjpDT4g3LklhEPopJEcWFyFVDjqwIHbOcZuaD-cM8-kd2PbAVOoh4jGm8AgTz22Hv8t0grpj260AVixXAB2h29gaUq32Z4Wu3K3L2mRlwlMkd1vDxnNs8MLzVJa0JLOCfwsP3fbaEv-2tXYfLbxvX3UXjV4za85zL8WD2z8' @ http://localhost:3001/src/lib/util/state.ts:192
[  482240ms] [LOG] Registration successful, scope is: http://localhost:3001/ @ http://localhost:3001/src/routes/+layout.svelte:42
[  482837ms] [LOG] [plausible] version {mermaidVersion: 11.14.0} @ http://localhost:3001/src/lib/util/stats.ts:89
[  482908ms] [LOG] Loading 'pako:eNpFTsluwjAQ_RVrELeAIEsdfKiUgNQf6KmYwxDbSVQvyHHUpij_XpMKdU7ztpl3h8YJCQyUdl9Nhz6Q9xO36zVpnDHSBkYqfeuQDJ0btSBDwIn09qlyW50X_UI2m1dS1edaBrxEul6I4_kNjXkQQ5i0jAaieq3ZSqkmDiTQ-l4AC36UCRjpDT4g3LklhEPopJEcWFyFVDjqwIHbOcZuaD-cM8-kd2PbAVOoh4jGm8AgTz22Hv8t0grpj260AVixXAB2h29gaUq32Z4Wu3K3L2mRlwlMkd1vDxnNs8MLzVJa0JLOCfwsP3fbaEv-2tXYfLbxvX3UXjV4za85zL8WD2z8' @ http://localhost:3001/src/lib/util/state.ts:192
[  482966ms] [LOG] Registration successful, scope is: http://localhost:3001/ @ http://localhost:3001/src/routes/+layout.svelte:42
[  483002ms] [LOG] [plausible] render {diagramType: flowchart-v2, isRough: false, lengthBucket: 0-10, renderTimeMsBucket: 50-100} @ http://localhost:3001/src/lib/util/stats.ts:89
[  483602ms] [LOG] [plausible] version {mermaidVersion: 11.14.0} @ http://localhost:3001/src/lib/util/stats.ts:89
[  483672ms] [LOG] Loading 'pako:eNpFTsluwjAQ_RVrELeAIEsdfKiUgNQf6KmYwxDbSVQvyHHUpij_XpMKdU7ztpl3h8YJCQyUdl9Nhz6Q9xO36zVpnDHSBkYqfeuQDJ0btSBDwIn09qlyW50X_UI2m1dS1edaBrxEul6I4_kNjXkQQ5i0jAaieq3ZSqkmDiTQ-l4AC36UCRjpDT4g3LklhEPopJEcWFyFVDjqwIHbOcZuaD-cM8-kd2PbAVOoh4jGm8AgTz22Hv8t0grpj260AVixXAB2h29gaUq32Z4Wu3K3L2mRlwlMkd1vDxnNs8MLzVJa0JLOCfwsP3fbaEv-2tXYfLbxvX3UXjV4za85zL8WD2z8' @ http://localhost:3001/src/lib/util/state.ts:192
[  483727ms] [LOG] Registration successful, scope is: http://localhost:3001/ @ http://localhost:3001/src/routes/+layout.svelte:42
[  483770ms] [LOG] [plausible] render {diagramType: flowchart-v2, isRough: false, lengthBucket: 0-10, renderTimeMsBucket: 50-100} @ http://localhost:3001/src/lib/util/stats.ts:89
[  484341ms] [LOG] [plausible] version {mermaidVersion: 11.14.0} @ http://localhost:3001/src/lib/util/stats.ts:89
[  484407ms] [LOG] Loading 'pako:eNpFTsluwjAQ_RVrELeAIEsdfKiUgNQf6KmYwxDbSVQvyHHUpij_XpMKdU7ztpl3h8YJCQyUdl9Nhz6Q9xO36zVpnDHSBkYqfeuQDJ0btSBDwIn09qlyW50X_UI2m1dS1edaBrxEul6I4_kNjXkQQ5i0jAaieq3ZSqkmDiTQ-l4AC36UCRjpDT4g3LklhEPopJEcWFyFVDjqwIHbOcZuaD-cM8-kd2PbAVOoh4jGm8AgTz22Hv8t0grpj260AVixXAB2h29gaUq32Z4Wu3K3L2mRlwlMkd1vDxnNs8MLzVJa0JLOCfwsP3fbaEv-2tXYfLbxvX3UXjV4za85zL8WD2z8' @ http://localhost:3001/src/lib/util/state.ts:192
[  484454ms] [LOG] Registration successful, scope is: http://localhost:3001/ @ http://localhost:3001/src/routes/+layout.svelte:42
[  484493ms] [LOG] [plausible] render {diagramType: flowchart-v2, isRough: false, lengthBucket: 0-10, renderTimeMsBucket: 50-100} @ http://localhost:3001/src/lib/util/stats.ts:89
[  485082ms] [LOG] [plausible] version {mermaidVersion: 11.14.0} @ http://localhost:3001/src/lib/util/stats.ts:89
[  485144ms] [LOG] Loading 'pako:eNpFTsluwjAQ_RVrELeAIEsdfKiUgNQf6KmYwxDbSVQvyHHUpij_XpMKdU7ztpl3h8YJCQyUdl9Nhz6Q9xO36zVpnDHSBkYqfeuQDJ0btSBDwIn09qlyW50X_UI2m1dS1edaBrxEul6I4_kNjXkQQ5i0jAaieq3ZSqkmDiTQ-l4AC36UCRjpDT4g3LklhEPopJEcWFyFVDjqwIHbOcZuaD-cM8-kd2PbAVOoh4jGm8AgTz22Hv8t0grpj260AVixXAB2h29gaUq32Z4Wu3K3L2mRlwlMkd1vDxnNs8MLzVJa0JLOCfwsP3fbaEv-2tXYfLbxvX3UXjV4za85zL8WD2z8' @ http://localhost:3001/src/lib/util/state.ts:192
[  485206ms] [LOG] Registration successful, scope is: http://localhost:3001/ @ http://localhost:3001/src/routes/+layout.svelte:42
[  485246ms] [LOG] [plausible] render {diagramType: flowchart-v2, isRough: false, lengthBucket: 0-10, renderTimeMsBucket: 50-100} @ http://localhost:3001/src/lib/util/stats.ts:89
[  485812ms] [LOG] [plausible] version {mermaidVersion: 11.14.0} @ http://localhost:3001/src/lib/util/stats.ts:89
[  485873ms] [LOG] Loading 'pako:eNpFTsluwjAQ_RVrELeAIEsdfKiUgNQf6KmYwxDbSVQvyHHUpij_XpMKdU7ztpl3h8YJCQyUdl9Nhz6Q9xO36zVpnDHSBkYqfeuQDJ0btSBDwIn09qlyW50X_UI2m1dS1edaBrxEul6I4_kNjXkQQ5i0jAaieq3ZSqkmDiTQ-l4AC36UCRjpDT4g3LklhEPopJEcWFyFVDjqwIHbOcZuaD-cM8-kd2PbAVOoh4jGm8AgTz22Hv8t0grpj260AVixXAB2h29gaUq32Z4Wu3K3L2mRlwlMkd1vDxnNs8MLzVJa0JLOCfwsP3fbaEv-2tXYfLbxvX3UXjV4za85zL8WD2z8' @ http://localhost:3001/src/lib/util/state.ts:192
[  485932ms] [LOG] Registration successful, scope is: http://localhost:3001/ @ http://localhost:3001/src/routes/+layout.svelte:42
[  485982ms] [LOG] [plausible] render {diagramType: flowchart-v2, isRough: false, lengthBucket: 0-10, renderTimeMsBucket: 50-100} @ http://localhost:3001/src/lib/util/stats.ts:89
[  486584ms] [LOG] [plausible] version {mermaidVersion: 11.14.0} @ http://localhost:3001/src/lib/util/stats.ts:89
[  486644ms] [LOG] Loading 'pako:eNpFTsluwjAQ_RVrELeAIEsdfKiUgNQf6KmYwxDbSVQvyHHUpij_XpMKdU7ztpl3h8YJCQyUdl9Nhz6Q9xO36zVpnDHSBkYqfeuQDJ0btSBDwIn09qlyW50X_UI2m1dS1edaBrxEul6I4_kNjXkQQ5i0jAaieq3ZSqkmDiTQ-l4AC36UCRjpDT4g3LklhEPopJEcWFyFVDjqwIHbOcZuaD-cM8-kd2PbAVOoh4jGm8AgTz22Hv8t0grpj260AVixXAB2h29gaUq32Z4Wu3K3L2mRlwlMkd1vDxnNs8MLzVJa0JLOCfwsP3fbaEv-2tXYfLbxvX3UXjV4za85zL8WD2z8' @ http://localhost:3001/src/lib/util/state.ts:192
[  486696ms] [LOG] Registration successful, scope is: http://localhost:3001/ @ http://localhost:3001/src/routes/+layout.svelte:42
[  486742ms] [LOG] [plausible] render {diagramType: flowchart-v2, isRough: false, lengthBucket: 0-10, renderTimeMsBucket: 50-100} @ http://localhost:3001/src/lib/util/stats.ts:89
[  487352ms] [LOG] [plausible] version {mermaidVersion: 11.14.0} @ http://localhost:3001/src/lib/util/stats.ts:89
[  487406ms] [LOG] Loading 'pako:eNpFTsluwjAQ_RVrELeAIEsdfKiUgNQf6KmYwxDbSVQvyHHUpij_XpMKdU7ztpl3h8YJCQyUdl9Nhz6Q9xO36zVpnDHSBkYqfeuQDJ0btSBDwIn09qlyW50X_UI2m1dS1edaBrxEul6I4_kNjXkQQ5i0jAaieq3ZSqkmDiTQ-l4AC36UCRjpDT4g3LklhEPopJEcWFyFVDjqwIHbOcZuaD-cM8-kd2PbAVOoh4jGm8AgTz22Hv8t0grpj260AVixXAB2h29gaUq32Z4Wu3K3L2mRlwlMkd1vDxnNs8MLzVJa0JLOCfwsP3fbaEv-2tXYfLbxvX3UXjV4za85zL8WD2z8' @ http://localhost:3001/src/lib/util/state.ts:192
[  487455ms] [LOG] Registration successful, scope is: http://localhost:3001/ @ http://localhost:3001/src/routes/+layout.svelte:42
[  487499ms] [LOG] [plausible] render {diagramType: flowchart-v2, isRough: false, lengthBucket: 0-10, renderTimeMsBucket: 50-100} @ http://localhost:3001/src/lib/util/stats.ts:89
[  488116ms] [LOG] [plausible] version {mermaidVersion: 11.14.0} @ http://localhost:3001/src/lib/util/stats.ts:89
[  488170ms] [LOG] Loading 'pako:eNpFTsluwjAQ_RVrELeAIEsdfKiUgNQf6KmYwxDbSVQvyHHUpij_XpMKdU7ztpl3h8YJCQyUdl9Nhz6Q9xO36zVpnDHSBkYqfeuQDJ0btSBDwIn09qlyW50X_UI2m1dS1edaBrxEul6I4_kNjXkQQ5i0jAaieq3ZSqkmDiTQ-l4AC36UCRjpDT4g3LklhEPopJEcWFyFVDjqwIHbOcZuaD-cM8-kd2PbAVOoh4jGm8AgTz22Hv8t0grpj260AVixXAB2h29gaUq32Z4Wu3K3L2mRlwlMkd1vDxnNs8MLzVJa0JLOCfwsP3fbaEv-2tXYfLbxvX3UXjV4za85zL8WD2z8' @ http://localhost:3001/src/lib/util/state.ts:192
[  488227ms] [LOG] Registration successful, scope is: http://localhost:3001/ @ http://localhost:3001/src/routes/+layout.svelte:42
[  488262ms] [LOG] [plausible] render {diagramType: flowchart-v2, isRough: false, lengthBucket: 0-10, renderTimeMsBucket: 50-100} @ http://localhost:3001/src/lib/util/stats.ts:89
[  488876ms] [LOG] [plausible] version {mermaidVersion: 11.14.0} @ http://localhost:3001/src/lib/util/stats.ts:89
[  488939ms] [LOG] Loading 'pako:eNpFTsluwjAQ_RVrELeAIEsdfKiUgNQf6KmYwxDbSVQvyHHUpij_XpMKdU7ztpl3h8YJCQyUdl9Nhz6Q9xO36zVpnDHSBkYqfeuQDJ0btSBDwIn09qlyW50X_UI2m1dS1edaBrxEul6I4_kNjXkQQ5i0jAaieq3ZSqkmDiTQ-l4AC36UCRjpDT4g3LklhEPopJEcWFyFVDjqwIHbOcZuaD-cM8-kd2PbAVOoh4jGm8AgTz22Hv8t0grpj260AVixXAB2h29gaUq32Z4Wu3K3L2mRlwlMkd1vDxnNs8MLzVJa0JLOCfwsP3fbaEv-2tXYfLbxvX3UXjV4za85zL8WD2z8' @ http://localhost:3001/src/lib/util/state.ts:192
[  488997ms] [LOG] Registration successful, scope is: http://localhost:3001/ @ http://localhost:3001/src/routes/+layout.svelte:42
[  489033ms] [LOG] [plausible] render {diagramType: flowchart-v2, isRough: false, lengthBucket: 0-10, renderTimeMsBucket: 50-100} @ http://localhost:3001/src/lib/util/stats.ts:89
[  489618ms] [LOG] [plausible] version {mermaidVersion: 11.14.0} @ http://localhost:3001/src/lib/util/stats.ts:89
[  489683ms] [LOG] Loading 'pako:eNpFTsluwjAQ_RVrELeAIEsdfKiUgNQf6KmYwxDbSVQvyHHUpij_XpMKdU7ztpl3h8YJCQyUdl9Nhz6Q9xO36zVpnDHSBkYqfeuQDJ0btSBDwIn09qlyW50X_UI2m1dS1edaBrxEul6I4_kNjXkQQ5i0jAaieq3ZSqkmDiTQ-l4AC36UCRjpDT4g3LklhEPopJEcWFyFVDjqwIHbOcZuaD-cM8-kd2PbAVOoh4jGm8AgTz22Hv8t0grpj260AVixXAB2h29gaUq32Z4Wu3K3L2mRlwlMkd1vDxnNs8MLzVJa0JLOCfwsP3fbaEv-2tXYfLbxvX3UXjV4za85zL8WD2z8' @ http://localhost:3001/src/lib/util/state.ts:192
[  489732ms] [LOG] Registration successful, scope is: http://localhost:3001/ @ http://localhost:3001/src/routes/+layout.svelte:42
[  489766ms] [LOG] [plausible] render {diagramType: flowchart-v2, isRough: false, lengthBucket: 0-10, renderTimeMsBucket: 50-100} @ http://localhost:3001/src/lib/util/stats.ts:89
[  490384ms] [LOG] [plausible] version {mermaidVersion: 11.14.0} @ http://localhost:3001/src/lib/util/stats.ts:89
[  490453ms] [LOG] Loading 'pako:eNpFTsluwjAQ_RVrELeAIEsdfKiUgNQf6KmYwxDbSVQvyHHUpij_XpMKdU7ztpl3h8YJCQyUdl9Nhz6Q9xO36zVpnDHSBkYqfeuQDJ0btSBDwIn09qlyW50X_UI2m1dS1edaBrxEul6I4_kNjXkQQ5i0jAaieq3ZSqkmDiTQ-l4AC36UCRjpDT4g3LklhEPopJEcWFyFVDjqwIHbOcZuaD-cM8-kd2PbAVOoh4jGm8AgTz22Hv8t0grpj260AVixXAB2h29gaUq32Z4Wu3K3L2mRlwlMkd1vDxnNs8MLzVJa0JLOCfwsP3fbaEv-2tXYfLbxvX3UXjV4za85zL8WD2z8' @ http://localhost:3001/src/lib/util/state.ts:192
[  490503ms] [LOG] Registration successful, scope is: http://localhost:3001/ @ http://localhost:3001/src/routes/+layout.svelte:42
[  490540ms] [LOG] [plausible] render {diagramType: flowchart-v2, isRough: false, lengthBucket: 0-10, renderTimeMsBucket: 50-100} @ http://localhost:3001/src/lib/util/stats.ts:89
[  491185ms] [LOG] [plausible] version {mermaidVersion: 11.14.0} @ http://localhost:3001/src/lib/util/stats.ts:89
[  491240ms] [LOG] Loading 'pako:eNpFTsluwjAQ_RVrELeAIEsdfKiUgNQf6KmYwxDbSVQvyHHUpij_XpMKdU7ztpl3h8YJCQyUdl9Nhz6Q9xO36zVpnDHSBkYqfeuQDJ0btSBDwIn09qlyW50X_UI2m1dS1edaBrxEul6I4_kNjXkQQ5i0jAaieq3ZSqkmDiTQ-l4AC36UCRjpDT4g3LklhEPopJEcWFyFVDjqwIHbOcZuaD-cM8-kd2PbAVOoh4jGm8AgTz22Hv8t0grpj260AVixXAB2h29gaUq32Z4Wu3K3L2mRlwlMkd1vDxnNs8MLzVJa0JLOCfwsP3fbaEv-2tXYfLbxvX3UXjV4za85zL8WD2z8' @ http://localhost:3001/src/lib/util/state.ts:192
[  491296ms] [LOG] Registration successful, scope is: http://localhost:3001/ @ http://localhost:3001/src/routes/+layout.svelte:42
[  491336ms] [LOG] [plausible] render {diagramType: flowchart-v2, isRough: false, lengthBucket: 0-10, renderTimeMsBucket: 50-100} @ http://localhost:3001/src/lib/util/stats.ts:89
[  491949ms] [LOG] [plausible] version {mermaidVersion: 11.14.0} @ http://localhost:3001/src/lib/util/stats.ts:89
[  492004ms] [LOG] Loading 'pako:eNpFTsluwjAQ_RVrELeAIEsdfKiUgNQf6KmYwxDbSVQvyHHUpij_XpMKdU7ztpl3h8YJCQyUdl9Nhz6Q9xO36zVpnDHSBkYqfeuQDJ0btSBDwIn09qlyW50X_UI2m1dS1edaBrxEul6I4_kNjXkQQ5i0jAaieq3ZSqkmDiTQ-l4AC36UCRjpDT4g3LklhEPopJEcWFyFVDjqwIHbOcZuaD-cM8-kd2PbAVOoh4jGm8AgTz22Hv8t0grpj260AVixXAB2h29gaUq32Z4Wu3K3L2mRlwlMkd1vDxnNs8MLzVJa0JLOCfwsP3fbaEv-2tXYfLbxvX3UXjV4za85zL8WD2z8' @ http://localhost:3001/src/lib/util/state.ts:192
[  492060ms] [LOG] Registration successful, scope is: http://localhost:3001/ @ http://localhost:3001/src/routes/+layout.svelte:42
[  492099ms] [LOG] [plausible] render {diagramType: flowchart-v2, isRough: false, lengthBucket: 0-10, renderTimeMsBucket: 50-100} @ http://localhost:3001/src/lib/util/stats.ts:89
[  492652ms] [LOG] [plausible] version {mermaidVersion: 11.14.0} @ http://localhost:3001/src/lib/util/stats.ts:89
[  492712ms] [LOG] Loading 'pako:eNpFTsluwjAQ_RVrELeAIEsdfKiUgNQf6KmYwxDbSVQvyHHUpij_XpMKdU7ztpl3h8YJCQyUdl9Nhz6Q9xO36zVpnDHSBkYqfeuQDJ0btSBDwIn09qlyW50X_UI2m1dS1edaBrxEul6I4_kNjXkQQ5i0jAaieq3ZSqkmDiTQ-l4AC36UCRjpDT4g3LklhEPopJEcWFyFVDjqwIHbOcZuaD-cM8-kd2PbAVOoh4jGm8AgTz22Hv8t0grpj260AVixXAB2h29gaUq32Z4Wu3K3L2mRlwlMkd1vDxnNs8MLzVJa0JLOCfwsP3fbaEv-2tXYfLbxvX3UXjV4za85zL8WD2z8' @ http://localhost:3001/src/lib/util/state.ts:192
[  492764ms] [LOG] Registration successful, scope is: http://localhost:3001/ @ http://localhost:3001/src/routes/+layout.svelte:42
[  492799ms] [LOG] [plausible] render {diagramType: flowchart-v2, isRough: false, lengthBucket: 0-10, renderTimeMsBucket: 50-100} @ http://localhost:3001/src/lib/util/stats.ts:89
[  493383ms] [LOG] [plausible] version {mermaidVersion: 11.14.0} @ http://localhost:3001/src/lib/util/stats.ts:89
[  493443ms] [LOG] Loading 'pako:eNpFTsluwjAQ_RVrELeAIEsdfKiUgNQf6KmYwxDbSVQvyHHUpij_XpMKdU7ztpl3h8YJCQyUdl9Nhz6Q9xO36zVpnDHSBkYqfeuQDJ0btSBDwIn09qlyW50X_UI2m1dS1edaBrxEul6I4_kNjXkQQ5i0jAaieq3ZSqkmDiTQ-l4AC36UCRjpDT4g3LklhEPopJEcWFyFVDjqwIHbOcZuaD-cM8-kd2PbAVOoh4jGm8AgTz22Hv8t0grpj260AVixXAB2h29gaUq32Z4Wu3K3L2mRlwlMkd1vDxnNs8MLzVJa0JLOCfwsP3fbaEv-2tXYfLbxvX3UXjV4za85zL8WD2z8' @ http://localhost:3001/src/lib/util/state.ts:192
[  493502ms] [LOG] Registration successful, scope is: http://localhost:3001/ @ http://localhost:3001/src/routes/+layout.svelte:42
[  493540ms] [LOG] [plausible] render {diagramType: flowchart-v2, isRough: false, lengthBucket: 0-10, renderTimeMsBucket: 50-100} @ http://localhost:3001/src/lib/util/stats.ts:89
[  494102ms] [LOG] [plausible] version {mermaidVersion: 11.14.0} @ http://localhost:3001/src/lib/util/stats.ts:89
[  494169ms] [LOG] Loading 'pako:eNpFTsluwjAQ_RVrELeAIEsdfKiUgNQf6KmYwxDbSVQvyHHUpij_XpMKdU7ztpl3h8YJCQyUdl9Nhz6Q9xO36zVpnDHSBkYqfeuQDJ0btSBDwIn09qlyW50X_UI2m1dS1edaBrxEul6I4_kNjXkQQ5i0jAaieq3ZSqkmDiTQ-l4AC36UCRjpDT4g3LklhEPopJEcWFyFVDjqwIHbOcZuaD-cM8-kd2PbAVOoh4jGm8AgTz22Hv8t0grpj260AVixXAB2h29gaUq32Z4Wu3K3L2mRlwlMkd1vDxnNs8MLzVJa0JLOCfwsP3fbaEv-2tXYfLbxvX3UXjV4za85zL8WD2z8' @ http://localhost:3001/src/lib/util/state.ts:192
[  494221ms] [LOG] Registration successful, scope is: http://localhost:3001/ @ http://localhost:3001/src/routes/+layout.svelte:42
[  494258ms] [LOG] [plausible] render {diagramType: flowchart-v2, isRough: false, lengthBucket: 0-10, renderTimeMsBucket: 50-100} @ http://localhost:3001/src/lib/util/stats.ts:89
[  494839ms] [LOG] [plausible] version {mermaidVersion: 11.14.0} @ http://localhost:3001/src/lib/util/stats.ts:89
[  494906ms] [LOG] Loading 'pako:eNpFTsluwjAQ_RVrELeAIEsdfKiUgNQf6KmYwxDbSVQvyHHUpij_XpMKdU7ztpl3h8YJCQyUdl9Nhz6Q9xO36zVpnDHSBkYqfeuQDJ0btSBDwIn09qlyW50X_UI2m1dS1edaBrxEul6I4_kNjXkQQ5i0jAaieq3ZSqkmDiTQ-l4AC36UCRjpDT4g3LklhEPopJEcWFyFVDjqwIHbOcZuaD-cM8-kd2PbAVOoh4jGm8AgTz22Hv8t0grpj260AVixXAB2h29gaUq32Z4Wu3K3L2mRlwlMkd1vDxnNs8MLzVJa0JLOCfwsP3fbaEv-2tXYfLbxvX3UXjV4za85zL8WD2z8' @ http://localhost:3001/src/lib/util/state.ts:192
[  494958ms] [LOG] Registration successful, scope is: http://localhost:3001/ @ http://localhost:3001/src/routes/+layout.svelte:42
[  494994ms] [LOG] [plausible] render {diagramType: flowchart-v2, isRough: false, lengthBucket: 0-10, renderTimeMsBucket: 50-100} @ http://localhost:3001/src/lib/util/stats.ts:89
[  495560ms] [LOG] [plausible] version {mermaidVersion: 11.14.0} @ http://localhost:3001/src/lib/util/stats.ts:89
[  495623ms] [LOG] Loading 'pako:eNpFTsluwjAQ_RVrELeAIEsdfKiUgNQf6KmYwxDbSVQvyHHUpij_XpMKdU7ztpl3h8YJCQyUdl9Nhz6Q9xO36zVpnDHSBkYqfeuQDJ0btSBDwIn09qlyW50X_UI2m1dS1edaBrxEul6I4_kNjXkQQ5i0jAaieq3ZSqkmDiTQ-l4AC36UCRjpDT4g3LklhEPopJEcWFyFVDjqwIHbOcZuaD-cM8-kd2PbAVOoh4jGm8AgTz22Hv8t0grpj260AVixXAB2h29gaUq32Z4Wu3K3L2mRlwlMkd1vDxnNs8MLzVJa0JLOCfwsP3fbaEv-2tXYfLbxvX3UXjV4za85zL8WD2z8' @ http://localhost:3001/src/lib/util/state.ts:192
[  495681ms] [LOG] Registration successful, scope is: http://localhost:3001/ @ http://localhost:3001/src/routes/+layout.svelte:42
[  495718ms] [LOG] [plausible] render {diagramType: flowchart-v2, isRough: false, lengthBucket: 0-10, renderTimeMsBucket: 50-100} @ http://localhost:3001/src/lib/util/stats.ts:89
[  496327ms] [LOG] [plausible] version {mermaidVersion: 11.14.0} @ http://localhost:3001/src/lib/util/stats.ts:89
[  496392ms] [LOG] Loading 'pako:eNpFTsluwjAQ_RVrELeAIEsdfKiUgNQf6KmYwxDbSVQvyHHUpij_XpMKdU7ztpl3h8YJCQyUdl9Nhz6Q9xO36zVpnDHSBkYqfeuQDJ0btSBDwIn09qlyW50X_UI2m1dS1edaBrxEul6I4_kNjXkQQ5i0jAaieq3ZSqkmDiTQ-l4AC36UCRjpDT4g3LklhEPopJEcWFyFVDjqwIHbOcZuaD-cM8-kd2PbAVOoh4jGm8AgTz22Hv8t0grpj260AVixXAB2h29gaUq32Z4Wu3K3L2mRlwlMkd1vDxnNs8MLzVJa0JLOCfwsP3fbaEv-2tXYfLbxvX3UXjV4za85zL8WD2z8' @ http://localhost:3001/src/lib/util/state.ts:192
[  496440ms] [LOG] Registration successful, scope is: http://localhost:3001/ @ http://localhost:3001/src/routes/+layout.svelte:42
[  496478ms] [LOG] [plausible] render {diagramType: flowchart-v2, isRough: false, lengthBucket: 0-10, renderTimeMsBucket: 50-100} @ http://localhost:3001/src/lib/util/stats.ts:89
[  497084ms] [LOG] [plausible] version {mermaidVersion: 11.14.0} @ http://localhost:3001/src/lib/util/stats.ts:89
[  497139ms] [LOG] Loading 'pako:eNpFTsluwjAQ_RVrELeAIEsdfKiUgNQf6KmYwxDbSVQvyHHUpij_XpMKdU7ztpl3h8YJCQyUdl9Nhz6Q9xO36zVpnDHSBkYqfeuQDJ0btSBDwIn09qlyW50X_UI2m1dS1edaBrxEul6I4_kNjXkQQ5i0jAaieq3ZSqkmDiTQ-l4AC36UCRjpDT4g3LklhEPopJEcWFyFVDjqwIHbOcZuaD-cM8-kd2PbAVOoh4jGm8AgTz22Hv8t0grpj260AVixXAB2h29gaUq32Z4Wu3K3L2mRlwlMkd1vDxnNs8MLzVJa0JLOCfwsP3fbaEv-2tXYfLbxvX3UXjV4za85zL8WD2z8' @ http://localhost:3001/src/lib/util/state.ts:192
[  497198ms] [LOG] Registration successful, scope is: http://localhost:3001/ @ http://localhost:3001/src/routes/+layout.svelte:42
[  497238ms] [LOG] [plausible] render {diagramType: flowchart-v2, isRough: false, lengthBucket: 0-10, renderTimeMsBucket: 50-100} @ http://localhost:3001/src/lib/util/stats.ts:89
[  497803ms] [LOG] [plausible] version {mermaidVersion: 11.14.0} @ http://localhost:3001/src/lib/util/stats.ts:89
[  497866ms] [LOG] Loading 'pako:eNpFTsluwjAQ_RVrELeAIEsdfKiUgNQf6KmYwxDbSVQvyHHUpij_XpMKdU7ztpl3h8YJCQyUdl9Nhz6Q9xO36zVpnDHSBkYqfeuQDJ0btSBDwIn09qlyW50X_UI2m1dS1edaBrxEul6I4_kNjXkQQ5i0jAaieq3ZSqkmDiTQ-l4AC36UCRjpDT4g3LklhEPopJEcWFyFVDjqwIHbOcZuaD-cM8-kd2PbAVOoh4jGm8AgTz22Hv8t0grpj260AVixXAB2h29gaUq32Z4Wu3K3L2mRlwlMkd1vDxnNs8MLzVJa0JLOCfwsP3fbaEv-2tXYfLbxvX3UXjV4za85zL8WD2z8' @ http://localhost:3001/src/lib/util/state.ts:192
[  497915ms] [LOG] Registration successful, scope is: http://localhost:3001/ @ http://localhost:3001/src/routes/+layout.svelte:42
[  497961ms] [LOG] [plausible] render {diagramType: flowchart-v2, isRough: false, lengthBucket: 0-10, renderTimeMsBucket: 50-100} @ http://localhost:3001/src/lib/util/stats.ts:89
[  498553ms] [LOG] [plausible] version {mermaidVersion: 11.14.0} @ http://localhost:3001/src/lib/util/stats.ts:89
[  498617ms] [LOG] Loading 'pako:eNpFTsluwjAQ_RVrELeAIEsdfKiUgNQf6KmYwxDbSVQvyHHUpij_XpMKdU7ztpl3h8YJCQyUdl9Nhz6Q9xO36zVpnDHSBkYqfeuQDJ0btSBDwIn09qlyW50X_UI2m1dS1edaBrxEul6I4_kNjXkQQ5i0jAaieq3ZSqkmDiTQ-l4AC36UCRjpDT4g3LklhEPopJEcWFyFVDjqwIHbOcZuaD-cM8-kd2PbAVOoh4jGm8AgTz22Hv8t0grpj260AVixXAB2h29gaUq32Z4Wu3K3L2mRlwlMkd1vDxnNs8MLzVJa0JLOCfwsP3fbaEv-2tXYfLbxvX3UXjV4za85zL8WD2z8' @ http://localhost:3001/src/lib/util/state.ts:192
[  498674ms] [LOG] Registration successful, scope is: http://localhost:3001/ @ http://localhost:3001/src/routes/+layout.svelte:42
[  498710ms] [LOG] [plausible] render {diagramType: flowchart-v2, isRough: false, lengthBucket: 0-10, renderTimeMsBucket: 50-100} @ http://localhost:3001/src/lib/util/stats.ts:89
[  499313ms] [LOG] [plausible] version {mermaidVersion: 11.14.0} @ http://localhost:3001/src/lib/util/stats.ts:89
[  499382ms] [LOG] Loading 'pako:eNpFTsluwjAQ_RVrELeAIEsdfKiUgNQf6KmYwxDbSVQvyHHUpij_XpMKdU7ztpl3h8YJCQyUdl9Nhz6Q9xO36zVpnDHSBkYqfeuQDJ0btSBDwIn09qlyW50X_UI2m1dS1edaBrxEul6I4_kNjXkQQ5i0jAaieq3ZSqkmDiTQ-l4AC36UCRjpDT4g3LklhEPopJEcWFyFVDjqwIHbOcZuaD-cM8-kd2PbAVOoh4jGm8AgTz22Hv8t0grpj260AVixXAB2h29gaUq32Z4Wu3K3L2mRlwlMkd1vDxnNs8MLzVJa0JLOCfwsP3fbaEv-2tXYfLbxvX3UXjV4za85zL8WD2z8' @ http://localhost:3001/src/lib/util/state.ts:192
[  499435ms] [LOG] Registration successful, scope is: http://localhost:3001/ @ http://localhost:3001/src/routes/+layout.svelte:42
[  499472ms] [LOG] [plausible] render {diagramType: flowchart-v2, isRough: false, lengthBucket: 0-10, renderTimeMsBucket: 50-100} @ http://localhost:3001/src/lib/util/stats.ts:89
[  500045ms] [LOG] [plausible] version {mermaidVersion: 11.14.0} @ http://localhost:3001/src/lib/util/stats.ts:89
[  500104ms] [LOG] Loading 'pako:eNpFTsluwjAQ_RVrELeAIEsdfKiUgNQf6KmYwxDbSVQvyHHUpij_XpMKdU7ztpl3h8YJCQyUdl9Nhz6Q9xO36zVpnDHSBkYqfeuQDJ0btSBDwIn09qlyW50X_UI2m1dS1edaBrxEul6I4_kNjXkQQ5i0jAaieq3ZSqkmDiTQ-l4AC36UCRjpDT4g3LklhEPopJEcWFyFVDjqwIHbOcZuaD-cM8-kd2PbAVOoh4jGm8AgTz22Hv8t0grpj260AVixXAB2h29gaUq32Z4Wu3K3L2mRlwlMkd1vDxnNs8MLzVJa0JLOCfwsP3fbaEv-2tXYfLbxvX3UXjV4za85zL8WD2z8' @ http://localhost:3001/src/lib/util/state.ts:192
[  500161ms] [LOG] Registration successful, scope is: http://localhost:3001/ @ http://localhost:3001/src/routes/+layout.svelte:42
[  500199ms] [LOG] [plausible] render {diagramType: flowchart-v2, isRough: false, lengthBucket: 0-10, renderTimeMsBucket: 50-100} @ http://localhost:3001/src/lib/util/stats.ts:89
[  500769ms] [LOG] [plausible] version {mermaidVersion: 11.14.0} @ http://localhost:3001/src/lib/util/stats.ts:89
[  500833ms] [LOG] Loading 'pako:eNpFTsluwjAQ_RVrELeAIEsdfKiUgNQf6KmYwxDbSVQvyHHUpij_XpMKdU7ztpl3h8YJCQyUdl9Nhz6Q9xO36zVpnDHSBkYqfeuQDJ0btSBDwIn09qlyW50X_UI2m1dS1edaBrxEul6I4_kNjXkQQ5i0jAaieq3ZSqkmDiTQ-l4AC36UCRjpDT4g3LklhEPopJEcWFyFVDjqwIHbOcZuaD-cM8-kd2PbAVOoh4jGm8AgTz22Hv8t0grpj260AVixXAB2h29gaUq32Z4Wu3K3L2mRlwlMkd1vDxnNs8MLzVJa0JLOCfwsP3fbaEv-2tXYfLbxvX3UXjV4za85zL8WD2z8' @ http://localhost:3001/src/lib/util/state.ts:192
[  500886ms] [LOG] Registration successful, scope is: http://localhost:3001/ @ http://localhost:3001/src/routes/+layout.svelte:42
[  500921ms] [LOG] [plausible] render {diagramType: flowchart-v2, isRough: false, lengthBucket: 0-10, renderTimeMsBucket: 50-100} @ http://localhost:3001/src/lib/util/stats.ts:89
[  501494ms] [LOG] [plausible] version {mermaidVersion: 11.14.0} @ http://localhost:3001/src/lib/util/stats.ts:89
[  501557ms] [LOG] Loading 'pako:eNpFTsluwjAQ_RVrELeAIEsdfKiUgNQf6KmYwxDbSVQvyHHUpij_XpMKdU7ztpl3h8YJCQyUdl9Nhz6Q9xO36zVpnDHSBkYqfeuQDJ0btSBDwIn09qlyW50X_UI2m1dS1edaBrxEul6I4_kNjXkQQ5i0jAaieq3ZSqkmDiTQ-l4AC36UCRjpDT4g3LklhEPopJEcWFyFVDjqwIHbOcZuaD-cM8-kd2PbAVOoh4jGm8AgTz22Hv8t0grpj260AVixXAB2h29gaUq32Z4Wu3K3L2mRlwlMkd1vDxnNs8MLzVJa0JLOCfwsP3fbaEv-2tXYfLbxvX3UXjV4za85zL8WD2z8' @ http://localhost:3001/src/lib/util/state.ts:192
[  501615ms] [LOG] Registration successful, scope is: http://localhost:3001/ @ http://localhost:3001/src/routes/+layout.svelte:42
[  501657ms] [LOG] [plausible] render {diagramType: flowchart-v2, isRough: false, lengthBucket: 0-10, renderTimeMsBucket: 50-100} @ http://localhost:3001/src/lib/util/stats.ts:89
[  502239ms] [LOG] [plausible] version {mermaidVersion: 11.14.0} @ http://localhost:3001/src/lib/util/stats.ts:89
[  502294ms] [LOG] Loading 'pako:eNpFTsluwjAQ_RVrELeAIEsdfKiUgNQf6KmYwxDbSVQvyHHUpij_XpMKdU7ztpl3h8YJCQyUdl9Nhz6Q9xO36zVpnDHSBkYqfeuQDJ0btSBDwIn09qlyW50X_UI2m1dS1edaBrxEul6I4_kNjXkQQ5i0jAaieq3ZSqkmDiTQ-l4AC36UCRjpDT4g3LklhEPopJEcWFyFVDjqwIHbOcZuaD-cM8-kd2PbAVOoh4jGm8AgTz22Hv8t0grpj260AVixXAB2h29gaUq32Z4Wu3K3L2mRlwlMkd1vDxnNs8MLzVJa0JLOCfwsP3fbaEv-2tXYfLbxvX3UXjV4za85zL8WD2z8' @ http://localhost:3001/src/lib/util/state.ts:192
[  502352ms] [LOG] Registration successful, scope is: http://localhost:3001/ @ http://localhost:3001/src/routes/+layout.svelte:42
[  502390ms] [LOG] [plausible] render {diagramType: flowchart-v2, isRough: false, lengthBucket: 0-10, renderTimeMsBucket: 50-100} @ http://localhost:3001/src/lib/util/stats.ts:89
[  502966ms] [LOG] [plausible] version {mermaidVersion: 11.14.0} @ http://localhost:3001/src/lib/util/stats.ts:89
[  503022ms] [LOG] Loading 'pako:eNpFTsluwjAQ_RVrELeAIEsdfKiUgNQf6KmYwxDbSVQvyHHUpij_XpMKdU7ztpl3h8YJCQyUdl9Nhz6Q9xO36zVpnDHSBkYqfeuQDJ0btSBDwIn09qlyW50X_UI2m1dS1edaBrxEul6I4_kNjXkQQ5i0jAaieq3ZSqkmDiTQ-l4AC36UCRjpDT4g3LklhEPopJEcWFyFVDjqwIHbOcZuaD-cM8-kd2PbAVOoh4jGm8AgTz22Hv8t0grpj260AVixXAB2h29gaUq32Z4Wu3K3L2mRlwlMkd1vDxnNs8MLzVJa0JLOCfwsP3fbaEv-2tXYfLbxvX3UXjV4za85zL8WD2z8' @ http://localhost:3001/src/lib/util/state.ts:192
[  503067ms] [LOG] Registration successful, scope is: http://localhost:3001/ @ http://localhost:3001/src/routes/+layout.svelte:42
[  503098ms] [LOG] [plausible] render {diagramType: flowchart-v2, isRough: false, lengthBucket: 0-10, renderTimeMsBucket: 50-100} @ http://localhost:3001/src/lib/util/stats.ts:89
[  503678ms] [LOG] [plausible] version {mermaidVersion: 11.14.0} @ http://localhost:3001/src/lib/util/stats.ts:89
[  503747ms] [LOG] Loading 'pako:eNpFTsluwjAQ_RVrELeAIEsdfKiUgNQf6KmYwxDbSVQvyHHUpij_XpMKdU7ztpl3h8YJCQyUdl9Nhz6Q9xO36zVpnDHSBkYqfeuQDJ0btSBDwIn09qlyW50X_UI2m1dS1edaBrxEul6I4_kNjXkQQ5i0jAaieq3ZSqkmDiTQ-l4AC36UCRjpDT4g3LklhEPopJEcWFyFVDjqwIHbOcZuaD-cM8-kd2PbAVOoh4jGm8AgTz22Hv8t0grpj260AVixXAB2h29gaUq32Z4Wu3K3L2mRlwlMkd1vDxnNs8MLzVJa0JLOCfwsP3fbaEv-2tXYfLbxvX3UXjV4za85zL8WD2z8' @ http://localhost:3001/src/lib/util/state.ts:192
[  503804ms] [LOG] Registration successful, scope is: http://localhost:3001/ @ http://localhost:3001/src/routes/+layout.svelte:42
[  503841ms] [LOG] [plausible] render {diagramType: flowchart-v2, isRough: false, lengthBucket: 0-10, renderTimeMsBucket: 50-100} @ http://localhost:3001/src/lib/util/stats.ts:89
[  504458ms] [LOG] [plausible] version {mermaidVersion: 11.14.0} @ http://localhost:3001/src/lib/util/stats.ts:89
[  504527ms] [LOG] Loading 'pako:eNpFTsluwjAQ_RVrELeAIEsdfKiUgNQf6KmYwxDbSVQvyHHUpij_XpMKdU7ztpl3h8YJCQyUdl9Nhz6Q9xO36zVpnDHSBkYqfeuQDJ0btSBDwIn09qlyW50X_UI2m1dS1edaBrxEul6I4_kNjXkQQ5i0jAaieq3ZSqkmDiTQ-l4AC36UCRjpDT4g3LklhEPopJEcWFyFVDjqwIHbOcZuaD-cM8-kd2PbAVOoh4jGm8AgTz22Hv8t0grpj260AVixXAB2h29gaUq32Z4Wu3K3L2mRlwlMkd1vDxnNs8MLzVJa0JLOCfwsP3fbaEv-2tXYfLbxvX3UXjV4za85zL8WD2z8' @ http://localhost:3001/src/lib/util/state.ts:192
[  504578ms] [LOG] Registration successful, scope is: http://localhost:3001/ @ http://localhost:3001/src/routes/+layout.svelte:42
[  504612ms] [LOG] [plausible] render {diagramType: flowchart-v2, isRough: false, lengthBucket: 0-10, renderTimeMsBucket: 50-100} @ http://localhost:3001/src/lib/util/stats.ts:89
[  505199ms] [LOG] [plausible] version {mermaidVersion: 11.14.0} @ http://localhost:3001/src/lib/util/stats.ts:89
[  505253ms] [LOG] Loading 'pako:eNpFTsluwjAQ_RVrELeAIEsdfKiUgNQf6KmYwxDbSVQvyHHUpij_XpMKdU7ztpl3h8YJCQyUdl9Nhz6Q9xO36zVpnDHSBkYqfeuQDJ0btSBDwIn09qlyW50X_UI2m1dS1edaBrxEul6I4_kNjXkQQ5i0jAaieq3ZSqkmDiTQ-l4AC36UCRjpDT4g3LklhEPopJEcWFyFVDjqwIHbOcZuaD-cM8-kd2PbAVOoh4jGm8AgTz22Hv8t0grpj260AVixXAB2h29gaUq32Z4Wu3K3L2mRlwlMkd1vDxnNs8MLzVJa0JLOCfwsP3fbaEv-2tXYfLbxvX3UXjV4za85zL8WD2z8' @ http://localhost:3001/src/lib/util/state.ts:192
[  505306ms] [LOG] Registration successful, scope is: http://localhost:3001/ @ http://localhost:3001/src/routes/+layout.svelte:42
[  505345ms] [LOG] [plausible] render {diagramType: flowchart-v2, isRough: false, lengthBucket: 0-10, renderTimeMsBucket: 50-100} @ http://localhost:3001/src/lib/util/stats.ts:89
[  505963ms] [LOG] [plausible] version {mermaidVersion: 11.14.0} @ http://localhost:3001/src/lib/util/stats.ts:89
[  506030ms] [LOG] Loading 'pako:eNpFTsluwjAQ_RVrELeAIEsdfKiUgNQf6KmYwxDbSVQvyHHUpij_XpMKdU7ztpl3h8YJCQyUdl9Nhz6Q9xO36zVpnDHSBkYqfeuQDJ0btSBDwIn09qlyW50X_UI2m1dS1edaBrxEul6I4_kNjXkQQ5i0jAaieq3ZSqkmDiTQ-l4AC36UCRjpDT4g3LklhEPopJEcWFyFVDjqwIHbOcZuaD-cM8-kd2PbAVOoh4jGm8AgTz22Hv8t0grpj260AVixXAB2h29gaUq32Z4Wu3K3L2mRlwlMkd1vDxnNs8MLzVJa0JLOCfwsP3fbaEv-2tXYfLbxvX3UXjV4za85zL8WD2z8' @ http://localhost:3001/src/lib/util/state.ts:192
[  506081ms] [LOG] Registration successful, scope is: http://localhost:3001/ @ http://localhost:3001/src/routes/+layout.svelte:42
[  506116ms] [LOG] [plausible] render {diagramType: flowchart-v2, isRough: false, lengthBucket: 0-10, renderTimeMsBucket: 50-100} @ http://localhost:3001/src/lib/util/stats.ts:89
[  506673ms] [LOG] [plausible] version {mermaidVersion: 11.14.0} @ http://localhost:3001/src/lib/util/stats.ts:89
[  506721ms] [LOG] Loading 'pako:eNpFTsluwjAQ_RVrELeAIEsdfKiUgNQf6KmYwxDbSVQvyHHUpij_XpMKdU7ztpl3h8YJCQyUdl9Nhz6Q9xO36zVpnDHSBkYqfeuQDJ0btSBDwIn09qlyW50X_UI2m1dS1edaBrxEul6I4_kNjXkQQ5i0jAaieq3ZSqkmDiTQ-l4AC36UCRjpDT4g3LklhEPopJEcWFyFVDjqwIHbOcZuaD-cM8-kd2PbAVOoh4jGm8AgTz22Hv8t0grpj260AVixXAB2h29gaUq32Z4Wu3K3L2mRlwlMkd1vDxnNs8MLzVJa0JLOCfwsP3fbaEv-2tXYfLbxvX3UXjV4za85zL8WD2z8' @ http://localhost:3001/src/lib/util/state.ts:192
[  506767ms] [LOG] Registration successful, scope is: http://localhost:3001/ @ http://localhost:3001/src/routes/+layout.svelte:42
[  506803ms] [LOG] [plausible] render {diagramType: flowchart-v2, isRough: false, lengthBucket: 0-10, renderTimeMsBucket: 50-100} @ http://localhost:3001/src/lib/util/stats.ts:89
[  507608ms] [LOG] [plausible] version {mermaidVersion: 11.14.0} @ http://localhost:3001/src/lib/util/stats.ts:89
[  507671ms] [LOG] Loading 'pako:eNpFTsluwjAQ_RVrELeAIEsdfKiUgNQf6KmYwxDbSVQvyHHUpij_XpMKdU7ztpl3h8YJCQyUdl9Nhz6Q9xO36zVpnDHSBkYqfeuQDJ0btSBDwIn09qlyW50X_UI2m1dS1edaBrxEul6I4_kNjXkQQ5i0jAaieq3ZSqkmDiTQ-l4AC36UCRjpDT4g3LklhEPopJEcWFyFVDjqwIHbOcZuaD-cM8-kd2PbAVOoh4jGm8AgTz22Hv8t0grpj260AVixXAB2h29gaUq32Z4Wu3K3L2mRlwlMkd1vDxnNs8MLzVJa0JLOCfwsP3fbaEv-2tXYfLbxvX3UXjV4za85zL8WD2z8' @ http://localhost:3001/src/lib/util/state.ts:192
[  507730ms] [LOG] Registration successful, scope is: http://localhost:3001/ @ http://localhost:3001/src/routes/+layout.svelte:42
[  507767ms] [LOG] [plausible] render {diagramType: flowchart-v2, isRough: false, lengthBucket: 0-10, renderTimeMsBucket: 50-100} @ http://localhost:3001/src/lib/util/stats.ts:89
[  508324ms] [LOG] [plausible] version {mermaidVersion: 11.14.0} @ http://localhost:3001/src/lib/util/stats.ts:89
[  508374ms] [LOG] Loading 'pako:eNpFTsluwjAQ_RVrELeAIEsdfKiUgNQf6KmYwxDbSVQvyHHUpij_XpMKdU7ztpl3h8YJCQyUdl9Nhz6Q9xO36zVpnDHSBkYqfeuQDJ0btSBDwIn09qlyW50X_UI2m1dS1edaBrxEul6I4_kNjXkQQ5i0jAaieq3ZSqkmDiTQ-l4AC36UCRjpDT4g3LklhEPopJEcWFyFVDjqwIHbOcZuaD-cM8-kd2PbAVOoh4jGm8AgTz22Hv8t0grpj260AVixXAB2h29gaUq32Z4Wu3K3L2mRlwlMkd1vDxnNs8MLzVJa0JLOCfwsP3fbaEv-2tXYfLbxvX3UXjV4za85zL8WD2z8' @ http://localhost:3001/src/lib/util/state.ts:192
[  508427ms] [LOG] Registration successful, scope is: http://localhost:3001/ @ http://localhost:3001/src/routes/+layout.svelte:42
[  508461ms] [LOG] [plausible] render {diagramType: flowchart-v2, isRough: false, lengthBucket: 0-10, renderTimeMsBucket: 50-100} @ http://localhost:3001/src/lib/util/stats.ts:89
[  508722ms] [WARNING] Avoid using `history.pushState(...)` and `history.replaceState(...)` as these will conflict with SvelteKit's router. Use the `pushState` and `replaceState` imports from `$app/navigation` instead. @ http://localhost:3001/node_modules/.pnpm/@sveltejs+kit@2.37.0_@svelt_451e8418fb2bf1e4b93263c948f3b481/node_modules/@sveltejs/kit/src/runtime/client/client.js?v=5ec1b7ca:3085
[  509394ms] [LOG] [plausible] version {mermaidVersion: 11.14.0} @ http://localhost:3001/src/lib/util/stats.ts:89
[  509455ms] [LOG] Loading 'pako:eNpFTsluwjAQ_RVrELeAIEsdfKiUgNQf6KmYwxDbSVQvyHHUpij_XpMKdU7ztpl3h8YJCQyUdl9Nhz6Q9xO36zVpnDHSBkYqfeuQDJ0btSBDwIn09qlyW50X_UI2m1dS1edaBrxEul6I4_kNjXkQQ5i0jAaieq3ZSqkmDiTQ-l4AC36UCRjpDT4g3LklhEPopJEcWFyFVDjqwIHbOcZuaD-cM8-kd2PbAVOoh4jGm8AgTz22Hv8t0grpj260AVixXAB2h29gaUq32Z4Wu3K3L2mRlwlMkd1vDxnNs8MLzVJa0JLOCfwsP3fbaEv-2tXYfLbxvX3UXjV4za85zL8WD2z8' @ http://localhost:3001/src/lib/util/state.ts:192
[  509501ms] [LOG] Registration successful, scope is: http://localhost:3001/ @ http://localhost:3001/src/routes/+layout.svelte:42
[  509538ms] [LOG] [plausible] render {diagramType: flowchart-v2, isRough: false, lengthBucket: 0-10, renderTimeMsBucket: 50-100} @ http://localhost:3001/src/lib/util/stats.ts:89
[  510126ms] [LOG] [plausible] version {mermaidVersion: 11.14.0} @ http://localhost:3001/src/lib/util/stats.ts:89
[  510189ms] [LOG] Loading 'pako:eNpFTsluwjAQ_RVrELeAIEsdfKiUgNQf6KmYwxDbSVQvyHHUpij_XpMKdU7ztpl3h8YJCQyUdl9Nhz6Q9xO36zVpnDHSBkYqfeuQDJ0btSBDwIn09qlyW50X_UI2m1dS1edaBrxEul6I4_kNjXkQQ5i0jAaieq3ZSqkmDiTQ-l4AC36UCRjpDT4g3LklhEPopJEcWFyFVDjqwIHbOcZuaD-cM8-kd2PbAVOoh4jGm8AgTz22Hv8t0grpj260AVixXAB2h29gaUq32Z4Wu3K3L2mRlwlMkd1vDxnNs8MLzVJa0JLOCfwsP3fbaEv-2tXYfLbxvX3UXjV4za85zL8WD2z8' @ http://localhost:3001/src/lib/util/state.ts:192
[  510246ms] [LOG] Registration successful, scope is: http://localhost:3001/ @ http://localhost:3001/src/routes/+layout.svelte:42
[  510282ms] [LOG] [plausible] render {diagramType: flowchart-v2, isRough: false, lengthBucket: 0-10, renderTimeMsBucket: 50-100} @ http://localhost:3001/src/lib/util/stats.ts:89
[  510859ms] [LOG] [plausible] version {mermaidVersion: 11.14.0} @ http://localhost:3001/src/lib/util/stats.ts:89
[  510923ms] [LOG] Loading 'pako:eNpFTsluwjAQ_RVrELeAIEsdfKiUgNQf6KmYwxDbSVQvyHHUpij_XpMKdU7ztpl3h8YJCQyUdl9Nhz6Q9xO36zVpnDHSBkYqfeuQDJ0btSBDwIn09qlyW50X_UI2m1dS1edaBrxEul6I4_kNjXkQQ5i0jAaieq3ZSqkmDiTQ-l4AC36UCRjpDT4g3LklhEPopJEcWFyFVDjqwIHbOcZuaD-cM8-kd2PbAVOoh4jGm8AgTz22Hv8t0grpj260AVixXAB2h29gaUq32Z4Wu3K3L2mRlwlMkd1vDxnNs8MLzVJa0JLOCfwsP3fbaEv-2tXYfLbxvX3UXjV4za85zL8WD2z8' @ http://localhost:3001/src/lib/util/state.ts:192
[  510980ms] [LOG] Registration successful, scope is: http://localhost:3001/ @ http://localhost:3001/src/routes/+layout.svelte:42
[  511029ms] [LOG] [plausible] render {diagramType: flowchart-v2, isRough: false, lengthBucket: 0-10, renderTimeMsBucket: 50-100} @ http://localhost:3001/src/lib/util/stats.ts:89
[  511647ms] [LOG] [plausible] version {mermaidVersion: 11.14.0} @ http://localhost:3001/src/lib/util/stats.ts:89
[  511704ms] [LOG] Loading 'pako:eNpFTsluwjAQ_RVrELeAIEsdfKiUgNQf6KmYwxDbSVQvyHHUpij_XpMKdU7ztpl3h8YJCQyUdl9Nhz6Q9xO36zVpnDHSBkYqfeuQDJ0btSBDwIn09qlyW50X_UI2m1dS1edaBrxEul6I4_kNjXkQQ5i0jAaieq3ZSqkmDiTQ-l4AC36UCRjpDT4g3LklhEPopJEcWFyFVDjqwIHbOcZuaD-cM8-kd2PbAVOoh4jGm8AgTz22Hv8t0grpj260AVixXAB2h29gaUq32Z4Wu3K3L2mRlwlMkd1vDxnNs8MLzVJa0JLOCfwsP3fbaEv-2tXYfLbxvX3UXjV4za85zL8WD2z8' @ http://localhost:3001/src/lib/util/state.ts:192
[  511762ms] [LOG] Registration successful, scope is: http://localhost:3001/ @ http://localhost:3001/src/routes/+layout.svelte:42
[  511815ms] [LOG] [plausible] render {diagramType: flowchart-v2, isRough: false, lengthBucket: 0-10, renderTimeMsBucket: 50-100} @ http://localhost:3001/src/lib/util/stats.ts:89
[  512425ms] [LOG] [plausible] version {mermaidVersion: 11.14.0} @ http://localhost:3001/src/lib/util/stats.ts:89
[  512479ms] [LOG] Loading 'pako:eNpFTsluwjAQ_RVrELeAIEsdfKiUgNQf6KmYwxDbSVQvyHHUpij_XpMKdU7ztpl3h8YJCQyUdl9Nhz6Q9xO36zVpnDHSBkYqfeuQDJ0btSBDwIn09qlyW50X_UI2m1dS1edaBrxEul6I4_kNjXkQQ5i0jAaieq3ZSqkmDiTQ-l4AC36UCRjpDT4g3LklhEPopJEcWFyFVDjqwIHbOcZuaD-cM8-kd2PbAVOoh4jGm8AgTz22Hv8t0grpj260AVixXAB2h29gaUq32Z4Wu3K3L2mRlwlMkd1vDxnNs8MLzVJa0JLOCfwsP3fbaEv-2tXYfLbxvX3UXjV4za85zL8WD2z8' @ http://localhost:3001/src/lib/util/state.ts:192
[  512522ms] [LOG] Registration successful, scope is: http://localhost:3001/ @ http://localhost:3001/src/routes/+layout.svelte:42
[  512565ms] [LOG] [plausible] render {diagramType: flowchart-v2, isRough: false, lengthBucket: 0-10, renderTimeMsBucket: 50-100} @ http://localhost:3001/src/lib/util/stats.ts:89
[  513155ms] [LOG] [plausible] version {mermaidVersion: 11.14.0} @ http://localhost:3001/src/lib/util/stats.ts:89
[  513213ms] [LOG] Loading 'pako:eNpFTsluwjAQ_RVrELeAIEsdfKiUgNQf6KmYwxDbSVQvyHHUpij_XpMKdU7ztpl3h8YJCQyUdl9Nhz6Q9xO36zVpnDHSBkYqfeuQDJ0btSBDwIn09qlyW50X_UI2m1dS1edaBrxEul6I4_kNjXkQQ5i0jAaieq3ZSqkmDiTQ-l4AC36UCRjpDT4g3LklhEPopJEcWFyFVDjqwIHbOcZuaD-cM8-kd2PbAVOoh4jGm8AgTz22Hv8t0grpj260AVixXAB2h29gaUq32Z4Wu3K3L2mRlwlMkd1vDxnNs8MLzVJa0JLOCfwsP3fbaEv-2tXYfLbxvX3UXjV4za85zL8WD2z8' @ http://localhost:3001/src/lib/util/state.ts:192
[  513259ms] [LOG] Registration successful, scope is: http://localhost:3001/ @ http://localhost:3001/src/routes/+layout.svelte:42
[  513311ms] [LOG] [plausible] render {diagramType: flowchart-v2, isRough: false, lengthBucket: 0-10, renderTimeMsBucket: 50-100} @ http://localhost:3001/src/lib/util/stats.ts:89
[  513939ms] [LOG] [plausible] version {mermaidVersion: 11.14.0} @ http://localhost:3001/src/lib/util/stats.ts:89
[  513995ms] [LOG] Loading 'pako:eNpFTsluwjAQ_RVrELeAIEsdfKiUgNQf6KmYwxDbSVQvyHHUpij_XpMKdU7ztpl3h8YJCQyUdl9Nhz6Q9xO36zVpnDHSBkYqfeuQDJ0btSBDwIn09qlyW50X_UI2m1dS1edaBrxEul6I4_kNjXkQQ5i0jAaieq3ZSqkmDiTQ-l4AC36UCRjpDT4g3LklhEPopJEcWFyFVDjqwIHbOcZuaD-cM8-kd2PbAVOoh4jGm8AgTz22Hv8t0grpj260AVixXAB2h29gaUq32Z4Wu3K3L2mRlwlMkd1vDxnNs8MLzVJa0JLOCfwsP3fbaEv-2tXYfLbxvX3UXjV4za85zL8WD2z8' @ http://localhost:3001/src/lib/util/state.ts:192
[  514051ms] [LOG] Registration successful, scope is: http://localhost:3001/ @ http://localhost:3001/src/routes/+layout.svelte:42
[  514103ms] [LOG] [plausible] render {diagramType: flowchart-v2, isRough: false, lengthBucket: 0-10, renderTimeMsBucket: 50-100} @ http://localhost:3001/src/lib/util/stats.ts:89
[  514709ms] [LOG] [plausible] version {mermaidVersion: 11.14.0} @ http://localhost:3001/src/lib/util/stats.ts:89
[  514773ms] [LOG] Loading 'pako:eNpFTsluwjAQ_RVrELeAIEsdfKiUgNQf6KmYwxDbSVQvyHHUpij_XpMKdU7ztpl3h8YJCQyUdl9Nhz6Q9xO36zVpnDHSBkYqfeuQDJ0btSBDwIn09qlyW50X_UI2m1dS1edaBrxEul6I4_kNjXkQQ5i0jAaieq3ZSqkmDiTQ-l4AC36UCRjpDT4g3LklhEPopJEcWFyFVDjqwIHbOcZuaD-cM8-kd2PbAVOoh4jGm8AgTz22Hv8t0grpj260AVixXAB2h29gaUq32Z4Wu3K3L2mRlwlMkd1vDxnNs8MLzVJa0JLOCfwsP3fbaEv-2tXYfLbxvX3UXjV4za85zL8WD2z8' @ http://localhost:3001/src/lib/util/state.ts:192
[  514826ms] [LOG] Registration successful, scope is: http://localhost:3001/ @ http://localhost:3001/src/routes/+layout.svelte:42
[  514873ms] [LOG] [plausible] render {diagramType: flowchart-v2, isRough: false, lengthBucket: 0-10, renderTimeMsBucket: 50-100} @ http://localhost:3001/src/lib/util/stats.ts:89
[  515465ms] [LOG] [plausible] version {mermaidVersion: 11.14.0} @ http://localhost:3001/src/lib/util/stats.ts:89
[  515529ms] [LOG] Loading 'pako:eNpFTsluwjAQ_RVrELeAIEsdfKiUgNQf6KmYwxDbSVQvyHHUpij_XpMKdU7ztpl3h8YJCQyUdl9Nhz6Q9xO36zVpnDHSBkYqfeuQDJ0btSBDwIn09qlyW50X_UI2m1dS1edaBrxEul6I4_kNjXkQQ5i0jAaieq3ZSqkmDiTQ-l4AC36UCRjpDT4g3LklhEPopJEcWFyFVDjqwIHbOcZuaD-cM8-kd2PbAVOoh4jGm8AgTz22Hv8t0grpj260AVixXAB2h29gaUq32Z4Wu3K3L2mRlwlMkd1vDxnNs8MLzVJa0JLOCfwsP3fbaEv-2tXYfLbxvX3UXjV4za85zL8WD2z8' @ http://localhost:3001/src/lib/util/state.ts:192
[  515592ms] [LOG] Registration successful, scope is: http://localhost:3001/ @ http://localhost:3001/src/routes/+layout.svelte:42
[  515631ms] [LOG] [plausible] render {diagramType: flowchart-v2, isRough: false, lengthBucket: 0-10, renderTimeMsBucket: 50-100} @ http://localhost:3001/src/lib/util/stats.ts:89
[  516201ms] [LOG] [plausible] version {mermaidVersion: 11.14.0} @ http://localhost:3001/src/lib/util/stats.ts:89
[  516269ms] [LOG] Loading 'pako:eNpFTsluwjAQ_RVrELeAIEsdfKiUgNQf6KmYwxDbSVQvyHHUpij_XpMKdU7ztpl3h8YJCQyUdl9Nhz6Q9xO36zVpnDHSBkYqfeuQDJ0btSBDwIn09qlyW50X_UI2m1dS1edaBrxEul6I4_kNjXkQQ5i0jAaieq3ZSqkmDiTQ-l4AC36UCRjpDT4g3LklhEPopJEcWFyFVDjqwIHbOcZuaD-cM8-kd2PbAVOoh4jGm8AgTz22Hv8t0grpj260AVixXAB2h29gaUq32Z4Wu3K3L2mRlwlMkd1vDxnNs8MLzVJa0JLOCfwsP3fbaEv-2tXYfLbxvX3UXjV4za85zL8WD2z8' @ http://localhost:3001/src/lib/util/state.ts:192
[  516330ms] [LOG] Registration successful, scope is: http://localhost:3001/ @ http://localhost:3001/src/routes/+layout.svelte:42
[  516369ms] [LOG] [plausible] render {diagramType: flowchart-v2, isRough: false, lengthBucket: 0-10, renderTimeMsBucket: 50-100} @ http://localhost:3001/src/lib/util/stats.ts:89
[  516930ms] [LOG] [plausible] version {mermaidVersion: 11.14.0} @ http://localhost:3001/src/lib/util/stats.ts:89
[  516996ms] [LOG] Loading 'pako:eNpFTsluwjAQ_RVrELeAIEsdfKiUgNQf6KmYwxDbSVQvyHHUpij_XpMKdU7ztpl3h8YJCQyUdl9Nhz6Q9xO36zVpnDHSBkYqfeuQDJ0btSBDwIn09qlyW50X_UI2m1dS1edaBrxEul6I4_kNjXkQQ5i0jAaieq3ZSqkmDiTQ-l4AC36UCRjpDT4g3LklhEPopJEcWFyFVDjqwIHbOcZuaD-cM8-kd2PbAVOoh4jGm8AgTz22Hv8t0grpj260AVixXAB2h29gaUq32Z4Wu3K3L2mRlwlMkd1vDxnNs8MLzVJa0JLOCfwsP3fbaEv-2tXYfLbxvX3UXjV4za85zL8WD2z8' @ http://localhost:3001/src/lib/util/state.ts:192
[  517054ms] [LOG] Registration successful, scope is: http://localhost:3001/ @ http://localhost:3001/src/routes/+layout.svelte:42
[  517101ms] [LOG] [plausible] render {diagramType: flowchart-v2, isRough: false, lengthBucket: 0-10, renderTimeMsBucket: 50-100} @ http://localhost:3001/src/lib/util/stats.ts:89
[  517662ms] [LOG] [plausible] version {mermaidVersion: 11.14.0} @ http://localhost:3001/src/lib/util/stats.ts:89
[  517724ms] [LOG] Loading 'pako:eNpFTsluwjAQ_RVrELeAIEsdfKiUgNQf6KmYwxDbSVQvyHHUpij_XpMKdU7ztpl3h8YJCQyUdl9Nhz6Q9xO36zVpnDHSBkYqfeuQDJ0btSBDwIn09qlyW50X_UI2m1dS1edaBrxEul6I4_kNjXkQQ5i0jAaieq3ZSqkmDiTQ-l4AC36UCRjpDT4g3LklhEPopJEcWFyFVDjqwIHbOcZuaD-cM8-kd2PbAVOoh4jGm8AgTz22Hv8t0grpj260AVixXAB2h29gaUq32Z4Wu3K3L2mRlwlMkd1vDxnNs8MLzVJa0JLOCfwsP3fbaEv-2tXYfLbxvX3UXjV4za85zL8WD2z8' @ http://localhost:3001/src/lib/util/state.ts:192
[  517779ms] [LOG] Registration successful, scope is: http://localhost:3001/ @ http://localhost:3001/src/routes/+layout.svelte:42
[  517817ms] [LOG] [plausible] render {diagramType: flowchart-v2, isRough: false, lengthBucket: 0-10, renderTimeMsBucket: 50-100} @ http://localhost:3001/src/lib/util/stats.ts:89
[  518395ms] [LOG] [plausible] version {mermaidVersion: 11.14.0} @ http://localhost:3001/src/lib/util/stats.ts:89
[  518459ms] [LOG] Loading 'pako:eNpFTsluwjAQ_RVrELeAIEsdfKiUgNQf6KmYwxDbSVQvyHHUpij_XpMKdU7ztpl3h8YJCQyUdl9Nhz6Q9xO36zVpnDHSBkYqfeuQDJ0btSBDwIn09qlyW50X_UI2m1dS1edaBrxEul6I4_kNjXkQQ5i0jAaieq3ZSqkmDiTQ-l4AC36UCRjpDT4g3LklhEPopJEcWFyFVDjqwIHbOcZuaD-cM8-kd2PbAVOoh4jGm8AgTz22Hv8t0grpj260AVixXAB2h29gaUq32Z4Wu3K3L2mRlwlMkd1vDxnNs8MLzVJa0JLOCfwsP3fbaEv-2tXYfLbxvX3UXjV4za85zL8WD2z8' @ http://localhost:3001/src/lib/util/state.ts:192
[  518514ms] [LOG] Registration successful, scope is: http://localhost:3001/ @ http://localhost:3001/src/routes/+layout.svelte:42
[  518554ms] [LOG] [plausible] render {diagramType: flowchart-v2, isRough: false, lengthBucket: 0-10, renderTimeMsBucket: 50-100} @ http://localhost:3001/src/lib/util/stats.ts:89
[  519135ms] [LOG] [plausible] version {mermaidVersion: 11.14.0} @ http://localhost:3001/src/lib/util/stats.ts:89
[  519201ms] [LOG] Loading 'pako:eNpFTsluwjAQ_RVrELeAIEsdfKiUgNQf6KmYwxDbSVQvyHHUpij_XpMKdU7ztpl3h8YJCQyUdl9Nhz6Q9xO36zVpnDHSBkYqfeuQDJ0btSBDwIn09qlyW50X_UI2m1dS1edaBrxEul6I4_kNjXkQQ5i0jAaieq3ZSqkmDiTQ-l4AC36UCRjpDT4g3LklhEPopJEcWFyFVDjqwIHbOcZuaD-cM8-kd2PbAVOoh4jGm8AgTz22Hv8t0grpj260AVixXAB2h29gaUq32Z4Wu3K3L2mRlwlMkd1vDxnNs8MLzVJa0JLOCfwsP3fbaEv-2tXYfLbxvX3UXjV4za85zL8WD2z8' @ http://localhost:3001/src/lib/util/state.ts:192
[  519255ms] [LOG] Registration successful, scope is: http://localhost:3001/ @ http://localhost:3001/src/routes/+layout.svelte:42
[  519293ms] [LOG] [plausible] render {diagramType: flowchart-v2, isRough: false, lengthBucket: 0-10, renderTimeMsBucket: 50-100} @ http://localhost:3001/src/lib/util/stats.ts:89
[  519919ms] [LOG] [plausible] version {mermaidVersion: 11.14.0} @ http://localhost:3001/src/lib/util/stats.ts:89
[  519984ms] [LOG] Loading 'pako:eNpFTsluwjAQ_RVrELeAIEsdfKiUgNQf6KmYwxDbSVQvyHHUpij_XpMKdU7ztpl3h8YJCQyUdl9Nhz6Q9xO36zVpnDHSBkYqfeuQDJ0btSBDwIn09qlyW50X_UI2m1dS1edaBrxEul6I4_kNjXkQQ5i0jAaieq3ZSqkmDiTQ-l4AC36UCRjpDT4g3LklhEPopJEcWFyFVDjqwIHbOcZuaD-cM8-kd2PbAVOoh4jGm8AgTz22Hv8t0grpj260AVixXAB2h29gaUq32Z4Wu3K3L2mRlwlMkd1vDxnNs8MLzVJa0JLOCfwsP3fbaEv-2tXYfLbxvX3UXjV4za85zL8WD2z8' @ http://localhost:3001/src/lib/util/state.ts:192
[  520041ms] [LOG] Registration successful, scope is: http://localhost:3001/ @ http://localhost:3001/src/routes/+layout.svelte:42
[  520076ms] [LOG] [plausible] render {diagramType: flowchart-v2, isRough: false, lengthBucket: 0-10, renderTimeMsBucket: 50-100} @ http://localhost:3001/src/lib/util/stats.ts:89
[  520636ms] [LOG] [plausible] version {mermaidVersion: 11.14.0} @ http://localhost:3001/src/lib/util/stats.ts:89
[  520700ms] [LOG] Loading 'pako:eNpFTsluwjAQ_RVrELeAIEsdfKiUgNQf6KmYwxDbSVQvyHHUpij_XpMKdU7ztpl3h8YJCQyUdl9Nhz6Q9xO36zVpnDHSBkYqfeuQDJ0btSBDwIn09qlyW50X_UI2m1dS1edaBrxEul6I4_kNjXkQQ5i0jAaieq3ZSqkmDiTQ-l4AC36UCRjpDT4g3LklhEPopJEcWFyFVDjqwIHbOcZuaD-cM8-kd2PbAVOoh4jGm8AgTz22Hv8t0grpj260AVixXAB2h29gaUq32Z4Wu3K3L2mRlwlMkd1vDxnNs8MLzVJa0JLOCfwsP3fbaEv-2tXYfLbxvX3UXjV4za85zL8WD2z8' @ http://localhost:3001/src/lib/util/state.ts:192
[  520754ms] [LOG] Registration successful, scope is: http://localhost:3001/ @ http://localhost:3001/src/routes/+layout.svelte:42
[  520789ms] [LOG] [plausible] render {diagramType: flowchart-v2, isRough: false, lengthBucket: 0-10, renderTimeMsBucket: 50-100} @ http://localhost:3001/src/lib/util/stats.ts:89
[  521359ms] [LOG] [plausible] version {mermaidVersion: 11.14.0} @ http://localhost:3001/src/lib/util/stats.ts:89
[  521428ms] [LOG] Loading 'pako:eNpFTsluwjAQ_RVrELeAIEsdfKiUgNQf6KmYwxDbSVQvyHHUpij_XpMKdU7ztpl3h8YJCQyUdl9Nhz6Q9xO36zVpnDHSBkYqfeuQDJ0btSBDwIn09qlyW50X_UI2m1dS1edaBrxEul6I4_kNjXkQQ5i0jAaieq3ZSqkmDiTQ-l4AC36UCRjpDT4g3LklhEPopJEcWFyFVDjqwIHbOcZuaD-cM8-kd2PbAVOoh4jGm8AgTz22Hv8t0grpj260AVixXAB2h29gaUq32Z4Wu3K3L2mRlwlMkd1vDxnNs8MLzVJa0JLOCfwsP3fbaEv-2tXYfLbxvX3UXjV4za85zL8WD2z8' @ http://localhost:3001/src/lib/util/state.ts:192
[  521479ms] [LOG] Registration successful, scope is: http://localhost:3001/ @ http://localhost:3001/src/routes/+layout.svelte:42
[  521516ms] [LOG] [plausible] render {diagramType: flowchart-v2, isRough: false, lengthBucket: 0-10, renderTimeMsBucket: 50-100} @ http://localhost:3001/src/lib/util/stats.ts:89
[  522121ms] [LOG] [plausible] version {mermaidVersion: 11.14.0} @ http://localhost:3001/src/lib/util/stats.ts:89
[  522187ms] [LOG] Loading 'pako:eNpFTsluwjAQ_RVrELeAIEsdfKiUgNQf6KmYwxDbSVQvyHHUpij_XpMKdU7ztpl3h8YJCQyUdl9Nhz6Q9xO36zVpnDHSBkYqfeuQDJ0btSBDwIn09qlyW50X_UI2m1dS1edaBrxEul6I4_kNjXkQQ5i0jAaieq3ZSqkmDiTQ-l4AC36UCRjpDT4g3LklhEPopJEcWFyFVDjqwIHbOcZuaD-cM8-kd2PbAVOoh4jGm8AgTz22Hv8t0grpj260AVixXAB2h29gaUq32Z4Wu3K3L2mRlwlMkd1vDxnNs8MLzVJa0JLOCfwsP3fbaEv-2tXYfLbxvX3UXjV4za85zL8WD2z8' @ http://localhost:3001/src/lib/util/state.ts:192
[  522241ms] [LOG] Registration successful, scope is: http://localhost:3001/ @ http://localhost:3001/src/routes/+layout.svelte:42
[  522277ms] [LOG] [plausible] render {diagramType: flowchart-v2, isRough: false, lengthBucket: 0-10, renderTimeMsBucket: 50-100} @ http://localhost:3001/src/lib/util/stats.ts:89
[  522868ms] [LOG] [plausible] version {mermaidVersion: 11.14.0} @ http://localhost:3001/src/lib/util/stats.ts:89
[  522930ms] [LOG] Loading 'pako:eNpFTsluwjAQ_RVrELeAIEsdfKiUgNQf6KmYwxDbSVQvyHHUpij_XpMKdU7ztpl3h8YJCQyUdl9Nhz6Q9xO36zVpnDHSBkYqfeuQDJ0btSBDwIn09qlyW50X_UI2m1dS1edaBrxEul6I4_kNjXkQQ5i0jAaieq3ZSqkmDiTQ-l4AC36UCRjpDT4g3LklhEPopJEcWFyFVDjqwIHbOcZuaD-cM8-kd2PbAVOoh4jGm8AgTz22Hv8t0grpj260AVixXAB2h29gaUq32Z4Wu3K3L2mRlwlMkd1vDxnNs8MLzVJa0JLOCfwsP3fbaEv-2tXYfLbxvX3UXjV4za85zL8WD2z8' @ http://localhost:3001/src/lib/util/state.ts:192
[  522990ms] [LOG] Registration successful, scope is: http://localhost:3001/ @ http://localhost:3001/src/routes/+layout.svelte:42
[  523031ms] [LOG] [plausible] render {diagramType: flowchart-v2, isRough: false, lengthBucket: 0-10, renderTimeMsBucket: 50-100} @ http://localhost:3001/src/lib/util/stats.ts:89
[  523612ms] [LOG] [plausible] version {mermaidVersion: 11.14.0} @ http://localhost:3001/src/lib/util/stats.ts:89
[  523682ms] [LOG] Loading 'pako:eNpFTsluwjAQ_RVrELeAIEsdfKiUgNQf6KmYwxDbSVQvyHHUpij_XpMKdU7ztpl3h8YJCQyUdl9Nhz6Q9xO36zVpnDHSBkYqfeuQDJ0btSBDwIn09qlyW50X_UI2m1dS1edaBrxEul6I4_kNjXkQQ5i0jAaieq3ZSqkmDiTQ-l4AC36UCRjpDT4g3LklhEPopJEcWFyFVDjqwIHbOcZuaD-cM8-kd2PbAVOoh4jGm8AgTz22Hv8t0grpj260AVixXAB2h29gaUq32Z4Wu3K3L2mRlwlMkd1vDxnNs8MLzVJa0JLOCfwsP3fbaEv-2tXYfLbxvX3UXjV4za85zL8WD2z8' @ http://localhost:3001/src/lib/util/state.ts:192
[  523731ms] [LOG] Registration successful, scope is: http://localhost:3001/ @ http://localhost:3001/src/routes/+layout.svelte:42
[  523765ms] [LOG] [plausible] render {diagramType: flowchart-v2, isRough: false, lengthBucket: 0-10, renderTimeMsBucket: 50-100} @ http://localhost:3001/src/lib/util/stats.ts:89
[  524372ms] [LOG] [plausible] version {mermaidVersion: 11.14.0} @ http://localhost:3001/src/lib/util/stats.ts:89
[  524440ms] [LOG] Loading 'pako:eNpFTsluwjAQ_RVrELeAIEsdfKiUgNQf6KmYwxDbSVQvyHHUpij_XpMKdU7ztpl3h8YJCQyUdl9Nhz6Q9xO36zVpnDHSBkYqfeuQDJ0btSBDwIn09qlyW50X_UI2m1dS1edaBrxEul6I4_kNjXkQQ5i0jAaieq3ZSqkmDiTQ-l4AC36UCRjpDT4g3LklhEPopJEcWFyFVDjqwIHbOcZuaD-cM8-kd2PbAVOoh4jGm8AgTz22Hv8t0grpj260AVixXAB2h29gaUq32Z4Wu3K3L2mRlwlMkd1vDxnNs8MLzVJa0JLOCfwsP3fbaEv-2tXYfLbxvX3UXjV4za85zL8WD2z8' @ http://localhost:3001/src/lib/util/state.ts:192
[  524492ms] [LOG] Registration successful, scope is: http://localhost:3001/ @ http://localhost:3001/src/routes/+layout.svelte:42
[  524526ms] [LOG] [plausible] render {diagramType: flowchart-v2, isRough: false, lengthBucket: 0-10, renderTimeMsBucket: 50-100} @ http://localhost:3001/src/lib/util/stats.ts:89
[  525129ms] [LOG] [plausible] version {mermaidVersion: 11.14.0} @ http://localhost:3001/src/lib/util/stats.ts:89
[  525187ms] [LOG] Loading 'pako:eNpFTsluwjAQ_RVrELeAIEsdfKiUgNQf6KmYwxDbSVQvyHHUpij_XpMKdU7ztpl3h8YJCQyUdl9Nhz6Q9xO36zVpnDHSBkYqfeuQDJ0btSBDwIn09qlyW50X_UI2m1dS1edaBrxEul6I4_kNjXkQQ5i0jAaieq3ZSqkmDiTQ-l4AC36UCRjpDT4g3LklhEPopJEcWFyFVDjqwIHbOcZuaD-cM8-kd2PbAVOoh4jGm8AgTz22Hv8t0grpj260AVixXAB2h29gaUq32Z4Wu3K3L2mRlwlMkd1vDxnNs8MLzVJa0JLOCfwsP3fbaEv-2tXYfLbxvX3UXjV4za85zL8WD2z8' @ http://localhost:3001/src/lib/util/state.ts:192
[  525235ms] [LOG] Registration successful, scope is: http://localhost:3001/ @ http://localhost:3001/src/routes/+layout.svelte:42
[  525272ms] [LOG] [plausible] render {diagramType: flowchart-v2, isRough: false, lengthBucket: 0-10, renderTimeMsBucket: 50-100} @ http://localhost:3001/src/lib/util/stats.ts:89
[  525867ms] [LOG] [plausible] version {mermaidVersion: 11.14.0} @ http://localhost:3001/src/lib/util/stats.ts:89
[  525934ms] [LOG] Loading 'pako:eNpFTsluwjAQ_RVrELeAIEsdfKiUgNQf6KmYwxDbSVQvyHHUpij_XpMKdU7ztpl3h8YJCQyUdl9Nhz6Q9xO36zVpnDHSBkYqfeuQDJ0btSBDwIn09qlyW50X_UI2m1dS1edaBrxEul6I4_kNjXkQQ5i0jAaieq3ZSqkmDiTQ-l4AC36UCRjpDT4g3LklhEPopJEcWFyFVDjqwIHbOcZuaD-cM8-kd2PbAVOoh4jGm8AgTz22Hv8t0grpj260AVixXAB2h29gaUq32Z4Wu3K3L2mRlwlMkd1vDxnNs8MLzVJa0JLOCfwsP3fbaEv-2tXYfLbxvX3UXjV4za85zL8WD2z8' @ http://localhost:3001/src/lib/util/state.ts:192
[  525988ms] [LOG] Registration successful, scope is: http://localhost:3001/ @ http://localhost:3001/src/routes/+layout.svelte:42
[  526021ms] [LOG] [plausible] render {diagramType: flowchart-v2, isRough: false, lengthBucket: 0-10, renderTimeMsBucket: 50-100} @ http://localhost:3001/src/lib/util/stats.ts:89
[  526631ms] [LOG] [plausible] version {mermaidVersion: 11.14.0} @ http://localhost:3001/src/lib/util/stats.ts:89
[  526700ms] [LOG] Loading 'pako:eNpFTsluwjAQ_RVrELeAIEsdfKiUgNQf6KmYwxDbSVQvyHHUpij_XpMKdU7ztpl3h8YJCQyUdl9Nhz6Q9xO36zVpnDHSBkYqfeuQDJ0btSBDwIn09qlyW50X_UI2m1dS1edaBrxEul6I4_kNjXkQQ5i0jAaieq3ZSqkmDiTQ-l4AC36UCRjpDT4g3LklhEPopJEcWFyFVDjqwIHbOcZuaD-cM8-kd2PbAVOoh4jGm8AgTz22Hv8t0grpj260AVixXAB2h29gaUq32Z4Wu3K3L2mRlwlMkd1vDxnNs8MLzVJa0JLOCfwsP3fbaEv-2tXYfLbxvX3UXjV4za85zL8WD2z8' @ http://localhost:3001/src/lib/util/state.ts:192
[  526753ms] [LOG] Registration successful, scope is: http://localhost:3001/ @ http://localhost:3001/src/routes/+layout.svelte:42
[  526786ms] [LOG] [plausible] render {diagramType: flowchart-v2, isRough: false, lengthBucket: 0-10, renderTimeMsBucket: 50-100} @ http://localhost:3001/src/lib/util/stats.ts:89
[  527382ms] [LOG] [plausible] version {mermaidVersion: 11.14.0} @ http://localhost:3001/src/lib/util/stats.ts:89
[  527439ms] [LOG] Loading 'pako:eNpFTsluwjAQ_RVrELeAIEsdfKiUgNQf6KmYwxDbSVQvyHHUpij_XpMKdU7ztpl3h8YJCQyUdl9Nhz6Q9xO36zVpnDHSBkYqfeuQDJ0btSBDwIn09qlyW50X_UI2m1dS1edaBrxEul6I4_kNjXkQQ5i0jAaieq3ZSqkmDiTQ-l4AC36UCRjpDT4g3LklhEPopJEcWFyFVDjqwIHbOcZuaD-cM8-kd2PbAVOoh4jGm8AgTz22Hv8t0grpj260AVixXAB2h29gaUq32Z4Wu3K3L2mRlwlMkd1vDxnNs8MLzVJa0JLOCfwsP3fbaEv-2tXYfLbxvX3UXjV4za85zL8WD2z8' @ http://localhost:3001/src/lib/util/state.ts:192
[  527493ms] [LOG] Registration successful, scope is: http://localhost:3001/ @ http://localhost:3001/src/routes/+layout.svelte:42
[  527535ms] [LOG] [plausible] render {diagramType: flowchart-v2, isRough: false, lengthBucket: 0-10, renderTimeMsBucket: 50-100} @ http://localhost:3001/src/lib/util/stats.ts:89
[  528140ms] [LOG] [plausible] version {mermaidVersion: 11.14.0} @ http://localhost:3001/src/lib/util/stats.ts:89
[  528206ms] [LOG] Loading 'pako:eNpFTsluwjAQ_RVrELeAIEsdfKiUgNQf6KmYwxDbSVQvyHHUpij_XpMKdU7ztpl3h8YJCQyUdl9Nhz6Q9xO36zVpnDHSBkYqfeuQDJ0btSBDwIn09qlyW50X_UI2m1dS1edaBrxEul6I4_kNjXkQQ5i0jAaieq3ZSqkmDiTQ-l4AC36UCRjpDT4g3LklhEPopJEcWFyFVDjqwIHbOcZuaD-cM8-kd2PbAVOoh4jGm8AgTz22Hv8t0grpj260AVixXAB2h29gaUq32Z4Wu3K3L2mRlwlMkd1vDxnNs8MLzVJa0JLOCfwsP3fbaEv-2tXYfLbxvX3UXjV4za85zL8WD2z8' @ http://localhost:3001/src/lib/util/state.ts:192
[  528252ms] [LOG] Registration successful, scope is: http://localhost:3001/ @ http://localhost:3001/src/routes/+layout.svelte:42
[  528286ms] [LOG] [plausible] render {diagramType: flowchart-v2, isRough: false, lengthBucket: 0-10, renderTimeMsBucket: 50-100} @ http://localhost:3001/src/lib/util/stats.ts:89
[  528877ms] [LOG] [plausible] version {mermaidVersion: 11.14.0} @ http://localhost:3001/src/lib/util/stats.ts:89
[  528938ms] [LOG] Loading 'pako:eNpFTsluwjAQ_RVrELeAIEsdfKiUgNQf6KmYwxDbSVQvyHHUpij_XpMKdU7ztpl3h8YJCQyUdl9Nhz6Q9xO36zVpnDHSBkYqfeuQDJ0btSBDwIn09qlyW50X_UI2m1dS1edaBrxEul6I4_kNjXkQQ5i0jAaieq3ZSqkmDiTQ-l4AC36UCRjpDT4g3LklhEPopJEcWFyFVDjqwIHbOcZuaD-cM8-kd2PbAVOoh4jGm8AgTz22Hv8t0grpj260AVixXAB2h29gaUq32Z4Wu3K3L2mRlwlMkd1vDxnNs8MLzVJa0JLOCfwsP3fbaEv-2tXYfLbxvX3UXjV4za85zL8WD2z8' @ http://localhost:3001/src/lib/util/state.ts:192
[  528982ms] [LOG] Registration successful, scope is: http://localhost:3001/ @ http://localhost:3001/src/routes/+layout.svelte:42
[  529016ms] [LOG] [plausible] render {diagramType: flowchart-v2, isRough: false, lengthBucket: 0-10, renderTimeMsBucket: 50-100} @ http://localhost:3001/src/lib/util/stats.ts:89
[  529599ms] [LOG] [plausible] version {mermaidVersion: 11.14.0} @ http://localhost:3001/src/lib/util/stats.ts:89
[  529667ms] [LOG] Loading 'pako:eNpFTsluwjAQ_RVrELeAIEsdfKiUgNQf6KmYwxDbSVQvyHHUpij_XpMKdU7ztpl3h8YJCQyUdl9Nhz6Q9xO36zVpnDHSBkYqfeuQDJ0btSBDwIn09qlyW50X_UI2m1dS1edaBrxEul6I4_kNjXkQQ5i0jAaieq3ZSqkmDiTQ-l4AC36UCRjpDT4g3LklhEPopJEcWFyFVDjqwIHbOcZuaD-cM8-kd2PbAVOoh4jGm8AgTz22Hv8t0grpj260AVixXAB2h29gaUq32Z4Wu3K3L2mRlwlMkd1vDxnNs8MLzVJa0JLOCfwsP3fbaEv-2tXYfLbxvX3UXjV4za85zL8WD2z8' @ http://localhost:3001/src/lib/util/state.ts:192
[  529717ms] [LOG] Registration successful, scope is: http://localhost:3001/ @ http://localhost:3001/src/routes/+layout.svelte:42
[  529753ms] [LOG] [plausible] render {diagramType: flowchart-v2, isRough: false, lengthBucket: 0-10, renderTimeMsBucket: 50-100} @ http://localhost:3001/src/lib/util/stats.ts:89
[  530327ms] [LOG] [plausible] version {mermaidVersion: 11.14.0} @ http://localhost:3001/src/lib/util/stats.ts:89
[  530395ms] [LOG] Loading 'pako:eNpFTsluwjAQ_RVrELeAIEsdfKiUgNQf6KmYwxDbSVQvyHHUpij_XpMKdU7ztpl3h8YJCQyUdl9Nhz6Q9xO36zVpnDHSBkYqfeuQDJ0btSBDwIn09qlyW50X_UI2m1dS1edaBrxEul6I4_kNjXkQQ5i0jAaieq3ZSqkmDiTQ-l4AC36UCRjpDT4g3LklhEPopJEcWFyFVDjqwIHbOcZuaD-cM8-kd2PbAVOoh4jGm8AgTz22Hv8t0grpj260AVixXAB2h29gaUq32Z4Wu3K3L2mRlwlMkd1vDxnNs8MLzVJa0JLOCfwsP3fbaEv-2tXYfLbxvX3UXjV4za85zL8WD2z8' @ http://localhost:3001/src/lib/util/state.ts:192
[  530449ms] [LOG] Registration successful, scope is: http://localhost:3001/ @ http://localhost:3001/src/routes/+layout.svelte:42
[  530482ms] [LOG] [plausible] render {diagramType: flowchart-v2, isRough: false, lengthBucket: 0-10, renderTimeMsBucket: 50-100} @ http://localhost:3001/src/lib/util/stats.ts:89
[  531057ms] [LOG] [plausible] version {mermaidVersion: 11.14.0} @ http://localhost:3001/src/lib/util/stats.ts:89
[  531120ms] [LOG] Loading 'pako:eNpFTsluwjAQ_RVrELeAIEsdfKiUgNQf6KmYwxDbSVQvyHHUpij_XpMKdU7ztpl3h8YJCQyUdl9Nhz6Q9xO36zVpnDHSBkYqfeuQDJ0btSBDwIn09qlyW50X_UI2m1dS1edaBrxEul6I4_kNjXkQQ5i0jAaieq3ZSqkmDiTQ-l4AC36UCRjpDT4g3LklhEPopJEcWFyFVDjqwIHbOcZuaD-cM8-kd2PbAVOoh4jGm8AgTz22Hv8t0grpj260AVixXAB2h29gaUq32Z4Wu3K3L2mRlwlMkd1vDxnNs8MLzVJa0JLOCfwsP3fbaEv-2tXYfLbxvX3UXjV4za85zL8WD2z8' @ http://localhost:3001/src/lib/util/state.ts:192
[  531179ms] [LOG] Registration successful, scope is: http://localhost:3001/ @ http://localhost:3001/src/routes/+layout.svelte:42
[  531217ms] [LOG] [plausible] render {diagramType: flowchart-v2, isRough: false, lengthBucket: 0-10, renderTimeMsBucket: 50-100} @ http://localhost:3001/src/lib/util/stats.ts:89
[  531783ms] [LOG] [plausible] version {mermaidVersion: 11.14.0} @ http://localhost:3001/src/lib/util/stats.ts:89
[  531846ms] [LOG] Loading 'pako:eNpFTsluwjAQ_RVrELeAIEsdfKiUgNQf6KmYwxDbSVQvyHHUpij_XpMKdU7ztpl3h8YJCQyUdl9Nhz6Q9xO36zVpnDHSBkYqfeuQDJ0btSBDwIn09qlyW50X_UI2m1dS1edaBrxEul6I4_kNjXkQQ5i0jAaieq3ZSqkmDiTQ-l4AC36UCRjpDT4g3LklhEPopJEcWFyFVDjqwIHbOcZuaD-cM8-kd2PbAVOoh4jGm8AgTz22Hv8t0grpj260AVixXAB2h29gaUq32Z4Wu3K3L2mRlwlMkd1vDxnNs8MLzVJa0JLOCfwsP3fbaEv-2tXYfLbxvX3UXjV4za85zL8WD2z8' @ http://localhost:3001/src/lib/util/state.ts:192
[  531896ms] [LOG] Registration successful, scope is: http://localhost:3001/ @ http://localhost:3001/src/routes/+layout.svelte:42
[  531931ms] [LOG] [plausible] render {diagramType: flowchart-v2, isRough: false, lengthBucket: 0-10, renderTimeMsBucket: 50-100} @ http://localhost:3001/src/lib/util/stats.ts:89
[  532553ms] [LOG] [plausible] version {mermaidVersion: 11.14.0} @ http://localhost:3001/src/lib/util/stats.ts:89
[  532618ms] [LOG] Loading 'pako:eNpFTsluwjAQ_RVrELeAIEsdfKiUgNQf6KmYwxDbSVQvyHHUpij_XpMKdU7ztpl3h8YJCQyUdl9Nhz6Q9xO36zVpnDHSBkYqfeuQDJ0btSBDwIn09qlyW50X_UI2m1dS1edaBrxEul6I4_kNjXkQQ5i0jAaieq3ZSqkmDiTQ-l4AC36UCRjpDT4g3LklhEPopJEcWFyFVDjqwIHbOcZuaD-cM8-kd2PbAVOoh4jGm8AgTz22Hv8t0grpj260AVixXAB2h29gaUq32Z4Wu3K3L2mRlwlMkd1vDxnNs8MLzVJa0JLOCfwsP3fbaEv-2tXYfLbxvX3UXjV4za85zL8WD2z8' @ http://localhost:3001/src/lib/util/state.ts:192
[  532676ms] [LOG] Registration successful, scope is: http://localhost:3001/ @ http://localhost:3001/src/routes/+layout.svelte:42
[  532716ms] [LOG] [plausible] render {diagramType: flowchart-v2, isRough: false, lengthBucket: 0-10, renderTimeMsBucket: 50-100} @ http://localhost:3001/src/lib/util/stats.ts:89
[  533293ms] [LOG] [plausible] version {mermaidVersion: 11.14.0} @ http://localhost:3001/src/lib/util/stats.ts:89
[  533362ms] [LOG] Loading 'pako:eNpFTsluwjAQ_RVrELeAIEsdfKiUgNQf6KmYwxDbSVQvyHHUpij_XpMKdU7ztpl3h8YJCQyUdl9Nhz6Q9xO36zVpnDHSBkYqfeuQDJ0btSBDwIn09qlyW50X_UI2m1dS1edaBrxEul6I4_kNjXkQQ5i0jAaieq3ZSqkmDiTQ-l4AC36UCRjpDT4g3LklhEPopJEcWFyFVDjqwIHbOcZuaD-cM8-kd2PbAVOoh4jGm8AgTz22Hv8t0grpj260AVixXAB2h29gaUq32Z4Wu3K3L2mRlwlMkd1vDxnNs8MLzVJa0JLOCfwsP3fbaEv-2tXYfLbxvX3UXjV4za85zL8WD2z8' @ http://localhost:3001/src/lib/util/state.ts:192
[  533413ms] [LOG] Registration successful, scope is: http://localhost:3001/ @ http://localhost:3001/src/routes/+layout.svelte:42
[  533450ms] [LOG] [plausible] render {diagramType: flowchart-v2, isRough: false, lengthBucket: 0-10, renderTimeMsBucket: 50-100} @ http://localhost:3001/src/lib/util/stats.ts:89
[  534029ms] [LOG] [plausible] version {mermaidVersion: 11.14.0} @ http://localhost:3001/src/lib/util/stats.ts:89
[  534091ms] [LOG] Loading 'pako:eNpFTsluwjAQ_RVrELeAIEsdfKiUgNQf6KmYwxDbSVQvyHHUpij_XpMKdU7ztpl3h8YJCQyUdl9Nhz6Q9xO36zVpnDHSBkYqfeuQDJ0btSBDwIn09qlyW50X_UI2m1dS1edaBrxEul6I4_kNjXkQQ5i0jAaieq3ZSqkmDiTQ-l4AC36UCRjpDT4g3LklhEPopJEcWFyFVDjqwIHbOcZuaD-cM8-kd2PbAVOoh4jGm8AgTz22Hv8t0grpj260AVixXAB2h29gaUq32Z4Wu3K3L2mRlwlMkd1vDxnNs8MLzVJa0JLOCfwsP3fbaEv-2tXYfLbxvX3UXjV4za85zL8WD2z8' @ http://localhost:3001/src/lib/util/state.ts:192
[  534137ms] [LOG] Registration successful, scope is: http://localhost:3001/ @ http://localhost:3001/src/routes/+layout.svelte:42
[  534173ms] [LOG] [plausible] render {diagramType: flowchart-v2, isRough: false, lengthBucket: 0-10, renderTimeMsBucket: 50-100} @ http://localhost:3001/src/lib/util/stats.ts:89
[  534804ms] [LOG] [plausible] version {mermaidVersion: 11.14.0} @ http://localhost:3001/src/lib/util/stats.ts:89
[  534869ms] [LOG] Loading 'pako:eNpFTsluwjAQ_RVrELeAIEsdfKiUgNQf6KmYwxDbSVQvyHHUpij_XpMKdU7ztpl3h8YJCQyUdl9Nhz6Q9xO36zVpnDHSBkYqfeuQDJ0btSBDwIn09qlyW50X_UI2m1dS1edaBrxEul6I4_kNjXkQQ5i0jAaieq3ZSqkmDiTQ-l4AC36UCRjpDT4g3LklhEPopJEcWFyFVDjqwIHbOcZuaD-cM8-kd2PbAVOoh4jGm8AgTz22Hv8t0grpj260AVixXAB2h29gaUq32Z4Wu3K3L2mRlwlMkd1vDxnNs8MLzVJa0JLOCfwsP3fbaEv-2tXYfLbxvX3UXjV4za85zL8WD2z8' @ http://localhost:3001/src/lib/util/state.ts:192
[  534920ms] [LOG] Registration successful, scope is: http://localhost:3001/ @ http://localhost:3001/src/routes/+layout.svelte:42
[  534969ms] [LOG] [plausible] render {diagramType: flowchart-v2, isRough: false, lengthBucket: 0-10, renderTimeMsBucket: 50-100} @ http://localhost:3001/src/lib/util/stats.ts:89
[  535596ms] [LOG] [plausible] version {mermaidVersion: 11.14.0} @ http://localhost:3001/src/lib/util/stats.ts:89
[  535665ms] [LOG] Loading 'pako:eNpFTsluwjAQ_RVrELeAIEsdfKiUgNQf6KmYwxDbSVQvyHHUpij_XpMKdU7ztpl3h8YJCQyUdl9Nhz6Q9xO36zVpnDHSBkYqfeuQDJ0btSBDwIn09qlyW50X_UI2m1dS1edaBrxEul6I4_kNjXkQQ5i0jAaieq3ZSqkmDiTQ-l4AC36UCRjpDT4g3LklhEPopJEcWFyFVDjqwIHbOcZuaD-cM8-kd2PbAVOoh4jGm8AgTz22Hv8t0grpj260AVixXAB2h29gaUq32Z4Wu3K3L2mRlwlMkd1vDxnNs8MLzVJa0JLOCfwsP3fbaEv-2tXYfLbxvX3UXjV4za85zL8WD2z8' @ http://localhost:3001/src/lib/util/state.ts:192
[  535715ms] [LOG] Registration successful, scope is: http://localhost:3001/ @ http://localhost:3001/src/routes/+layout.svelte:42
[  535764ms] [LOG] [plausible] render {diagramType: flowchart-v2, isRough: false, lengthBucket: 0-10, renderTimeMsBucket: 50-100} @ http://localhost:3001/src/lib/util/stats.ts:89
[  536384ms] [LOG] [plausible] version {mermaidVersion: 11.14.0} @ http://localhost:3001/src/lib/util/stats.ts:89
[  536449ms] [LOG] Loading 'pako:eNpFTsluwjAQ_RVrELeAIEsdfKiUgNQf6KmYwxDbSVQvyHHUpij_XpMKdU7ztpl3h8YJCQyUdl9Nhz6Q9xO36zVpnDHSBkYqfeuQDJ0btSBDwIn09qlyW50X_UI2m1dS1edaBrxEul6I4_kNjXkQQ5i0jAaieq3ZSqkmDiTQ-l4AC36UCRjpDT4g3LklhEPopJEcWFyFVDjqwIHbOcZuaD-cM8-kd2PbAVOoh4jGm8AgTz22Hv8t0grpj260AVixXAB2h29gaUq32Z4Wu3K3L2mRlwlMkd1vDxnNs8MLzVJa0JLOCfwsP3fbaEv-2tXYfLbxvX3UXjV4za85zL8WD2z8' @ http://localhost:3001/src/lib/util/state.ts:192
[  536493ms] [LOG] Registration successful, scope is: http://localhost:3001/ @ http://localhost:3001/src/routes/+layout.svelte:42
[  536530ms] [LOG] [plausible] render {diagramType: flowchart-v2, isRough: false, lengthBucket: 0-10, renderTimeMsBucket: 50-100} @ http://localhost:3001/src/lib/util/stats.ts:89
[  537150ms] [LOG] [plausible] version {mermaidVersion: 11.14.0} @ http://localhost:3001/src/lib/util/stats.ts:89
[  537201ms] [LOG] Loading 'pako:eNpFTsluwjAQ_RVrELeAIEsdfKiUgNQf6KmYwxDbSVQvyHHUpij_XpMKdU7ztpl3h8YJCQyUdl9Nhz6Q9xO36zVpnDHSBkYqfeuQDJ0btSBDwIn09qlyW50X_UI2m1dS1edaBrxEul6I4_kNjXkQQ5i0jAaieq3ZSqkmDiTQ-l4AC36UCRjpDT4g3LklhEPopJEcWFyFVDjqwIHbOcZuaD-cM8-kd2PbAVOoh4jGm8AgTz22Hv8t0grpj260AVixXAB2h29gaUq32Z4Wu3K3L2mRlwlMkd1vDxnNs8MLzVJa0JLOCfwsP3fbaEv-2tXYfLbxvX3UXjV4za85zL8WD2z8' @ http://localhost:3001/src/lib/util/state.ts:192
[  537296ms] [LOG] [plausible] render {diagramType: flowchart-v2, isRough: false, lengthBucket: 0-10, renderTimeMsBucket: 50-100} @ http://localhost:3001/src/lib/util/stats.ts:89
[  537305ms] [LOG] Registration successful, scope is: http://localhost:3001/ @ http://localhost:3001/src/routes/+layout.svelte:42
[  537992ms] [LOG] [plausible] version {mermaidVersion: 11.14.0} @ http://localhost:3001/src/lib/util/stats.ts:89
[  538102ms] [LOG] Loading 'pako:eNpFTsluwjAQ_RVrELeAIEsdfKiUgNQf6KmYwxDbSVQvyHHUpij_XpMKdU7ztpl3h8YJCQyUdl9Nhz6Q9xO36zVpnDHSBkYqfeuQDJ0btSBDwIn09qlyW50X_UI2m1dS1edaBrxEul6I4_kNjXkQQ5i0jAaieq3ZSqkmDiTQ-l4AC36UCRjpDT4g3LklhEPopJEcWFyFVDjqwIHbOcZuaD-cM8-kd2PbAVOoh4jGm8AgTz22Hv8t0grpj260AVixXAB2h29gaUq32Z4Wu3K3L2mRlwlMkd1vDxnNs8MLzVJa0JLOCfwsP3fbaEv-2tXYfLbxvX3UXjV4za85zL8WD2z8' @ http://localhost:3001/src/lib/util/state.ts:192
[  538160ms] [LOG] Registration successful, scope is: http://localhost:3001/ @ http://localhost:3001/src/routes/+layout.svelte:42
[  538205ms] [LOG] [plausible] render {diagramType: flowchart-v2, isRough: false, lengthBucket: 0-10, renderTimeMsBucket: 50-100} @ http://localhost:3001/src/lib/util/stats.ts:89
[  538893ms] [LOG] [plausible] version {mermaidVersion: 11.14.0} @ http://localhost:3001/src/lib/util/stats.ts:89
[  538964ms] [LOG] Loading 'pako:eNpFTsluwjAQ_RVrELeAIEsdfKiUgNQf6KmYwxDbSVQvyHHUpij_XpMKdU7ztpl3h8YJCQyUdl9Nhz6Q9xO36zVpnDHSBkYqfeuQDJ0btSBDwIn09qlyW50X_UI2m1dS1edaBrxEul6I4_kNjXkQQ5i0jAaieq3ZSqkmDiTQ-l4AC36UCRjpDT4g3LklhEPopJEcWFyFVDjqwIHbOcZuaD-cM8-kd2PbAVOoh4jGm8AgTz22Hv8t0grpj260AVixXAB2h29gaUq32Z4Wu3K3L2mRlwlMkd1vDxnNs8MLzVJa0JLOCfwsP3fbaEv-2tXYfLbxvX3UXjV4za85zL8WD2z8' @ http://localhost:3001/src/lib/util/state.ts:192
[  539015ms] [LOG] Registration successful, scope is: http://localhost:3001/ @ http://localhost:3001/src/routes/+layout.svelte:42
[  539051ms] [LOG] [plausible] render {diagramType: flowchart-v2, isRough: false, lengthBucket: 0-10, renderTimeMsBucket: 50-100} @ http://localhost:3001/src/lib/util/stats.ts:89
[  539685ms] [LOG] [plausible] version {mermaidVersion: 11.14.0} @ http://localhost:3001/src/lib/util/stats.ts:89
[  539749ms] [LOG] Loading 'pako:eNpFTsluwjAQ_RVrELeAIEsdfKiUgNQf6KmYwxDbSVQvyHHUpij_XpMKdU7ztpl3h8YJCQyUdl9Nhz6Q9xO36zVpnDHSBkYqfeuQDJ0btSBDwIn09qlyW50X_UI2m1dS1edaBrxEul6I4_kNjXkQQ5i0jAaieq3ZSqkmDiTQ-l4AC36UCRjpDT4g3LklhEPopJEcWFyFVDjqwIHbOcZuaD-cM8-kd2PbAVOoh4jGm8AgTz22Hv8t0grpj260AVixXAB2h29gaUq32Z4Wu3K3L2mRlwlMkd1vDxnNs8MLzVJa0JLOCfwsP3fbaEv-2tXYfLbxvX3UXjV4za85zL8WD2z8' @ http://localhost:3001/src/lib/util/state.ts:192
[  539800ms] [LOG] Registration successful, scope is: http://localhost:3001/ @ http://localhost:3001/src/routes/+layout.svelte:42
[  539846ms] [LOG] [plausible] render {diagramType: flowchart-v2, isRough: false, lengthBucket: 0-10, renderTimeMsBucket: 50-100} @ http://localhost:3001/src/lib/util/stats.ts:89
[  540500ms] [LOG] [plausible] version {mermaidVersion: 11.14.0} @ http://localhost:3001/src/lib/util/stats.ts:89
[  540564ms] [LOG] Loading 'pako:eNpFTsluwjAQ_RVrELeAIEsdfKiUgNQf6KmYwxDbSVQvyHHUpij_XpMKdU7ztpl3h8YJCQyUdl9Nhz6Q9xO36zVpnDHSBkYqfeuQDJ0btSBDwIn09qlyW50X_UI2m1dS1edaBrxEul6I4_kNjXkQQ5i0jAaieq3ZSqkmDiTQ-l4AC36UCRjpDT4g3LklhEPopJEcWFyFVDjqwIHbOcZuaD-cM8-kd2PbAVOoh4jGm8AgTz22Hv8t0grpj260AVixXAB2h29gaUq32Z4Wu3K3L2mRlwlMkd1vDxnNs8MLzVJa0JLOCfwsP3fbaEv-2tXYfLbxvX3UXjV4za85zL8WD2z8' @ http://localhost:3001/src/lib/util/state.ts:192
[  540618ms] [LOG] Registration successful, scope is: http://localhost:3001/ @ http://localhost:3001/src/routes/+layout.svelte:42
[  540665ms] [LOG] [plausible] render {diagramType: flowchart-v2, isRough: false, lengthBucket: 0-10, renderTimeMsBucket: 50-100} @ http://localhost:3001/src/lib/util/stats.ts:89
[  541255ms] [LOG] [plausible] version {mermaidVersion: 11.14.0} @ http://localhost:3001/src/lib/util/stats.ts:89
[  541321ms] [LOG] Loading 'pako:eNpFTsluwjAQ_RVrELeAIEsdfKiUgNQf6KmYwxDbSVQvyHHUpij_XpMKdU7ztpl3h8YJCQyUdl9Nhz6Q9xO36zVpnDHSBkYqfeuQDJ0btSBDwIn09qlyW50X_UI2m1dS1edaBrxEul6I4_kNjXkQQ5i0jAaieq3ZSqkmDiTQ-l4AC36UCRjpDT4g3LklhEPopJEcWFyFVDjqwIHbOcZuaD-cM8-kd2PbAVOoh4jGm8AgTz22Hv8t0grpj260AVixXAB2h29gaUq32Z4Wu3K3L2mRlwlMkd1vDxnNs8MLzVJa0JLOCfwsP3fbaEv-2tXYfLbxvX3UXjV4za85zL8WD2z8' @ http://localhost:3001/src/lib/util/state.ts:192
[  541374ms] [LOG] Registration successful, scope is: http://localhost:3001/ @ http://localhost:3001/src/routes/+layout.svelte:42
[  541418ms] [LOG] [plausible] render {diagramType: flowchart-v2, isRough: false, lengthBucket: 0-10, renderTimeMsBucket: 50-100} @ http://localhost:3001/src/lib/util/stats.ts:89
[  541982ms] [LOG] [plausible] version {mermaidVersion: 11.14.0} @ http://localhost:3001/src/lib/util/stats.ts:89
[  542050ms] [LOG] Loading 'pako:eNpFTsluwjAQ_RVrELeAIEsdfKiUgNQf6KmYwxDbSVQvyHHUpij_XpMKdU7ztpl3h8YJCQyUdl9Nhz6Q9xO36zVpnDHSBkYqfeuQDJ0btSBDwIn09qlyW50X_UI2m1dS1edaBrxEul6I4_kNjXkQQ5i0jAaieq3ZSqkmDiTQ-l4AC36UCRjpDT4g3LklhEPopJEcWFyFVDjqwIHbOcZuaD-cM8-kd2PbAVOoh4jGm8AgTz22Hv8t0grpj260AVixXAB2h29gaUq32Z4Wu3K3L2mRlwlMkd1vDxnNs8MLzVJa0JLOCfwsP3fbaEv-2tXYfLbxvX3UXjV4za85zL8WD2z8' @ http://localhost:3001/src/lib/util/state.ts:192
[  542103ms] [LOG] Registration successful, scope is: http://localhost:3001/ @ http://localhost:3001/src/routes/+layout.svelte:42
[  542151ms] [LOG] [plausible] render {diagramType: flowchart-v2, isRough: false, lengthBucket: 0-10, renderTimeMsBucket: 50-100} @ http://localhost:3001/src/lib/util/stats.ts:89
