[    1056ms] [LOG] [plausible] version {mermaidVersion: 11.14.0} @ http://localhost:3001/src/lib/util/stats.ts:89
[    1212ms] [LOG] Loading '' @ http://localhost:3001/src/lib/util/state.ts:192
[    1314ms] [LOG] Registration successful, scope is: http://localhost:3001/ @ http://localhost:3001/src/routes/+layout.svelte:42
[    2404ms] [LOG] [plausible] version {mermaidVersion: 11.14.0} @ http://localhost:3001/src/lib/util/stats.ts:89
[    2494ms] [LOG] Loading '' @ http://localhost:3001/src/lib/util/state.ts:192
[    2567ms] [LOG] Registration successful, scope is: http://localhost:3001/ @ http://localhost:3001/src/routes/+layout.svelte:42
[    3259ms] [LOG] [plausible] version {mermaidVersion: 11.14.0} @ http://localhost:3001/src/lib/util/stats.ts:89
[    3321ms] [LOG] Loading '' @ http://localhost:3001/src/lib/util/state.ts:192
[    3378ms] [LOG] Registration successful, scope is: http://localhost:3001/ @ http://localhost:3001/src/routes/+layout.svelte:42
[    3435ms] [LOG] [plausible] render {diagramType: flowchart-v2, isRough: false, lengthBucket: 0-10, renderTimeMsBucket: 50-100} @ http://localhost:3001/src/lib/util/stats.ts:89
[    4032ms] [LOG] [plausible] version {mermaidVersion: 11.14.0} @ http://localhost:3001/src/lib/util/stats.ts:89
[    4101ms] [LOG] Loading '' @ http://localhost:3001/src/lib/util/state.ts:192
[    4146ms] [LOG] Registration successful, scope is: http://localhost:3001/ @ http://localhost:3001/src/routes/+layout.svelte:42
[    4182ms] [LOG] [plausible] render {diagramType: flowchart-v2, isRough: false, lengthBucket: 0-10, renderTimeMsBucket: 50-100} @ http://localhost:3001/src/lib/util/stats.ts:89
[    4769ms] [LOG] [plausible] version {mermaidVersion: 11.14.0} @ http://localhost:3001/src/lib/util/stats.ts:89
[    4839ms] [LOG] Loading '' @ http://localhost:3001/src/lib/util/state.ts:192
[    4892ms] [LOG] Registration successful, scope is: http://localhost:3001/ @ http://localhost:3001/src/routes/+layout.svelte:42
[    4936ms] [LOG] [plausible] render {diagramType: flowchart-v2, isRough: false, lengthBucket: 0-10, renderTimeMsBucket: 50-100} @ http://localhost:3001/src/lib/util/stats.ts:89
[    5511ms] [LOG] [plausible] version {mermaidVersion: 11.14.0} @ http://localhost:3001/src/lib/util/stats.ts:89
[    5574ms] [LOG] Loading '' @ http://localhost:3001/src/lib/util/state.ts:192
[    5630ms] [LOG] Registration successful, scope is: http://localhost:3001/ @ http://localhost:3001/src/routes/+layout.svelte:42
[    5691ms] [LOG] [plausible] render {diagramType: flowchart-v2, isRough: false, lengthBucket: 0-10, renderTimeMsBucket: 50-100} @ http://localhost:3001/src/lib/util/stats.ts:89
[    6247ms] [LOG] [plausible] version {mermaidVersion: 11.14.0} @ http://localhost:3001/src/lib/util/stats.ts:89
[    6308ms] [LOG] Loading '' @ http://localhost:3001/src/lib/util/state.ts:192
[    6364ms] [LOG] Registration successful, scope is: http://localhost:3001/ @ http://localhost:3001/src/routes/+layout.svelte:42
[    6405ms] [LOG] [plausible] render {diagramType: flowchart-v2, isRough: false, lengthBucket: 0-10, renderTimeMsBucket: 50-100} @ http://localhost:3001/src/lib/util/stats.ts:89
[    6937ms] [LOG] [plausible] version {mermaidVersion: 11.14.0} @ http://localhost:3001/src/lib/util/stats.ts:89
[    7009ms] [LOG] Loading '' @ http://localhost:3001/src/lib/util/state.ts:192
[    7063ms] [LOG] Registration successful, scope is: http://localhost:3001/ @ http://localhost:3001/src/routes/+layout.svelte:42
[    7097ms] [LOG] [plausible] render {diagramType: flowchart-v2, isRough: false, lengthBucket: 0-10, renderTimeMsBucket: 50-100} @ http://localhost:3001/src/lib/util/stats.ts:89
[    7696ms] [LOG] [plausible] version {mermaidVersion: 11.14.0} @ http://localhost:3001/src/lib/util/stats.ts:89
[    7761ms] [LOG] Loading '' @ http://localhost:3001/src/lib/util/state.ts:192
[    7820ms] [LOG] Registration successful, scope is: http://localhost:3001/ @ http://localhost:3001/src/routes/+layout.svelte:42
[    7862ms] [LOG] [plausible] render {diagramType: flowchart-v2, isRough: false, lengthBucket: 0-10, renderTimeMsBucket: 50-100} @ http://localhost:3001/src/lib/util/stats.ts:89
[    8404ms] [LOG] [plausible] version {mermaidVersion: 11.14.0} @ http://localhost:3001/src/lib/util/stats.ts:89
[    8466ms] [LOG] Loading '' @ http://localhost:3001/src/lib/util/state.ts:192
[    8525ms] [LOG] Registration successful, scope is: http://localhost:3001/ @ http://localhost:3001/src/routes/+layout.svelte:42
[    8593ms] [LOG] [plausible] render {diagramType: flowchart-v2, isRough: false, lengthBucket: 0-10, renderTimeMsBucket: 100-200} @ http://localhost:3001/src/lib/util/stats.ts:89
[    9175ms] [LOG] [plausible] version {mermaidVersion: 11.14.0} @ http://localhost:3001/src/lib/util/stats.ts:89
[    9239ms] [LOG] Loading '' @ http://localhost:3001/src/lib/util/state.ts:192
[    9299ms] [LOG] Registration successful, scope is: http://localhost:3001/ @ http://localhost:3001/src/routes/+layout.svelte:42
[    9361ms] [LOG] [plausible] render {diagramType: flowchart-v2, isRough: false, lengthBucket: 0-10, renderTimeMsBucket: 50-100} @ http://localhost:3001/src/lib/util/stats.ts:89
[    9985ms] [LOG] [plausible] version {mermaidVersion: 11.14.0} @ http://localhost:3001/src/lib/util/stats.ts:89
[   10057ms] [LOG] Loading '' @ http://localhost:3001/src/lib/util/state.ts:192
[   10110ms] [LOG] Registration successful, scope is: http://localhost:3001/ @ http://localhost:3001/src/routes/+layout.svelte:42
[   10148ms] [LOG] [plausible] render {diagramType: flowchart-v2, isRough: false, lengthBucket: 0-10, renderTimeMsBucket: 50-100} @ http://localhost:3001/src/lib/util/stats.ts:89
[   10728ms] [LOG] [plausible] version {mermaidVersion: 11.14.0} @ http://localhost:3001/src/lib/util/stats.ts:89
[   10792ms] [LOG] Loading '' @ http://localhost:3001/src/lib/util/state.ts:192
[   10850ms] [LOG] Registration successful, scope is: http://localhost:3001/ @ http://localhost:3001/src/routes/+layout.svelte:42
[   10885ms] [LOG] [plausible] render {diagramType: flowchart-v2, isRough: false, lengthBucket: 0-10, renderTimeMsBucket: 50-100} @ http://localhost:3001/src/lib/util/stats.ts:89
[   11446ms] [LOG] [plausible] version {mermaidVersion: 11.14.0} @ http://localhost:3001/src/lib/util/stats.ts:89
[   11505ms] [LOG] Loading '' @ http://localhost:3001/src/lib/util/state.ts:192
[   11563ms] [LOG] Registration successful, scope is: http://localhost:3001/ @ http://localhost:3001/src/routes/+layout.svelte:42
[   11602ms] [LOG] [plausible] render {diagramType: flowchart-v2, isRough: false, lengthBucket: 0-10, renderTimeMsBucket: 50-100} @ http://localhost:3001/src/lib/util/stats.ts:89
[   12158ms] [LOG] [plausible] version {mermaidVersion: 11.14.0} @ http://localhost:3001/src/lib/util/stats.ts:89
[   12211ms] [LOG] Loading '' @ http://localhost:3001/src/lib/util/state.ts:192
[   12263ms] [LOG] Registration successful, scope is: http://localhost:3001/ @ http://localhost:3001/src/routes/+layout.svelte:42
[   12299ms] [LOG] [plausible] render {diagramType: flowchart-v2, isRough: false, lengthBucket: 0-10, renderTimeMsBucket: 50-100} @ http://localhost:3001/src/lib/util/stats.ts:89
[   12858ms] [LOG] [plausible] version {mermaidVersion: 11.14.0} @ http://localhost:3001/src/lib/util/stats.ts:89
[   12925ms] [LOG] Loading '' @ http://localhost:3001/src/lib/util/state.ts:192
[   12978ms] [LOG] Registration successful, scope is: http://localhost:3001/ @ http://localhost:3001/src/routes/+layout.svelte:42
[   13012ms] [LOG] [plausible] render {diagramType: flowchart-v2, isRough: false, lengthBucket: 0-10, renderTimeMsBucket: 50-100} @ http://localhost:3001/src/lib/util/stats.ts:89
[   13564ms] [LOG] [plausible] version {mermaidVersion: 11.14.0} @ http://localhost:3001/src/lib/util/stats.ts:89
[   13627ms] [LOG] Loading '' @ http://localhost:3001/src/lib/util/state.ts:192
[   13666ms] [LOG] Registration successful, scope is: http://localhost:3001/ @ http://localhost:3001/src/routes/+layout.svelte:42
[   13714ms] [LOG] [plausible] render {diagramType: flowchart-v2, isRough: false, lengthBucket: 0-10, renderTimeMsBucket: 50-100} @ http://localhost:3001/src/lib/util/stats.ts:89
[   14323ms] [LOG] [plausible] version {mermaidVersion: 11.14.0} @ http://localhost:3001/src/lib/util/stats.ts:89
[   14391ms] [LOG] Loading '' @ http://localhost:3001/src/lib/util/state.ts:192
[   14434ms] [LOG] Registration successful, scope is: http://localhost:3001/ @ http://localhost:3001/src/routes/+layout.svelte:42
[   14466ms] [LOG] [plausible] render {diagramType: flowchart-v2, isRough: false, lengthBucket: 0-10, renderTimeMsBucket: 50-100} @ http://localhost:3001/src/lib/util/stats.ts:89
[   15061ms] [LOG] [plausible] version {mermaidVersion: 11.14.0} @ http://localhost:3001/src/lib/util/stats.ts:89
[   15127ms] [LOG] Loading '' @ http://localhost:3001/src/lib/util/state.ts:192
[   15183ms] [LOG] Registration successful, scope is: http://localhost:3001/ @ http://localhost:3001/src/routes/+layout.svelte:42
[   15230ms] [LOG] [plausible] render {diagramType: flowchart-v2, isRough: false, lengthBucket: 0-10, renderTimeMsBucket: 50-100} @ http://localhost:3001/src/lib/util/stats.ts:89
[   15803ms] [LOG] [plausible] version {mermaidVersion: 11.14.0} @ http://localhost:3001/src/lib/util/stats.ts:89
[   15867ms] [LOG] Loading '' @ http://localhost:3001/src/lib/util/state.ts:192
[   15924ms] [LOG] Registration successful, scope is: http://localhost:3001/ @ http://localhost:3001/src/routes/+layout.svelte:42
[   15961ms] [LOG] [plausible] render {diagramType: flowchart-v2, isRough: false, lengthBucket: 0-10, renderTimeMsBucket: 50-100} @ http://localhost:3001/src/lib/util/stats.ts:89
[   16522ms] [LOG] [plausible] version {mermaidVersion: 11.14.0} @ http://localhost:3001/src/lib/util/stats.ts:89
[   16586ms] [LOG] Loading '' @ http://localhost:3001/src/lib/util/state.ts:192
[   16643ms] [LOG] Registration successful, scope is: http://localhost:3001/ @ http://localhost:3001/src/routes/+layout.svelte:42
[   16690ms] [LOG] [plausible] render {diagramType: flowchart-v2, isRough: false, lengthBucket: 0-10, renderTimeMsBucket: 50-100} @ http://localhost:3001/src/lib/util/stats.ts:89
[   18182ms] [LOG] [plausible] version {mermaidVersion: 11.14.0} @ http://localhost:3001/src/lib/util/stats.ts:89
[   18243ms] [LOG] Loading '' @ http://localhost:3001/src/lib/util/state.ts:192
[   18302ms] [LOG] Registration successful, scope is: http://localhost:3001/ @ http://localhost:3001/src/routes/+layout.svelte:42
[   18352ms] [LOG] [plausible] render {diagramType: flowchart-v2, isRough: false, lengthBucket: 0-10, renderTimeMsBucket: 50-100} @ http://localhost:3001/src/lib/util/stats.ts:89
[   18916ms] [LOG] [plausible] version {mermaidVersion: 11.14.0} @ http://localhost:3001/src/lib/util/stats.ts:89
[   18992ms] [LOG] Loading '' @ http://localhost:3001/src/lib/util/state.ts:192
[   19048ms] [LOG] Registration successful, scope is: http://localhost:3001/ @ http://localhost:3001/src/routes/+layout.svelte:42
[   19092ms] [LOG] [plausible] render {diagramType: flowchart-v2, isRough: false, lengthBucket: 0-10, renderTimeMsBucket: 50-100} @ http://localhost:3001/src/lib/util/stats.ts:89
[   19656ms] [LOG] [plausible] version {mermaidVersion: 11.14.0} @ http://localhost:3001/src/lib/util/stats.ts:89
[   19728ms] [LOG] Loading '' @ http://localhost:3001/src/lib/util/state.ts:192
[   19786ms] [LOG] Registration successful, scope is: http://localhost:3001/ @ http://localhost:3001/src/routes/+layout.svelte:42
[   19828ms] [LOG] [plausible] render {diagramType: flowchart-v2, isRough: false, lengthBucket: 0-10, renderTimeMsBucket: 50-100} @ http://localhost:3001/src/lib/util/stats.ts:89
[   20473ms] [LOG] [plausible] version {mermaidVersion: 11.14.0} @ http://localhost:3001/src/lib/util/stats.ts:89
[   20544ms] [LOG] Loading '' @ http://localhost:3001/src/lib/util/state.ts:192
[   20597ms] [LOG] Registration successful, scope is: http://localhost:3001/ @ http://localhost:3001/src/routes/+layout.svelte:42
[   20634ms] [LOG] [plausible] render {diagramType: flowchart-v2, isRough: false, lengthBucket: 0-10, renderTimeMsBucket: 50-100} @ http://localhost:3001/src/lib/util/stats.ts:89
[   21218ms] [LOG] [plausible] version {mermaidVersion: 11.14.0} @ http://localhost:3001/src/lib/util/stats.ts:89
[   21289ms] [LOG] Loading '' @ http://localhost:3001/src/lib/util/state.ts:192
[   21344ms] [LOG] Registration successful, scope is: http://localhost:3001/ @ http://localhost:3001/src/routes/+layout.svelte:42
[   21383ms] [LOG] [plausible] render {diagramType: flowchart-v2, isRough: false, lengthBucket: 0-10, renderTimeMsBucket: 50-100} @ http://localhost:3001/src/lib/util/stats.ts:89
[   21812ms] [LOG] [plausible] version {mermaidVersion: 11.14.0} @ http://localhost:3001/src/lib/util/stats.ts:89
[   21860ms] [LOG] Loading '' @ http://localhost:3001/src/lib/util/state.ts:192
[   21907ms] [LOG] Registration successful, scope is: http://localhost:3001/ @ http://localhost:3001/src/routes/+layout.svelte:42
[   21939ms] [LOG] [plausible] render {diagramType: flowchart-v2, isRough: false, lengthBucket: 0-10, renderTimeMsBucket: 50-100} @ http://localhost:3001/src/lib/util/stats.ts:89
[   22394ms] [LOG] [plausible] version {mermaidVersion: 11.14.0} @ http://localhost:3001/src/lib/util/stats.ts:89
[   22441ms] [LOG] Loading '' @ http://localhost:3001/src/lib/util/state.ts:192
[   22480ms] [LOG] Registration successful, scope is: http://localhost:3001/ @ http://localhost:3001/src/routes/+layout.svelte:42
[   22516ms] [LOG] [plausible] render {diagramType: flowchart-v2, isRough: false, lengthBucket: 0-10, renderTimeMsBucket: 50-100} @ http://localhost:3001/src/lib/util/stats.ts:89
[   22939ms] [LOG] [plausible] version {mermaidVersion: 11.14.0} @ http://localhost:3001/src/lib/util/stats.ts:89
[   22988ms] [LOG] Loading '' @ http://localhost:3001/src/lib/util/state.ts:192
[   23024ms] [LOG] Registration successful, scope is: http://localhost:3001/ @ http://localhost:3001/src/routes/+layout.svelte:42
[   23062ms] [LOG] [plausible] render {diagramType: flowchart-v2, isRough: false, lengthBucket: 0-10, renderTimeMsBucket: 50-100} @ http://localhost:3001/src/lib/util/stats.ts:89
[   23513ms] [LOG] [plausible] version {mermaidVersion: 11.14.0} @ http://localhost:3001/src/lib/util/stats.ts:89
[   23560ms] [LOG] Loading '' @ http://localhost:3001/src/lib/util/state.ts:192
[   23595ms] [LOG] Registration successful, scope is: http://localhost:3001/ @ http://localhost:3001/src/routes/+layout.svelte:42
[   23627ms] [LOG] [plausible] render {diagramType: flowchart-v2, isRough: false, lengthBucket: 0-10, renderTimeMsBucket: 25-50} @ http://localhost:3001/src/lib/util/stats.ts:89
[   24073ms] [LOG] [plausible] version {mermaidVersion: 11.14.0} @ http://localhost:3001/src/lib/util/stats.ts:89
[   24133ms] [LOG] Loading '' @ http://localhost:3001/src/lib/util/state.ts:192
[   24192ms] [LOG] Registration successful, scope is: http://localhost:3001/ @ http://localhost:3001/src/routes/+layout.svelte:42
[   24235ms] [LOG] [plausible] render {diagramType: flowchart-v2, isRough: false, lengthBucket: 0-10, renderTimeMsBucket: 50-100} @ http://localhost:3001/src/lib/util/stats.ts:89
[   24849ms] [LOG] [plausible] version {mermaidVersion: 11.14.0} @ http://localhost:3001/src/lib/util/stats.ts:89
[   24918ms] [LOG] Loading '' @ http://localhost:3001/src/lib/util/state.ts:192
[   24971ms] [LOG] Registration successful, scope is: http://localhost:3001/ @ http://localhost:3001/src/routes/+layout.svelte:42
[   25018ms] [LOG] [plausible] render {diagramType: flowchart-v2, isRough: false, lengthBucket: 0-10, renderTimeMsBucket: 50-100} @ http://localhost:3001/src/lib/util/stats.ts:89
[   25578ms] [LOG] [plausible] version {mermaidVersion: 11.14.0} @ http://localhost:3001/src/lib/util/stats.ts:89
[   25635ms] [LOG] Loading '' @ http://localhost:3001/src/lib/util/state.ts:192
[   25678ms] [LOG] Registration successful, scope is: http://localhost:3001/ @ http://localhost:3001/src/routes/+layout.svelte:42
[   25710ms] [LOG] [plausible] render {diagramType: flowchart-v2, isRough: false, lengthBucket: 0-10, renderTimeMsBucket: 50-100} @ http://localhost:3001/src/lib/util/stats.ts:89
[   26297ms] [LOG] [plausible] version {mermaidVersion: 11.14.0} @ http://localhost:3001/src/lib/util/stats.ts:89
[   26357ms] [LOG] Loading '' @ http://localhost:3001/src/lib/util/state.ts:192
[   26411ms] [LOG] Registration successful, scope is: http://localhost:3001/ @ http://localhost:3001/src/routes/+layout.svelte:42
[   26447ms] [LOG] [plausible] render {diagramType: flowchart-v2, isRough: false, lengthBucket: 0-10, renderTimeMsBucket: 50-100} @ http://localhost:3001/src/lib/util/stats.ts:89
[   26981ms] [LOG] [plausible] version {mermaidVersion: 11.14.0} @ http://localhost:3001/src/lib/util/stats.ts:89
[   27044ms] [LOG] Loading '' @ http://localhost:3001/src/lib/util/state.ts:192
[   27101ms] [LOG] Registration successful, scope is: http://localhost:3001/ @ http://localhost:3001/src/routes/+layout.svelte:42
[   27144ms] [LOG] [plausible] render {diagramType: flowchart-v2, isRough: false, lengthBucket: 0-10, renderTimeMsBucket: 50-100} @ http://localhost:3001/src/lib/util/stats.ts:89
[   27747ms] [LOG] [plausible] version {mermaidVersion: 11.14.0} @ http://localhost:3001/src/lib/util/stats.ts:89
[   27814ms] [LOG] Loading '' @ http://localhost:3001/src/lib/util/state.ts:192
[   27868ms] [LOG] Registration successful, scope is: http://localhost:3001/ @ http://localhost:3001/src/routes/+layout.svelte:42
[   27904ms] [LOG] [plausible] render {diagramType: flowchart-v2, isRough: false, lengthBucket: 0-10, renderTimeMsBucket: 50-100} @ http://localhost:3001/src/lib/util/stats.ts:89
[   28474ms] [LOG] [plausible] version {mermaidVersion: 11.14.0} @ http://localhost:3001/src/lib/util/stats.ts:89
[   28542ms] [LOG] Loading '' @ http://localhost:3001/src/lib/util/state.ts:192
[   28596ms] [LOG] Registration successful, scope is: http://localhost:3001/ @ http://localhost:3001/src/routes/+layout.svelte:42
[   28637ms] [LOG] [plausible] render {diagramType: flowchart-v2, isRough: false, lengthBucket: 0-10, renderTimeMsBucket: 50-100} @ http://localhost:3001/src/lib/util/stats.ts:89
[   29201ms] [LOG] [plausible] version {mermaidVersion: 11.14.0} @ http://localhost:3001/src/lib/util/stats.ts:89
[   29259ms] [LOG] Loading '' @ http://localhost:3001/src/lib/util/state.ts:192
[   29319ms] [LOG] Registration successful, scope is: http://localhost:3001/ @ http://localhost:3001/src/routes/+layout.svelte:42
[   29359ms] [LOG] [plausible] render {diagramType: flowchart-v2, isRough: false, lengthBucket: 0-10, renderTimeMsBucket: 50-100} @ http://localhost:3001/src/lib/util/stats.ts:89
[   29937ms] [LOG] [plausible] version {mermaidVersion: 11.14.0} @ http://localhost:3001/src/lib/util/stats.ts:89
[   30001ms] [LOG] Loading '' @ http://localhost:3001/src/lib/util/state.ts:192
[   30051ms] [LOG] Registration successful, scope is: http://localhost:3001/ @ http://localhost:3001/src/routes/+layout.svelte:42
[   30102ms] [LOG] [plausible] render {diagramType: flowchart-v2, isRough: false, lengthBucket: 0-10, renderTimeMsBucket: 50-100} @ http://localhost:3001/src/lib/util/stats.ts:89
[   30673ms] [LOG] [plausible] version {mermaidVersion: 11.14.0} @ http://localhost:3001/src/lib/util/stats.ts:89
[   30735ms] [LOG] Loading '' @ http://localhost:3001/src/lib/util/state.ts:192
[   30792ms] [LOG] Registration successful, scope is: http://localhost:3001/ @ http://localhost:3001/src/routes/+layout.svelte:42
[   30852ms] [LOG] [plausible] render {diagramType: flowchart-v2, isRough: false, lengthBucket: 0-10, renderTimeMsBucket: 50-100} @ http://localhost:3001/src/lib/util/stats.ts:89
[   31459ms] [LOG] [plausible] version {mermaidVersion: 11.14.0} @ http://localhost:3001/src/lib/util/stats.ts:89
[   31527ms] [LOG] Loading '' @ http://localhost:3001/src/lib/util/state.ts:192
[   31584ms] [LOG] Registration successful, scope is: http://localhost:3001/ @ http://localhost:3001/src/routes/+layout.svelte:42
[   31630ms] [LOG] [plausible] render {diagramType: flowchart-v2, isRough: false, lengthBucket: 0-10, renderTimeMsBucket: 50-100} @ http://localhost:3001/src/lib/util/stats.ts:89
[   32275ms] [LOG] [plausible] version {mermaidVersion: 11.14.0} @ http://localhost:3001/src/lib/util/stats.ts:89
[   32347ms] [LOG] Loading '' @ http://localhost:3001/src/lib/util/state.ts:192
[   32408ms] [LOG] Registration successful, scope is: http://localhost:3001/ @ http://localhost:3001/src/routes/+layout.svelte:42
[   32451ms] [LOG] [plausible] render {diagramType: flowchart-v2, isRough: false, lengthBucket: 0-10, renderTimeMsBucket: 50-100} @ http://localhost:3001/src/lib/util/stats.ts:89
[   33862ms] [LOG] [plausible] version {mermaidVersion: 11.14.0} @ http://localhost:3001/src/lib/util/stats.ts:89
[   33931ms] [LOG] Loading '' @ http://localhost:3001/src/lib/util/state.ts:192
[   33993ms] [LOG] Registration successful, scope is: http://localhost:3001/ @ http://localhost:3001/src/routes/+layout.svelte:42
[   34042ms] [LOG] [plausible] render {diagramType: flowchart-v2, isRough: false, lengthBucket: 0-10, renderTimeMsBucket: 50-100} @ http://localhost:3001/src/lib/util/stats.ts:89
[   34694ms] [LOG] [plausible] version {mermaidVersion: 11.14.0} @ http://localhost:3001/src/lib/util/stats.ts:89
[   34767ms] [LOG] Loading '' @ http://localhost:3001/src/lib/util/state.ts:192
[   34818ms] [LOG] Registration successful, scope is: http://localhost:3001/ @ http://localhost:3001/src/routes/+layout.svelte:42
[   34855ms] [LOG] [plausible] render {diagramType: flowchart-v2, isRough: false, lengthBucket: 0-10, renderTimeMsBucket: 50-100} @ http://localhost:3001/src/lib/util/stats.ts:89
[   35439ms] [LOG] [plausible] version {mermaidVersion: 11.14.0} @ http://localhost:3001/src/lib/util/stats.ts:89
[   35504ms] [LOG] Loading '' @ http://localhost:3001/src/lib/util/state.ts:192
[   35558ms] [LOG] Registration successful, scope is: http://localhost:3001/ @ http://localhost:3001/src/routes/+layout.svelte:42
[   35606ms] [LOG] [plausible] render {diagramType: flowchart-v2, isRough: false, lengthBucket: 0-10, renderTimeMsBucket: 50-100} @ http://localhost:3001/src/lib/util/stats.ts:89
[   36191ms] [LOG] [plausible] version {mermaidVersion: 11.14.0} @ http://localhost:3001/src/lib/util/stats.ts:89
[   36261ms] [LOG] Loading '' @ http://localhost:3001/src/lib/util/state.ts:192
[   36322ms] [LOG] Registration successful, scope is: http://localhost:3001/ @ http://localhost:3001/src/routes/+layout.svelte:42
[   36363ms] [LOG] [plausible] render {diagramType: flowchart-v2, isRough: false, lengthBucket: 0-10, renderTimeMsBucket: 50-100} @ http://localhost:3001/src/lib/util/stats.ts:89
[   36944ms] [LOG] [plausible] version {mermaidVersion: 11.14.0} @ http://localhost:3001/src/lib/util/stats.ts:89
[   37014ms] [LOG] Loading '' @ http://localhost:3001/src/lib/util/state.ts:192
[   37069ms] [LOG] Registration successful, scope is: http://localhost:3001/ @ http://localhost:3001/src/routes/+layout.svelte:42
[   37106ms] [LOG] [plausible] render {diagramType: flowchart-v2, isRough: false, lengthBucket: 0-10, renderTimeMsBucket: 50-100} @ http://localhost:3001/src/lib/util/stats.ts:89
[   37668ms] [LOG] [plausible] version {mermaidVersion: 11.14.0} @ http://localhost:3001/src/lib/util/stats.ts:89
[   37740ms] [LOG] Loading '' @ http://localhost:3001/src/lib/util/state.ts:192
[   37793ms] [LOG] Registration successful, scope is: http://localhost:3001/ @ http://localhost:3001/src/routes/+layout.svelte:42
[   37849ms] [LOG] [plausible] render {diagramType: flowchart-v2, isRough: false, lengthBucket: 0-10, renderTimeMsBucket: 50-100} @ http://localhost:3001/src/lib/util/stats.ts:89
[   38508ms] [LOG] [plausible] version {mermaidVersion: 11.14.0} @ http://localhost:3001/src/lib/util/stats.ts:89
[   38577ms] [LOG] Loading '' @ http://localhost:3001/src/lib/util/state.ts:192
[   38629ms] [LOG] Registration successful, scope is: http://localhost:3001/ @ http://localhost:3001/src/routes/+layout.svelte:42
[   38686ms] [LOG] [plausible] render {diagramType: flowchart-v2, isRough: false, lengthBucket: 0-10, renderTimeMsBucket: 50-100} @ http://localhost:3001/src/lib/util/stats.ts:89
[   39309ms] [LOG] [plausible] version {mermaidVersion: 11.14.0} @ http://localhost:3001/src/lib/util/stats.ts:89
[   39378ms] [LOG] Loading '' @ http://localhost:3001/src/lib/util/state.ts:192
[   39432ms] [LOG] Registration successful, scope is: http://localhost:3001/ @ http://localhost:3001/src/routes/+layout.svelte:42
[   39506ms] [LOG] [plausible] render {diagramType: flowchart-v2, isRough: false, lengthBucket: 0-10, renderTimeMsBucket: 100-200} @ http://localhost:3001/src/lib/util/stats.ts:89
[   40181ms] [LOG] [plausible] version {mermaidVersion: 11.14.0} @ http://localhost:3001/src/lib/util/stats.ts:89
[   40240ms] [LOG] Loading '' @ http://localhost:3001/src/lib/util/state.ts:192
[   40298ms] [LOG] Registration successful, scope is: http://localhost:3001/ @ http://localhost:3001/src/routes/+layout.svelte:42
[   40349ms] [LOG] [plausible] render {diagramType: flowchart-v2, isRough: false, lengthBucket: 0-10, renderTimeMsBucket: 50-100} @ http://localhost:3001/src/lib/util/stats.ts:89
[   41004ms] [LOG] [plausible] version {mermaidVersion: 11.14.0} @ http://localhost:3001/src/lib/util/stats.ts:89
[   41071ms] [LOG] Loading '' @ http://localhost:3001/src/lib/util/state.ts:192
[   41121ms] [LOG] Registration successful, scope is: http://localhost:3001/ @ http://localhost:3001/src/routes/+layout.svelte:42
[   41169ms] [LOG] [plausible] render {diagramType: flowchart-v2, isRough: false, lengthBucket: 0-10, renderTimeMsBucket: 50-100} @ http://localhost:3001/src/lib/util/stats.ts:89
[   41727ms] [LOG] [plausible] version {mermaidVersion: 11.14.0} @ http://localhost:3001/src/lib/util/stats.ts:89
[   41787ms] [LOG] Loading '' @ http://localhost:3001/src/lib/util/state.ts:192
[   41843ms] [LOG] Registration successful, scope is: http://localhost:3001/ @ http://localhost:3001/src/routes/+layout.svelte:42
[   41890ms] [LOG] [plausible] render {diagramType: flowchart-v2, isRough: false, lengthBucket: 0-10, renderTimeMsBucket: 50-100} @ http://localhost:3001/src/lib/util/stats.ts:89
[   42461ms] [LOG] [plausible] version {mermaidVersion: 11.14.0} @ http://localhost:3001/src/lib/util/stats.ts:89
[   42523ms] [LOG] Loading '' @ http://localhost:3001/src/lib/util/state.ts:192
[   42570ms] [LOG] Registration successful, scope is: http://localhost:3001/ @ http://localhost:3001/src/routes/+layout.svelte:42
[   42610ms] [LOG] [plausible] render {diagramType: flowchart-v2, isRough: false, lengthBucket: 0-10, renderTimeMsBucket: 50-100} @ http://localhost:3001/src/lib/util/stats.ts:89
[   43191ms] [LOG] [plausible] version {mermaidVersion: 11.14.0} @ http://localhost:3001/src/lib/util/stats.ts:89
[   43258ms] [LOG] Loading '' @ http://localhost:3001/src/lib/util/state.ts:192
[   43320ms] [LOG] Registration successful, scope is: http://localhost:3001/ @ http://localhost:3001/src/routes/+layout.svelte:42
[   43365ms] [LOG] [plausible] render {diagramType: flowchart-v2, isRough: false, lengthBucket: 0-10, renderTimeMsBucket: 50-100} @ http://localhost:3001/src/lib/util/stats.ts:89
[   43924ms] [LOG] [plausible] version {mermaidVersion: 11.14.0} @ http://localhost:3001/src/lib/util/stats.ts:89
[   43996ms] [LOG] Loading '' @ http://localhost:3001/src/lib/util/state.ts:192
[   44045ms] [LOG] Registration successful, scope is: http://localhost:3001/ @ http://localhost:3001/src/routes/+layout.svelte:42
[   44091ms] [LOG] [plausible] render {diagramType: flowchart-v2, isRough: false, lengthBucket: 0-10, renderTimeMsBucket: 50-100} @ http://localhost:3001/src/lib/util/stats.ts:89
[   44716ms] [LOG] [plausible] version {mermaidVersion: 11.14.0} @ http://localhost:3001/src/lib/util/stats.ts:89
[   44780ms] [LOG] Loading '' @ http://localhost:3001/src/lib/util/state.ts:192
[   44839ms] [LOG] Registration successful, scope is: http://localhost:3001/ @ http://localhost:3001/src/routes/+layout.svelte:42
[   44892ms] [LOG] [plausible] render {diagramType: flowchart-v2, isRough: false, lengthBucket: 0-10, renderTimeMsBucket: 50-100} @ http://localhost:3001/src/lib/util/stats.ts:89
[   45502ms] [LOG] [plausible] version {mermaidVersion: 11.14.0} @ http://localhost:3001/src/lib/util/stats.ts:89
[   45558ms] [LOG] Loading '' @ http://localhost:3001/src/lib/util/state.ts:192
[   45614ms] [LOG] Registration successful, scope is: http://localhost:3001/ @ http://localhost:3001/src/routes/+layout.svelte:42
[   45655ms] [LOG] [plausible] render {diagramType: flowchart-v2, isRough: false, lengthBucket: 0-10, renderTimeMsBucket: 50-100} @ http://localhost:3001/src/lib/util/stats.ts:89
[   46266ms] [LOG] [plausible] version {mermaidVersion: 11.14.0} @ http://localhost:3001/src/lib/util/stats.ts:89
[   46337ms] [LOG] Loading '' @ http://localhost:3001/src/lib/util/state.ts:192
[   46390ms] [LOG] Registration successful, scope is: http://localhost:3001/ @ http://localhost:3001/src/routes/+layout.svelte:42
[   46427ms] [LOG] [plausible] render {diagramType: flowchart-v2, isRough: false, lengthBucket: 0-10, renderTimeMsBucket: 50-100} @ http://localhost:3001/src/lib/util/stats.ts:89
[   46996ms] [LOG] [plausible] version {mermaidVersion: 11.14.0} @ http://localhost:3001/src/lib/util/stats.ts:89
[   47064ms] [LOG] Loading '' @ http://localhost:3001/src/lib/util/state.ts:192
[   47117ms] [LOG] Registration successful, scope is: http://localhost:3001/ @ http://localhost:3001/src/routes/+layout.svelte:42
[   47161ms] [LOG] [plausible] render {diagramType: flowchart-v2, isRough: false, lengthBucket: 0-10, renderTimeMsBucket: 50-100} @ http://localhost:3001/src/lib/util/stats.ts:89
[   47759ms] [LOG] [plausible] version {mermaidVersion: 11.14.0} @ http://localhost:3001/src/lib/util/stats.ts:89
[   47825ms] [LOG] Loading '' @ http://localhost:3001/src/lib/util/state.ts:192
[   47887ms] [LOG] Registration successful, scope is: http://localhost:3001/ @ http://localhost:3001/src/routes/+layout.svelte:42
[   47931ms] [LOG] [plausible] render {diagramType: flowchart-v2, isRough: false, lengthBucket: 0-10, renderTimeMsBucket: 50-100} @ http://localhost:3001/src/lib/util/stats.ts:89
[   48507ms] [LOG] [plausible] version {mermaidVersion: 11.14.0} @ http://localhost:3001/src/lib/util/stats.ts:89
[   48580ms] [LOG] Loading '' @ http://localhost:3001/src/lib/util/state.ts:192
[   48640ms] [LOG] Registration successful, scope is: http://localhost:3001/ @ http://localhost:3001/src/routes/+layout.svelte:42
[   48690ms] [LOG] [plausible] render {diagramType: flowchart-v2, isRough: false, lengthBucket: 0-10, renderTimeMsBucket: 50-100} @ http://localhost:3001/src/lib/util/stats.ts:89
[   49323ms] [LOG] [plausible] version {mermaidVersion: 11.14.0} @ http://localhost:3001/src/lib/util/stats.ts:89
[   49386ms] [LOG] Loading '' @ http://localhost:3001/src/lib/util/state.ts:192
[   49438ms] [LOG] Registration successful, scope is: http://localhost:3001/ @ http://localhost:3001/src/routes/+layout.svelte:42
[   49489ms] [LOG] [plausible] render {diagramType: flowchart-v2, isRough: false, lengthBucket: 0-10, renderTimeMsBucket: 50-100} @ http://localhost:3001/src/lib/util/stats.ts:89
[   50393ms] [LOG] [plausible] version {mermaidVersion: 11.14.0} @ http://localhost:3001/src/lib/util/stats.ts:89
[   50457ms] [LOG] Loading '' @ http://localhost:3001/src/lib/util/state.ts:192
[   50514ms] [LOG] Registration successful, scope is: http://localhost:3001/ @ http://localhost:3001/src/routes/+layout.svelte:42
[   50569ms] [LOG] [plausible] render {diagramType: flowchart-v2, isRough: false, lengthBucket: 0-10, renderTimeMsBucket: 50-100} @ http://localhost:3001/src/lib/util/stats.ts:89
[   51428ms] [LOG] [plausible] version {mermaidVersion: 11.14.0} @ http://localhost:3001/src/lib/util/stats.ts:89
[   51497ms] [LOG] Loading '' @ http://localhost:3001/src/lib/util/state.ts:192
[   51549ms] [LOG] Registration successful, scope is: http://localhost:3001/ @ http://localhost:3001/src/routes/+layout.svelte:42
[   51591ms] [LOG] [plausible] render {diagramType: flowchart-v2, isRough: false, lengthBucket: 0-10, renderTimeMsBucket: 50-100} @ http://localhost:3001/src/lib/util/stats.ts:89
[   52166ms] [LOG] [plausible] version {mermaidVersion: 11.14.0} @ http://localhost:3001/src/lib/util/stats.ts:89
[   52235ms] [LOG] Loading '' @ http://localhost:3001/src/lib/util/state.ts:192
[   52276ms] [LOG] Registration successful, scope is: http://localhost:3001/ @ http://localhost:3001/src/routes/+layout.svelte:42
[   52311ms] [LOG] [plausible] render {diagramType: flowchart-v2, isRough: false, lengthBucket: 0-10, renderTimeMsBucket: 50-100} @ http://localhost:3001/src/lib/util/stats.ts:89
[   52892ms] [LOG] [plausible] version {mermaidVersion: 11.14.0} @ http://localhost:3001/src/lib/util/stats.ts:89
[   52960ms] [LOG] Loading '' @ http://localhost:3001/src/lib/util/state.ts:192
[   53013ms] [LOG] Registration successful, scope is: http://localhost:3001/ @ http://localhost:3001/src/routes/+layout.svelte:42
[   53064ms] [LOG] [plausible] render {diagramType: flowchart-v2, isRough: false, lengthBucket: 0-10, renderTimeMsBucket: 50-100} @ http://localhost:3001/src/lib/util/stats.ts:89
[   53672ms] [LOG] [plausible] version {mermaidVersion: 11.14.0} @ http://localhost:3001/src/lib/util/stats.ts:89
[   53735ms] [LOG] Loading '' @ http://localhost:3001/src/lib/util/state.ts:192
[   53786ms] [LOG] Registration successful, scope is: http://localhost:3001/ @ http://localhost:3001/src/routes/+layout.svelte:42
[   53832ms] [LOG] [plausible] render {diagramType: flowchart-v2, isRough: false, lengthBucket: 0-10, renderTimeMsBucket: 50-100} @ http://localhost:3001/src/lib/util/stats.ts:89
[   54423ms] [LOG] [plausible] version {mermaidVersion: 11.14.0} @ http://localhost:3001/src/lib/util/stats.ts:89
[   54491ms] [LOG] Loading '' @ http://localhost:3001/src/lib/util/state.ts:192
[   54544ms] [LOG] Registration successful, scope is: http://localhost:3001/ @ http://localhost:3001/src/routes/+layout.svelte:42
[   54599ms] [LOG] [plausible] render {diagramType: flowchart-v2, isRough: false, lengthBucket: 0-10, renderTimeMsBucket: 50-100} @ http://localhost:3001/src/lib/util/stats.ts:89
[   55204ms] [LOG] [plausible] version {mermaidVersion: 11.14.0} @ http://localhost:3001/src/lib/util/stats.ts:89
[   55274ms] [LOG] Loading '' @ http://localhost:3001/src/lib/util/state.ts:192
[   55325ms] [LOG] Registration successful, scope is: http://localhost:3001/ @ http://localhost:3001/src/routes/+layout.svelte:42
[   55361ms] [LOG] [plausible] render {diagramType: flowchart-v2, isRough: false, lengthBucket: 0-10, renderTimeMsBucket: 50-100} @ http://localhost:3001/src/lib/util/stats.ts:89
[   55942ms] [LOG] [plausible] version {mermaidVersion: 11.14.0} @ http://localhost:3001/src/lib/util/stats.ts:89
[   56017ms] [LOG] Loading '' @ http://localhost:3001/src/lib/util/state.ts:192
[   56081ms] [LOG] Registration successful, scope is: http://localhost:3001/ @ http://localhost:3001/src/routes/+layout.svelte:42
[   56126ms] [LOG] [plausible] render {diagramType: flowchart-v2, isRough: false, lengthBucket: 0-10, renderTimeMsBucket: 50-100} @ http://localhost:3001/src/lib/util/stats.ts:89
[   56711ms] [LOG] [plausible] version {mermaidVersion: 11.14.0} @ http://localhost:3001/src/lib/util/stats.ts:89
[   56786ms] [LOG] Loading '' @ http://localhost:3001/src/lib/util/state.ts:192
[   56840ms] [LOG] Registration successful, scope is: http://localhost:3001/ @ http://localhost:3001/src/routes/+layout.svelte:42
[   56881ms] [LOG] [plausible] render {diagramType: flowchart-v2, isRough: false, lengthBucket: 0-10, renderTimeMsBucket: 50-100} @ http://localhost:3001/src/lib/util/stats.ts:89
[   57429ms] [LOG] [plausible] version {mermaidVersion: 11.14.0} @ http://localhost:3001/src/lib/util/stats.ts:89
[   57499ms] [LOG] Loading '' @ http://localhost:3001/src/lib/util/state.ts:192
[   57552ms] [LOG] Registration successful, scope is: http://localhost:3001/ @ http://localhost:3001/src/routes/+layout.svelte:42
[   57585ms] [LOG] [plausible] render {diagramType: flowchart-v2, isRough: false, lengthBucket: 0-10, renderTimeMsBucket: 50-100} @ http://localhost:3001/src/lib/util/stats.ts:89
[   58200ms] [LOG] [plausible] version {mermaidVersion: 11.14.0} @ http://localhost:3001/src/lib/util/stats.ts:89
[   58255ms] [LOG] Loading '' @ http://localhost:3001/src/lib/util/state.ts:192
[   58309ms] [LOG] Registration successful, scope is: http://localhost:3001/ @ http://localhost:3001/src/routes/+layout.svelte:42
[   58346ms] [LOG] [plausible] render {diagramType: flowchart-v2, isRough: false, lengthBucket: 0-10, renderTimeMsBucket: 50-100} @ http://localhost:3001/src/lib/util/stats.ts:89
[   58890ms] [LOG] [plausible] version {mermaidVersion: 11.14.0} @ http://localhost:3001/src/lib/util/stats.ts:89
[   58956ms] [LOG] Loading '' @ http://localhost:3001/src/lib/util/state.ts:192
[   59017ms] [LOG] Registration successful, scope is: http://localhost:3001/ @ http://localhost:3001/src/routes/+layout.svelte:42
[   59051ms] [LOG] [plausible] render {diagramType: flowchart-v2, isRough: false, lengthBucket: 0-10, renderTimeMsBucket: 50-100} @ http://localhost:3001/src/lib/util/stats.ts:89
[   59618ms] [LOG] [plausible] version {mermaidVersion: 11.14.0} @ http://localhost:3001/src/lib/util/stats.ts:89
[   59684ms] [LOG] Loading '' @ http://localhost:3001/src/lib/util/state.ts:192
[   59739ms] [LOG] Registration successful, scope is: http://localhost:3001/ @ http://localhost:3001/src/routes/+layout.svelte:42
[   59794ms] [LOG] [plausible] render {diagramType: flowchart-v2, isRough: false, lengthBucket: 0-10, renderTimeMsBucket: 50-100} @ http://localhost:3001/src/lib/util/stats.ts:89
[   60403ms] [LOG] [plausible] version {mermaidVersion: 11.14.0} @ http://localhost:3001/src/lib/util/stats.ts:89
[   60488ms] [LOG] Loading '' @ http://localhost:3001/src/lib/util/state.ts:192
[   60546ms] [LOG] Registration successful, scope is: http://localhost:3001/ @ http://localhost:3001/src/routes/+layout.svelte:42
[   60583ms] [LOG] [plausible] render {diagramType: flowchart-v2, isRough: false, lengthBucket: 0-10, renderTimeMsBucket: 50-100} @ http://localhost:3001/src/lib/util/stats.ts:89
[   61154ms] [LOG] [plausible] version {mermaidVersion: 11.14.0} @ http://localhost:3001/src/lib/util/stats.ts:89
[   61224ms] [LOG] Loading '' @ http://localhost:3001/src/lib/util/state.ts:192
[   61278ms] [LOG] Registration successful, scope is: http://localhost:3001/ @ http://localhost:3001/src/routes/+layout.svelte:42
[   61331ms] [LOG] [plausible] render {diagramType: flowchart-v2, isRough: false, lengthBucket: 0-10, renderTimeMsBucket: 50-100} @ http://localhost:3001/src/lib/util/stats.ts:89
[   61955ms] [LOG] [plausible] version {mermaidVersion: 11.14.0} @ http://localhost:3001/src/lib/util/stats.ts:89
[   62021ms] [LOG] Loading '' @ http://localhost:3001/src/lib/util/state.ts:192
[   62073ms] [LOG] Registration successful, scope is: http://localhost:3001/ @ http://localhost:3001/src/routes/+layout.svelte:42
[   62133ms] [LOG] [plausible] render {diagramType: flowchart-v2, isRough: false, lengthBucket: 0-10, renderTimeMsBucket: 50-100} @ http://localhost:3001/src/lib/util/stats.ts:89
[   62741ms] [LOG] [plausible] version {mermaidVersion: 11.14.0} @ http://localhost:3001/src/lib/util/stats.ts:89
[   62815ms] [LOG] Loading '' @ http://localhost:3001/src/lib/util/state.ts:192
[   62869ms] [LOG] Registration successful, scope is: http://localhost:3001/ @ http://localhost:3001/src/routes/+layout.svelte:42
[   62920ms] [LOG] [plausible] render {diagramType: flowchart-v2, isRough: false, lengthBucket: 0-10, renderTimeMsBucket: 50-100} @ http://localhost:3001/src/lib/util/stats.ts:89
[   63511ms] [LOG] [plausible] version {mermaidVersion: 11.14.0} @ http://localhost:3001/src/lib/util/stats.ts:89
[   63574ms] [LOG] Loading '' @ http://localhost:3001/src/lib/util/state.ts:192
[   63624ms] [LOG] Registration successful, scope is: http://localhost:3001/ @ http://localhost:3001/src/routes/+layout.svelte:42
[   63662ms] [LOG] [plausible] render {diagramType: flowchart-v2, isRough: false, lengthBucket: 0-10, renderTimeMsBucket: 50-100} @ http://localhost:3001/src/lib/util/stats.ts:89
[   64268ms] [LOG] [plausible] version {mermaidVersion: 11.14.0} @ http://localhost:3001/src/lib/util/stats.ts:89
[   64330ms] [LOG] Loading '' @ http://localhost:3001/src/lib/util/state.ts:192
[   64389ms] [LOG] Registration successful, scope is: http://localhost:3001/ @ http://localhost:3001/src/routes/+layout.svelte:42
[   64425ms] [LOG] [plausible] render {diagramType: flowchart-v2, isRough: false, lengthBucket: 0-10, renderTimeMsBucket: 50-100} @ http://localhost:3001/src/lib/util/stats.ts:89
[   64987ms] [LOG] [plausible] version {mermaidVersion: 11.14.0} @ http://localhost:3001/src/lib/util/stats.ts:89
[   65052ms] [LOG] Loading '' @ http://localhost:3001/src/lib/util/state.ts:192
[   65109ms] [LOG] Registration successful, scope is: http://localhost:3001/ @ http://localhost:3001/src/routes/+layout.svelte:42
[   65150ms] [LOG] [plausible] render {diagramType: flowchart-v2, isRough: false, lengthBucket: 0-10, renderTimeMsBucket: 50-100} @ http://localhost:3001/src/lib/util/stats.ts:89
[   65729ms] [LOG] [plausible] version {mermaidVersion: 11.14.0} @ http://localhost:3001/src/lib/util/stats.ts:89
[   65780ms] [LOG] Loading '' @ http://localhost:3001/src/lib/util/state.ts:192
[   65833ms] [LOG] Registration successful, scope is: http://localhost:3001/ @ http://localhost:3001/src/routes/+layout.svelte:42
[   65875ms] [LOG] [plausible] render {diagramType: flowchart-v2, isRough: false, lengthBucket: 0-10, renderTimeMsBucket: 50-100} @ http://localhost:3001/src/lib/util/stats.ts:89
[   66445ms] [LOG] [plausible] version {mermaidVersion: 11.14.0} @ http://localhost:3001/src/lib/util/stats.ts:89
[   66507ms] [LOG] Loading '' @ http://localhost:3001/src/lib/util/state.ts:192
[   66566ms] [LOG] Registration successful, scope is: http://localhost:3001/ @ http://localhost:3001/src/routes/+layout.svelte:42
[   66607ms] [LOG] [plausible] render {diagramType: flowchart-v2, isRough: false, lengthBucket: 0-10, renderTimeMsBucket: 50-100} @ http://localhost:3001/src/lib/util/stats.ts:89
[   67231ms] [LOG] [plausible] version {mermaidVersion: 11.14.0} @ http://localhost:3001/src/lib/util/stats.ts:89
[   67295ms] [LOG] Loading '' @ http://localhost:3001/src/lib/util/state.ts:192
[   67350ms] [LOG] Registration successful, scope is: http://localhost:3001/ @ http://localhost:3001/src/routes/+layout.svelte:42
[   67390ms] [LOG] [plausible] render {diagramType: flowchart-v2, isRough: false, lengthBucket: 0-10, renderTimeMsBucket: 50-100} @ http://localhost:3001/src/lib/util/stats.ts:89
[   67973ms] [LOG] [plausible] version {mermaidVersion: 11.14.0} @ http://localhost:3001/src/lib/util/stats.ts:89
[   68038ms] [LOG] Loading '' @ http://localhost:3001/src/lib/util/state.ts:192
[   68090ms] [LOG] Registration successful, scope is: http://localhost:3001/ @ http://localhost:3001/src/routes/+layout.svelte:42
[   68129ms] [LOG] [plausible] render {diagramType: flowchart-v2, isRough: false, lengthBucket: 0-10, renderTimeMsBucket: 50-100} @ http://localhost:3001/src/lib/util/stats.ts:89
[   68755ms] [LOG] [plausible] version {mermaidVersion: 11.14.0} @ http://localhost:3001/src/lib/util/stats.ts:89
[   68822ms] [LOG] Loading '' @ http://localhost:3001/src/lib/util/state.ts:192
[   68875ms] [LOG] Registration successful, scope is: http://localhost:3001/ @ http://localhost:3001/src/routes/+layout.svelte:42
[   68909ms] [LOG] [plausible] render {diagramType: flowchart-v2, isRough: false, lengthBucket: 0-10, renderTimeMsBucket: 50-100} @ http://localhost:3001/src/lib/util/stats.ts:89
[   69475ms] [LOG] [plausible] version {mermaidVersion: 11.14.0} @ http://localhost:3001/src/lib/util/stats.ts:89
[   69540ms] [LOG] Loading '' @ http://localhost:3001/src/lib/util/state.ts:192
[   69594ms] [LOG] Registration successful, scope is: http://localhost:3001/ @ http://localhost:3001/src/routes/+layout.svelte:42
[   69643ms] [LOG] [plausible] render {diagramType: flowchart-v2, isRough: false, lengthBucket: 0-10, renderTimeMsBucket: 50-100} @ http://localhost:3001/src/lib/util/stats.ts:89
[   70290ms] [LOG] [plausible] version {mermaidVersion: 11.14.0} @ http://localhost:3001/src/lib/util/stats.ts:89
[   70360ms] [LOG] Loading '' @ http://localhost:3001/src/lib/util/state.ts:192
[   70410ms] [LOG] Registration successful, scope is: http://localhost:3001/ @ http://localhost:3001/src/routes/+layout.svelte:42
[   70448ms] [LOG] [plausible] render {diagramType: flowchart-v2, isRough: false, lengthBucket: 0-10, renderTimeMsBucket: 50-100} @ http://localhost:3001/src/lib/util/stats.ts:89
[   71035ms] [LOG] [plausible] version {mermaidVersion: 11.14.0} @ http://localhost:3001/src/lib/util/stats.ts:89
[   71103ms] [LOG] Loading '' @ http://localhost:3001/src/lib/util/state.ts:192
[   71157ms] [LOG] Registration successful, scope is: http://localhost:3001/ @ http://localhost:3001/src/routes/+layout.svelte:42
[   71197ms] [LOG] [plausible] render {diagramType: flowchart-v2, isRough: false, lengthBucket: 0-10, renderTimeMsBucket: 50-100} @ http://localhost:3001/src/lib/util/stats.ts:89
[   71731ms] [LOG] [plausible] version {mermaidVersion: 11.14.0} @ http://localhost:3001/src/lib/util/stats.ts:89
[   71799ms] [LOG] Loading '' @ http://localhost:3001/src/lib/util/state.ts:192
[   71850ms] [LOG] Registration successful, scope is: http://localhost:3001/ @ http://localhost:3001/src/routes/+layout.svelte:42
[   71888ms] [LOG] [plausible] render {diagramType: flowchart-v2, isRough: false, lengthBucket: 0-10, renderTimeMsBucket: 50-100} @ http://localhost:3001/src/lib/util/stats.ts:89
[   72520ms] [LOG] [plausible] version {mermaidVersion: 11.14.0} @ http://localhost:3001/src/lib/util/stats.ts:89
[   72581ms] [LOG] Loading '' @ http://localhost:3001/src/lib/util/state.ts:192
[   72639ms] [LOG] Registration successful, scope is: http://localhost:3001/ @ http://localhost:3001/src/routes/+layout.svelte:42
[   72679ms] [LOG] [plausible] render {diagramType: flowchart-v2, isRough: false, lengthBucket: 0-10, renderTimeMsBucket: 50-100} @ http://localhost:3001/src/lib/util/stats.ts:89
[   73249ms] [LOG] [plausible] version {mermaidVersion: 11.14.0} @ http://localhost:3001/src/lib/util/stats.ts:89
[   73316ms] [LOG] Loading '' @ http://localhost:3001/src/lib/util/state.ts:192
[   73370ms] [LOG] Registration successful, scope is: http://localhost:3001/ @ http://localhost:3001/src/routes/+layout.svelte:42
[   73406ms] [LOG] [plausible] render {diagramType: flowchart-v2, isRough: false, lengthBucket: 0-10, renderTimeMsBucket: 50-100} @ http://localhost:3001/src/lib/util/stats.ts:89
[   73985ms] [LOG] [plausible] version {mermaidVersion: 11.14.0} @ http://localhost:3001/src/lib/util/stats.ts:89
[   74054ms] [LOG] Loading '' @ http://localhost:3001/src/lib/util/state.ts:192
[   74107ms] [LOG] Registration successful, scope is: http://localhost:3001/ @ http://localhost:3001/src/routes/+layout.svelte:42
[   74144ms] [LOG] [plausible] render {diagramType: flowchart-v2, isRough: false, lengthBucket: 0-10, renderTimeMsBucket: 50-100} @ http://localhost:3001/src/lib/util/stats.ts:89
[   74713ms] [LOG] [plausible] version {mermaidVersion: 11.14.0} @ http://localhost:3001/src/lib/util/stats.ts:89
[   74785ms] [LOG] Loading '' @ http://localhost:3001/src/lib/util/state.ts:192
[   74839ms] [LOG] Registration successful, scope is: http://localhost:3001/ @ http://localhost:3001/src/routes/+layout.svelte:42
[   74880ms] [LOG] [plausible] render {diagramType: flowchart-v2, isRough: false, lengthBucket: 0-10, renderTimeMsBucket: 50-100} @ http://localhost:3001/src/lib/util/stats.ts:89
[   75469ms] [LOG] [plausible] version {mermaidVersion: 11.14.0} @ http://localhost:3001/src/lib/util/stats.ts:89
[   75535ms] [LOG] Loading '' @ http://localhost:3001/src/lib/util/state.ts:192
[   75590ms] [LOG] Registration successful, scope is: http://localhost:3001/ @ http://localhost:3001/src/routes/+layout.svelte:42
[   75634ms] [LOG] [plausible] render {diagramType: flowchart-v2, isRough: false, lengthBucket: 0-10, renderTimeMsBucket: 50-100} @ http://localhost:3001/src/lib/util/stats.ts:89
[   76213ms] [LOG] [plausible] version {mermaidVersion: 11.14.0} @ http://localhost:3001/src/lib/util/stats.ts:89
[   76276ms] [LOG] Loading '' @ http://localhost:3001/src/lib/util/state.ts:192
[   76337ms] [LOG] Registration successful, scope is: http://localhost:3001/ @ http://localhost:3001/src/routes/+layout.svelte:42
[   76379ms] [LOG] [plausible] render {diagramType: flowchart-v2, isRough: false, lengthBucket: 0-10, renderTimeMsBucket: 50-100} @ http://localhost:3001/src/lib/util/stats.ts:89
[   76933ms] [LOG] [plausible] version {mermaidVersion: 11.14.0} @ http://localhost:3001/src/lib/util/stats.ts:89
[   76997ms] [LOG] Loading '' @ http://localhost:3001/src/lib/util/state.ts:192
[   77057ms] [LOG] Registration successful, scope is: http://localhost:3001/ @ http://localhost:3001/src/routes/+layout.svelte:42
[   77115ms] [LOG] [plausible] render {diagramType: flowchart-v2, isRough: false, lengthBucket: 0-10, renderTimeMsBucket: 50-100} @ http://localhost:3001/src/lib/util/stats.ts:89
[   77753ms] [LOG] [plausible] version {mermaidVersion: 11.14.0} @ http://localhost:3001/src/lib/util/stats.ts:89
[   77818ms] [LOG] Loading '' @ http://localhost:3001/src/lib/util/state.ts:192
[   77873ms] [LOG] Registration successful, scope is: http://localhost:3001/ @ http://localhost:3001/src/routes/+layout.svelte:42
[   77912ms] [LOG] [plausible] render {diagramType: flowchart-v2, isRough: false, lengthBucket: 0-10, renderTimeMsBucket: 50-100} @ http://localhost:3001/src/lib/util/stats.ts:89
[   78520ms] [LOG] [plausible] version {mermaidVersion: 11.14.0} @ http://localhost:3001/src/lib/util/stats.ts:89
[   78589ms] [LOG] Loading '' @ http://localhost:3001/src/lib/util/state.ts:192
[   78648ms] [LOG] Registration successful, scope is: http://localhost:3001/ @ http://localhost:3001/src/routes/+layout.svelte:42
[   78690ms] [LOG] [plausible] render {diagramType: flowchart-v2, isRough: false, lengthBucket: 0-10, renderTimeMsBucket: 50-100} @ http://localhost:3001/src/lib/util/stats.ts:89
[   79262ms] [LOG] [plausible] version {mermaidVersion: 11.14.0} @ http://localhost:3001/src/lib/util/stats.ts:89
[   79333ms] [LOG] Loading '' @ http://localhost:3001/src/lib/util/state.ts:192
[   79384ms] [LOG] Registration successful, scope is: http://localhost:3001/ @ http://localhost:3001/src/routes/+layout.svelte:42
[   79420ms] [LOG] [plausible] render {diagramType: flowchart-v2, isRough: false, lengthBucket: 0-10, renderTimeMsBucket: 50-100} @ http://localhost:3001/src/lib/util/stats.ts:89
[   80299ms] [LOG] [plausible] version {mermaidVersion: 11.14.0} @ http://localhost:3001/src/lib/util/stats.ts:89
[   80366ms] [LOG] Loading '' @ http://localhost:3001/src/lib/util/state.ts:192
[   80421ms] [LOG] Registration successful, scope is: http://localhost:3001/ @ http://localhost:3001/src/routes/+layout.svelte:42
[   80462ms] [LOG] [plausible] render {diagramType: flowchart-v2, isRough: false, lengthBucket: 0-10, renderTimeMsBucket: 50-100} @ http://localhost:3001/src/lib/util/stats.ts:89
[   81023ms] [LOG] [plausible] version {mermaidVersion: 11.14.0} @ http://localhost:3001/src/lib/util/stats.ts:89
[   81087ms] [LOG] Loading '' @ http://localhost:3001/src/lib/util/state.ts:192
[   81144ms] [LOG] Registration successful, scope is: http://localhost:3001/ @ http://localhost:3001/src/routes/+layout.svelte:42
[   81183ms] [LOG] [plausible] render {diagramType: flowchart-v2, isRough: false, lengthBucket: 0-10, renderTimeMsBucket: 50-100} @ http://localhost:3001/src/lib/util/stats.ts:89
[   81761ms] [LOG] [plausible] version {mermaidVersion: 11.14.0} @ http://localhost:3001/src/lib/util/stats.ts:89
[   81830ms] [LOG] Loading '' @ http://localhost:3001/src/lib/util/state.ts:192
[   81886ms] [LOG] Registration successful, scope is: http://localhost:3001/ @ http://localhost:3001/src/routes/+layout.svelte:42
[   81936ms] [LOG] [plausible] render {diagramType: flowchart-v2, isRough: false, lengthBucket: 0-10, renderTimeMsBucket: 50-100} @ http://localhost:3001/src/lib/util/stats.ts:89
[   82529ms] [LOG] [plausible] version {mermaidVersion: 11.14.0} @ http://localhost:3001/src/lib/util/stats.ts:89
[   82600ms] [LOG] Loading '' @ http://localhost:3001/src/lib/util/state.ts:192
[   82654ms] [LOG] Registration successful, scope is: http://localhost:3001/ @ http://localhost:3001/src/routes/+layout.svelte:42
[   82694ms] [LOG] [plausible] render {diagramType: flowchart-v2, isRough: false, lengthBucket: 0-10, renderTimeMsBucket: 50-100} @ http://localhost:3001/src/lib/util/stats.ts:89
[   83275ms] [LOG] [plausible] version {mermaidVersion: 11.14.0} @ http://localhost:3001/src/lib/util/stats.ts:89
[   83338ms] [LOG] Loading '' @ http://localhost:3001/src/lib/util/state.ts:192
[   83396ms] [LOG] Registration successful, scope is: http://localhost:3001/ @ http://localhost:3001/src/routes/+layout.svelte:42
[   83435ms] [LOG] [plausible] render {diagramType: flowchart-v2, isRough: false, lengthBucket: 0-10, renderTimeMsBucket: 50-100} @ http://localhost:3001/src/lib/util/stats.ts:89
[   84074ms] [LOG] [plausible] version {mermaidVersion: 11.14.0} @ http://localhost:3001/src/lib/util/stats.ts:89
[   84142ms] [LOG] Loading '' @ http://localhost:3001/src/lib/util/state.ts:192
[   84199ms] [LOG] Registration successful, scope is: http://localhost:3001/ @ http://localhost:3001/src/routes/+layout.svelte:42
[   84254ms] [LOG] [plausible] render {diagramType: flowchart-v2, isRough: false, lengthBucket: 0-10, renderTimeMsBucket: 50-100} @ http://localhost:3001/src/lib/util/stats.ts:89
[   84902ms] [LOG] [plausible] version {mermaidVersion: 11.14.0} @ http://localhost:3001/src/lib/util/stats.ts:89
[   84976ms] [LOG] Loading '' @ http://localhost:3001/src/lib/util/state.ts:192
[   85043ms] [LOG] Registration successful, scope is: http://localhost:3001/ @ http://localhost:3001/src/routes/+layout.svelte:42
[   85098ms] [LOG] [plausible] render {diagramType: flowchart-v2, isRough: false, lengthBucket: 0-10, renderTimeMsBucket: 50-100} @ http://localhost:3001/src/lib/util/stats.ts:89
[   85733ms] [LOG] [plausible] version {mermaidVersion: 11.14.0} @ http://localhost:3001/src/lib/util/stats.ts:89
[   85804ms] [LOG] Loading '' @ http://localhost:3001/src/lib/util/state.ts:192
[   85857ms] [LOG] Registration successful, scope is: http://localhost:3001/ @ http://localhost:3001/src/routes/+layout.svelte:42
[   85912ms] [LOG] [plausible] render {diagramType: flowchart-v2, isRough: false, lengthBucket: 0-10, renderTimeMsBucket: 50-100} @ http://localhost:3001/src/lib/util/stats.ts:89
[   86521ms] [LOG] [plausible] version {mermaidVersion: 11.14.0} @ http://localhost:3001/src/lib/util/stats.ts:89
[   86582ms] [LOG] Loading '' @ http://localhost:3001/src/lib/util/state.ts:192
[   86639ms] [LOG] Registration successful, scope is: http://localhost:3001/ @ http://localhost:3001/src/routes/+layout.svelte:42
[   86684ms] [LOG] [plausible] render {diagramType: flowchart-v2, isRough: false, lengthBucket: 0-10, renderTimeMsBucket: 50-100} @ http://localhost:3001/src/lib/util/stats.ts:89
[   87268ms] [LOG] [plausible] version {mermaidVersion: 11.14.0} @ http://localhost:3001/src/lib/util/stats.ts:89
[   87337ms] [LOG] Loading '' @ http://localhost:3001/src/lib/util/state.ts:192
[   87400ms] [LOG] Registration successful, scope is: http://localhost:3001/ @ http://localhost:3001/src/routes/+layout.svelte:42
[   87438ms] [LOG] [plausible] render {diagramType: flowchart-v2, isRough: false, lengthBucket: 0-10, renderTimeMsBucket: 50-100} @ http://localhost:3001/src/lib/util/stats.ts:89
[   87986ms] [LOG] [plausible] version {mermaidVersion: 11.14.0} @ http://localhost:3001/src/lib/util/stats.ts:89
[   88057ms] [LOG] Loading '' @ http://localhost:3001/src/lib/util/state.ts:192
[   88111ms] [LOG] Registration successful, scope is: http://localhost:3001/ @ http://localhost:3001/src/routes/+layout.svelte:42
[   88148ms] [LOG] [plausible] render {diagramType: flowchart-v2, isRough: false, lengthBucket: 0-10, renderTimeMsBucket: 50-100} @ http://localhost:3001/src/lib/util/stats.ts:89
[   88791ms] [LOG] [plausible] version {mermaidVersion: 11.14.0} @ http://localhost:3001/src/lib/util/stats.ts:89
[   88860ms] [LOG] Loading '' @ http://localhost:3001/src/lib/util/state.ts:192
[   88921ms] [LOG] Registration successful, scope is: http://localhost:3001/ @ http://localhost:3001/src/routes/+layout.svelte:42
[   88961ms] [LOG] [plausible] render {diagramType: flowchart-v2, isRough: false, lengthBucket: 0-10, renderTimeMsBucket: 50-100} @ http://localhost:3001/src/lib/util/stats.ts:89
[   89525ms] [LOG] [plausible] version {mermaidVersion: 11.14.0} @ http://localhost:3001/src/lib/util/stats.ts:89
[   89598ms] [LOG] Loading '' @ http://localhost:3001/src/lib/util/state.ts:192
[   89651ms] [LOG] Registration successful, scope is: http://localhost:3001/ @ http://localhost:3001/src/routes/+layout.svelte:42
[   89701ms] [LOG] [plausible] render {diagramType: flowchart-v2, isRough: false, lengthBucket: 0-10, renderTimeMsBucket: 50-100} @ http://localhost:3001/src/lib/util/stats.ts:89
[   90348ms] [LOG] [plausible] version {mermaidVersion: 11.14.0} @ http://localhost:3001/src/lib/util/stats.ts:89
[   90414ms] [LOG] Loading '' @ http://localhost:3001/src/lib/util/state.ts:192
[   90472ms] [LOG] Registration successful, scope is: http://localhost:3001/ @ http://localhost:3001/src/routes/+layout.svelte:42
[   90516ms] [LOG] [plausible] render {diagramType: flowchart-v2, isRough: false, lengthBucket: 0-10, renderTimeMsBucket: 50-100} @ http://localhost:3001/src/lib/util/stats.ts:89
[   91105ms] [LOG] [plausible] version {mermaidVersion: 11.14.0} @ http://localhost:3001/src/lib/util/stats.ts:89
[   91177ms] [LOG] Loading '' @ http://localhost:3001/src/lib/util/state.ts:192
[   91241ms] [LOG] Registration successful, scope is: http://localhost:3001/ @ http://localhost:3001/src/routes/+layout.svelte:42
[   91281ms] [LOG] [plausible] render {diagramType: flowchart-v2, isRough: false, lengthBucket: 0-10, renderTimeMsBucket: 50-100} @ http://localhost:3001/src/lib/util/stats.ts:89
[   91876ms] [LOG] [plausible] version {mermaidVersion: 11.14.0} @ http://localhost:3001/src/lib/util/stats.ts:89
[   91941ms] [LOG] Loading '' @ http://localhost:3001/src/lib/util/state.ts:192
[   92000ms] [LOG] Registration successful, scope is: http://localhost:3001/ @ http://localhost:3001/src/routes/+layout.svelte:42
[   92043ms] [LOG] [plausible] render {diagramType: flowchart-v2, isRough: false, lengthBucket: 0-10, renderTimeMsBucket: 50-100} @ http://localhost:3001/src/lib/util/stats.ts:89
[   92638ms] [LOG] [plausible] version {mermaidVersion: 11.14.0} @ http://localhost:3001/src/lib/util/stats.ts:89
[   92700ms] [LOG] Loading '' @ http://localhost:3001/src/lib/util/state.ts:192
[   92752ms] [LOG] Registration successful, scope is: http://localhost:3001/ @ http://localhost:3001/src/routes/+layout.svelte:42
[   92804ms] [LOG] [plausible] render {diagramType: flowchart-v2, isRough: false, lengthBucket: 0-10, renderTimeMsBucket: 50-100} @ http://localhost:3001/src/lib/util/stats.ts:89
[   94370ms] [LOG] [plausible] version {mermaidVersion: 11.14.0} @ http://localhost:3001/src/lib/util/stats.ts:89
[   94437ms] [LOG] Loading '' @ http://localhost:3001/src/lib/util/state.ts:192
[   94496ms] [LOG] Registration successful, scope is: http://localhost:3001/ @ http://localhost:3001/src/routes/+layout.svelte:42
[   94569ms] [LOG] [plausible] render {diagramType: flowchart-v2, isRough: false, lengthBucket: 0-10, renderTimeMsBucket: 100-200} @ http://localhost:3001/src/lib/util/stats.ts:89
[   95195ms] [LOG] [plausible] version {mermaidVersion: 11.14.0} @ http://localhost:3001/src/lib/util/stats.ts:89
[   95267ms] [LOG] Loading '' @ http://localhost:3001/src/lib/util/state.ts:192
[   95324ms] [LOG] Registration successful, scope is: http://localhost:3001/ @ http://localhost:3001/src/routes/+layout.svelte:42
[   95380ms] [LOG] [plausible] render {diagramType: flowchart-v2, isRough: false, lengthBucket: 0-10, renderTimeMsBucket: 50-100} @ http://localhost:3001/src/lib/util/stats.ts:89
[   95997ms] [LOG] [plausible] version {mermaidVersion: 11.14.0} @ http://localhost:3001/src/lib/util/stats.ts:89
[   96056ms] [LOG] Loading '' @ http://localhost:3001/src/lib/util/state.ts:192
[   96112ms] [LOG] Registration successful, scope is: http://localhost:3001/ @ http://localhost:3001/src/routes/+layout.svelte:42
[   96164ms] [LOG] [plausible] render {diagramType: flowchart-v2, isRough: false, lengthBucket: 0-10, renderTimeMsBucket: 50-100} @ http://localhost:3001/src/lib/util/stats.ts:89
[   96711ms] [LOG] [plausible] version {mermaidVersion: 11.14.0} @ http://localhost:3001/src/lib/util/stats.ts:89
[   96782ms] [LOG] Loading '' @ http://localhost:3001/src/lib/util/state.ts:192
[   96834ms] [LOG] Registration successful, scope is: http://localhost:3001/ @ http://localhost:3001/src/routes/+layout.svelte:42
[   96888ms] [LOG] [plausible] render {diagramType: flowchart-v2, isRough: false, lengthBucket: 0-10, renderTimeMsBucket: 50-100} @ http://localhost:3001/src/lib/util/stats.ts:89
[   97509ms] [LOG] [plausible] version {mermaidVersion: 11.14.0} @ http://localhost:3001/src/lib/util/stats.ts:89
[   97577ms] [LOG] Loading '' @ http://localhost:3001/src/lib/util/state.ts:192
[   97627ms] [LOG] Registration successful, scope is: http://localhost:3001/ @ http://localhost:3001/src/routes/+layout.svelte:42
[   97678ms] [LOG] [plausible] render {diagramType: flowchart-v2, isRough: false, lengthBucket: 0-10, renderTimeMsBucket: 50-100} @ http://localhost:3001/src/lib/util/stats.ts:89
[   98233ms] [LOG] [plausible] version {mermaidVersion: 11.14.0} @ http://localhost:3001/src/lib/util/stats.ts:89
[   98303ms] [LOG] Loading '' @ http://localhost:3001/src/lib/util/state.ts:192
[   98358ms] [LOG] Registration successful, scope is: http://localhost:3001/ @ http://localhost:3001/src/routes/+layout.svelte:42
[   98412ms] [LOG] [plausible] render {diagramType: flowchart-v2, isRough: false, lengthBucket: 0-10, renderTimeMsBucket: 50-100} @ http://localhost:3001/src/lib/util/stats.ts:89
[   99038ms] [LOG] [plausible] version {mermaidVersion: 11.14.0} @ http://localhost:3001/src/lib/util/stats.ts:89
[   99105ms] [LOG] Loading '' @ http://localhost:3001/src/lib/util/state.ts:192
[   99159ms] [LOG] Registration successful, scope is: http://localhost:3001/ @ http://localhost:3001/src/routes/+layout.svelte:42
[   99207ms] [LOG] [plausible] render {diagramType: flowchart-v2, isRough: false, lengthBucket: 0-10, renderTimeMsBucket: 50-100} @ http://localhost:3001/src/lib/util/stats.ts:89
[   99868ms] [LOG] [plausible] version {mermaidVersion: 11.14.0} @ http://localhost:3001/src/lib/util/stats.ts:89
[   99927ms] [LOG] Loading '' @ http://localhost:3001/src/lib/util/state.ts:192
[   99985ms] [LOG] Registration successful, scope is: http://localhost:3001/ @ http://localhost:3001/src/routes/+layout.svelte:42
[  100029ms] [LOG] [plausible] render {diagramType: flowchart-v2, isRough: false, lengthBucket: 0-10, renderTimeMsBucket: 50-100} @ http://localhost:3001/src/lib/util/stats.ts:89
[  100598ms] [LOG] [plausible] version {mermaidVersion: 11.14.0} @ http://localhost:3001/src/lib/util/stats.ts:89
[  100666ms] [LOG] Loading '' @ http://localhost:3001/src/lib/util/state.ts:192
[  100714ms] [LOG] Registration successful, scope is: http://localhost:3001/ @ http://localhost:3001/src/routes/+layout.svelte:42
[  100757ms] [LOG] [plausible] render {diagramType: flowchart-v2, isRough: false, lengthBucket: 0-10, renderTimeMsBucket: 50-100} @ http://localhost:3001/src/lib/util/stats.ts:89
[  101368ms] [LOG] [plausible] version {mermaidVersion: 11.14.0} @ http://localhost:3001/src/lib/util/stats.ts:89
[  101438ms] [LOG] Loading '' @ http://localhost:3001/src/lib/util/state.ts:192
[  101491ms] [LOG] Registration successful, scope is: http://localhost:3001/ @ http://localhost:3001/src/routes/+layout.svelte:42
[  101532ms] [LOG] [plausible] render {diagramType: flowchart-v2, isRough: false, lengthBucket: 0-10, renderTimeMsBucket: 50-100} @ http://localhost:3001/src/lib/util/stats.ts:89
[  102123ms] [LOG] [plausible] version {mermaidVersion: 11.14.0} @ http://localhost:3001/src/lib/util/stats.ts:89
[  102191ms] [LOG] Loading '' @ http://localhost:3001/src/lib/util/state.ts:192
[  102244ms] [LOG] Registration successful, scope is: http://localhost:3001/ @ http://localhost:3001/src/routes/+layout.svelte:42
[  102288ms] [LOG] [plausible] render {diagramType: flowchart-v2, isRough: false, lengthBucket: 0-10, renderTimeMsBucket: 50-100} @ http://localhost:3001/src/lib/util/stats.ts:89
[  102851ms] [LOG] [plausible] version {mermaidVersion: 11.14.0} @ http://localhost:3001/src/lib/util/stats.ts:89
[  102920ms] [LOG] Loading '' @ http://localhost:3001/src/lib/util/state.ts:192
[  102969ms] [LOG] Registration successful, scope is: http://localhost:3001/ @ http://localhost:3001/src/routes/+layout.svelte:42
[  103022ms] [LOG] [plausible] render {diagramType: flowchart-v2, isRough: false, lengthBucket: 0-10, renderTimeMsBucket: 50-100} @ http://localhost:3001/src/lib/util/stats.ts:89
[  103611ms] [LOG] [plausible] version {mermaidVersion: 11.14.0} @ http://localhost:3001/src/lib/util/stats.ts:89
[  103676ms] [LOG] Loading '' @ http://localhost:3001/src/lib/util/state.ts:192
[  103725ms] [LOG] Registration successful, scope is: http://localhost:3001/ @ http://localhost:3001/src/routes/+layout.svelte:42
[  103761ms] [LOG] [plausible] render {diagramType: flowchart-v2, isRough: false, lengthBucket: 0-10, renderTimeMsBucket: 50-100} @ http://localhost:3001/src/lib/util/stats.ts:89
[  104406ms] [LOG] [plausible] version {mermaidVersion: 11.14.0} @ http://localhost:3001/src/lib/util/stats.ts:89
[  104467ms] [LOG] Loading '' @ http://localhost:3001/src/lib/util/state.ts:192
[  104522ms] [LOG] Registration successful, scope is: http://localhost:3001/ @ http://localhost:3001/src/routes/+layout.svelte:42
[  104561ms] [LOG] [plausible] render {diagramType: flowchart-v2, isRough: false, lengthBucket: 0-10, renderTimeMsBucket: 50-100} @ http://localhost:3001/src/lib/util/stats.ts:89
[  105178ms] [LOG] [plausible] version {mermaidVersion: 11.14.0} @ http://localhost:3001/src/lib/util/stats.ts:89
[  105236ms] [LOG] Loading '' @ http://localhost:3001/src/lib/util/state.ts:192
[  105290ms] [LOG] Registration successful, scope is: http://localhost:3001/ @ http://localhost:3001/src/routes/+layout.svelte:42
[  105329ms] [LOG] [plausible] render {diagramType: flowchart-v2, isRough: false, lengthBucket: 0-10, renderTimeMsBucket: 50-100} @ http://localhost:3001/src/lib/util/stats.ts:89
[  105921ms] [LOG] [plausible] version {mermaidVersion: 11.14.0} @ http://localhost:3001/src/lib/util/stats.ts:89
[  105990ms] [LOG] Loading '' @ http://localhost:3001/src/lib/util/state.ts:192
[  106045ms] [LOG] Registration successful, scope is: http://localhost:3001/ @ http://localhost:3001/src/routes/+layout.svelte:42
[  106083ms] [LOG] [plausible] render {diagramType: flowchart-v2, isRough: false, lengthBucket: 0-10, renderTimeMsBucket: 50-100} @ http://localhost:3001/src/lib/util/stats.ts:89
[  106829ms] [LOG] [plausible] version {mermaidVersion: 11.14.0} @ http://localhost:3001/src/lib/util/stats.ts:89
[  106899ms] [LOG] Loading '' @ http://localhost:3001/src/lib/util/state.ts:192
[  106952ms] [LOG] Registration successful, scope is: http://localhost:3001/ @ http://localhost:3001/src/routes/+layout.svelte:42
[  107626ms] [LOG] [plausible] version {mermaidVersion: 11.14.0} @ http://localhost:3001/src/lib/util/stats.ts:89
[  107699ms] [LOG] Loading '' @ http://localhost:3001/src/lib/util/state.ts:192
[  107757ms] [LOG] Registration successful, scope is: http://localhost:3001/ @ http://localhost:3001/src/routes/+layout.svelte:42
[  108432ms] [LOG] [plausible] version {mermaidVersion: 11.14.0} @ http://localhost:3001/src/lib/util/stats.ts:89
[  108497ms] [LOG] Loading '' @ http://localhost:3001/src/lib/util/state.ts:192
[  108549ms] [LOG] Registration successful, scope is: http://localhost:3001/ @ http://localhost:3001/src/routes/+layout.svelte:42
[  108610ms] [LOG] [plausible] render {diagramType: flowchart-v2, isRough: false, lengthBucket: 0-10, renderTimeMsBucket: 50-100} @ http://localhost:3001/src/lib/util/stats.ts:89
[  109688ms] [LOG] [plausible] version {mermaidVersion: 11.14.0} @ http://localhost:3001/src/lib/util/stats.ts:89
[  109775ms] [LOG] Loading '' @ http://localhost:3001/src/lib/util/state.ts:192
[  109837ms] [LOG] Registration successful, scope is: http://localhost:3001/ @ http://localhost:3001/src/routes/+layout.svelte:42
[  109885ms] [LOG] [plausible] render {diagramType: flowchart-v2, isRough: false, lengthBucket: 0-10, renderTimeMsBucket: 50-100} @ http://localhost:3001/src/lib/util/stats.ts:89
[  110490ms] [LOG] [plausible] version {mermaidVersion: 11.14.0} @ http://localhost:3001/src/lib/util/stats.ts:89
[  110561ms] [LOG] Loading '' @ http://localhost:3001/src/lib/util/state.ts:192
[  110621ms] [LOG] Registration successful, scope is: http://localhost:3001/ @ http://localhost:3001/src/routes/+layout.svelte:42
[  110664ms] [LOG] [plausible] render {diagramType: flowchart-v2, isRough: false, lengthBucket: 0-10, renderTimeMsBucket: 50-100} @ http://localhost:3001/src/lib/util/stats.ts:89
[  111232ms] [LOG] [plausible] version {mermaidVersion: 11.14.0} @ http://localhost:3001/src/lib/util/stats.ts:89
[  111296ms] [LOG] Loading '' @ http://localhost:3001/src/lib/util/state.ts:192
[  111356ms] [LOG] Registration successful, scope is: http://localhost:3001/ @ http://localhost:3001/src/routes/+layout.svelte:42
[  111410ms] [LOG] [plausible] render {diagramType: flowchart-v2, isRough: false, lengthBucket: 0-10, renderTimeMsBucket: 50-100} @ http://localhost:3001/src/lib/util/stats.ts:89
[  112041ms] [LOG] [plausible] version {mermaidVersion: 11.14.0} @ http://localhost:3001/src/lib/util/stats.ts:89
[  112113ms] [LOG] Loading '' @ http://localhost:3001/src/lib/util/state.ts:192
[  112169ms] [LOG] Registration successful, scope is: http://localhost:3001/ @ http://localhost:3001/src/routes/+layout.svelte:42
[  112233ms] [LOG] [plausible] render {diagramType: flowchart-v2, isRough: false, lengthBucket: 0-10, renderTimeMsBucket: 50-100} @ http://localhost:3001/src/lib/util/stats.ts:89
[  112850ms] [LOG] [plausible] version {mermaidVersion: 11.14.0} @ http://localhost:3001/src/lib/util/stats.ts:89
[  112921ms] [LOG] Loading '' @ http://localhost:3001/src/lib/util/state.ts:192
[  112974ms] [LOG] Registration successful, scope is: http://localhost:3001/ @ http://localhost:3001/src/routes/+layout.svelte:42
[  113028ms] [LOG] [plausible] render {diagramType: flowchart-v2, isRough: false, lengthBucket: 0-10, renderTimeMsBucket: 50-100} @ http://localhost:3001/src/lib/util/stats.ts:89
[  113646ms] [LOG] [plausible] version {mermaidVersion: 11.14.0} @ http://localhost:3001/src/lib/util/stats.ts:89
[  113716ms] [LOG] Loading '' @ http://localhost:3001/src/lib/util/state.ts:192
[  113766ms] [LOG] Registration successful, scope is: http://localhost:3001/ @ http://localhost:3001/src/routes/+layout.svelte:42
[  113824ms] [LOG] [plausible] render {diagramType: flowchart-v2, isRough: false, lengthBucket: 0-10, renderTimeMsBucket: 50-100} @ http://localhost:3001/src/lib/util/stats.ts:89
[  114446ms] [LOG] [plausible] version {mermaidVersion: 11.14.0} @ http://localhost:3001/src/lib/util/stats.ts:89
[  114508ms] [LOG] Loading '' @ http://localhost:3001/src/lib/util/state.ts:192
[  114559ms] [LOG] Registration successful, scope is: http://localhost:3001/ @ http://localhost:3001/src/routes/+layout.svelte:42
[  114592ms] [LOG] [plausible] render {diagramType: flowchart-v2, isRough: false, lengthBucket: 0-10, renderTimeMsBucket: 50-100} @ http://localhost:3001/src/lib/util/stats.ts:89
[  115239ms] [LOG] [plausible] version {mermaidVersion: 11.14.0} @ http://localhost:3001/src/lib/util/stats.ts:89
[  115305ms] [LOG] Loading '' @ http://localhost:3001/src/lib/util/state.ts:192
[  115354ms] [LOG] Registration successful, scope is: http://localhost:3001/ @ http://localhost:3001/src/routes/+layout.svelte:42
[  115391ms] [LOG] [plausible] render {diagramType: flowchart-v2, isRough: false, lengthBucket: 0-10, renderTimeMsBucket: 50-100} @ http://localhost:3001/src/lib/util/stats.ts:89
[  116004ms] [LOG] [plausible] version {mermaidVersion: 11.14.0} @ http://localhost:3001/src/lib/util/stats.ts:89
[  116067ms] [LOG] Loading '' @ http://localhost:3001/src/lib/util/state.ts:192
[  116121ms] [LOG] Registration successful, scope is: http://localhost:3001/ @ http://localhost:3001/src/routes/+layout.svelte:42
[  116165ms] [LOG] [plausible] render {diagramType: flowchart-v2, isRough: false, lengthBucket: 0-10, renderTimeMsBucket: 50-100} @ http://localhost:3001/src/lib/util/stats.ts:89
[  116744ms] [LOG] [plausible] version {mermaidVersion: 11.14.0} @ http://localhost:3001/src/lib/util/stats.ts:89
[  116818ms] [LOG] Loading '' @ http://localhost:3001/src/lib/util/state.ts:192
[  116873ms] [LOG] Registration successful, scope is: http://localhost:3001/ @ http://localhost:3001/src/routes/+layout.svelte:42
[  116926ms] [LOG] [plausible] render {diagramType: flowchart-v2, isRough: false, lengthBucket: 0-10, renderTimeMsBucket: 50-100} @ http://localhost:3001/src/lib/util/stats.ts:89
[  117554ms] [LOG] [plausible] version {mermaidVersion: 11.14.0} @ http://localhost:3001/src/lib/util/stats.ts:89
[  117622ms] [LOG] Loading '' @ http://localhost:3001/src/lib/util/state.ts:192
[  117674ms] [LOG] Registration successful, scope is: http://localhost:3001/ @ http://localhost:3001/src/routes/+layout.svelte:42
[  117735ms] [LOG] [plausible] render {diagramType: flowchart-v2, isRough: false, lengthBucket: 0-10, renderTimeMsBucket: 50-100} @ http://localhost:3001/src/lib/util/stats.ts:89
[  118346ms] [LOG] [plausible] version {mermaidVersion: 11.14.0} @ http://localhost:3001/src/lib/util/stats.ts:89
[  118413ms] [LOG] Loading '' @ http://localhost:3001/src/lib/util/state.ts:192
[  118466ms] [LOG] Registration successful, scope is: http://localhost:3001/ @ http://localhost:3001/src/routes/+layout.svelte:42
[  118502ms] [LOG] [plausible] render {diagramType: flowchart-v2, isRough: false, lengthBucket: 0-10, renderTimeMsBucket: 50-100} @ http://localhost:3001/src/lib/util/stats.ts:89
[  119095ms] [LOG] [plausible] version {mermaidVersion: 11.14.0} @ http://localhost:3001/src/lib/util/stats.ts:89
[  119165ms] [LOG] Loading '' @ http://localhost:3001/src/lib/util/state.ts:192
[  119213ms] [LOG] Registration successful, scope is: http://localhost:3001/ @ http://localhost:3001/src/routes/+layout.svelte:42
[  119263ms] [LOG] [plausible] render {diagramType: flowchart-v2, isRough: false, lengthBucket: 0-10, renderTimeMsBucket: 50-100} @ http://localhost:3001/src/lib/util/stats.ts:89
[  119876ms] [LOG] [plausible] version {mermaidVersion: 11.14.0} @ http://localhost:3001/src/lib/util/stats.ts:89
[  119949ms] [LOG] Loading '' @ http://localhost:3001/src/lib/util/state.ts:192
[  120005ms] [LOG] Registration successful, scope is: http://localhost:3001/ @ http://localhost:3001/src/routes/+layout.svelte:42
[  120053ms] [LOG] [plausible] render {diagramType: flowchart-v2, isRough: false, lengthBucket: 0-10, renderTimeMsBucket: 50-100} @ http://localhost:3001/src/lib/util/stats.ts:89
[  120672ms] [LOG] [plausible] version {mermaidVersion: 11.14.0} @ http://localhost:3001/src/lib/util/stats.ts:89
[  120745ms] [LOG] Loading '' @ http://localhost:3001/src/lib/util/state.ts:192
[  120804ms] [LOG] Registration successful, scope is: http://localhost:3001/ @ http://localhost:3001/src/routes/+layout.svelte:42
[  120850ms] [LOG] [plausible] render {diagramType: flowchart-v2, isRough: false, lengthBucket: 0-10, renderTimeMsBucket: 50-100} @ http://localhost:3001/src/lib/util/stats.ts:89
[  121445ms] [LOG] [plausible] version {mermaidVersion: 11.14.0} @ http://localhost:3001/src/lib/util/stats.ts:89
[  121504ms] [LOG] Loading '' @ http://localhost:3001/src/lib/util/state.ts:192
[  121552ms] [LOG] Registration successful, scope is: http://localhost:3001/ @ http://localhost:3001/src/routes/+layout.svelte:42
[  121604ms] [LOG] [plausible] render {diagramType: flowchart-v2, isRough: false, lengthBucket: 0-10, renderTimeMsBucket: 50-100} @ http://localhost:3001/src/lib/util/stats.ts:89
[  122254ms] [LOG] [plausible] version {mermaidVersion: 11.14.0} @ http://localhost:3001/src/lib/util/stats.ts:89
[  122317ms] [LOG] Loading '' @ http://localhost:3001/src/lib/util/state.ts:192
[  122377ms] [LOG] Registration successful, scope is: http://localhost:3001/ @ http://localhost:3001/src/routes/+layout.svelte:42
[  122440ms] [LOG] [plausible] render {diagramType: flowchart-v2, isRough: false, lengthBucket: 0-10, renderTimeMsBucket: 50-100} @ http://localhost:3001/src/lib/util/stats.ts:89
[  123066ms] [LOG] [plausible] version {mermaidVersion: 11.14.0} @ http://localhost:3001/src/lib/util/stats.ts:89
[  123139ms] [LOG] Loading '' @ http://localhost:3001/src/lib/util/state.ts:192
[  123192ms] [LOG] Registration successful, scope is: http://localhost:3001/ @ http://localhost:3001/src/routes/+layout.svelte:42
[  123245ms] [LOG] [plausible] render {diagramType: flowchart-v2, isRough: false, lengthBucket: 0-10, renderTimeMsBucket: 50-100} @ http://localhost:3001/src/lib/util/stats.ts:89
[  123839ms] [LOG] [plausible] version {mermaidVersion: 11.14.0} @ http://localhost:3001/src/lib/util/stats.ts:89
[  123909ms] [LOG] Loading '' @ http://localhost:3001/src/lib/util/state.ts:192
[  123960ms] [LOG] Registration successful, scope is: http://localhost:3001/ @ http://localhost:3001/src/routes/+layout.svelte:42
[  124008ms] [LOG] [plausible] render {diagramType: flowchart-v2, isRough: false, lengthBucket: 0-10, renderTimeMsBucket: 50-100} @ http://localhost:3001/src/lib/util/stats.ts:89
[  124543ms] [LOG] [plausible] version {mermaidVersion: 11.14.0} @ http://localhost:3001/src/lib/util/stats.ts:89
[  124613ms] [LOG] Loading '' @ http://localhost:3001/src/lib/util/state.ts:192
[  124665ms] [LOG] Registration successful, scope is: http://localhost:3001/ @ http://localhost:3001/src/routes/+layout.svelte:42
[  124703ms] [LOG] [plausible] render {diagramType: flowchart-v2, isRough: false, lengthBucket: 0-10, renderTimeMsBucket: 50-100} @ http://localhost:3001/src/lib/util/stats.ts:89
[  125301ms] [LOG] [plausible] version {mermaidVersion: 11.14.0} @ http://localhost:3001/src/lib/util/stats.ts:89
[  125362ms] [LOG] Loading '' @ http://localhost:3001/src/lib/util/state.ts:192
[  125415ms] [LOG] Registration successful, scope is: http://localhost:3001/ @ http://localhost:3001/src/routes/+layout.svelte:42
[  125460ms] [LOG] [plausible] render {diagramType: flowchart-v2, isRough: false, lengthBucket: 0-10, renderTimeMsBucket: 50-100} @ http://localhost:3001/src/lib/util/stats.ts:89
[  126057ms] [LOG] [plausible] version {mermaidVersion: 11.14.0} @ http://localhost:3001/src/lib/util/stats.ts:89
[  126118ms] [LOG] Loading '' @ http://localhost:3001/src/lib/util/state.ts:192
[  126179ms] [LOG] Registration successful, scope is: http://localhost:3001/ @ http://localhost:3001/src/routes/+layout.svelte:42
[  126219ms] [LOG] [plausible] render {diagramType: flowchart-v2, isRough: false, lengthBucket: 0-10, renderTimeMsBucket: 50-100} @ http://localhost:3001/src/lib/util/stats.ts:89
[  126803ms] [LOG] [plausible] version {mermaidVersion: 11.14.0} @ http://localhost:3001/src/lib/util/stats.ts:89
[  126873ms] [LOG] Loading '' @ http://localhost:3001/src/lib/util/state.ts:192
[  126928ms] [LOG] Registration successful, scope is: http://localhost:3001/ @ http://localhost:3001/src/routes/+layout.svelte:42
[  126981ms] [LOG] [plausible] render {diagramType: flowchart-v2, isRough: false, lengthBucket: 0-10, renderTimeMsBucket: 50-100} @ http://localhost:3001/src/lib/util/stats.ts:89
[  127577ms] [LOG] [plausible] version {mermaidVersion: 11.14.0} @ http://localhost:3001/src/lib/util/stats.ts:89
[  127647ms] [LOG] Loading '' @ http://localhost:3001/src/lib/util/state.ts:192
[  127696ms] [LOG] Registration successful, scope is: http://localhost:3001/ @ http://localhost:3001/src/routes/+layout.svelte:42
[  127744ms] [LOG] [plausible] render {diagramType: flowchart-v2, isRough: false, lengthBucket: 0-10, renderTimeMsBucket: 50-100} @ http://localhost:3001/src/lib/util/stats.ts:89
[  128377ms] [LOG] [plausible] version {mermaidVersion: 11.14.0} @ http://localhost:3001/src/lib/util/stats.ts:89
[  128440ms] [LOG] Loading '' @ http://localhost:3001/src/lib/util/state.ts:192
[  128502ms] [LOG] Registration successful, scope is: http://localhost:3001/ @ http://localhost:3001/src/routes/+layout.svelte:42
[  128563ms] [LOG] [plausible] render {diagramType: flowchart-v2, isRough: false, lengthBucket: 0-10, renderTimeMsBucket: 50-100} @ http://localhost:3001/src/lib/util/stats.ts:89
[  129165ms] [LOG] [plausible] version {mermaidVersion: 11.14.0} @ http://localhost:3001/src/lib/util/stats.ts:89
[  129235ms] [LOG] Loading '' @ http://localhost:3001/src/lib/util/state.ts:192
[  129290ms] [LOG] Registration successful, scope is: http://localhost:3001/ @ http://localhost:3001/src/routes/+layout.svelte:42
[  129329ms] [LOG] [plausible] render {diagramType: flowchart-v2, isRough: false, lengthBucket: 0-10, renderTimeMsBucket: 50-100} @ http://localhost:3001/src/lib/util/stats.ts:89
[  130002ms] [LOG] [plausible] version {mermaidVersion: 11.14.0} @ http://localhost:3001/src/lib/util/stats.ts:89
[  130070ms] [LOG] Loading '' @ http://localhost:3001/src/lib/util/state.ts:192
[  130119ms] [LOG] Registration successful, scope is: http://localhost:3001/ @ http://localhost:3001/src/routes/+layout.svelte:42
[  130160ms] [LOG] [plausible] render {diagramType: flowchart-v2, isRough: false, lengthBucket: 0-10, renderTimeMsBucket: 50-100} @ http://localhost:3001/src/lib/util/stats.ts:89
[  130745ms] [LOG] [plausible] version {mermaidVersion: 11.14.0} @ http://localhost:3001/src/lib/util/stats.ts:89
[  130815ms] [LOG] Loading '' @ http://localhost:3001/src/lib/util/state.ts:192
[  130869ms] [LOG] Registration successful, scope is: http://localhost:3001/ @ http://localhost:3001/src/routes/+layout.svelte:42
[  130905ms] [LOG] [plausible] render {diagramType: flowchart-v2, isRough: false, lengthBucket: 0-10, renderTimeMsBucket: 50-100} @ http://localhost:3001/src/lib/util/stats.ts:89
[  131489ms] [LOG] [plausible] version {mermaidVersion: 11.14.0} @ http://localhost:3001/src/lib/util/stats.ts:89
[  131548ms] [LOG] Loading '' @ http://localhost:3001/src/lib/util/state.ts:192
[  131607ms] [LOG] Registration successful, scope is: http://localhost:3001/ @ http://localhost:3001/src/routes/+layout.svelte:42
[  131649ms] [LOG] [plausible] render {diagramType: flowchart-v2, isRough: false, lengthBucket: 0-10, renderTimeMsBucket: 50-100} @ http://localhost:3001/src/lib/util/stats.ts:89
[  132222ms] [LOG] [plausible] version {mermaidVersion: 11.14.0} @ http://localhost:3001/src/lib/util/stats.ts:89
[  132289ms] [LOG] Loading '' @ http://localhost:3001/src/lib/util/state.ts:192
[  132345ms] [LOG] Registration successful, scope is: http://localhost:3001/ @ http://localhost:3001/src/routes/+layout.svelte:42
[  132395ms] [LOG] [plausible] render {diagramType: flowchart-v2, isRough: false, lengthBucket: 0-10, renderTimeMsBucket: 50-100} @ http://localhost:3001/src/lib/util/stats.ts:89
[  133071ms] [LOG] [plausible] version {mermaidVersion: 11.14.0} @ http://localhost:3001/src/lib/util/stats.ts:89
[  133149ms] [LOG] Loading '' @ http://localhost:3001/src/lib/util/state.ts:192
[  133201ms] [LOG] Registration successful, scope is: http://localhost:3001/ @ http://localhost:3001/src/routes/+layout.svelte:42
[  133246ms] [LOG] [plausible] render {diagramType: flowchart-v2, isRough: false, lengthBucket: 0-10, renderTimeMsBucket: 50-100} @ http://localhost:3001/src/lib/util/stats.ts:89
[  133854ms] [LOG] [plausible] version {mermaidVersion: 11.14.0} @ http://localhost:3001/src/lib/util/stats.ts:89
[  133929ms] [LOG] Loading '' @ http://localhost:3001/src/lib/util/state.ts:192
[  133984ms] [LOG] Registration successful, scope is: http://localhost:3001/ @ http://localhost:3001/src/routes/+layout.svelte:42
[  134034ms] [LOG] [plausible] render {diagramType: flowchart-v2, isRough: false, lengthBucket: 0-10, renderTimeMsBucket: 50-100} @ http://localhost:3001/src/lib/util/stats.ts:89
[  134679ms] [LOG] [plausible] version {mermaidVersion: 11.14.0} @ http://localhost:3001/src/lib/util/stats.ts:89
[  134747ms] [LOG] Loading '' @ http://localhost:3001/src/lib/util/state.ts:192
[  134804ms] [LOG] Registration successful, scope is: http://localhost:3001/ @ http://localhost:3001/src/routes/+layout.svelte:42
[  134861ms] [LOG] [plausible] render {diagramType: flowchart-v2, isRough: false, lengthBucket: 0-10, renderTimeMsBucket: 50-100} @ http://localhost:3001/src/lib/util/stats.ts:89
[  135509ms] [LOG] [plausible] version {mermaidVersion: 11.14.0} @ http://localhost:3001/src/lib/util/stats.ts:89
[  135576ms] [LOG] Loading '' @ http://localhost:3001/src/lib/util/state.ts:192
[  135630ms] [LOG] Registration successful, scope is: http://localhost:3001/ @ http://localhost:3001/src/routes/+layout.svelte:42
[  135678ms] [LOG] [plausible] render {diagramType: flowchart-v2, isRough: false, lengthBucket: 0-10, renderTimeMsBucket: 50-100} @ http://localhost:3001/src/lib/util/stats.ts:89
[  136234ms] [LOG] [plausible] version {mermaidVersion: 11.14.0} @ http://localhost:3001/src/lib/util/stats.ts:89
[  136309ms] [LOG] Loading '' @ http://localhost:3001/src/lib/util/state.ts:192
[  136371ms] [LOG] Registration successful, scope is: http://localhost:3001/ @ http://localhost:3001/src/routes/+layout.svelte:42
[  136421ms] [LOG] [plausible] render {diagramType: flowchart-v2, isRough: false, lengthBucket: 0-10, renderTimeMsBucket: 50-100} @ http://localhost:3001/src/lib/util/stats.ts:89
[  137013ms] [LOG] [plausible] version {mermaidVersion: 11.14.0} @ http://localhost:3001/src/lib/util/stats.ts:89
[  137091ms] [LOG] Loading '' @ http://localhost:3001/src/lib/util/state.ts:192
[  137145ms] [LOG] Registration successful, scope is: http://localhost:3001/ @ http://localhost:3001/src/routes/+layout.svelte:42
[  137193ms] [LOG] [plausible] render {diagramType: flowchart-v2, isRough: false, lengthBucket: 0-10, renderTimeMsBucket: 50-100} @ http://localhost:3001/src/lib/util/stats.ts:89
[  137744ms] [LOG] [plausible] version {mermaidVersion: 11.14.0} @ http://localhost:3001/src/lib/util/stats.ts:89
[  137815ms] [LOG] Loading '' @ http://localhost:3001/src/lib/util/state.ts:192
[  137873ms] [LOG] Registration successful, scope is: http://localhost:3001/ @ http://localhost:3001/src/routes/+layout.svelte:42
[  137929ms] [LOG] [plausible] render {diagramType: flowchart-v2, isRough: false, lengthBucket: 0-10, renderTimeMsBucket: 50-100} @ http://localhost:3001/src/lib/util/stats.ts:89
[  138558ms] [LOG] [plausible] version {mermaidVersion: 11.14.0} @ http://localhost:3001/src/lib/util/stats.ts:89
[  138619ms] [LOG] Loading '' @ http://localhost:3001/src/lib/util/state.ts:192
[  138677ms] [LOG] Registration successful, scope is: http://localhost:3001/ @ http://localhost:3001/src/routes/+layout.svelte:42
[  138743ms] [LOG] [plausible] render {diagramType: flowchart-v2, isRough: false, lengthBucket: 0-10, renderTimeMsBucket: 50-100} @ http://localhost:3001/src/lib/util/stats.ts:89
[  139360ms] [LOG] [plausible] version {mermaidVersion: 11.14.0} @ http://localhost:3001/src/lib/util/stats.ts:89
[  139423ms] [LOG] Loading '' @ http://localhost:3001/src/lib/util/state.ts:192
[  139478ms] [LOG] Registration successful, scope is: http://localhost:3001/ @ http://localhost:3001/src/routes/+layout.svelte:42
[  139553ms] [LOG] [plausible] render {diagramType: flowchart-v2, isRough: false, lengthBucket: 0-10, renderTimeMsBucket: 100-200} @ http://localhost:3001/src/lib/util/stats.ts:89
[  140164ms] [LOG] [plausible] version {mermaidVersion: 11.14.0} @ http://localhost:3001/src/lib/util/stats.ts:89
[  140228ms] [LOG] Loading '' @ http://localhost:3001/src/lib/util/state.ts:192
[  140293ms] [LOG] Registration successful, scope is: http://localhost:3001/ @ http://localhost:3001/src/routes/+layout.svelte:42
[  140355ms] [LOG] [plausible] render {diagramType: flowchart-v2, isRough: false, lengthBucket: 0-10, renderTimeMsBucket: 50-100} @ http://localhost:3001/src/lib/util/stats.ts:89
[  141002ms] [LOG] [plausible] version {mermaidVersion: 11.14.0} @ http://localhost:3001/src/lib/util/stats.ts:89
[  141075ms] [LOG] Loading '' @ http://localhost:3001/src/lib/util/state.ts:192
[  141144ms] [LOG] Registration successful, scope is: http://localhost:3001/ @ http://localhost:3001/src/routes/+layout.svelte:42
[  141186ms] [LOG] [plausible] render {diagramType: flowchart-v2, isRough: false, lengthBucket: 0-10, renderTimeMsBucket: 50-100} @ http://localhost:3001/src/lib/util/stats.ts:89
[  141777ms] [LOG] [plausible] version {mermaidVersion: 11.14.0} @ http://localhost:3001/src/lib/util/stats.ts:89
[  141857ms] [LOG] Loading '' @ http://localhost:3001/src/lib/util/state.ts:192
[  141920ms] [LOG] Registration successful, scope is: http://localhost:3001/ @ http://localhost:3001/src/routes/+layout.svelte:42
[  141962ms] [LOG] [plausible] render {diagramType: flowchart-v2, isRough: false, lengthBucket: 0-10, renderTimeMsBucket: 50-100} @ http://localhost:3001/src/lib/util/stats.ts:89
[  142544ms] [LOG] [plausible] version {mermaidVersion: 11.14.0} @ http://localhost:3001/src/lib/util/stats.ts:89
[  142605ms] [LOG] Loading '' @ http://localhost:3001/src/lib/util/state.ts:192
[  142661ms] [LOG] Registration successful, scope is: http://localhost:3001/ @ http://localhost:3001/src/routes/+layout.svelte:42
[  142706ms] [LOG] [plausible] render {diagramType: flowchart-v2, isRough: false, lengthBucket: 0-10, renderTimeMsBucket: 50-100} @ http://localhost:3001/src/lib/util/stats.ts:89
[  143284ms] [LOG] [plausible] version {mermaidVersion: 11.14.0} @ http://localhost:3001/src/lib/util/stats.ts:89
[  143354ms] [LOG] Loading '' @ http://localhost:3001/src/lib/util/state.ts:192
[  143408ms] [LOG] Registration successful, scope is: http://localhost:3001/ @ http://localhost:3001/src/routes/+layout.svelte:42
[  143468ms] [LOG] [plausible] render {diagramType: flowchart-v2, isRough: false, lengthBucket: 0-10, renderTimeMsBucket: 50-100} @ http://localhost:3001/src/lib/util/stats.ts:89
[  144097ms] [LOG] [plausible] version {mermaidVersion: 11.14.0} @ http://localhost:3001/src/lib/util/stats.ts:89
[  144162ms] [LOG] Loading '' @ http://localhost:3001/src/lib/util/state.ts:192
[  144223ms] [LOG] Registration successful, scope is: http://localhost:3001/ @ http://localhost:3001/src/routes/+layout.svelte:42
[  144290ms] [LOG] [plausible] render {diagramType: flowchart-v2, isRough: false, lengthBucket: 0-10, renderTimeMsBucket: 50-100} @ http://localhost:3001/src/lib/util/stats.ts:89
[  144904ms] [LOG] [plausible] version {mermaidVersion: 11.14.0} @ http://localhost:3001/src/lib/util/stats.ts:89
[  144969ms] [LOG] Loading '' @ http://localhost:3001/src/lib/util/state.ts:192
[  145026ms] [LOG] Registration successful, scope is: http://localhost:3001/ @ http://localhost:3001/src/routes/+layout.svelte:42
[  145103ms] [LOG] [plausible] render {diagramType: flowchart-v2, isRough: false, lengthBucket: 0-10, renderTimeMsBucket: 100-200} @ http://localhost:3001/src/lib/util/stats.ts:89
[  145680ms] [LOG] [plausible] version {mermaidVersion: 11.14.0} @ http://localhost:3001/src/lib/util/stats.ts:89
[  145750ms] [LOG] Loading '' @ http://localhost:3001/src/lib/util/state.ts:192
[  145800ms] [LOG] Registration successful, scope is: http://localhost:3001/ @ http://localhost:3001/src/routes/+layout.svelte:42
[  145877ms] [LOG] [plausible] render {diagramType: flowchart-v2, isRough: false, lengthBucket: 0-10, renderTimeMsBucket: 100-200} @ http://localhost:3001/src/lib/util/stats.ts:89
[  146410ms] [LOG] [plausible] version {mermaidVersion: 11.14.0} @ http://localhost:3001/src/lib/util/stats.ts:89
[  146475ms] [LOG] Loading '' @ http://localhost:3001/src/lib/util/state.ts:192
[  146528ms] [LOG] Registration successful, scope is: http://localhost:3001/ @ http://localhost:3001/src/routes/+layout.svelte:42
[  146575ms] [LOG] [plausible] render {diagramType: flowchart-v2, isRough: false, lengthBucket: 0-10, renderTimeMsBucket: 50-100} @ http://localhost:3001/src/lib/util/stats.ts:89
[  147161ms] [LOG] [plausible] version {mermaidVersion: 11.14.0} @ http://localhost:3001/src/lib/util/stats.ts:89
[  147226ms] [LOG] Loading '' @ http://localhost:3001/src/lib/util/state.ts:192
[  147279ms] [LOG] Registration successful, scope is: http://localhost:3001/ @ http://localhost:3001/src/routes/+layout.svelte:42
[  147328ms] [LOG] [plausible] render {diagramType: flowchart-v2, isRough: false, lengthBucket: 0-10, renderTimeMsBucket: 50-100} @ http://localhost:3001/src/lib/util/stats.ts:89
[  147913ms] [LOG] [plausible] version {mermaidVersion: 11.14.0} @ http://localhost:3001/src/lib/util/stats.ts:89
[  147984ms] [LOG] Loading '' @ http://localhost:3001/src/lib/util/state.ts:192
[  148037ms] [LOG] Registration successful, scope is: http://localhost:3001/ @ http://localhost:3001/src/routes/+layout.svelte:42
[  148078ms] [LOG] [plausible] render {diagramType: flowchart-v2, isRough: false, lengthBucket: 0-10, renderTimeMsBucket: 50-100} @ http://localhost:3001/src/lib/util/stats.ts:89
[  148671ms] [LOG] [plausible] version {mermaidVersion: 11.14.0} @ http://localhost:3001/src/lib/util/stats.ts:89
[  148741ms] [LOG] Loading '' @ http://localhost:3001/src/lib/util/state.ts:192
[  148795ms] [LOG] Registration successful, scope is: http://localhost:3001/ @ http://localhost:3001/src/routes/+layout.svelte:42
[  148831ms] [LOG] [plausible] render {diagramType: flowchart-v2, isRough: false, lengthBucket: 0-10, renderTimeMsBucket: 50-100} @ http://localhost:3001/src/lib/util/stats.ts:89
[  149418ms] [LOG] [plausible] version {mermaidVersion: 11.14.0} @ http://localhost:3001/src/lib/util/stats.ts:89
[  149487ms] [LOG] Loading '' @ http://localhost:3001/src/lib/util/state.ts:192
[  149542ms] [LOG] Registration successful, scope is: http://localhost:3001/ @ http://localhost:3001/src/routes/+layout.svelte:42
[  149583ms] [LOG] [plausible] render {diagramType: flowchart-v2, isRough: false, lengthBucket: 0-10, renderTimeMsBucket: 50-100} @ http://localhost:3001/src/lib/util/stats.ts:89
[  150162ms] [LOG] [plausible] version {mermaidVersion: 11.14.0} @ http://localhost:3001/src/lib/util/stats.ts:89
[  150232ms] [LOG] Loading '' @ http://localhost:3001/src/lib/util/state.ts:192
[  150284ms] [LOG] Registration successful, scope is: http://localhost:3001/ @ http://localhost:3001/src/routes/+layout.svelte:42
[  150878ms] [LOG] [plausible] version {mermaidVersion: 11.14.0} @ http://localhost:3001/src/lib/util/stats.ts:89
[  150939ms] [LOG] Loading '' @ http://localhost:3001/src/lib/util/state.ts:192
[  150992ms] [LOG] Registration successful, scope is: http://localhost:3001/ @ http://localhost:3001/src/routes/+layout.svelte:42
[  151029ms] [LOG] [plausible] render {diagramType: flowchart-v2, isRough: false, lengthBucket: 0-10, renderTimeMsBucket: 50-100} @ http://localhost:3001/src/lib/util/stats.ts:89
[  151613ms] [LOG] [plausible] version {mermaidVersion: 11.14.0} @ http://localhost:3001/src/lib/util/stats.ts:89
[  151682ms] [LOG] Loading '' @ http://localhost:3001/src/lib/util/state.ts:192
[  151735ms] [LOG] Registration successful, scope is: http://localhost:3001/ @ http://localhost:3001/src/routes/+layout.svelte:42
[  151782ms] [LOG] [plausible] render {diagramType: flowchart-v2, isRough: false, lengthBucket: 0-10, renderTimeMsBucket: 50-100} @ http://localhost:3001/src/lib/util/stats.ts:89
[  152429ms] [LOG] [plausible] version {mermaidVersion: 11.14.0} @ http://localhost:3001/src/lib/util/stats.ts:89
[  152485ms] [LOG] Loading '' @ http://localhost:3001/src/lib/util/state.ts:192
[  152541ms] [LOG] Registration successful, scope is: http://localhost:3001/ @ http://localhost:3001/src/routes/+layout.svelte:42
[  152616ms] [LOG] [plausible] render {diagramType: flowchart-v2, isRough: false, lengthBucket: 0-10, renderTimeMsBucket: 100-200} @ http://localhost:3001/src/lib/util/stats.ts:89
[  153221ms] [LOG] [plausible] version {mermaidVersion: 11.14.0} @ http://localhost:3001/src/lib/util/stats.ts:89
[  153282ms] [LOG] Loading '' @ http://localhost:3001/src/lib/util/state.ts:192
[  153329ms] [LOG] Registration successful, scope is: http://localhost:3001/ @ http://localhost:3001/src/routes/+layout.svelte:42
[  153396ms] [LOG] [plausible] render {diagramType: flowchart-v2, isRough: false, lengthBucket: 0-10, renderTimeMsBucket: 50-100} @ http://localhost:3001/src/lib/util/stats.ts:89
[  153971ms] [LOG] [plausible] version {mermaidVersion: 11.14.0} @ http://localhost:3001/src/lib/util/stats.ts:89
[  154039ms] [LOG] Loading '' @ http://localhost:3001/src/lib/util/state.ts:192
[  154095ms] [LOG] Registration successful, scope is: http://localhost:3001/ @ http://localhost:3001/src/routes/+layout.svelte:42
[  154137ms] [LOG] [plausible] render {diagramType: flowchart-v2, isRough: false, lengthBucket: 0-10, renderTimeMsBucket: 50-100} @ http://localhost:3001/src/lib/util/stats.ts:89
[  154734ms] [LOG] [plausible] version {mermaidVersion: 11.14.0} @ http://localhost:3001/src/lib/util/stats.ts:89
[  154803ms] [LOG] Loading '' @ http://localhost:3001/src/lib/util/state.ts:192
[  154855ms] [LOG] Registration successful, scope is: http://localhost:3001/ @ http://localhost:3001/src/routes/+layout.svelte:42
[  154895ms] [LOG] [plausible] render {diagramType: flowchart-v2, isRough: false, lengthBucket: 0-10, renderTimeMsBucket: 50-100} @ http://localhost:3001/src/lib/util/stats.ts:89
[  155507ms] [LOG] [plausible] version {mermaidVersion: 11.14.0} @ http://localhost:3001/src/lib/util/stats.ts:89
[  155575ms] [LOG] Loading '' @ http://localhost:3001/src/lib/util/state.ts:192
[  155629ms] [LOG] Registration successful, scope is: http://localhost:3001/ @ http://localhost:3001/src/routes/+layout.svelte:42
[  155668ms] [LOG] [plausible] render {diagramType: flowchart-v2, isRough: false, lengthBucket: 0-10, renderTimeMsBucket: 50-100} @ http://localhost:3001/src/lib/util/stats.ts:89
[  156262ms] [LOG] [plausible] version {mermaidVersion: 11.14.0} @ http://localhost:3001/src/lib/util/stats.ts:89
[  156333ms] [LOG] Loading '' @ http://localhost:3001/src/lib/util/state.ts:192
[  156387ms] [LOG] Registration successful, scope is: http://localhost:3001/ @ http://localhost:3001/src/routes/+layout.svelte:42
[  156431ms] [LOG] [plausible] render {diagramType: flowchart-v2, isRough: false, lengthBucket: 0-10, renderTimeMsBucket: 50-100} @ http://localhost:3001/src/lib/util/stats.ts:89
[  157141ms] [LOG] [plausible] version {mermaidVersion: 11.14.0} @ http://localhost:3001/src/lib/util/stats.ts:89
[  157207ms] [LOG] Loading '' @ http://localhost:3001/src/lib/util/state.ts:192
[  157268ms] [LOG] Registration successful, scope is: http://localhost:3001/ @ http://localhost:3001/src/routes/+layout.svelte:42
[  157314ms] [LOG] [plausible] render {diagramType: flowchart-v2, isRough: false, lengthBucket: 0-10, renderTimeMsBucket: 50-100} @ http://localhost:3001/src/lib/util/stats.ts:89
[  158058ms] [LOG] [plausible] version {mermaidVersion: 11.14.0} @ http://localhost:3001/src/lib/util/stats.ts:89
[  158133ms] [LOG] Loading '' @ http://localhost:3001/src/lib/util/state.ts:192
[  158195ms] [LOG] Registration successful, scope is: http://localhost:3001/ @ http://localhost:3001/src/routes/+layout.svelte:42
[  158249ms] [LOG] [plausible] render {diagramType: flowchart-v2, isRough: false, lengthBucket: 0-10, renderTimeMsBucket: 50-100} @ http://localhost:3001/src/lib/util/stats.ts:89
[  158922ms] [LOG] [plausible] version {mermaidVersion: 11.14.0} @ http://localhost:3001/src/lib/util/stats.ts:89
[  158987ms] [LOG] Loading '' @ http://localhost:3001/src/lib/util/state.ts:192
[  159041ms] [LOG] Registration successful, scope is: http://localhost:3001/ @ http://localhost:3001/src/routes/+layout.svelte:42
[  159091ms] [LOG] [plausible] render {diagramType: flowchart-v2, isRough: false, lengthBucket: 0-10, renderTimeMsBucket: 50-100} @ http://localhost:3001/src/lib/util/stats.ts:89
[  159696ms] [LOG] [plausible] version {mermaidVersion: 11.14.0} @ http://localhost:3001/src/lib/util/stats.ts:89
[  159765ms] [LOG] Loading '' @ http://localhost:3001/src/lib/util/state.ts:192
[  159825ms] [LOG] Registration successful, scope is: http://localhost:3001/ @ http://localhost:3001/src/routes/+layout.svelte:42
[  159866ms] [LOG] [plausible] render {diagramType: flowchart-v2, isRough: false, lengthBucket: 0-10, renderTimeMsBucket: 50-100} @ http://localhost:3001/src/lib/util/stats.ts:89
[  160581ms] [LOG] [plausible] version {mermaidVersion: 11.14.0} @ http://localhost:3001/src/lib/util/stats.ts:89
[  160651ms] [LOG] Loading '' @ http://localhost:3001/src/lib/util/state.ts:192
[  160710ms] [LOG] Registration successful, scope is: http://localhost:3001/ @ http://localhost:3001/src/routes/+layout.svelte:42
[  160765ms] [LOG] [plausible] render {diagramType: flowchart-v2, isRough: false, lengthBucket: 0-10, renderTimeMsBucket: 50-100} @ http://localhost:3001/src/lib/util/stats.ts:89
[  161403ms] [LOG] [plausible] version {mermaidVersion: 11.14.0} @ http://localhost:3001/src/lib/util/stats.ts:89
[  161457ms] [LOG] Loading '' @ http://localhost:3001/src/lib/util/state.ts:192
[  161518ms] [LOG] Registration successful, scope is: http://localhost:3001/ @ http://localhost:3001/src/routes/+layout.svelte:42
[  161587ms] [LOG] [plausible] render {diagramType: flowchart-v2, isRough: false, lengthBucket: 0-10, renderTimeMsBucket: 100-200} @ http://localhost:3001/src/lib/util/stats.ts:89
[  162208ms] [LOG] [plausible] version {mermaidVersion: 11.14.0} @ http://localhost:3001/src/lib/util/stats.ts:89
[  162268ms] [LOG] Loading '' @ http://localhost:3001/src/lib/util/state.ts:192
[  162322ms] [LOG] Registration successful, scope is: http://localhost:3001/ @ http://localhost:3001/src/routes/+layout.svelte:42
[  162390ms] [LOG] [plausible] render {diagramType: flowchart-v2, isRough: false, lengthBucket: 0-10, renderTimeMsBucket: 50-100} @ http://localhost:3001/src/lib/util/stats.ts:89
[  163048ms] [LOG] [plausible] version {mermaidVersion: 11.14.0} @ http://localhost:3001/src/lib/util/stats.ts:89
[  163118ms] [LOG] Loading '' @ http://localhost:3001/src/lib/util/state.ts:192
[  163171ms] [LOG] Registration successful, scope is: http://localhost:3001/ @ http://localhost:3001/src/routes/+layout.svelte:42
[  163212ms] [LOG] [plausible] render {diagramType: flowchart-v2, isRough: false, lengthBucket: 0-10, renderTimeMsBucket: 50-100} @ http://localhost:3001/src/lib/util/stats.ts:89
[  163846ms] [LOG] [plausible] version {mermaidVersion: 11.14.0} @ http://localhost:3001/src/lib/util/stats.ts:89
[  163921ms] [LOG] Loading '' @ http://localhost:3001/src/lib/util/state.ts:192
[  163976ms] [LOG] Registration successful, scope is: http://localhost:3001/ @ http://localhost:3001/src/routes/+layout.svelte:42
[  164023ms] [LOG] [plausible] render {diagramType: flowchart-v2, isRough: false, lengthBucket: 0-10, renderTimeMsBucket: 50-100} @ http://localhost:3001/src/lib/util/stats.ts:89
[  164610ms] [LOG] [plausible] version {mermaidVersion: 11.14.0} @ http://localhost:3001/src/lib/util/stats.ts:89
[  164672ms] [LOG] Loading '' @ http://localhost:3001/src/lib/util/state.ts:192
[  164725ms] [LOG] Registration successful, scope is: http://localhost:3001/ @ http://localhost:3001/src/routes/+layout.svelte:42
[  164766ms] [LOG] [plausible] render {diagramType: flowchart-v2, isRough: false, lengthBucket: 0-10, renderTimeMsBucket: 50-100} @ http://localhost:3001/src/lib/util/stats.ts:89
[  165377ms] [LOG] [plausible] version {mermaidVersion: 11.14.0} @ http://localhost:3001/src/lib/util/stats.ts:89
[  165447ms] [LOG] Loading '' @ http://localhost:3001/src/lib/util/state.ts:192
[  165503ms] [LOG] Registration successful, scope is: http://localhost:3001/ @ http://localhost:3001/src/routes/+layout.svelte:42
[  165546ms] [LOG] [plausible] render {diagramType: flowchart-v2, isRough: false, lengthBucket: 0-10, renderTimeMsBucket: 50-100} @ http://localhost:3001/src/lib/util/stats.ts:89
[  166123ms] [LOG] [plausible] version {mermaidVersion: 11.14.0} @ http://localhost:3001/src/lib/util/stats.ts:89
[  166192ms] [LOG] Loading '' @ http://localhost:3001/src/lib/util/state.ts:192
[  166253ms] [LOG] Registration successful, scope is: http://localhost:3001/ @ http://localhost:3001/src/routes/+layout.svelte:42
[  166295ms] [LOG] [plausible] render {diagramType: flowchart-v2, isRough: false, lengthBucket: 0-10, renderTimeMsBucket: 50-100} @ http://localhost:3001/src/lib/util/stats.ts:89
[  166872ms] [LOG] [plausible] version {mermaidVersion: 11.14.0} @ http://localhost:3001/src/lib/util/stats.ts:89
[  166941ms] [LOG] Loading '' @ http://localhost:3001/src/lib/util/state.ts:192
[  166996ms] [LOG] Registration successful, scope is: http://localhost:3001/ @ http://localhost:3001/src/routes/+layout.svelte:42
[  167043ms] [LOG] [plausible] render {diagramType: flowchart-v2, isRough: false, lengthBucket: 0-10, renderTimeMsBucket: 50-100} @ http://localhost:3001/src/lib/util/stats.ts:89
[  167636ms] [LOG] [plausible] version {mermaidVersion: 11.14.0} @ http://localhost:3001/src/lib/util/stats.ts:89
[  167705ms] [LOG] Loading '' @ http://localhost:3001/src/lib/util/state.ts:192
[  167758ms] [LOG] Registration successful, scope is: http://localhost:3001/ @ http://localhost:3001/src/routes/+layout.svelte:42
[  167804ms] [LOG] [plausible] render {diagramType: flowchart-v2, isRough: false, lengthBucket: 0-10, renderTimeMsBucket: 50-100} @ http://localhost:3001/src/lib/util/stats.ts:89
[  168363ms] [LOG] [plausible] version {mermaidVersion: 11.14.0} @ http://localhost:3001/src/lib/util/stats.ts:89
[  168427ms] [LOG] Loading '' @ http://localhost:3001/src/lib/util/state.ts:192
[  168482ms] [LOG] Registration successful, scope is: http://localhost:3001/ @ http://localhost:3001/src/routes/+layout.svelte:42
[  168559ms] [LOG] [plausible] render {diagramType: flowchart-v2, isRough: false, lengthBucket: 0-10, renderTimeMsBucket: 100-200} @ http://localhost:3001/src/lib/util/stats.ts:89
[  169144ms] [LOG] [plausible] version {mermaidVersion: 11.14.0} @ http://localhost:3001/src/lib/util/stats.ts:89
[  169214ms] [LOG] Loading '' @ http://localhost:3001/src/lib/util/state.ts:192
[  169261ms] [LOG] Registration successful, scope is: http://localhost:3001/ @ http://localhost:3001/src/routes/+layout.svelte:42
[  169310ms] [LOG] [plausible] render {diagramType: flowchart-v2, isRough: false, lengthBucket: 0-10, renderTimeMsBucket: 50-100} @ http://localhost:3001/src/lib/util/stats.ts:89
[  169952ms] [LOG] [plausible] version {mermaidVersion: 11.14.0} @ http://localhost:3001/src/lib/util/stats.ts:89
[  170022ms] [LOG] Loading '' @ http://localhost:3001/src/lib/util/state.ts:192
[  170076ms] [LOG] Registration successful, scope is: http://localhost:3001/ @ http://localhost:3001/src/routes/+layout.svelte:42
[  170126ms] [LOG] [plausible] render {diagramType: flowchart-v2, isRough: false, lengthBucket: 0-10, renderTimeMsBucket: 50-100} @ http://localhost:3001/src/lib/util/stats.ts:89
[  170695ms] [LOG] [plausible] version {mermaidVersion: 11.14.0} @ http://localhost:3001/src/lib/util/stats.ts:89
[  170759ms] [LOG] Loading '' @ http://localhost:3001/src/lib/util/state.ts:192
[  170820ms] [LOG] Registration successful, scope is: http://localhost:3001/ @ http://localhost:3001/src/routes/+layout.svelte:42
[  170862ms] [LOG] [plausible] render {diagramType: flowchart-v2, isRough: false, lengthBucket: 0-10, renderTimeMsBucket: 50-100} @ http://localhost:3001/src/lib/util/stats.ts:89
[  171436ms] [LOG] [plausible] version {mermaidVersion: 11.14.0} @ http://localhost:3001/src/lib/util/stats.ts:89
[  171506ms] [LOG] Loading '' @ http://localhost:3001/src/lib/util/state.ts:192
[  171560ms] [LOG] Registration successful, scope is: http://localhost:3001/ @ http://localhost:3001/src/routes/+layout.svelte:42
[  171605ms] [LOG] [plausible] render {diagramType: flowchart-v2, isRough: false, lengthBucket: 0-10, renderTimeMsBucket: 50-100} @ http://localhost:3001/src/lib/util/stats.ts:89
[  172230ms] [LOG] [plausible] version {mermaidVersion: 11.14.0} @ http://localhost:3001/src/lib/util/stats.ts:89
[  172296ms] [LOG] Loading '' @ http://localhost:3001/src/lib/util/state.ts:192
[  172356ms] [LOG] Registration successful, scope is: http://localhost:3001/ @ http://localhost:3001/src/routes/+layout.svelte:42
[  172407ms] [LOG] [plausible] render {diagramType: flowchart-v2, isRough: false, lengthBucket: 0-10, renderTimeMsBucket: 50-100} @ http://localhost:3001/src/lib/util/stats.ts:89
[  173038ms] [LOG] [plausible] version {mermaidVersion: 11.14.0} @ http://localhost:3001/src/lib/util/stats.ts:89
[  173098ms] [LOG] Loading '' @ http://localhost:3001/src/lib/util/state.ts:192
[  173144ms] [LOG] Registration successful, scope is: http://localhost:3001/ @ http://localhost:3001/src/routes/+layout.svelte:42
[  173209ms] [LOG] [plausible] render {diagramType: flowchart-v2, isRough: false, lengthBucket: 0-10, renderTimeMsBucket: 50-100} @ http://localhost:3001/src/lib/util/stats.ts:89
[  173828ms] [LOG] [plausible] version {mermaidVersion: 11.14.0} @ http://localhost:3001/src/lib/util/stats.ts:89
[  173903ms] [LOG] Loading '' @ http://localhost:3001/src/lib/util/state.ts:192
[  173959ms] [LOG] Registration successful, scope is: http://localhost:3001/ @ http://localhost:3001/src/routes/+layout.svelte:42
[  174023ms] [LOG] [plausible] render {diagramType: flowchart-v2, isRough: false, lengthBucket: 0-10, renderTimeMsBucket: 50-100} @ http://localhost:3001/src/lib/util/stats.ts:89
[  174669ms] [LOG] [plausible] version {mermaidVersion: 11.14.0} @ http://localhost:3001/src/lib/util/stats.ts:89
[  174744ms] [LOG] Loading '' @ http://localhost:3001/src/lib/util/state.ts:192
[  174800ms] [LOG] Registration successful, scope is: http://localhost:3001/ @ http://localhost:3001/src/routes/+layout.svelte:42
[  174858ms] [LOG] [plausible] render {diagramType: flowchart-v2, isRough: false, lengthBucket: 0-10, renderTimeMsBucket: 50-100} @ http://localhost:3001/src/lib/util/stats.ts:89
[  175528ms] [LOG] [plausible] version {mermaidVersion: 11.14.0} @ http://localhost:3001/src/lib/util/stats.ts:89
[  175599ms] [LOG] Loading '' @ http://localhost:3001/src/lib/util/state.ts:192
[  175661ms] [LOG] Registration successful, scope is: http://localhost:3001/ @ http://localhost:3001/src/routes/+layout.svelte:42
[  175718ms] [LOG] [plausible] render {diagramType: flowchart-v2, isRough: false, lengthBucket: 0-10, renderTimeMsBucket: 50-100} @ http://localhost:3001/src/lib/util/stats.ts:89
[  176360ms] [LOG] [plausible] version {mermaidVersion: 11.14.0} @ http://localhost:3001/src/lib/util/stats.ts:89
[  176431ms] [LOG] Loading '' @ http://localhost:3001/src/lib/util/state.ts:192
[  176484ms] [LOG] Registration successful, scope is: http://localhost:3001/ @ http://localhost:3001/src/routes/+layout.svelte:42
[  177131ms] [LOG] [plausible] version {mermaidVersion: 11.14.0} @ http://localhost:3001/src/lib/util/stats.ts:89
[  177199ms] [LOG] Loading '' @ http://localhost:3001/src/lib/util/state.ts:192
[  177246ms] [LOG] Registration successful, scope is: http://localhost:3001/ @ http://localhost:3001/src/routes/+layout.svelte:42
[  177303ms] [LOG] [plausible] render {diagramType: flowchart-v2, isRough: false, lengthBucket: 0-10, renderTimeMsBucket: 50-100} @ http://localhost:3001/src/lib/util/stats.ts:89
[  177931ms] [LOG] [plausible] version {mermaidVersion: 11.14.0} @ http://localhost:3001/src/lib/util/stats.ts:89
[  178000ms] [LOG] Loading '' @ http://localhost:3001/src/lib/util/state.ts:192
[  178057ms] [LOG] Registration successful, scope is: http://localhost:3001/ @ http://localhost:3001/src/routes/+layout.svelte:42
[  178110ms] [LOG] [plausible] render {diagramType: flowchart-v2, isRough: false, lengthBucket: 0-10, renderTimeMsBucket: 50-100} @ http://localhost:3001/src/lib/util/stats.ts:89
[  178741ms] [LOG] [plausible] version {mermaidVersion: 11.14.0} @ http://localhost:3001/src/lib/util/stats.ts:89
[  178818ms] [LOG] Loading '' @ http://localhost:3001/src/lib/util/state.ts:192
[  178873ms] [LOG] Registration successful, scope is: http://localhost:3001/ @ http://localhost:3001/src/routes/+layout.svelte:42
[  178927ms] [LOG] [plausible] render {diagramType: flowchart-v2, isRough: false, lengthBucket: 0-10, renderTimeMsBucket: 50-100} @ http://localhost:3001/src/lib/util/stats.ts:89
[  179560ms] [LOG] [plausible] version {mermaidVersion: 11.14.0} @ http://localhost:3001/src/lib/util/stats.ts:89
[  179623ms] [LOG] Loading '' @ http://localhost:3001/src/lib/util/state.ts:192
[  179673ms] [LOG] Registration successful, scope is: http://localhost:3001/ @ http://localhost:3001/src/routes/+layout.svelte:42
[  179729ms] [LOG] [plausible] render {diagramType: flowchart-v2, isRough: false, lengthBucket: 0-10, renderTimeMsBucket: 50-100} @ http://localhost:3001/src/lib/util/stats.ts:89
[  180338ms] [LOG] [plausible] version {mermaidVersion: 11.14.0} @ http://localhost:3001/src/lib/util/stats.ts:89
[  180388ms] [LOG] Loading '' @ http://localhost:3001/src/lib/util/state.ts:192
[  180423ms] [LOG] Registration successful, scope is: http://localhost:3001/ @ http://localhost:3001/src/routes/+layout.svelte:42
[  180452ms] [LOG] [plausible] render {diagramType: flowchart-v2, isRough: false, lengthBucket: 0-10, renderTimeMsBucket: 25-50} @ http://localhost:3001/src/lib/util/stats.ts:89
[  181032ms] [LOG] [plausible] version {mermaidVersion: 11.14.0} @ http://localhost:3001/src/lib/util/stats.ts:89
[  181084ms] [LOG] Loading '' @ http://localhost:3001/src/lib/util/state.ts:192
[  181123ms] [LOG] Registration successful, scope is: http://localhost:3001/ @ http://localhost:3001/src/routes/+layout.svelte:42
[  181178ms] [LOG] [plausible] render {diagramType: flowchart-v2, isRough: false, lengthBucket: 0-10, renderTimeMsBucket: 50-100} @ http://localhost:3001/src/lib/util/stats.ts:89
[  181749ms] [LOG] [plausible] version {mermaidVersion: 11.14.0} @ http://localhost:3001/src/lib/util/stats.ts:89
[  181806ms] [LOG] Loading '' @ http://localhost:3001/src/lib/util/state.ts:192
[  181858ms] [LOG] Registration successful, scope is: http://localhost:3001/ @ http://localhost:3001/src/routes/+layout.svelte:42
[  181901ms] [LOG] [plausible] render {diagramType: flowchart-v2, isRough: false, lengthBucket: 0-10, renderTimeMsBucket: 50-100} @ http://localhost:3001/src/lib/util/stats.ts:89
[  182492ms] [LOG] [plausible] version {mermaidVersion: 11.14.0} @ http://localhost:3001/src/lib/util/stats.ts:89
[  182542ms] [LOG] Loading '' @ http://localhost:3001/src/lib/util/state.ts:192
[  182581ms] [LOG] Registration successful, scope is: http://localhost:3001/ @ http://localhost:3001/src/routes/+layout.svelte:42
[  182631ms] [LOG] [plausible] render {diagramType: flowchart-v2, isRough: false, lengthBucket: 0-10, renderTimeMsBucket: 50-100} @ http://localhost:3001/src/lib/util/stats.ts:89
[  183217ms] [LOG] [plausible] version {mermaidVersion: 11.14.0} @ http://localhost:3001/src/lib/util/stats.ts:89
[  183274ms] [LOG] Loading '' @ http://localhost:3001/src/lib/util/state.ts:192
[  183319ms] [LOG] Registration successful, scope is: http://localhost:3001/ @ http://localhost:3001/src/routes/+layout.svelte:42
[  183372ms] [LOG] [plausible] render {diagramType: flowchart-v2, isRough: false, lengthBucket: 0-10, renderTimeMsBucket: 50-100} @ http://localhost:3001/src/lib/util/stats.ts:89
[  184018ms] [LOG] [plausible] version {mermaidVersion: 11.14.0} @ http://localhost:3001/src/lib/util/stats.ts:89
[  184078ms] [LOG] Loading '' @ http://localhost:3001/src/lib/util/state.ts:192
[  184132ms] [LOG] Registration successful, scope is: http://localhost:3001/ @ http://localhost:3001/src/routes/+layout.svelte:42
[  184209ms] [LOG] [plausible] render {diagramType: flowchart-v2, isRough: false, lengthBucket: 0-10, renderTimeMsBucket: 100-200} @ http://localhost:3001/src/lib/util/stats.ts:89
[  184843ms] [LOG] [plausible] version {mermaidVersion: 11.14.0} @ http://localhost:3001/src/lib/util/stats.ts:89
[  184897ms] [LOG] Loading '' @ http://localhost:3001/src/lib/util/state.ts:192
[  184957ms] [LOG] Registration successful, scope is: http://localhost:3001/ @ http://localhost:3001/src/routes/+layout.svelte:42
[  184997ms] [LOG] [plausible] render {diagramType: flowchart-v2, isRough: false, lengthBucket: 0-10, renderTimeMsBucket: 50-100} @ http://localhost:3001/src/lib/util/stats.ts:89
[  185630ms] [LOG] [plausible] version {mermaidVersion: 11.14.0} @ http://localhost:3001/src/lib/util/stats.ts:89
[  185687ms] [LOG] Loading '' @ http://localhost:3001/src/lib/util/state.ts:192
[  185740ms] [LOG] Registration successful, scope is: http://localhost:3001/ @ http://localhost:3001/src/routes/+layout.svelte:42
[  185783ms] [LOG] [plausible] render {diagramType: flowchart-v2, isRough: false, lengthBucket: 0-10, renderTimeMsBucket: 50-100} @ http://localhost:3001/src/lib/util/stats.ts:89
[  186371ms] [LOG] [plausible] version {mermaidVersion: 11.14.0} @ http://localhost:3001/src/lib/util/stats.ts:89
[  186437ms] [LOG] Loading '' @ http://localhost:3001/src/lib/util/state.ts:192
[  186484ms] [LOG] Registration successful, scope is: http://localhost:3001/ @ http://localhost:3001/src/routes/+layout.svelte:42
[  186510ms] [LOG] [plausible] render {diagramType: flowchart-v2, isRough: false, lengthBucket: 0-10, renderTimeMsBucket: 25-50} @ http://localhost:3001/src/lib/util/stats.ts:89
[  187100ms] [LOG] [plausible] version {mermaidVersion: 11.14.0} @ http://localhost:3001/src/lib/util/stats.ts:89
[  187149ms] [LOG] Loading '' @ http://localhost:3001/src/lib/util/state.ts:192
[  187191ms] [LOG] Registration successful, scope is: http://localhost:3001/ @ http://localhost:3001/src/routes/+layout.svelte:42
[  187223ms] [LOG] [plausible] render {diagramType: flowchart-v2, isRough: false, lengthBucket: 0-10, renderTimeMsBucket: 50-100} @ http://localhost:3001/src/lib/util/stats.ts:89
[  187753ms] [LOG] [plausible] version {mermaidVersion: 11.14.0} @ http://localhost:3001/src/lib/util/stats.ts:89
[  187800ms] [LOG] Loading '' @ http://localhost:3001/src/lib/util/state.ts:192
[  187835ms] [LOG] Registration successful, scope is: http://localhost:3001/ @ http://localhost:3001/src/routes/+layout.svelte:42
[  187860ms] [LOG] [plausible] render {diagramType: flowchart-v2, isRough: false, lengthBucket: 0-10, renderTimeMsBucket: 25-50} @ http://localhost:3001/src/lib/util/stats.ts:89
[  188411ms] [LOG] [plausible] version {mermaidVersion: 11.14.0} @ http://localhost:3001/src/lib/util/stats.ts:89
[  188455ms] [LOG] Loading '' @ http://localhost:3001/src/lib/util/state.ts:192
[  188497ms] [LOG] Registration successful, scope is: http://localhost:3001/ @ http://localhost:3001/src/routes/+layout.svelte:42
[  188528ms] [LOG] [plausible] render {diagramType: flowchart-v2, isRough: false, lengthBucket: 0-10, renderTimeMsBucket: 50-100} @ http://localhost:3001/src/lib/util/stats.ts:89
[  189064ms] [LOG] [plausible] version {mermaidVersion: 11.14.0} @ http://localhost:3001/src/lib/util/stats.ts:89
[  189114ms] [LOG] Loading '' @ http://localhost:3001/src/lib/util/state.ts:192
[  189149ms] [LOG] Registration successful, scope is: http://localhost:3001/ @ http://localhost:3001/src/routes/+layout.svelte:42
[  189191ms] [LOG] [plausible] render {diagramType: flowchart-v2, isRough: false, lengthBucket: 0-10, renderTimeMsBucket: 50-100} @ http://localhost:3001/src/lib/util/stats.ts:89
[  189721ms] [LOG] [plausible] version {mermaidVersion: 11.14.0} @ http://localhost:3001/src/lib/util/stats.ts:89
[  189781ms] [LOG] Loading '' @ http://localhost:3001/src/lib/util/state.ts:192
[  189832ms] [LOG] Registration successful, scope is: http://localhost:3001/ @ http://localhost:3001/src/routes/+layout.svelte:42
[  189867ms] [LOG] [plausible] render {diagramType: flowchart-v2, isRough: false, lengthBucket: 0-10, renderTimeMsBucket: 50-100} @ http://localhost:3001/src/lib/util/stats.ts:89
[  190513ms] [LOG] [plausible] version {mermaidVersion: 11.14.0} @ http://localhost:3001/src/lib/util/stats.ts:89
[  190563ms] [LOG] Loading '' @ http://localhost:3001/src/lib/util/state.ts:192
[  190600ms] [LOG] Registration successful, scope is: http://localhost:3001/ @ http://localhost:3001/src/routes/+layout.svelte:42
[  190647ms] [LOG] [plausible] render {diagramType: flowchart-v2, isRough: false, lengthBucket: 0-10, renderTimeMsBucket: 50-100} @ http://localhost:3001/src/lib/util/stats.ts:89
[  191223ms] [LOG] [plausible] version {mermaidVersion: 11.14.0} @ http://localhost:3001/src/lib/util/stats.ts:89
[  191269ms] [LOG] Loading '' @ http://localhost:3001/src/lib/util/state.ts:192
[  191306ms] [LOG] Registration successful, scope is: http://localhost:3001/ @ http://localhost:3001/src/routes/+layout.svelte:42
[  191365ms] [LOG] [plausible] render {diagramType: flowchart-v2, isRough: false, lengthBucket: 0-10, renderTimeMsBucket: 50-100} @ http://localhost:3001/src/lib/util/stats.ts:89
[  191911ms] [LOG] [plausible] version {mermaidVersion: 11.14.0} @ http://localhost:3001/src/lib/util/stats.ts:89
[  191956ms] [LOG] Loading '' @ http://localhost:3001/src/lib/util/state.ts:192
[  191995ms] [LOG] Registration successful, scope is: http://localhost:3001/ @ http://localhost:3001/src/routes/+layout.svelte:42
[  192022ms] [LOG] [plausible] render {diagramType: flowchart-v2, isRough: false, lengthBucket: 0-10, renderTimeMsBucket: 50-100} @ http://localhost:3001/src/lib/util/stats.ts:89
[  192636ms] [LOG] [plausible] version {mermaidVersion: 11.14.0} @ http://localhost:3001/src/lib/util/stats.ts:89
[  192685ms] [LOG] Loading '' @ http://localhost:3001/src/lib/util/state.ts:192
[  192720ms] [LOG] Registration successful, scope is: http://localhost:3001/ @ http://localhost:3001/src/routes/+layout.svelte:42
[  192747ms] [LOG] [plausible] render {diagramType: flowchart-v2, isRough: false, lengthBucket: 0-10, renderTimeMsBucket: 25-50} @ http://localhost:3001/src/lib/util/stats.ts:89
[  193321ms] [LOG] [plausible] version {mermaidVersion: 11.14.0} @ http://localhost:3001/src/lib/util/stats.ts:89
[  193380ms] [LOG] Loading '' @ http://localhost:3001/src/lib/util/state.ts:192
[  193420ms] [LOG] Registration successful, scope is: http://localhost:3001/ @ http://localhost:3001/src/routes/+layout.svelte:42
[  193446ms] [LOG] [plausible] render {diagramType: flowchart-v2, isRough: false, lengthBucket: 0-10, renderTimeMsBucket: 25-50} @ http://localhost:3001/src/lib/util/stats.ts:89
[  194006ms] [LOG] [plausible] version {mermaidVersion: 11.14.0} @ http://localhost:3001/src/lib/util/stats.ts:89
[  194058ms] [LOG] Loading '' @ http://localhost:3001/src/lib/util/state.ts:192
[  194096ms] [LOG] Registration successful, scope is: http://localhost:3001/ @ http://localhost:3001/src/routes/+layout.svelte:42
[  194129ms] [LOG] [plausible] render {diagramType: flowchart-v2, isRough: false, lengthBucket: 0-10, renderTimeMsBucket: 50-100} @ http://localhost:3001/src/lib/util/stats.ts:89
[  194692ms] [LOG] [plausible] version {mermaidVersion: 11.14.0} @ http://localhost:3001/src/lib/util/stats.ts:89
[  194762ms] [LOG] Loading '' @ http://localhost:3001/src/lib/util/state.ts:192
[  194809ms] [LOG] Registration successful, scope is: http://localhost:3001/ @ http://localhost:3001/src/routes/+layout.svelte:42
[  194850ms] [LOG] [plausible] render {diagramType: flowchart-v2, isRough: false, lengthBucket: 0-10, renderTimeMsBucket: 50-100} @ http://localhost:3001/src/lib/util/stats.ts:89
[  195412ms] [LOG] [plausible] version {mermaidVersion: 11.14.0} @ http://localhost:3001/src/lib/util/stats.ts:89
[  195470ms] [LOG] Loading '' @ http://localhost:3001/src/lib/util/state.ts:192
[  195513ms] [LOG] Registration successful, scope is: http://localhost:3001/ @ http://localhost:3001/src/routes/+layout.svelte:42
[  195543ms] [LOG] [plausible] render {diagramType: flowchart-v2, isRough: false, lengthBucket: 0-10, renderTimeMsBucket: 50-100} @ http://localhost:3001/src/lib/util/stats.ts:89
[  196073ms] [LOG] [plausible] version {mermaidVersion: 11.14.0} @ http://localhost:3001/src/lib/util/stats.ts:89
[  196121ms] [LOG] Loading '' @ http://localhost:3001/src/lib/util/state.ts:192
[  196162ms] [LOG] Registration successful, scope is: http://localhost:3001/ @ http://localhost:3001/src/routes/+layout.svelte:42
[  196202ms] [LOG] [plausible] render {diagramType: flowchart-v2, isRough: false, lengthBucket: 0-10, renderTimeMsBucket: 50-100} @ http://localhost:3001/src/lib/util/stats.ts:89
[  196784ms] [LOG] [plausible] version {mermaidVersion: 11.14.0} @ http://localhost:3001/src/lib/util/stats.ts:89
[  196831ms] [LOG] Loading '' @ http://localhost:3001/src/lib/util/state.ts:192
[  196866ms] [LOG] Registration successful, scope is: http://localhost:3001/ @ http://localhost:3001/src/routes/+layout.svelte:42
[  196896ms] [LOG] [plausible] render {diagramType: flowchart-v2, isRough: false, lengthBucket: 0-10, renderTimeMsBucket: 25-50} @ http://localhost:3001/src/lib/util/stats.ts:89
[  197492ms] [LOG] [plausible] version {mermaidVersion: 11.14.0} @ http://localhost:3001/src/lib/util/stats.ts:89
[  197541ms] [LOG] Loading '' @ http://localhost:3001/src/lib/util/state.ts:192
[  197584ms] [LOG] Registration successful, scope is: http://localhost:3001/ @ http://localhost:3001/src/routes/+layout.svelte:42
[  197615ms] [LOG] [plausible] render {diagramType: flowchart-v2, isRough: false, lengthBucket: 0-10, renderTimeMsBucket: 50-100} @ http://localhost:3001/src/lib/util/stats.ts:89
[  198189ms] [LOG] [plausible] version {mermaidVersion: 11.14.0} @ http://localhost:3001/src/lib/util/stats.ts:89
[  198238ms] [LOG] Loading '' @ http://localhost:3001/src/lib/util/state.ts:192
[  198277ms] [LOG] Registration successful, scope is: http://localhost:3001/ @ http://localhost:3001/src/routes/+layout.svelte:42
[  198319ms] [LOG] [plausible] render {diagramType: flowchart-v2, isRough: false, lengthBucket: 0-10, renderTimeMsBucket: 50-100} @ http://localhost:3001/src/lib/util/stats.ts:89
[  198865ms] [LOG] [plausible] version {mermaidVersion: 11.14.0} @ http://localhost:3001/src/lib/util/stats.ts:89
[  198921ms] [LOG] Loading '' @ http://localhost:3001/src/lib/util/state.ts:192
[  198961ms] [LOG] Registration successful, scope is: http://localhost:3001/ @ http://localhost:3001/src/routes/+layout.svelte:42
[  198991ms] [LOG] [plausible] render {diagramType: flowchart-v2, isRough: false, lengthBucket: 0-10, renderTimeMsBucket: 50-100} @ http://localhost:3001/src/lib/util/stats.ts:89
[  199543ms] [LOG] [plausible] version {mermaidVersion: 11.14.0} @ http://localhost:3001/src/lib/util/stats.ts:89
[  199599ms] [LOG] Loading '' @ http://localhost:3001/src/lib/util/state.ts:192
[  199643ms] [LOG] Registration successful, scope is: http://localhost:3001/ @ http://localhost:3001/src/routes/+layout.svelte:42
[  199688ms] [LOG] [plausible] render {diagramType: flowchart-v2, isRough: false, lengthBucket: 0-10, renderTimeMsBucket: 50-100} @ http://localhost:3001/src/lib/util/stats.ts:89
[  200301ms] [LOG] [plausible] version {mermaidVersion: 11.14.0} @ http://localhost:3001/src/lib/util/stats.ts:89
[  200353ms] [LOG] Loading '' @ http://localhost:3001/src/lib/util/state.ts:192
[  200389ms] [LOG] Registration successful, scope is: http://localhost:3001/ @ http://localhost:3001/src/routes/+layout.svelte:42
[  200415ms] [LOG] [plausible] render {diagramType: flowchart-v2, isRough: false, lengthBucket: 0-10, renderTimeMsBucket: 25-50} @ http://localhost:3001/src/lib/util/stats.ts:89
[  201002ms] [LOG] [plausible] version {mermaidVersion: 11.14.0} @ http://localhost:3001/src/lib/util/stats.ts:89
[  201057ms] [LOG] Loading '' @ http://localhost:3001/src/lib/util/state.ts:192
[  201100ms] [LOG] Registration successful, scope is: http://localhost:3001/ @ http://localhost:3001/src/routes/+layout.svelte:42
[  201145ms] [LOG] [plausible] render {diagramType: flowchart-v2, isRough: false, lengthBucket: 0-10, renderTimeMsBucket: 50-100} @ http://localhost:3001/src/lib/util/stats.ts:89
[  201715ms] [LOG] [plausible] version {mermaidVersion: 11.14.0} @ http://localhost:3001/src/lib/util/stats.ts:89
[  201765ms] [LOG] Loading '' @ http://localhost:3001/src/lib/util/state.ts:192
[  201800ms] [LOG] Registration successful, scope is: http://localhost:3001/ @ http://localhost:3001/src/routes/+layout.svelte:42
[  201840ms] [LOG] [plausible] render {diagramType: flowchart-v2, isRough: false, lengthBucket: 0-10, renderTimeMsBucket: 50-100} @ http://localhost:3001/src/lib/util/stats.ts:89
[  202387ms] [LOG] [plausible] version {mermaidVersion: 11.14.0} @ http://localhost:3001/src/lib/util/stats.ts:89
[  202435ms] [LOG] Loading '' @ http://localhost:3001/src/lib/util/state.ts:192
[  202469ms] [LOG] Registration successful, scope is: http://localhost:3001/ @ http://localhost:3001/src/routes/+layout.svelte:42
[  202497ms] [LOG] [plausible] render {diagramType: flowchart-v2, isRough: false, lengthBucket: 0-10, renderTimeMsBucket: 25-50} @ http://localhost:3001/src/lib/util/stats.ts:89
[  203056ms] [LOG] [plausible] version {mermaidVersion: 11.14.0} @ http://localhost:3001/src/lib/util/stats.ts:89
[  203104ms] [LOG] Loading '' @ http://localhost:3001/src/lib/util/state.ts:192
[  203154ms] [LOG] Registration successful, scope is: http://localhost:3001/ @ http://localhost:3001/src/routes/+layout.svelte:42
[  203199ms] [LOG] [plausible] render {diagramType: flowchart-v2, isRough: false, lengthBucket: 0-10, renderTimeMsBucket: 50-100} @ http://localhost:3001/src/lib/util/stats.ts:89
[  203762ms] [LOG] [plausible] version {mermaidVersion: 11.14.0} @ http://localhost:3001/src/lib/util/stats.ts:89
[  203809ms] [LOG] Loading '' @ http://localhost:3001/src/lib/util/state.ts:192
[  203848ms] [LOG] Registration successful, scope is: http://localhost:3001/ @ http://localhost:3001/src/routes/+layout.svelte:42
[  203875ms] [LOG] [plausible] render {diagramType: flowchart-v2, isRough: false, lengthBucket: 0-10, renderTimeMsBucket: 25-50} @ http://localhost:3001/src/lib/util/stats.ts:89
[  204442ms] [LOG] [plausible] version {mermaidVersion: 11.14.0} @ http://localhost:3001/src/lib/util/stats.ts:89
[  204489ms] [LOG] Loading '' @ http://localhost:3001/src/lib/util/state.ts:192
[  204533ms] [LOG] Registration successful, scope is: http://localhost:3001/ @ http://localhost:3001/src/routes/+layout.svelte:42
[  204566ms] [LOG] [plausible] render {diagramType: flowchart-v2, isRough: false, lengthBucket: 0-10, renderTimeMsBucket: 50-100} @ http://localhost:3001/src/lib/util/stats.ts:89
[  205159ms] [LOG] [plausible] version {mermaidVersion: 11.14.0} @ http://localhost:3001/src/lib/util/stats.ts:89
[  205207ms] [LOG] Loading '' @ http://localhost:3001/src/lib/util/state.ts:192
[  205250ms] [LOG] Registration successful, scope is: http://localhost:3001/ @ http://localhost:3001/src/routes/+layout.svelte:42
[  205279ms] [LOG] [plausible] render {diagramType: flowchart-v2, isRough: false, lengthBucket: 0-10, renderTimeMsBucket: 50-100} @ http://localhost:3001/src/lib/util/stats.ts:89
[  205855ms] [LOG] [plausible] version {mermaidVersion: 11.14.0} @ http://localhost:3001/src/lib/util/stats.ts:89
[  205908ms] [LOG] Loading '' @ http://localhost:3001/src/lib/util/state.ts:192
[  205945ms] [LOG] Registration successful, scope is: http://localhost:3001/ @ http://localhost:3001/src/routes/+layout.svelte:42
[  205981ms] [LOG] [plausible] render {diagramType: flowchart-v2, isRough: false, lengthBucket: 0-10, renderTimeMsBucket: 50-100} @ http://localhost:3001/src/lib/util/stats.ts:89
[  206578ms] [LOG] [plausible] version {mermaidVersion: 11.14.0} @ http://localhost:3001/src/lib/util/stats.ts:89
[  206647ms] [LOG] Loading '' @ http://localhost:3001/src/lib/util/state.ts:192
[  206695ms] [LOG] Registration successful, scope is: http://localhost:3001/ @ http://localhost:3001/src/routes/+layout.svelte:42
[  206733ms] [LOG] [plausible] render {diagramType: flowchart-v2, isRough: false, lengthBucket: 0-10, renderTimeMsBucket: 50-100} @ http://localhost:3001/src/lib/util/stats.ts:89
[  207361ms] [LOG] [plausible] version {mermaidVersion: 11.14.0} @ http://localhost:3001/src/lib/util/stats.ts:89
[  207424ms] [LOG] Loading '' @ http://localhost:3001/src/lib/util/state.ts:192
[  207473ms] [LOG] Registration successful, scope is: http://localhost:3001/ @ http://localhost:3001/src/routes/+layout.svelte:42
[  207511ms] [LOG] [plausible] render {diagramType: flowchart-v2, isRough: false, lengthBucket: 0-10, renderTimeMsBucket: 50-100} @ http://localhost:3001/src/lib/util/stats.ts:89
[  208086ms] [LOG] [plausible] version {mermaidVersion: 11.14.0} @ http://localhost:3001/src/lib/util/stats.ts:89
[  208147ms] [LOG] Loading '' @ http://localhost:3001/src/lib/util/state.ts:192
[  208205ms] [LOG] Registration successful, scope is: http://localhost:3001/ @ http://localhost:3001/src/routes/+layout.svelte:42
[  208261ms] [LOG] [plausible] render {diagramType: flowchart-v2, isRough: false, lengthBucket: 0-10, renderTimeMsBucket: 50-100} @ http://localhost:3001/src/lib/util/stats.ts:89
[  208866ms] [LOG] [plausible] version {mermaidVersion: 11.14.0} @ http://localhost:3001/src/lib/util/stats.ts:89
[  208947ms] [LOG] Loading '' @ http://localhost:3001/src/lib/util/state.ts:192
[  209011ms] [LOG] Registration successful, scope is: http://localhost:3001/ @ http://localhost:3001/src/routes/+layout.svelte:42
[  209058ms] [LOG] [plausible] render {diagramType: flowchart-v2, isRough: false, lengthBucket: 0-10, renderTimeMsBucket: 50-100} @ http://localhost:3001/src/lib/util/stats.ts:89
[  209681ms] [LOG] [plausible] version {mermaidVersion: 11.14.0} @ http://localhost:3001/src/lib/util/stats.ts:89
[  209752ms] [LOG] Loading '' @ http://localhost:3001/src/lib/util/state.ts:192
[  209812ms] [LOG] Registration successful, scope is: http://localhost:3001/ @ http://localhost:3001/src/routes/+layout.svelte:42
[  209870ms] [LOG] [plausible] render {diagramType: flowchart-v2, isRough: false, lengthBucket: 0-10, renderTimeMsBucket: 50-100} @ http://localhost:3001/src/lib/util/stats.ts:89
[  210609ms] [LOG] [plausible] version {mermaidVersion: 11.14.0} @ http://localhost:3001/src/lib/util/stats.ts:89
[  210681ms] [LOG] Loading '' @ http://localhost:3001/src/lib/util/state.ts:192
[  210734ms] [LOG] Registration successful, scope is: http://localhost:3001/ @ http://localhost:3001/src/routes/+layout.svelte:42
[  210772ms] [LOG] [plausible] render {diagramType: flowchart-v2, isRough: false, lengthBucket: 0-10, renderTimeMsBucket: 50-100} @ http://localhost:3001/src/lib/util/stats.ts:89
[  211435ms] [LOG] [plausible] version {mermaidVersion: 11.14.0} @ http://localhost:3001/src/lib/util/stats.ts:89
[  211508ms] [LOG] Loading '' @ http://localhost:3001/src/lib/util/state.ts:192
[  211566ms] [LOG] Registration successful, scope is: http://localhost:3001/ @ http://localhost:3001/src/routes/+layout.svelte:42
[  211637ms] [LOG] [plausible] render {diagramType: flowchart-v2, isRough: false, lengthBucket: 0-10, renderTimeMsBucket: 100-200} @ http://localhost:3001/src/lib/util/stats.ts:89
[  212253ms] [LOG] [plausible] version {mermaidVersion: 11.14.0} @ http://localhost:3001/src/lib/util/stats.ts:89
[  212317ms] [LOG] Loading '' @ http://localhost:3001/src/lib/util/state.ts:192
[  212372ms] [LOG] Registration successful, scope is: http://localhost:3001/ @ http://localhost:3001/src/routes/+layout.svelte:42
[  212440ms] [LOG] [plausible] render {diagramType: flowchart-v2, isRough: false, lengthBucket: 0-10, renderTimeMsBucket: 50-100} @ http://localhost:3001/src/lib/util/stats.ts:89
[  213058ms] [LOG] [plausible] version {mermaidVersion: 11.14.0} @ http://localhost:3001/src/lib/util/stats.ts:89
[  213123ms] [LOG] Loading '' @ http://localhost:3001/src/lib/util/state.ts:192
[  213194ms] [LOG] Registration successful, scope is: http://localhost:3001/ @ http://localhost:3001/src/routes/+layout.svelte:42
[  213236ms] [LOG] [plausible] render {diagramType: flowchart-v2, isRough: false, lengthBucket: 0-10, renderTimeMsBucket: 50-100} @ http://localhost:3001/src/lib/util/stats.ts:89
[  213861ms] [LOG] [plausible] version {mermaidVersion: 11.14.0} @ http://localhost:3001/src/lib/util/stats.ts:89
[  213935ms] [LOG] Loading '' @ http://localhost:3001/src/lib/util/state.ts:192
[  213987ms] [LOG] Registration successful, scope is: http://localhost:3001/ @ http://localhost:3001/src/routes/+layout.svelte:42
[  214056ms] [LOG] [plausible] render {diagramType: flowchart-v2, isRough: false, lengthBucket: 0-10, renderTimeMsBucket: 50-100} @ http://localhost:3001/src/lib/util/stats.ts:89
[  214649ms] [LOG] [plausible] version {mermaidVersion: 11.14.0} @ http://localhost:3001/src/lib/util/stats.ts:89
[  214723ms] [LOG] Loading '' @ http://localhost:3001/src/lib/util/state.ts:192
[  214781ms] [LOG] Registration successful, scope is: http://localhost:3001/ @ http://localhost:3001/src/routes/+layout.svelte:42
[  214858ms] [LOG] [plausible] render {diagramType: flowchart-v2, isRough: false, lengthBucket: 0-10, renderTimeMsBucket: 100-200} @ http://localhost:3001/src/lib/util/stats.ts:89
[  215493ms] [LOG] [plausible] version {mermaidVersion: 11.14.0} @ http://localhost:3001/src/lib/util/stats.ts:89
[  215557ms] [LOG] Loading '' @ http://localhost:3001/src/lib/util/state.ts:192
[  215613ms] [LOG] Registration successful, scope is: http://localhost:3001/ @ http://localhost:3001/src/routes/+layout.svelte:42
[  215661ms] [LOG] [plausible] render {diagramType: flowchart-v2, isRough: false, lengthBucket: 0-10, renderTimeMsBucket: 50-100} @ http://localhost:3001/src/lib/util/stats.ts:89
[  217062ms] [LOG] [plausible] version {mermaidVersion: 11.14.0} @ http://localhost:3001/src/lib/util/stats.ts:89
[  217185ms] [LOG] Loading '' @ http://localhost:3001/src/lib/util/state.ts:192
[  217265ms] [LOG] Registration successful, scope is: http://localhost:3001/ @ http://localhost:3001/src/routes/+layout.svelte:42
[  217311ms] [LOG] [plausible] render {diagramType: flowchart-v2, isRough: false, lengthBucket: 0-10, renderTimeMsBucket: 50-100} @ http://localhost:3001/src/lib/util/stats.ts:89
[  217991ms] [LOG] [plausible] version {mermaidVersion: 11.14.0} @ http://localhost:3001/src/lib/util/stats.ts:89
[  218069ms] [LOG] Loading '' @ http://localhost:3001/src/lib/util/state.ts:192
[  218131ms] [LOG] Registration successful, scope is: http://localhost:3001/ @ http://localhost:3001/src/routes/+layout.svelte:42
[  218204ms] [LOG] [plausible] render {diagramType: flowchart-v2, isRough: false, lengthBucket: 0-10, renderTimeMsBucket: 100-200} @ http://localhost:3001/src/lib/util/stats.ts:89
[  218820ms] [LOG] [plausible] version {mermaidVersion: 11.14.0} @ http://localhost:3001/src/lib/util/stats.ts:89
[  218872ms] [LOG] Loading '' @ http://localhost:3001/src/lib/util/state.ts:192
[  218917ms] [LOG] Registration successful, scope is: http://localhost:3001/ @ http://localhost:3001/src/routes/+layout.svelte:42
[  218970ms] [LOG] [plausible] render {diagramType: flowchart-v2, isRough: false, lengthBucket: 0-10, renderTimeMsBucket: 50-100} @ http://localhost:3001/src/lib/util/stats.ts:89
[  219553ms] [LOG] [plausible] version {mermaidVersion: 11.14.0} @ http://localhost:3001/src/lib/util/stats.ts:89
[  219604ms] [LOG] Loading '' @ http://localhost:3001/src/lib/util/state.ts:192
[  219657ms] [LOG] Registration successful, scope is: http://localhost:3001/ @ http://localhost:3001/src/routes/+layout.svelte:42
[  219690ms] [LOG] [plausible] render {diagramType: flowchart-v2, isRough: false, lengthBucket: 0-10, renderTimeMsBucket: 50-100} @ http://localhost:3001/src/lib/util/stats.ts:89
[  220354ms] [LOG] [plausible] version {mermaidVersion: 11.14.0} @ http://localhost:3001/src/lib/util/stats.ts:89
[  220401ms] [LOG] Loading '' @ http://localhost:3001/src/lib/util/state.ts:192
[  220443ms] [LOG] Registration successful, scope is: http://localhost:3001/ @ http://localhost:3001/src/routes/+layout.svelte:42
[  220473ms] [LOG] [plausible] render {diagramType: flowchart-v2, isRough: false, lengthBucket: 0-10, renderTimeMsBucket: 50-100} @ http://localhost:3001/src/lib/util/stats.ts:89
[  221090ms] [LOG] [plausible] version {mermaidVersion: 11.14.0} @ http://localhost:3001/src/lib/util/stats.ts:89
[  221144ms] [LOG] Loading '' @ http://localhost:3001/src/lib/util/state.ts:192
[  221185ms] [LOG] Registration successful, scope is: http://localhost:3001/ @ http://localhost:3001/src/routes/+layout.svelte:42
[  221219ms] [LOG] [plausible] render {diagramType: flowchart-v2, isRough: false, lengthBucket: 0-10, renderTimeMsBucket: 50-100} @ http://localhost:3001/src/lib/util/stats.ts:89
[  221832ms] [LOG] [plausible] version {mermaidVersion: 11.14.0} @ http://localhost:3001/src/lib/util/stats.ts:89
[  221896ms] [LOG] Loading '' @ http://localhost:3001/src/lib/util/state.ts:192
[  221948ms] [LOG] Registration successful, scope is: http://localhost:3001/ @ http://localhost:3001/src/routes/+layout.svelte:42
[  221983ms] [LOG] [plausible] render {diagramType: flowchart-v2, isRough: false, lengthBucket: 0-10, renderTimeMsBucket: 50-100} @ http://localhost:3001/src/lib/util/stats.ts:89
[  222571ms] [LOG] [plausible] version {mermaidVersion: 11.14.0} @ http://localhost:3001/src/lib/util/stats.ts:89
[  222628ms] [LOG] Loading '' @ http://localhost:3001/src/lib/util/state.ts:192
[  222690ms] [LOG] Registration successful, scope is: http://localhost:3001/ @ http://localhost:3001/src/routes/+layout.svelte:42
[  222729ms] [LOG] [plausible] render {diagramType: flowchart-v2, isRough: false, lengthBucket: 0-10, renderTimeMsBucket: 50-100} @ http://localhost:3001/src/lib/util/stats.ts:89
[  223333ms] [LOG] [plausible] version {mermaidVersion: 11.14.0} @ http://localhost:3001/src/lib/util/stats.ts:89
[  223385ms] [LOG] Loading '' @ http://localhost:3001/src/lib/util/state.ts:192
[  223426ms] [LOG] Registration successful, scope is: http://localhost:3001/ @ http://localhost:3001/src/routes/+layout.svelte:42
[  223460ms] [LOG] [plausible] render {diagramType: flowchart-v2, isRough: false, lengthBucket: 0-10, renderTimeMsBucket: 50-100} @ http://localhost:3001/src/lib/util/stats.ts:89
[  224064ms] [LOG] [plausible] version {mermaidVersion: 11.14.0} @ http://localhost:3001/src/lib/util/stats.ts:89
[  224131ms] [LOG] Loading '' @ http://localhost:3001/src/lib/util/state.ts:192
[  224174ms] [LOG] Registration successful, scope is: http://localhost:3001/ @ http://localhost:3001/src/routes/+layout.svelte:42
[  224217ms] [LOG] [plausible] render {diagramType: flowchart-v2, isRough: false, lengthBucket: 0-10, renderTimeMsBucket: 50-100} @ http://localhost:3001/src/lib/util/stats.ts:89
[  224836ms] [LOG] [plausible] version {mermaidVersion: 11.14.0} @ http://localhost:3001/src/lib/util/stats.ts:89
[  224905ms] [LOG] Loading '' @ http://localhost:3001/src/lib/util/state.ts:192
[  224962ms] [LOG] Registration successful, scope is: http://localhost:3001/ @ http://localhost:3001/src/routes/+layout.svelte:42
[  224997ms] [LOG] [plausible] render {diagramType: flowchart-v2, isRough: false, lengthBucket: 0-10, renderTimeMsBucket: 50-100} @ http://localhost:3001/src/lib/util/stats.ts:89
[  225576ms] [LOG] [plausible] version {mermaidVersion: 11.14.0} @ http://localhost:3001/src/lib/util/stats.ts:89
[  225641ms] [LOG] Loading '' @ http://localhost:3001/src/lib/util/state.ts:192
[  225689ms] [LOG] Registration successful, scope is: http://localhost:3001/ @ http://localhost:3001/src/routes/+layout.svelte:42
[  225732ms] [LOG] [plausible] render {diagramType: flowchart-v2, isRough: false, lengthBucket: 0-10, renderTimeMsBucket: 50-100} @ http://localhost:3001/src/lib/util/stats.ts:89
[  226293ms] [LOG] [plausible] version {mermaidVersion: 11.14.0} @ http://localhost:3001/src/lib/util/stats.ts:89
[  226340ms] [LOG] Loading '' @ http://localhost:3001/src/lib/util/state.ts:192
[  226377ms] [LOG] Registration successful, scope is: http://localhost:3001/ @ http://localhost:3001/src/routes/+layout.svelte:42
[  226404ms] [LOG] [plausible] render {diagramType: flowchart-v2, isRough: false, lengthBucket: 0-10, renderTimeMsBucket: 25-50} @ http://localhost:3001/src/lib/util/stats.ts:89
[  226986ms] [LOG] [plausible] version {mermaidVersion: 11.14.0} @ http://localhost:3001/src/lib/util/stats.ts:89
[  227039ms] [LOG] Loading '' @ http://localhost:3001/src/lib/util/state.ts:192
[  227080ms] [LOG] Registration successful, scope is: http://localhost:3001/ @ http://localhost:3001/src/routes/+layout.svelte:42
[  227120ms] [LOG] [plausible] render {diagramType: flowchart-v2, isRough: false, lengthBucket: 0-10, renderTimeMsBucket: 50-100} @ http://localhost:3001/src/lib/util/stats.ts:89
[  227721ms] [LOG] [plausible] version {mermaidVersion: 11.14.0} @ http://localhost:3001/src/lib/util/stats.ts:89
[  227793ms] [LOG] Loading '' @ http://localhost:3001/src/lib/util/state.ts:192
[  227841ms] [LOG] Registration successful, scope is: http://localhost:3001/ @ http://localhost:3001/src/routes/+layout.svelte:42
[  227881ms] [LOG] [plausible] render {diagramType: flowchart-v2, isRough: false, lengthBucket: 0-10, renderTimeMsBucket: 50-100} @ http://localhost:3001/src/lib/util/stats.ts:89
[  228506ms] [LOG] [plausible] version {mermaidVersion: 11.14.0} @ http://localhost:3001/src/lib/util/stats.ts:89
[  228562ms] [LOG] Loading '' @ http://localhost:3001/src/lib/util/state.ts:192
[  228618ms] [LOG] Registration successful, scope is: http://localhost:3001/ @ http://localhost:3001/src/routes/+layout.svelte:42
[  228659ms] [LOG] [plausible] render {diagramType: flowchart-v2, isRough: false, lengthBucket: 0-10, renderTimeMsBucket: 50-100} @ http://localhost:3001/src/lib/util/stats.ts:89
[  229256ms] [LOG] [plausible] version {mermaidVersion: 11.14.0} @ http://localhost:3001/src/lib/util/stats.ts:89
[  229304ms] [LOG] Loading '' @ http://localhost:3001/src/lib/util/state.ts:192
[  229364ms] [LOG] Registration successful, scope is: http://localhost:3001/ @ http://localhost:3001/src/routes/+layout.svelte:42
[  229415ms] [LOG] [plausible] render {diagramType: flowchart-v2, isRough: false, lengthBucket: 0-10, renderTimeMsBucket: 50-100} @ http://localhost:3001/src/lib/util/stats.ts:89
[  229973ms] [LOG] [plausible] version {mermaidVersion: 11.14.0} @ http://localhost:3001/src/lib/util/stats.ts:89
[  230019ms] [LOG] Loading '' @ http://localhost:3001/src/lib/util/state.ts:192
[  230060ms] [LOG] Registration successful, scope is: http://localhost:3001/ @ http://localhost:3001/src/routes/+layout.svelte:42
[  230101ms] [LOG] [plausible] render {diagramType: flowchart-v2, isRough: false, lengthBucket: 0-10, renderTimeMsBucket: 50-100} @ http://localhost:3001/src/lib/util/stats.ts:89
[  230665ms] [LOG] [plausible] version {mermaidVersion: 11.14.0} @ http://localhost:3001/src/lib/util/stats.ts:89
[  230713ms] [LOG] Loading '' @ http://localhost:3001/src/lib/util/state.ts:192
[  230751ms] [LOG] Registration successful, scope is: http://localhost:3001/ @ http://localhost:3001/src/routes/+layout.svelte:42
[  230796ms] [LOG] [plausible] render {diagramType: flowchart-v2, isRough: false, lengthBucket: 0-10, renderTimeMsBucket: 50-100} @ http://localhost:3001/src/lib/util/stats.ts:89
[  231361ms] [LOG] [plausible] version {mermaidVersion: 11.14.0} @ http://localhost:3001/src/lib/util/stats.ts:89
[  231427ms] [LOG] Loading '' @ http://localhost:3001/src/lib/util/state.ts:192
[  231472ms] [LOG] Registration successful, scope is: http://localhost:3001/ @ http://localhost:3001/src/routes/+layout.svelte:42
[  231502ms] [LOG] [plausible] render {diagramType: flowchart-v2, isRough: false, lengthBucket: 0-10, renderTimeMsBucket: 50-100} @ http://localhost:3001/src/lib/util/stats.ts:89
[  232065ms] [LOG] [plausible] version {mermaidVersion: 11.14.0} @ http://localhost:3001/src/lib/util/stats.ts:89
[  232116ms] [LOG] Loading '' @ http://localhost:3001/src/lib/util/state.ts:192
[  232160ms] [LOG] Registration successful, scope is: http://localhost:3001/ @ http://localhost:3001/src/routes/+layout.svelte:42
[  232211ms] [LOG] [plausible] render {diagramType: flowchart-v2, isRough: false, lengthBucket: 0-10, renderTimeMsBucket: 50-100} @ http://localhost:3001/src/lib/util/stats.ts:89
[  232771ms] [LOG] [plausible] version {mermaidVersion: 11.14.0} @ http://localhost:3001/src/lib/util/stats.ts:89
[  232830ms] [LOG] Loading '' @ http://localhost:3001/src/lib/util/state.ts:192
[  232879ms] [LOG] Registration successful, scope is: http://localhost:3001/ @ http://localhost:3001/src/routes/+layout.svelte:42
[  232928ms] [LOG] [plausible] render {diagramType: flowchart-v2, isRough: false, lengthBucket: 0-10, renderTimeMsBucket: 50-100} @ http://localhost:3001/src/lib/util/stats.ts:89
[  233510ms] [LOG] [plausible] version {mermaidVersion: 11.14.0} @ http://localhost:3001/src/lib/util/stats.ts:89
[  233563ms] [LOG] Loading '' @ http://localhost:3001/src/lib/util/state.ts:192
[  233606ms] [LOG] Registration successful, scope is: http://localhost:3001/ @ http://localhost:3001/src/routes/+layout.svelte:42
[  233665ms] [LOG] [plausible] render {diagramType: flowchart-v2, isRough: false, lengthBucket: 0-10, renderTimeMsBucket: 50-100} @ http://localhost:3001/src/lib/util/stats.ts:89
[  234236ms] [LOG] [plausible] version {mermaidVersion: 11.14.0} @ http://localhost:3001/src/lib/util/stats.ts:89
[  234293ms] [LOG] Loading '' @ http://localhost:3001/src/lib/util/state.ts:192
[  234333ms] [LOG] Registration successful, scope is: http://localhost:3001/ @ http://localhost:3001/src/routes/+layout.svelte:42
[  234370ms] [LOG] [plausible] render {diagramType: flowchart-v2, isRough: false, lengthBucket: 0-10, renderTimeMsBucket: 50-100} @ http://localhost:3001/src/lib/util/stats.ts:89
[  234925ms] [LOG] [plausible] version {mermaidVersion: 11.14.0} @ http://localhost:3001/src/lib/util/stats.ts:89
[  234983ms] [LOG] Loading '' @ http://localhost:3001/src/lib/util/state.ts:192
[  235020ms] [LOG] Registration successful, scope is: http://localhost:3001/ @ http://localhost:3001/src/routes/+layout.svelte:42
[  235052ms] [LOG] [plausible] render {diagramType: flowchart-v2, isRough: false, lengthBucket: 0-10, renderTimeMsBucket: 50-100} @ http://localhost:3001/src/lib/util/stats.ts:89
[  235650ms] [LOG] [plausible] version {mermaidVersion: 11.14.0} @ http://localhost:3001/src/lib/util/stats.ts:89
[  235707ms] [LOG] Loading '' @ http://localhost:3001/src/lib/util/state.ts:192
[  235745ms] [LOG] Registration successful, scope is: http://localhost:3001/ @ http://localhost:3001/src/routes/+layout.svelte:42
[  235774ms] [LOG] [plausible] render {diagramType: flowchart-v2, isRough: false, lengthBucket: 0-10, renderTimeMsBucket: 25-50} @ http://localhost:3001/src/lib/util/stats.ts:89
[  236375ms] [LOG] [plausible] version {mermaidVersion: 11.14.0} @ http://localhost:3001/src/lib/util/stats.ts:89
[  236439ms] [LOG] Loading '' @ http://localhost:3001/src/lib/util/state.ts:192
[  236478ms] [LOG] Registration successful, scope is: http://localhost:3001/ @ http://localhost:3001/src/routes/+layout.svelte:42
[  236505ms] [LOG] [plausible] render {diagramType: flowchart-v2, isRough: false, lengthBucket: 0-10, renderTimeMsBucket: 25-50} @ http://localhost:3001/src/lib/util/stats.ts:89
[  237076ms] [LOG] [plausible] version {mermaidVersion: 11.14.0} @ http://localhost:3001/src/lib/util/stats.ts:89
[  237138ms] [LOG] Loading '' @ http://localhost:3001/src/lib/util/state.ts:192
[  237177ms] [LOG] Registration successful, scope is: http://localhost:3001/ @ http://localhost:3001/src/routes/+layout.svelte:42
[  237240ms] [LOG] [plausible] render {diagramType: flowchart-v2, isRough: false, lengthBucket: 0-10, renderTimeMsBucket: 50-100} @ http://localhost:3001/src/lib/util/stats.ts:89
[  237805ms] [LOG] [plausible] version {mermaidVersion: 11.14.0} @ http://localhost:3001/src/lib/util/stats.ts:89
[  237859ms] [LOG] Loading '' @ http://localhost:3001/src/lib/util/state.ts:192
[  237912ms] [LOG] Registration successful, scope is: http://localhost:3001/ @ http://localhost:3001/src/routes/+layout.svelte:42
[  237963ms] [LOG] [plausible] render {diagramType: flowchart-v2, isRough: false, lengthBucket: 0-10, renderTimeMsBucket: 50-100} @ http://localhost:3001/src/lib/util/stats.ts:89
[  238526ms] [LOG] [plausible] version {mermaidVersion: 11.14.0} @ http://localhost:3001/src/lib/util/stats.ts:89
[  238583ms] [LOG] Loading '' @ http://localhost:3001/src/lib/util/state.ts:192
[  238631ms] [LOG] Registration successful, scope is: http://localhost:3001/ @ http://localhost:3001/src/routes/+layout.svelte:42
[  238673ms] [LOG] [plausible] render {diagramType: flowchart-v2, isRough: false, lengthBucket: 0-10, renderTimeMsBucket: 50-100} @ http://localhost:3001/src/lib/util/stats.ts:89
[  239255ms] [LOG] [plausible] version {mermaidVersion: 11.14.0} @ http://localhost:3001/src/lib/util/stats.ts:89
[  239318ms] [LOG] Loading '' @ http://localhost:3001/src/lib/util/state.ts:192
[  239365ms] [LOG] Registration successful, scope is: http://localhost:3001/ @ http://localhost:3001/src/routes/+layout.svelte:42
[  239395ms] [LOG] [plausible] render {diagramType: flowchart-v2, isRough: false, lengthBucket: 0-10, renderTimeMsBucket: 50-100} @ http://localhost:3001/src/lib/util/stats.ts:89
[  239978ms] [LOG] [plausible] version {mermaidVersion: 11.14.0} @ http://localhost:3001/src/lib/util/stats.ts:89
[  240040ms] [LOG] Loading '' @ http://localhost:3001/src/lib/util/state.ts:192
[  240093ms] [LOG] Registration successful, scope is: http://localhost:3001/ @ http://localhost:3001/src/routes/+layout.svelte:42
[  240146ms] [LOG] [plausible] render {diagramType: flowchart-v2, isRough: false, lengthBucket: 0-10, renderTimeMsBucket: 50-100} @ http://localhost:3001/src/lib/util/stats.ts:89
[  240738ms] [LOG] [plausible] version {mermaidVersion: 11.14.0} @ http://localhost:3001/src/lib/util/stats.ts:89
[  240789ms] [LOG] Loading '' @ http://localhost:3001/src/lib/util/state.ts:192
[  240830ms] [LOG] Registration successful, scope is: http://localhost:3001/ @ http://localhost:3001/src/routes/+layout.svelte:42
[  240871ms] [LOG] [plausible] render {diagramType: flowchart-v2, isRough: false, lengthBucket: 0-10, renderTimeMsBucket: 50-100} @ http://localhost:3001/src/lib/util/stats.ts:89
[  241436ms] [LOG] [plausible] version {mermaidVersion: 11.14.0} @ http://localhost:3001/src/lib/util/stats.ts:89
[  241488ms] [LOG] Loading '' @ http://localhost:3001/src/lib/util/state.ts:192
[  241526ms] [LOG] Registration successful, scope is: http://localhost:3001/ @ http://localhost:3001/src/routes/+layout.svelte:42
[  241574ms] [LOG] [plausible] render {diagramType: flowchart-v2, isRough: false, lengthBucket: 0-10, renderTimeMsBucket: 50-100} @ http://localhost:3001/src/lib/util/stats.ts:89
[  242146ms] [LOG] [plausible] version {mermaidVersion: 11.14.0} @ http://localhost:3001/src/lib/util/stats.ts:89
[  242200ms] [LOG] Loading '' @ http://localhost:3001/src/lib/util/state.ts:192
[  242240ms] [LOG] Registration successful, scope is: http://localhost:3001/ @ http://localhost:3001/src/routes/+layout.svelte:42
[  242267ms] [LOG] [plausible] render {diagramType: flowchart-v2, isRough: false, lengthBucket: 0-10, renderTimeMsBucket: 25-50} @ http://localhost:3001/src/lib/util/stats.ts:89
[  242820ms] [LOG] [plausible] version {mermaidVersion: 11.14.0} @ http://localhost:3001/src/lib/util/stats.ts:89
[  242871ms] [LOG] Loading '' @ http://localhost:3001/src/lib/util/state.ts:192
[  242913ms] [LOG] Registration successful, scope is: http://localhost:3001/ @ http://localhost:3001/src/routes/+layout.svelte:42
[  242964ms] [LOG] [plausible] render {diagramType: flowchart-v2, isRough: false, lengthBucket: 0-10, renderTimeMsBucket: 50-100} @ http://localhost:3001/src/lib/util/stats.ts:89
[  244023ms] [LOG] [plausible] version {mermaidVersion: 11.14.0} @ http://localhost:3001/src/lib/util/stats.ts:89
[  244085ms] [LOG] Loading '' @ http://localhost:3001/src/lib/util/state.ts:192
[  244131ms] [LOG] Registration successful, scope is: http://localhost:3001/ @ http://localhost:3001/src/routes/+layout.svelte:42
[  244166ms] [LOG] [plausible] render {diagramType: flowchart-v2, isRough: false, lengthBucket: 0-10, renderTimeMsBucket: 50-100} @ http://localhost:3001/src/lib/util/stats.ts:89
[  244740ms] [LOG] [plausible] version {mermaidVersion: 11.14.0} @ http://localhost:3001/src/lib/util/stats.ts:89
[  244788ms] [LOG] Loading '' @ http://localhost:3001/src/lib/util/state.ts:192
[  244825ms] [LOG] Registration successful, scope is: http://localhost:3001/ @ http://localhost:3001/src/routes/+layout.svelte:42
[  244851ms] [LOG] [plausible] render {diagramType: flowchart-v2, isRough: false, lengthBucket: 0-10, renderTimeMsBucket: 25-50} @ http://localhost:3001/src/lib/util/stats.ts:89
[  245441ms] [LOG] [plausible] version {mermaidVersion: 11.14.0} @ http://localhost:3001/src/lib/util/stats.ts:89
[  245492ms] [LOG] Loading '' @ http://localhost:3001/src/lib/util/state.ts:192
[  245530ms] [LOG] Registration successful, scope is: http://localhost:3001/ @ http://localhost:3001/src/routes/+layout.svelte:42
[  245563ms] [LOG] [plausible] render {diagramType: flowchart-v2, isRough: false, lengthBucket: 0-10, renderTimeMsBucket: 50-100} @ http://localhost:3001/src/lib/util/stats.ts:89
[  246141ms] [LOG] [plausible] version {mermaidVersion: 11.14.0} @ http://localhost:3001/src/lib/util/stats.ts:89
[  246194ms] [LOG] Loading '' @ http://localhost:3001/src/lib/util/state.ts:192
[  246237ms] [LOG] Registration successful, scope is: http://localhost:3001/ @ http://localhost:3001/src/routes/+layout.svelte:42
[  246268ms] [LOG] [plausible] render {diagramType: flowchart-v2, isRough: false, lengthBucket: 0-10, renderTimeMsBucket: 50-100} @ http://localhost:3001/src/lib/util/stats.ts:89
[  246817ms] [LOG] [plausible] version {mermaidVersion: 11.14.0} @ http://localhost:3001/src/lib/util/stats.ts:89
[  246868ms] [LOG] Loading '' @ http://localhost:3001/src/lib/util/state.ts:192
[  246908ms] [LOG] Registration successful, scope is: http://localhost:3001/ @ http://localhost:3001/src/routes/+layout.svelte:42
[  246942ms] [LOG] [plausible] render {diagramType: flowchart-v2, isRough: false, lengthBucket: 0-10, renderTimeMsBucket: 50-100} @ http://localhost:3001/src/lib/util/stats.ts:89
[  247515ms] [LOG] [plausible] version {mermaidVersion: 11.14.0} @ http://localhost:3001/src/lib/util/stats.ts:89
[  247571ms] [LOG] Loading '' @ http://localhost:3001/src/lib/util/state.ts:192
[  247619ms] [LOG] Registration successful, scope is: http://localhost:3001/ @ http://localhost:3001/src/routes/+layout.svelte:42
[  247646ms] [LOG] [plausible] render {diagramType: flowchart-v2, isRough: false, lengthBucket: 0-10, renderTimeMsBucket: 25-50} @ http://localhost:3001/src/lib/util/stats.ts:89
[  248191ms] [LOG] [plausible] version {mermaidVersion: 11.14.0} @ http://localhost:3001/src/lib/util/stats.ts:89
[  248243ms] [LOG] Loading '' @ http://localhost:3001/src/lib/util/state.ts:192
[  248289ms] [LOG] Registration successful, scope is: http://localhost:3001/ @ http://localhost:3001/src/routes/+layout.svelte:42
[  248320ms] [LOG] [plausible] render {diagramType: flowchart-v2, isRough: false, lengthBucket: 0-10, renderTimeMsBucket: 50-100} @ http://localhost:3001/src/lib/util/stats.ts:89
[  248859ms] [LOG] [plausible] version {mermaidVersion: 11.14.0} @ http://localhost:3001/src/lib/util/stats.ts:89
[  248905ms] [LOG] Loading '' @ http://localhost:3001/src/lib/util/state.ts:192
[  248947ms] [LOG] Registration successful, scope is: http://localhost:3001/ @ http://localhost:3001/src/routes/+layout.svelte:42
[  248974ms] [LOG] [plausible] render {diagramType: flowchart-v2, isRough: false, lengthBucket: 0-10, renderTimeMsBucket: 50-100} @ http://localhost:3001/src/lib/util/stats.ts:89
[  249504ms] [LOG] [plausible] version {mermaidVersion: 11.14.0} @ http://localhost:3001/src/lib/util/stats.ts:89
[  249560ms] [LOG] Loading '' @ http://localhost:3001/src/lib/util/state.ts:192
[  249597ms] [LOG] Registration successful, scope is: http://localhost:3001/ @ http://localhost:3001/src/routes/+layout.svelte:42
[  249628ms] [LOG] [plausible] render {diagramType: flowchart-v2, isRough: false, lengthBucket: 0-10, renderTimeMsBucket: 25-50} @ http://localhost:3001/src/lib/util/stats.ts:89
[  250229ms] [LOG] [plausible] version {mermaidVersion: 11.14.0} @ http://localhost:3001/src/lib/util/stats.ts:89
[  250288ms] [LOG] Loading '' @ http://localhost:3001/src/lib/util/state.ts:192
[  250326ms] [LOG] Registration successful, scope is: http://localhost:3001/ @ http://localhost:3001/src/routes/+layout.svelte:42
[  250370ms] [LOG] [plausible] render {diagramType: flowchart-v2, isRough: false, lengthBucket: 0-10, renderTimeMsBucket: 50-100} @ http://localhost:3001/src/lib/util/stats.ts:89
[  250969ms] [LOG] [plausible] version {mermaidVersion: 11.14.0} @ http://localhost:3001/src/lib/util/stats.ts:89
[  251030ms] [LOG] Loading '' @ http://localhost:3001/src/lib/util/state.ts:192
[  251093ms] [LOG] Registration successful, scope is: http://localhost:3001/ @ http://localhost:3001/src/routes/+layout.svelte:42
[  251144ms] [LOG] [plausible] render {diagramType: flowchart-v2, isRough: false, lengthBucket: 0-10, renderTimeMsBucket: 50-100} @ http://localhost:3001/src/lib/util/stats.ts:89
[  251714ms] [LOG] [plausible] version {mermaidVersion: 11.14.0} @ http://localhost:3001/src/lib/util/stats.ts:89
[  251797ms] [LOG] Loading '' @ http://localhost:3001/src/lib/util/state.ts:192
[  251861ms] [LOG] Registration successful, scope is: http://localhost:3001/ @ http://localhost:3001/src/routes/+layout.svelte:42
[  251895ms] [LOG] [plausible] render {diagramType: flowchart-v2, isRough: false, lengthBucket: 0-10, renderTimeMsBucket: 50-100} @ http://localhost:3001/src/lib/util/stats.ts:89
[  252444ms] [LOG] [plausible] version {mermaidVersion: 11.14.0} @ http://localhost:3001/src/lib/util/stats.ts:89
[  252497ms] [LOG] Loading '' @ http://localhost:3001/src/lib/util/state.ts:192
[  252545ms] [LOG] Registration successful, scope is: http://localhost:3001/ @ http://localhost:3001/src/routes/+layout.svelte:42
[  252587ms] [LOG] [plausible] render {diagramType: flowchart-v2, isRough: false, lengthBucket: 0-10, renderTimeMsBucket: 50-100} @ http://localhost:3001/src/lib/util/stats.ts:89
[  253172ms] [LOG] [plausible] version {mermaidVersion: 11.14.0} @ http://localhost:3001/src/lib/util/stats.ts:89
[  253219ms] [LOG] Loading '' @ http://localhost:3001/src/lib/util/state.ts:192
[  253259ms] [LOG] Registration successful, scope is: http://localhost:3001/ @ http://localhost:3001/src/routes/+layout.svelte:42
[  253312ms] [LOG] [plausible] render {diagramType: flowchart-v2, isRough: false, lengthBucket: 0-10, renderTimeMsBucket: 50-100} @ http://localhost:3001/src/lib/util/stats.ts:89
[  253875ms] [LOG] [plausible] version {mermaidVersion: 11.14.0} @ http://localhost:3001/src/lib/util/stats.ts:89
[  253936ms] [LOG] Loading '' @ http://localhost:3001/src/lib/util/state.ts:192
[  253981ms] [LOG] Registration successful, scope is: http://localhost:3001/ @ http://localhost:3001/src/routes/+layout.svelte:42
[  254014ms] [LOG] [plausible] render {diagramType: flowchart-v2, isRough: false, lengthBucket: 0-10, renderTimeMsBucket: 50-100} @ http://localhost:3001/src/lib/util/stats.ts:89
[  254584ms] [LOG] [plausible] version {mermaidVersion: 11.14.0} @ http://localhost:3001/src/lib/util/stats.ts:89
[  254637ms] [LOG] Loading '' @ http://localhost:3001/src/lib/util/state.ts:192
[  254685ms] [LOG] Registration successful, scope is: http://localhost:3001/ @ http://localhost:3001/src/routes/+layout.svelte:42
[  254720ms] [LOG] [plausible] render {diagramType: flowchart-v2, isRough: false, lengthBucket: 0-10, renderTimeMsBucket: 50-100} @ http://localhost:3001/src/lib/util/stats.ts:89
[  255274ms] [LOG] [plausible] version {mermaidVersion: 11.14.0} @ http://localhost:3001/src/lib/util/stats.ts:89
[  255343ms] [LOG] Loading '' @ http://localhost:3001/src/lib/util/state.ts:192
[  255382ms] [LOG] Registration successful, scope is: http://localhost:3001/ @ http://localhost:3001/src/routes/+layout.svelte:42
[  255409ms] [LOG] [plausible] render {diagramType: flowchart-v2, isRough: false, lengthBucket: 0-10, renderTimeMsBucket: 25-50} @ http://localhost:3001/src/lib/util/stats.ts:89
[  255956ms] [LOG] [plausible] version {mermaidVersion: 11.14.0} @ http://localhost:3001/src/lib/util/stats.ts:89
[  256000ms] [LOG] Loading '' @ http://localhost:3001/src/lib/util/state.ts:192
[  256042ms] [LOG] Registration successful, scope is: http://localhost:3001/ @ http://localhost:3001/src/routes/+layout.svelte:42
[  256072ms] [LOG] [plausible] render {diagramType: flowchart-v2, isRough: false, lengthBucket: 0-10, renderTimeMsBucket: 50-100} @ http://localhost:3001/src/lib/util/stats.ts:89
[  256605ms] [LOG] [plausible] version {mermaidVersion: 11.14.0} @ http://localhost:3001/src/lib/util/stats.ts:89
[  256660ms] [LOG] Loading '' @ http://localhost:3001/src/lib/util/state.ts:192
[  256719ms] [LOG] Registration successful, scope is: http://localhost:3001/ @ http://localhost:3001/src/routes/+layout.svelte:42
[  256753ms] [LOG] [plausible] render {diagramType: flowchart-v2, isRough: false, lengthBucket: 0-10, renderTimeMsBucket: 50-100} @ http://localhost:3001/src/lib/util/stats.ts:89
[  257278ms] [LOG] [plausible] version {mermaidVersion: 11.14.0} @ http://localhost:3001/src/lib/util/stats.ts:89
[  257327ms] [LOG] Loading '' @ http://localhost:3001/src/lib/util/state.ts:192
[  257364ms] [LOG] Registration successful, scope is: http://localhost:3001/ @ http://localhost:3001/src/routes/+layout.svelte:42
[  257409ms] [LOG] [plausible] render {diagramType: flowchart-v2, isRough: false, lengthBucket: 0-10, renderTimeMsBucket: 50-100} @ http://localhost:3001/src/lib/util/stats.ts:89
[  258001ms] [LOG] [plausible] version {mermaidVersion: 11.14.0} @ http://localhost:3001/src/lib/util/stats.ts:89
[  258057ms] [LOG] Loading '' @ http://localhost:3001/src/lib/util/state.ts:192
[  258095ms] [LOG] Registration successful, scope is: http://localhost:3001/ @ http://localhost:3001/src/routes/+layout.svelte:42
[  258125ms] [LOG] [plausible] render {diagramType: flowchart-v2, isRough: false, lengthBucket: 0-10, renderTimeMsBucket: 25-50} @ http://localhost:3001/src/lib/util/stats.ts:89
[  258708ms] [LOG] [plausible] version {mermaidVersion: 11.14.0} @ http://localhost:3001/src/lib/util/stats.ts:89
[  258755ms] [LOG] Loading '' @ http://localhost:3001/src/lib/util/state.ts:192
[  258796ms] [LOG] Registration successful, scope is: http://localhost:3001/ @ http://localhost:3001/src/routes/+layout.svelte:42
[  258854ms] [LOG] [plausible] render {diagramType: flowchart-v2, isRough: false, lengthBucket: 0-10, renderTimeMsBucket: 50-100} @ http://localhost:3001/src/lib/util/stats.ts:89
[  259414ms] [LOG] [plausible] version {mermaidVersion: 11.14.0} @ http://localhost:3001/src/lib/util/stats.ts:89
[  259467ms] [LOG] Loading '' @ http://localhost:3001/src/lib/util/state.ts:192
[  259516ms] [LOG] Registration successful, scope is: http://localhost:3001/ @ http://localhost:3001/src/routes/+layout.svelte:42
[  259545ms] [LOG] [plausible] render {diagramType: flowchart-v2, isRough: false, lengthBucket: 0-10, renderTimeMsBucket: 50-100} @ http://localhost:3001/src/lib/util/stats.ts:89
[  260120ms] [LOG] [plausible] version {mermaidVersion: 11.14.0} @ http://localhost:3001/src/lib/util/stats.ts:89
[  260170ms] [LOG] Loading '' @ http://localhost:3001/src/lib/util/state.ts:192
[  260215ms] [LOG] Registration successful, scope is: http://localhost:3001/ @ http://localhost:3001/src/routes/+layout.svelte:42
[  260263ms] [LOG] [plausible] render {diagramType: flowchart-v2, isRough: false, lengthBucket: 0-10, renderTimeMsBucket: 50-100} @ http://localhost:3001/src/lib/util/stats.ts:89
[  260832ms] [LOG] [plausible] version {mermaidVersion: 11.14.0} @ http://localhost:3001/src/lib/util/stats.ts:89
[  260884ms] [LOG] Loading '' @ http://localhost:3001/src/lib/util/state.ts:192
[  260931ms] [LOG] Registration successful, scope is: http://localhost:3001/ @ http://localhost:3001/src/routes/+layout.svelte:42
[  260970ms] [LOG] [plausible] render {diagramType: flowchart-v2, isRough: false, lengthBucket: 0-10, renderTimeMsBucket: 50-100} @ http://localhost:3001/src/lib/util/stats.ts:89
[  261532ms] [LOG] [plausible] version {mermaidVersion: 11.14.0} @ http://localhost:3001/src/lib/util/stats.ts:89
[  261577ms] [LOG] Loading '' @ http://localhost:3001/src/lib/util/state.ts:192
[  261622ms] [LOG] Registration successful, scope is: http://localhost:3001/ @ http://localhost:3001/src/routes/+layout.svelte:42
[  261675ms] [LOG] [plausible] render {diagramType: flowchart-v2, isRough: false, lengthBucket: 0-10, renderTimeMsBucket: 50-100} @ http://localhost:3001/src/lib/util/stats.ts:89
[  262248ms] [LOG] [plausible] version {mermaidVersion: 11.14.0} @ http://localhost:3001/src/lib/util/stats.ts:89
[  262296ms] [LOG] Loading '' @ http://localhost:3001/src/lib/util/state.ts:192
[  262339ms] [LOG] Registration successful, scope is: http://localhost:3001/ @ http://localhost:3001/src/routes/+layout.svelte:42
[  262368ms] [LOG] [plausible] render {diagramType: flowchart-v2, isRough: false, lengthBucket: 0-10, renderTimeMsBucket: 50-100} @ http://localhost:3001/src/lib/util/stats.ts:89
[  262934ms] [LOG] [plausible] version {mermaidVersion: 11.14.0} @ http://localhost:3001/src/lib/util/stats.ts:89
[  262982ms] [LOG] Loading '' @ http://localhost:3001/src/lib/util/state.ts:192
[  263022ms] [LOG] Registration successful, scope is: http://localhost:3001/ @ http://localhost:3001/src/routes/+layout.svelte:42
[  263055ms] [LOG] [plausible] render {diagramType: flowchart-v2, isRough: false, lengthBucket: 0-10, renderTimeMsBucket: 50-100} @ http://localhost:3001/src/lib/util/stats.ts:89
[  263632ms] [LOG] [plausible] version {mermaidVersion: 11.14.0} @ http://localhost:3001/src/lib/util/stats.ts:89
[  263687ms] [LOG] Loading '' @ http://localhost:3001/src/lib/util/state.ts:192
[  263727ms] [LOG] Registration successful, scope is: http://localhost:3001/ @ http://localhost:3001/src/routes/+layout.svelte:42
[  263754ms] [LOG] [plausible] render {diagramType: flowchart-v2, isRough: false, lengthBucket: 0-10, renderTimeMsBucket: 25-50} @ http://localhost:3001/src/lib/util/stats.ts:89
[  264330ms] [LOG] [plausible] version {mermaidVersion: 11.14.0} @ http://localhost:3001/src/lib/util/stats.ts:89
[  264381ms] [LOG] Loading '' @ http://localhost:3001/src/lib/util/state.ts:192
[  264418ms] [LOG] Registration successful, scope is: http://localhost:3001/ @ http://localhost:3001/src/routes/+layout.svelte:42
[  264443ms] [LOG] [plausible] render {diagramType: flowchart-v2, isRough: false, lengthBucket: 0-10, renderTimeMsBucket: 25-50} @ http://localhost:3001/src/lib/util/stats.ts:89
[  265012ms] [LOG] [plausible] version {mermaidVersion: 11.14.0} @ http://localhost:3001/src/lib/util/stats.ts:89
[  265056ms] [LOG] Loading '' @ http://localhost:3001/src/lib/util/state.ts:192
[  265106ms] [LOG] Registration successful, scope is: http://localhost:3001/ @ http://localhost:3001/src/routes/+layout.svelte:42
[  265140ms] [LOG] [plausible] render {diagramType: flowchart-v2, isRough: false, lengthBucket: 0-10, renderTimeMsBucket: 50-100} @ http://localhost:3001/src/lib/util/stats.ts:89
[  265672ms] [LOG] [plausible] version {mermaidVersion: 11.14.0} @ http://localhost:3001/src/lib/util/stats.ts:89
[  265736ms] [LOG] Loading '' @ http://localhost:3001/src/lib/util/state.ts:192
[  265778ms] [LOG] Registration successful, scope is: http://localhost:3001/ @ http://localhost:3001/src/routes/+layout.svelte:42
[  265805ms] [LOG] [plausible] render {diagramType: flowchart-v2, isRough: false, lengthBucket: 0-10, renderTimeMsBucket: 25-50} @ http://localhost:3001/src/lib/util/stats.ts:89
[  266364ms] [LOG] [plausible] version {mermaidVersion: 11.14.0} @ http://localhost:3001/src/lib/util/stats.ts:89
[  266419ms] [LOG] Loading '' @ http://localhost:3001/src/lib/util/state.ts:192
[  266475ms] [LOG] Registration successful, scope is: http://localhost:3001/ @ http://localhost:3001/src/routes/+layout.svelte:42
[  266507ms] [LOG] [plausible] render {diagramType: flowchart-v2, isRough: false, lengthBucket: 0-10, renderTimeMsBucket: 50-100} @ http://localhost:3001/src/lib/util/stats.ts:89
[  267016ms] [LOG] [plausible] version {mermaidVersion: 11.14.0} @ http://localhost:3001/src/lib/util/stats.ts:89
[  267074ms] [LOG] Loading '' @ http://localhost:3001/src/lib/util/state.ts:192
[  267118ms] [LOG] Registration successful, scope is: http://localhost:3001/ @ http://localhost:3001/src/routes/+layout.svelte:42
[  267163ms] [LOG] [plausible] render {diagramType: flowchart-v2, isRough: false, lengthBucket: 0-10, renderTimeMsBucket: 50-100} @ http://localhost:3001/src/lib/util/stats.ts:89
[  267711ms] [LOG] [plausible] version {mermaidVersion: 11.14.0} @ http://localhost:3001/src/lib/util/stats.ts:89
[  267771ms] [LOG] Loading '' @ http://localhost:3001/src/lib/util/state.ts:192
[  267832ms] [LOG] Registration successful, scope is: http://localhost:3001/ @ http://localhost:3001/src/routes/+layout.svelte:42
[  267871ms] [LOG] [plausible] render {diagramType: flowchart-v2, isRough: false, lengthBucket: 0-10, renderTimeMsBucket: 50-100} @ http://localhost:3001/src/lib/util/stats.ts:89
[  268387ms] [LOG] [plausible] version {mermaidVersion: 11.14.0} @ http://localhost:3001/src/lib/util/stats.ts:89
[  268448ms] [LOG] Loading '' @ http://localhost:3001/src/lib/util/state.ts:192
[  268484ms] [LOG] Registration successful, scope is: http://localhost:3001/ @ http://localhost:3001/src/routes/+layout.svelte:42
[  268525ms] [LOG] [plausible] render {diagramType: flowchart-v2, isRough: false, lengthBucket: 0-10, renderTimeMsBucket: 50-100} @ http://localhost:3001/src/lib/util/stats.ts:89
[  269117ms] [LOG] [plausible] version {mermaidVersion: 11.14.0} @ http://localhost:3001/src/lib/util/stats.ts:89
[  269172ms] [LOG] Loading '' @ http://localhost:3001/src/lib/util/state.ts:192
[  269212ms] [LOG] Registration successful, scope is: http://localhost:3001/ @ http://localhost:3001/src/routes/+layout.svelte:42
[  269261ms] [LOG] [plausible] render {diagramType: flowchart-v2, isRough: false, lengthBucket: 0-10, renderTimeMsBucket: 50-100} @ http://localhost:3001/src/lib/util/stats.ts:89
[  269817ms] [LOG] [plausible] version {mermaidVersion: 11.14.0} @ http://localhost:3001/src/lib/util/stats.ts:89
[  269873ms] [LOG] Loading '' @ http://localhost:3001/src/lib/util/state.ts:192
[  269911ms] [LOG] Registration successful, scope is: http://localhost:3001/ @ http://localhost:3001/src/routes/+layout.svelte:42
[  269968ms] [LOG] [plausible] render {diagramType: flowchart-v2, isRough: false, lengthBucket: 0-10, renderTimeMsBucket: 50-100} @ http://localhost:3001/src/lib/util/stats.ts:89
[  270529ms] [LOG] [plausible] version {mermaidVersion: 11.14.0} @ http://localhost:3001/src/lib/util/stats.ts:89
[  270581ms] [LOG] Loading '' @ http://localhost:3001/src/lib/util/state.ts:192
[  270628ms] [LOG] Registration successful, scope is: http://localhost:3001/ @ http://localhost:3001/src/routes/+layout.svelte:42
[  270658ms] [LOG] [plausible] render {diagramType: flowchart-v2, isRough: false, lengthBucket: 0-10, renderTimeMsBucket: 50-100} @ http://localhost:3001/src/lib/util/stats.ts:89
[  271240ms] [LOG] [plausible] version {mermaidVersion: 11.14.0} @ http://localhost:3001/src/lib/util/stats.ts:89
[  271298ms] [LOG] Loading '' @ http://localhost:3001/src/lib/util/state.ts:192
[  271336ms] [LOG] Registration successful, scope is: http://localhost:3001/ @ http://localhost:3001/src/routes/+layout.svelte:42
[  271363ms] [LOG] [plausible] render {diagramType: flowchart-v2, isRough: false, lengthBucket: 0-10, renderTimeMsBucket: 25-50} @ http://localhost:3001/src/lib/util/stats.ts:89
[  271917ms] [LOG] [plausible] version {mermaidVersion: 11.14.0} @ http://localhost:3001/src/lib/util/stats.ts:89
[  271977ms] [LOG] Loading '' @ http://localhost:3001/src/lib/util/state.ts:192
[  272014ms] [LOG] Registration successful, scope is: http://localhost:3001/ @ http://localhost:3001/src/routes/+layout.svelte:42
[  272054ms] [LOG] [plausible] render {diagramType: flowchart-v2, isRough: false, lengthBucket: 0-10, renderTimeMsBucket: 50-100} @ http://localhost:3001/src/lib/util/stats.ts:89
[  272628ms] [LOG] [plausible] version {mermaidVersion: 11.14.0} @ http://localhost:3001/src/lib/util/stats.ts:89
[  272674ms] [LOG] Loading '' @ http://localhost:3001/src/lib/util/state.ts:192
[  272718ms] [LOG] Registration successful, scope is: http://localhost:3001/ @ http://localhost:3001/src/routes/+layout.svelte:42
[  272749ms] [LOG] [plausible] render {diagramType: flowchart-v2, isRough: false, lengthBucket: 0-10, renderTimeMsBucket: 50-100} @ http://localhost:3001/src/lib/util/stats.ts:89
[  273271ms] [LOG] [plausible] version {mermaidVersion: 11.14.0} @ http://localhost:3001/src/lib/util/stats.ts:89
[  273320ms] [LOG] Loading '' @ http://localhost:3001/src/lib/util/state.ts:192
[  273363ms] [LOG] Registration successful, scope is: http://localhost:3001/ @ http://localhost:3001/src/routes/+layout.svelte:42
[  273394ms] [LOG] [plausible] render {diagramType: flowchart-v2, isRough: false, lengthBucket: 0-10, renderTimeMsBucket: 50-100} @ http://localhost:3001/src/lib/util/stats.ts:89
[  273968ms] [LOG] [plausible] version {mermaidVersion: 11.14.0} @ http://localhost:3001/src/lib/util/stats.ts:89
[  274015ms] [LOG] Loading '' @ http://localhost:3001/src/lib/util/state.ts:192
[  274063ms] [LOG] Registration successful, scope is: http://localhost:3001/ @ http://localhost:3001/src/routes/+layout.svelte:42
[  274094ms] [LOG] [plausible] render {diagramType: flowchart-v2, isRough: false, lengthBucket: 0-10, renderTimeMsBucket: 50-100} @ http://localhost:3001/src/lib/util/stats.ts:89
[  274706ms] [LOG] [plausible] version {mermaidVersion: 11.14.0} @ http://localhost:3001/src/lib/util/stats.ts:89
[  274762ms] [LOG] Loading '' @ http://localhost:3001/src/lib/util/state.ts:192
[  274801ms] [LOG] Registration successful, scope is: http://localhost:3001/ @ http://localhost:3001/src/routes/+layout.svelte:42
[  274830ms] [LOG] [plausible] render {diagramType: flowchart-v2, isRough: false, lengthBucket: 0-10, renderTimeMsBucket: 25-50} @ http://localhost:3001/src/lib/util/stats.ts:89
[  275407ms] [LOG] [plausible] version {mermaidVersion: 11.14.0} @ http://localhost:3001/src/lib/util/stats.ts:89
[  275454ms] [LOG] Loading '' @ http://localhost:3001/src/lib/util/state.ts:192
[  275496ms] [LOG] Registration successful, scope is: http://localhost:3001/ @ http://localhost:3001/src/routes/+layout.svelte:42
[  275531ms] [LOG] [plausible] render {diagramType: flowchart-v2, isRough: false, lengthBucket: 0-10, renderTimeMsBucket: 50-100} @ http://localhost:3001/src/lib/util/stats.ts:89
[  276113ms] [LOG] [plausible] version {mermaidVersion: 11.14.0} @ http://localhost:3001/src/lib/util/stats.ts:89
[  276176ms] [LOG] Loading '' @ http://localhost:3001/src/lib/util/state.ts:192
[  276234ms] [LOG] Registration successful, scope is: http://localhost:3001/ @ http://localhost:3001/src/routes/+layout.svelte:42
[  276271ms] [LOG] [plausible] render {diagramType: flowchart-v2, isRough: false, lengthBucket: 0-10, renderTimeMsBucket: 50-100} @ http://localhost:3001/src/lib/util/stats.ts:89
[  276870ms] [LOG] [plausible] version {mermaidVersion: 11.14.0} @ http://localhost:3001/src/lib/util/stats.ts:89
[  276924ms] [LOG] Loading '' @ http://localhost:3001/src/lib/util/state.ts:192
[  276968ms] [LOG] Registration successful, scope is: http://localhost:3001/ @ http://localhost:3001/src/routes/+layout.svelte:42
[  276995ms] [LOG] [plausible] render {diagramType: flowchart-v2, isRough: false, lengthBucket: 0-10, renderTimeMsBucket: 25-50} @ http://localhost:3001/src/lib/util/stats.ts:89
[  277552ms] [LOG] [plausible] version {mermaidVersion: 11.14.0} @ http://localhost:3001/src/lib/util/stats.ts:89
[  277602ms] [LOG] Loading '' @ http://localhost:3001/src/lib/util/state.ts:192
[  277658ms] [LOG] Registration successful, scope is: http://localhost:3001/ @ http://localhost:3001/src/routes/+layout.svelte:42
[  277700ms] [LOG] [plausible] render {diagramType: flowchart-v2, isRough: false, lengthBucket: 0-10, renderTimeMsBucket: 50-100} @ http://localhost:3001/src/lib/util/stats.ts:89
[  278317ms] [LOG] [plausible] version {mermaidVersion: 11.14.0} @ http://localhost:3001/src/lib/util/stats.ts:89
[  278367ms] [LOG] Loading '' @ http://localhost:3001/src/lib/util/state.ts:192
[  278406ms] [LOG] Registration successful, scope is: http://localhost:3001/ @ http://localhost:3001/src/routes/+layout.svelte:42
[  278432ms] [LOG] [plausible] render {diagramType: flowchart-v2, isRough: false, lengthBucket: 0-10, renderTimeMsBucket: 25-50} @ http://localhost:3001/src/lib/util/stats.ts:89
[  279019ms] [LOG] [plausible] version {mermaidVersion: 11.14.0} @ http://localhost:3001/src/lib/util/stats.ts:89
[  279083ms] [LOG] Loading '' @ http://localhost:3001/src/lib/util/state.ts:192
[  279133ms] [LOG] Registration successful, scope is: http://localhost:3001/ @ http://localhost:3001/src/routes/+layout.svelte:42
[  279167ms] [LOG] [plausible] render {diagramType: flowchart-v2, isRough: false, lengthBucket: 0-10, renderTimeMsBucket: 50-100} @ http://localhost:3001/src/lib/util/stats.ts:89
[  279729ms] [LOG] [plausible] version {mermaidVersion: 11.14.0} @ http://localhost:3001/src/lib/util/stats.ts:89
[  279774ms] [LOG] Loading '' @ http://localhost:3001/src/lib/util/state.ts:192
[  279825ms] [LOG] Registration successful, scope is: http://localhost:3001/ @ http://localhost:3001/src/routes/+layout.svelte:42
[  279866ms] [LOG] [plausible] render {diagramType: flowchart-v2, isRough: false, lengthBucket: 0-10, renderTimeMsBucket: 50-100} @ http://localhost:3001/src/lib/util/stats.ts:89
[  280432ms] [LOG] [plausible] version {mermaidVersion: 11.14.0} @ http://localhost:3001/src/lib/util/stats.ts:89
[  280488ms] [LOG] Loading '' @ http://localhost:3001/src/lib/util/state.ts:192
[  280559ms] [LOG] [plausible] render {diagramType: flowchart-v2, isRough: false, lengthBucket: 0-10, renderTimeMsBucket: 50-100} @ http://localhost:3001/src/lib/util/stats.ts:89
[  280624ms] [LOG] Registration successful, scope is: http://localhost:3001/ @ http://localhost:3001/src/routes/+layout.svelte:42
