[     718ms] [LOG] [plausible] version {mermaidVersion: 11.14.0} @ http://localhost:3002/src/lib/util/stats.ts:89
[     832ms] [LOG] Loading '' @ http://localhost:3002/src/lib/util/state.ts:192
[     912ms] [LOG] Registration successful, scope is: http://localhost:3002/ @ http://localhost:3002/src/routes/+layout.svelte:42
[    2095ms] [LOG] [plausible] version {mermaidVersion: 11.14.0} @ http://localhost:3002/src/lib/util/stats.ts:89
[    2164ms] [LOG] Loading '' @ http://localhost:3002/src/lib/util/state.ts:192
[    2218ms] [LOG] Registration successful, scope is: http://localhost:3002/ @ http://localhost:3002/src/routes/+layout.svelte:42
[    2303ms] [LOG] [plausible] render {diagramType: flowchart-v2, isRough: false, lengthBucket: 0-10, renderTimeMsBucket: 100-200} @ http://localhost:3002/src/lib/util/stats.ts:89
[    3103ms] [LOG] [plausible] version {mermaidVersion: 11.14.0} @ http://localhost:3002/src/lib/util/stats.ts:89
[    3159ms] [LOG] Loading '' @ http://localhost:3002/src/lib/util/state.ts:192
[    3201ms] [LOG] Registration successful, scope is: http://localhost:3002/ @ http://localhost:3002/src/routes/+layout.svelte:42
[    3237ms] [LOG] [plausible] render {diagramType: flowchart-v2, isRough: false, lengthBucket: 0-10, renderTimeMsBucket: 50-100} @ http://localhost:3002/src/lib/util/stats.ts:89
[    3686ms] [LOG] [plausible] version {mermaidVersion: 11.14.0} @ http://localhost:3002/src/lib/util/stats.ts:89
[    3739ms] [LOG] Loading '' @ http://localhost:3002/src/lib/util/state.ts:192
[    3802ms] [LOG] Registration successful, scope is: http://localhost:3002/ @ http://localhost:3002/src/routes/+layout.svelte:42
[    3837ms] [LOG] [plausible] render {diagramType: flowchart-v2, isRough: false, lengthBucket: 0-10, renderTimeMsBucket: 50-100} @ http://localhost:3002/src/lib/util/stats.ts:89
[    4265ms] [LOG] [plausible] version {mermaidVersion: 11.14.0} @ http://localhost:3002/src/lib/util/stats.ts:89
[    4316ms] [LOG] Loading '' @ http://localhost:3002/src/lib/util/state.ts:192
[    4361ms] [LOG] Registration successful, scope is: http://localhost:3002/ @ http://localhost:3002/src/routes/+layout.svelte:42
[    4397ms] [LOG] [plausible] render {diagramType: flowchart-v2, isRough: false, lengthBucket: 0-10, renderTimeMsBucket: 50-100} @ http://localhost:3002/src/lib/util/stats.ts:89
[    4867ms] [LOG] [plausible] version {mermaidVersion: 11.14.0} @ http://localhost:3002/src/lib/util/stats.ts:89
[    4922ms] [LOG] Loading '' @ http://localhost:3002/src/lib/util/state.ts:192
[    4964ms] [LOG] Registration successful, scope is: http://localhost:3002/ @ http://localhost:3002/src/routes/+layout.svelte:42
[    5028ms] [LOG] [plausible] render {diagramType: flowchart-v2, isRough: false, lengthBucket: 0-10, renderTimeMsBucket: 50-100} @ http://localhost:3002/src/lib/util/stats.ts:89
[    5480ms] [LOG] [plausible] version {mermaidVersion: 11.14.0} @ http://localhost:3002/src/lib/util/stats.ts:89
[    5532ms] [LOG] Loading '' @ http://localhost:3002/src/lib/util/state.ts:192
[    5581ms] [LOG] Registration successful, scope is: http://localhost:3002/ @ http://localhost:3002/src/routes/+layout.svelte:42
[    5616ms] [LOG] [plausible] render {diagramType: flowchart-v2, isRough: false, lengthBucket: 0-10, renderTimeMsBucket: 50-100} @ http://localhost:3002/src/lib/util/stats.ts:89
[    6077ms] [LOG] [plausible] version {mermaidVersion: 11.14.0} @ http://localhost:3002/src/lib/util/stats.ts:89
[    6131ms] [LOG] Loading '' @ http://localhost:3002/src/lib/util/state.ts:192
[    6174ms] [LOG] Registration successful, scope is: http://localhost:3002/ @ http://localhost:3002/src/routes/+layout.svelte:42
[    6211ms] [LOG] [plausible] render {diagramType: flowchart-v2, isRough: false, lengthBucket: 0-10, renderTimeMsBucket: 50-100} @ http://localhost:3002/src/lib/util/stats.ts:89
[    6683ms] [LOG] [plausible] version {mermaidVersion: 11.14.0} @ http://localhost:3002/src/lib/util/stats.ts:89
[    6753ms] [LOG] Loading '' @ http://localhost:3002/src/lib/util/state.ts:192
[    6855ms] [LOG] Registration successful, scope is: http://localhost:3002/ @ http://localhost:3002/src/routes/+layout.svelte:42
[    6902ms] [LOG] [plausible] render {diagramType: flowchart-v2, isRough: false, lengthBucket: 0-10, renderTimeMsBucket: 100-200} @ http://localhost:3002/src/lib/util/stats.ts:89
[    7499ms] [LOG] [plausible] version {mermaidVersion: 11.14.0} @ http://localhost:3002/src/lib/util/stats.ts:89
[    7560ms] [LOG] Loading '' @ http://localhost:3002/src/lib/util/state.ts:192
[    7622ms] [LOG] Registration successful, scope is: http://localhost:3002/ @ http://localhost:3002/src/routes/+layout.svelte:42
[    7679ms] [LOG] [plausible] render {diagramType: flowchart-v2, isRough: false, lengthBucket: 0-10, renderTimeMsBucket: 50-100} @ http://localhost:3002/src/lib/util/stats.ts:89
[    8335ms] [LOG] [plausible] version {mermaidVersion: 11.14.0} @ http://localhost:3002/src/lib/util/stats.ts:89
[    8408ms] [LOG] Loading '' @ http://localhost:3002/src/lib/util/state.ts:192
[    8460ms] [LOG] Registration successful, scope is: http://localhost:3002/ @ http://localhost:3002/src/routes/+layout.svelte:42
[    8502ms] [LOG] [plausible] render {diagramType: flowchart-v2, isRough: false, lengthBucket: 0-10, renderTimeMsBucket: 50-100} @ http://localhost:3002/src/lib/util/stats.ts:89
[    9179ms] [LOG] [plausible] version {mermaidVersion: 11.14.0} @ http://localhost:3002/src/lib/util/stats.ts:89
[    9247ms] [LOG] Loading '' @ http://localhost:3002/src/lib/util/state.ts:192
[    9297ms] [LOG] Registration successful, scope is: http://localhost:3002/ @ http://localhost:3002/src/routes/+layout.svelte:42
[    9338ms] [LOG] [plausible] render {diagramType: flowchart-v2, isRough: false, lengthBucket: 0-10, renderTimeMsBucket: 50-100} @ http://localhost:3002/src/lib/util/stats.ts:89
[   10005ms] [LOG] [plausible] version {mermaidVersion: 11.14.0} @ http://localhost:3002/src/lib/util/stats.ts:89
[   10071ms] [LOG] Loading '' @ http://localhost:3002/src/lib/util/state.ts:192
[   10127ms] [LOG] Registration successful, scope is: http://localhost:3002/ @ http://localhost:3002/src/routes/+layout.svelte:42
[   10175ms] [LOG] [plausible] render {diagramType: flowchart-v2, isRough: false, lengthBucket: 0-10, renderTimeMsBucket: 50-100} @ http://localhost:3002/src/lib/util/stats.ts:89
[   10802ms] [LOG] [plausible] version {mermaidVersion: 11.14.0} @ http://localhost:3002/src/lib/util/stats.ts:89
[   10870ms] [LOG] Loading '' @ http://localhost:3002/src/lib/util/state.ts:192
[   10921ms] [LOG] Registration successful, scope is: http://localhost:3002/ @ http://localhost:3002/src/routes/+layout.svelte:42
[   10968ms] [LOG] [plausible] render {diagramType: flowchart-v2, isRough: false, lengthBucket: 0-10, renderTimeMsBucket: 50-100} @ http://localhost:3002/src/lib/util/stats.ts:89
[   11597ms] [LOG] [plausible] version {mermaidVersion: 11.14.0} @ http://localhost:3002/src/lib/util/stats.ts:89
[   11663ms] [LOG] Loading '' @ http://localhost:3002/src/lib/util/state.ts:192
[   11712ms] [LOG] Registration successful, scope is: http://localhost:3002/ @ http://localhost:3002/src/routes/+layout.svelte:42
[   11754ms] [LOG] [plausible] render {diagramType: flowchart-v2, isRough: false, lengthBucket: 0-10, renderTimeMsBucket: 50-100} @ http://localhost:3002/src/lib/util/stats.ts:89
[   12348ms] [LOG] [plausible] version {mermaidVersion: 11.14.0} @ http://localhost:3002/src/lib/util/stats.ts:89
[   12416ms] [LOG] Loading '' @ http://localhost:3002/src/lib/util/state.ts:192
[   12470ms] [LOG] Registration successful, scope is: http://localhost:3002/ @ http://localhost:3002/src/routes/+layout.svelte:42
[   12523ms] [LOG] [plausible] render {diagramType: flowchart-v2, isRough: false, lengthBucket: 0-10, renderTimeMsBucket: 50-100} @ http://localhost:3002/src/lib/util/stats.ts:89
[   13692ms] [LOG] [plausible] version {mermaidVersion: 11.14.0} @ http://localhost:3002/src/lib/util/stats.ts:89
[   13760ms] [LOG] Loading '' @ http://localhost:3002/src/lib/util/state.ts:192
[   13813ms] [LOG] Registration successful, scope is: http://localhost:3002/ @ http://localhost:3002/src/routes/+layout.svelte:42
[   13860ms] [LOG] [plausible] render {diagramType: flowchart-v2, isRough: false, lengthBucket: 0-10, renderTimeMsBucket: 50-100} @ http://localhost:3002/src/lib/util/stats.ts:89
[   14495ms] [LOG] [plausible] version {mermaidVersion: 11.14.0} @ http://localhost:3002/src/lib/util/stats.ts:89
[   14564ms] [LOG] Loading '' @ http://localhost:3002/src/lib/util/state.ts:192
[   14615ms] [LOG] Registration successful, scope is: http://localhost:3002/ @ http://localhost:3002/src/routes/+layout.svelte:42
[   14657ms] [LOG] [plausible] render {diagramType: flowchart-v2, isRough: false, lengthBucket: 0-10, renderTimeMsBucket: 50-100} @ http://localhost:3002/src/lib/util/stats.ts:89
[   16283ms] [LOG] [plausible] version {mermaidVersion: 11.14.0} @ http://localhost:3002/src/lib/util/stats.ts:89
[   16345ms] [LOG] Loading '' @ http://localhost:3002/src/lib/util/state.ts:192
[   16404ms] [LOG] Registration successful, scope is: http://localhost:3002/ @ http://localhost:3002/src/routes/+layout.svelte:42
[   16450ms] [LOG] [plausible] render {diagramType: flowchart-v2, isRough: false, lengthBucket: 0-10, renderTimeMsBucket: 50-100} @ http://localhost:3002/src/lib/util/stats.ts:89
[   17140ms] [LOG] [plausible] version {mermaidVersion: 11.14.0} @ http://localhost:3002/src/lib/util/stats.ts:89
[   17213ms] [LOG] Loading '' @ http://localhost:3002/src/lib/util/state.ts:192
[   17269ms] [LOG] Registration successful, scope is: http://localhost:3002/ @ http://localhost:3002/src/routes/+layout.svelte:42
[   17324ms] [LOG] [plausible] render {diagramType: flowchart-v2, isRough: false, lengthBucket: 0-10, renderTimeMsBucket: 50-100} @ http://localhost:3002/src/lib/util/stats.ts:89
[   17958ms] [LOG] [plausible] version {mermaidVersion: 11.14.0} @ http://localhost:3002/src/lib/util/stats.ts:89
[   18029ms] [LOG] Loading '' @ http://localhost:3002/src/lib/util/state.ts:192
[   18078ms] [LOG] Registration successful, scope is: http://localhost:3002/ @ http://localhost:3002/src/routes/+layout.svelte:42
[   18117ms] [LOG] [plausible] render {diagramType: flowchart-v2, isRough: false, lengthBucket: 0-10, renderTimeMsBucket: 50-100} @ http://localhost:3002/src/lib/util/stats.ts:89
[   18784ms] [LOG] [plausible] version {mermaidVersion: 11.14.0} @ http://localhost:3002/src/lib/util/stats.ts:89
[   18855ms] [LOG] Loading '' @ http://localhost:3002/src/lib/util/state.ts:192
[   18908ms] [LOG] Registration successful, scope is: http://localhost:3002/ @ http://localhost:3002/src/routes/+layout.svelte:42
[   18956ms] [LOG] [plausible] render {diagramType: flowchart-v2, isRough: false, lengthBucket: 0-10, renderTimeMsBucket: 50-100} @ http://localhost:3002/src/lib/util/stats.ts:89
[   19561ms] [LOG] [plausible] version {mermaidVersion: 11.14.0} @ http://localhost:3002/src/lib/util/stats.ts:89
[   19630ms] [LOG] Loading '' @ http://localhost:3002/src/lib/util/state.ts:192
[   19679ms] [LOG] Registration successful, scope is: http://localhost:3002/ @ http://localhost:3002/src/routes/+layout.svelte:42
[   19730ms] [LOG] [plausible] render {diagramType: flowchart-v2, isRough: false, lengthBucket: 0-10, renderTimeMsBucket: 50-100} @ http://localhost:3002/src/lib/util/stats.ts:89
[   20364ms] [LOG] [plausible] version {mermaidVersion: 11.14.0} @ http://localhost:3002/src/lib/util/stats.ts:89
[   20432ms] [LOG] Loading '' @ http://localhost:3002/src/lib/util/state.ts:192
[   20488ms] [LOG] Registration successful, scope is: http://localhost:3002/ @ http://localhost:3002/src/routes/+layout.svelte:42
[   20529ms] [LOG] [plausible] render {diagramType: flowchart-v2, isRough: false, lengthBucket: 0-10, renderTimeMsBucket: 50-100} @ http://localhost:3002/src/lib/util/stats.ts:89
[   21145ms] [LOG] [plausible] version {mermaidVersion: 11.14.0} @ http://localhost:3002/src/lib/util/stats.ts:89
[   21219ms] [LOG] Loading '' @ http://localhost:3002/src/lib/util/state.ts:192
[   21274ms] [LOG] Registration successful, scope is: http://localhost:3002/ @ http://localhost:3002/src/routes/+layout.svelte:42
[   21319ms] [LOG] [plausible] render {diagramType: flowchart-v2, isRough: false, lengthBucket: 0-10, renderTimeMsBucket: 50-100} @ http://localhost:3002/src/lib/util/stats.ts:89
[   22052ms] [LOG] [plausible] version {mermaidVersion: 11.14.0} @ http://localhost:3002/src/lib/util/stats.ts:89
[   22128ms] [LOG] Loading '' @ http://localhost:3002/src/lib/util/state.ts:192
[   22189ms] [LOG] Registration successful, scope is: http://localhost:3002/ @ http://localhost:3002/src/routes/+layout.svelte:42
[   22252ms] [LOG] [plausible] render {diagramType: flowchart-v2, isRough: false, lengthBucket: 0-10, renderTimeMsBucket: 50-100} @ http://localhost:3002/src/lib/util/stats.ts:89
[   22955ms] [LOG] [plausible] version {mermaidVersion: 11.14.0} @ http://localhost:3002/src/lib/util/stats.ts:89
[   23030ms] [LOG] Loading '' @ http://localhost:3002/src/lib/util/state.ts:192
[   23085ms] [LOG] Registration successful, scope is: http://localhost:3002/ @ http://localhost:3002/src/routes/+layout.svelte:42
[   23139ms] [LOG] [plausible] render {diagramType: flowchart-v2, isRough: false, lengthBucket: 0-10, renderTimeMsBucket: 50-100} @ http://localhost:3002/src/lib/util/stats.ts:89
[   24541ms] [LOG] [plausible] version {mermaidVersion: 11.14.0} @ http://localhost:3002/src/lib/util/stats.ts:89
[   24608ms] [LOG] Loading '' @ http://localhost:3002/src/lib/util/state.ts:192
[   24667ms] [LOG] Registration successful, scope is: http://localhost:3002/ @ http://localhost:3002/src/routes/+layout.svelte:42
[   24727ms] [LOG] [plausible] render {diagramType: flowchart-v2, isRough: false, lengthBucket: 0-10, renderTimeMsBucket: 50-100} @ http://localhost:3002/src/lib/util/stats.ts:89
[   25388ms] [LOG] [plausible] version {mermaidVersion: 11.14.0} @ http://localhost:3002/src/lib/util/stats.ts:89
[   25447ms] [LOG] Loading '' @ http://localhost:3002/src/lib/util/state.ts:192
[   25503ms] [LOG] Registration successful, scope is: http://localhost:3002/ @ http://localhost:3002/src/routes/+layout.svelte:42
[   25563ms] [LOG] [plausible] render {diagramType: flowchart-v2, isRough: false, lengthBucket: 0-10, renderTimeMsBucket: 50-100} @ http://localhost:3002/src/lib/util/stats.ts:89
[   26254ms] [LOG] [plausible] version {mermaidVersion: 11.14.0} @ http://localhost:3002/src/lib/util/stats.ts:89
[   26320ms] [LOG] Loading '' @ http://localhost:3002/src/lib/util/state.ts:192
[   26376ms] [LOG] Registration successful, scope is: http://localhost:3002/ @ http://localhost:3002/src/routes/+layout.svelte:42
[   26418ms] [LOG] [plausible] render {diagramType: flowchart-v2, isRough: false, lengthBucket: 0-10, renderTimeMsBucket: 50-100} @ http://localhost:3002/src/lib/util/stats.ts:89
[   27036ms] [LOG] [plausible] version {mermaidVersion: 11.14.0} @ http://localhost:3002/src/lib/util/stats.ts:89
[   27105ms] [LOG] Loading '' @ http://localhost:3002/src/lib/util/state.ts:192
[   27162ms] [LOG] Registration successful, scope is: http://localhost:3002/ @ http://localhost:3002/src/routes/+layout.svelte:42
[   27216ms] [LOG] [plausible] render {diagramType: flowchart-v2, isRough: false, lengthBucket: 0-10, renderTimeMsBucket: 50-100} @ http://localhost:3002/src/lib/util/stats.ts:89
[   27873ms] [LOG] [plausible] version {mermaidVersion: 11.14.0} @ http://localhost:3002/src/lib/util/stats.ts:89
[   27944ms] [LOG] Loading '' @ http://localhost:3002/src/lib/util/state.ts:192
[   27999ms] [LOG] Registration successful, scope is: http://localhost:3002/ @ http://localhost:3002/src/routes/+layout.svelte:42
[   28045ms] [LOG] [plausible] render {diagramType: flowchart-v2, isRough: false, lengthBucket: 0-10, renderTimeMsBucket: 50-100} @ http://localhost:3002/src/lib/util/stats.ts:89
[   28653ms] [LOG] [plausible] version {mermaidVersion: 11.14.0} @ http://localhost:3002/src/lib/util/stats.ts:89
[   28721ms] [LOG] Loading '' @ http://localhost:3002/src/lib/util/state.ts:192
[   28776ms] [LOG] Registration successful, scope is: http://localhost:3002/ @ http://localhost:3002/src/routes/+layout.svelte:42
[   28828ms] [LOG] [plausible] render {diagramType: flowchart-v2, isRough: false, lengthBucket: 0-10, renderTimeMsBucket: 50-100} @ http://localhost:3002/src/lib/util/stats.ts:89
[   29462ms] [LOG] [plausible] version {mermaidVersion: 11.14.0} @ http://localhost:3002/src/lib/util/stats.ts:89
[   29532ms] [LOG] Loading '' @ http://localhost:3002/src/lib/util/state.ts:192
[   29588ms] [LOG] Registration successful, scope is: http://localhost:3002/ @ http://localhost:3002/src/routes/+layout.svelte:42
[   29635ms] [LOG] [plausible] render {diagramType: flowchart-v2, isRough: false, lengthBucket: 0-10, renderTimeMsBucket: 50-100} @ http://localhost:3002/src/lib/util/stats.ts:89
[   30254ms] [LOG] [plausible] version {mermaidVersion: 11.14.0} @ http://localhost:3002/src/lib/util/stats.ts:89
[   30319ms] [LOG] Loading '' @ http://localhost:3002/src/lib/util/state.ts:192
[   30376ms] [LOG] Registration successful, scope is: http://localhost:3002/ @ http://localhost:3002/src/routes/+layout.svelte:42
[   30439ms] [LOG] [plausible] render {diagramType: flowchart-v2, isRough: false, lengthBucket: 0-10, renderTimeMsBucket: 50-100} @ http://localhost:3002/src/lib/util/stats.ts:89
[   31093ms] [LOG] [plausible] version {mermaidVersion: 11.14.0} @ http://localhost:3002/src/lib/util/stats.ts:89
[   31161ms] [LOG] Loading '' @ http://localhost:3002/src/lib/util/state.ts:192
[   31215ms] [LOG] Registration successful, scope is: http://localhost:3002/ @ http://localhost:3002/src/routes/+layout.svelte:42
[   31255ms] [LOG] [plausible] render {diagramType: flowchart-v2, isRough: false, lengthBucket: 0-10, renderTimeMsBucket: 50-100} @ http://localhost:3002/src/lib/util/stats.ts:89
[   31906ms] [LOG] [plausible] version {mermaidVersion: 11.14.0} @ http://localhost:3002/src/lib/util/stats.ts:89
[   31974ms] [LOG] Loading '' @ http://localhost:3002/src/lib/util/state.ts:192
[   32031ms] [LOG] Registration successful, scope is: http://localhost:3002/ @ http://localhost:3002/src/routes/+layout.svelte:42
[   32093ms] [LOG] [plausible] render {diagramType: flowchart-v2, isRough: false, lengthBucket: 0-10, renderTimeMsBucket: 50-100} @ http://localhost:3002/src/lib/util/stats.ts:89
[   32741ms] [LOG] [plausible] version {mermaidVersion: 11.14.0} @ http://localhost:3002/src/lib/util/stats.ts:89
[   32815ms] [LOG] Loading '' @ http://localhost:3002/src/lib/util/state.ts:192
[   32869ms] [LOG] Registration successful, scope is: http://localhost:3002/ @ http://localhost:3002/src/routes/+layout.svelte:42
[   32914ms] [LOG] [plausible] render {diagramType: flowchart-v2, isRough: false, lengthBucket: 0-10, renderTimeMsBucket: 50-100} @ http://localhost:3002/src/lib/util/stats.ts:89
[   33820ms] [LOG] [plausible] version {mermaidVersion: 11.14.0} @ http://localhost:3002/src/lib/util/stats.ts:89
[   33889ms] [LOG] Loading '' @ http://localhost:3002/src/lib/util/state.ts:192
[   33942ms] [LOG] Registration successful, scope is: http://localhost:3002/ @ http://localhost:3002/src/routes/+layout.svelte:42
[   33997ms] [LOG] [plausible] render {diagramType: flowchart-v2, isRough: false, lengthBucket: 0-10, renderTimeMsBucket: 50-100} @ http://localhost:3002/src/lib/util/stats.ts:89
[   34727ms] [LOG] [plausible] version {mermaidVersion: 11.14.0} @ http://localhost:3002/src/lib/util/stats.ts:89
[   34796ms] [LOG] Loading '' @ http://localhost:3002/src/lib/util/state.ts:192
[   34847ms] [LOG] Registration successful, scope is: http://localhost:3002/ @ http://localhost:3002/src/routes/+layout.svelte:42
[   34886ms] [LOG] [plausible] render {diagramType: flowchart-v2, isRough: false, lengthBucket: 0-10, renderTimeMsBucket: 50-100} @ http://localhost:3002/src/lib/util/stats.ts:89
[   35580ms] [LOG] [plausible] version {mermaidVersion: 11.14.0} @ http://localhost:3002/src/lib/util/stats.ts:89
[   35652ms] [LOG] Loading '' @ http://localhost:3002/src/lib/util/state.ts:192
[   36375ms] [LOG] [plausible] version {mermaidVersion: 11.14.0} @ http://localhost:3002/src/lib/util/stats.ts:89
[   36442ms] [LOG] Loading '' @ http://localhost:3002/src/lib/util/state.ts:192
[   36494ms] [LOG] Registration successful, scope is: http://localhost:3002/ @ http://localhost:3002/src/routes/+layout.svelte:42
[   36544ms] [LOG] [plausible] render {diagramType: flowchart-v2, isRough: false, lengthBucket: 0-10, renderTimeMsBucket: 50-100} @ http://localhost:3002/src/lib/util/stats.ts:89
[   37163ms] [LOG] [plausible] version {mermaidVersion: 11.14.0} @ http://localhost:3002/src/lib/util/stats.ts:89
[   37231ms] [LOG] Loading '' @ http://localhost:3002/src/lib/util/state.ts:192
[   37289ms] [LOG] Registration successful, scope is: http://localhost:3002/ @ http://localhost:3002/src/routes/+layout.svelte:42
[   37336ms] [LOG] [plausible] render {diagramType: flowchart-v2, isRough: false, lengthBucket: 0-10, renderTimeMsBucket: 50-100} @ http://localhost:3002/src/lib/util/stats.ts:89
[   37959ms] [LOG] [plausible] version {mermaidVersion: 11.14.0} @ http://localhost:3002/src/lib/util/stats.ts:89
[   38026ms] [LOG] Loading '' @ http://localhost:3002/src/lib/util/state.ts:192
[   38080ms] [LOG] Registration successful, scope is: http://localhost:3002/ @ http://localhost:3002/src/routes/+layout.svelte:42
[   38125ms] [LOG] [plausible] render {diagramType: flowchart-v2, isRough: false, lengthBucket: 0-10, renderTimeMsBucket: 50-100} @ http://localhost:3002/src/lib/util/stats.ts:89
[   38798ms] [LOG] [plausible] version {mermaidVersion: 11.14.0} @ http://localhost:3002/src/lib/util/stats.ts:89
[   38869ms] [LOG] Loading '' @ http://localhost:3002/src/lib/util/state.ts:192
[   38920ms] [LOG] Registration successful, scope is: http://localhost:3002/ @ http://localhost:3002/src/routes/+layout.svelte:42
[   38963ms] [LOG] [plausible] render {diagramType: flowchart-v2, isRough: false, lengthBucket: 0-10, renderTimeMsBucket: 50-100} @ http://localhost:3002/src/lib/util/stats.ts:89
[   39586ms] [LOG] [plausible] version {mermaidVersion: 11.14.0} @ http://localhost:3002/src/lib/util/stats.ts:89
[   39660ms] [LOG] Loading '' @ http://localhost:3002/src/lib/util/state.ts:192
[   39707ms] [LOG] Registration successful, scope is: http://localhost:3002/ @ http://localhost:3002/src/routes/+layout.svelte:42
[   39757ms] [LOG] [plausible] render {diagramType: flowchart-v2, isRough: false, lengthBucket: 0-10, renderTimeMsBucket: 50-100} @ http://localhost:3002/src/lib/util/stats.ts:89
[   40393ms] [LOG] [plausible] version {mermaidVersion: 11.14.0} @ http://localhost:3002/src/lib/util/stats.ts:89
[   40472ms] [LOG] Loading '' @ http://localhost:3002/src/lib/util/state.ts:192
[   40529ms] [LOG] Registration successful, scope is: http://localhost:3002/ @ http://localhost:3002/src/routes/+layout.svelte:42
[   40577ms] [LOG] [plausible] render {diagramType: flowchart-v2, isRough: false, lengthBucket: 0-10, renderTimeMsBucket: 50-100} @ http://localhost:3002/src/lib/util/stats.ts:89
[   41221ms] [LOG] [plausible] version {mermaidVersion: 11.14.0} @ http://localhost:3002/src/lib/util/stats.ts:89
[   41296ms] [LOG] Loading '' @ http://localhost:3002/src/lib/util/state.ts:192
[   41349ms] [LOG] Registration successful, scope is: http://localhost:3002/ @ http://localhost:3002/src/routes/+layout.svelte:42
[   41392ms] [LOG] [plausible] render {diagramType: flowchart-v2, isRough: false, lengthBucket: 0-10, renderTimeMsBucket: 50-100} @ http://localhost:3002/src/lib/util/stats.ts:89
[   43084ms] [LOG] [plausible] version {mermaidVersion: 11.14.0} @ http://localhost:3002/src/lib/util/stats.ts:89
[   43155ms] [LOG] Loading '' @ http://localhost:3002/src/lib/util/state.ts:192
[   43217ms] [LOG] Registration successful, scope is: http://localhost:3002/ @ http://localhost:3002/src/routes/+layout.svelte:42
[   43275ms] [LOG] [plausible] render {diagramType: flowchart-v2, isRough: false, lengthBucket: 0-10, renderTimeMsBucket: 50-100} @ http://localhost:3002/src/lib/util/stats.ts:89
[   44178ms] [LOG] [plausible] version {mermaidVersion: 11.14.0} @ http://localhost:3002/src/lib/util/stats.ts:89
[   44243ms] [LOG] Loading '' @ http://localhost:3002/src/lib/util/state.ts:192
[   44305ms] [LOG] Registration successful, scope is: http://localhost:3002/ @ http://localhost:3002/src/routes/+layout.svelte:42
[   44360ms] [LOG] [plausible] render {diagramType: flowchart-v2, isRough: false, lengthBucket: 0-10, renderTimeMsBucket: 50-100} @ http://localhost:3002/src/lib/util/stats.ts:89
[   45014ms] [LOG] [plausible] version {mermaidVersion: 11.14.0} @ http://localhost:3002/src/lib/util/stats.ts:89
[   45081ms] [LOG] Loading '' @ http://localhost:3002/src/lib/util/state.ts:192
[   45140ms] [LOG] Registration successful, scope is: http://localhost:3002/ @ http://localhost:3002/src/routes/+layout.svelte:42
[   45213ms] [LOG] [plausible] render {diagramType: flowchart-v2, isRough: false, lengthBucket: 0-10, renderTimeMsBucket: 100-200} @ http://localhost:3002/src/lib/util/stats.ts:89
[   45856ms] [LOG] [plausible] version {mermaidVersion: 11.14.0} @ http://localhost:3002/src/lib/util/stats.ts:89
[   45923ms] [LOG] Loading '' @ http://localhost:3002/src/lib/util/state.ts:192
[   45983ms] [LOG] Registration successful, scope is: http://localhost:3002/ @ http://localhost:3002/src/routes/+layout.svelte:42
[   46030ms] [LOG] [plausible] render {diagramType: flowchart-v2, isRough: false, lengthBucket: 0-10, renderTimeMsBucket: 50-100} @ http://localhost:3002/src/lib/util/stats.ts:89
[   46646ms] [LOG] [plausible] version {mermaidVersion: 11.14.0} @ http://localhost:3002/src/lib/util/stats.ts:89
[   46713ms] [LOG] Loading '' @ http://localhost:3002/src/lib/util/state.ts:192
[   46770ms] [LOG] Registration successful, scope is: http://localhost:3002/ @ http://localhost:3002/src/routes/+layout.svelte:42
[   46821ms] [LOG] [plausible] render {diagramType: flowchart-v2, isRough: false, lengthBucket: 0-10, renderTimeMsBucket: 50-100} @ http://localhost:3002/src/lib/util/stats.ts:89
[   47409ms] [LOG] [plausible] version {mermaidVersion: 11.14.0} @ http://localhost:3002/src/lib/util/stats.ts:89
[   47479ms] [LOG] Loading '' @ http://localhost:3002/src/lib/util/state.ts:192
[   47540ms] [LOG] Registration successful, scope is: http://localhost:3002/ @ http://localhost:3002/src/routes/+layout.svelte:42
[   47595ms] [LOG] [plausible] render {diagramType: flowchart-v2, isRough: false, lengthBucket: 0-10, renderTimeMsBucket: 50-100} @ http://localhost:3002/src/lib/util/stats.ts:89
[   48234ms] [LOG] [plausible] version {mermaidVersion: 11.14.0} @ http://localhost:3002/src/lib/util/stats.ts:89
[   48311ms] [LOG] Loading '' @ http://localhost:3002/src/lib/util/state.ts:192
[   48364ms] [LOG] Registration successful, scope is: http://localhost:3002/ @ http://localhost:3002/src/routes/+layout.svelte:42
[   48415ms] [LOG] [plausible] render {diagramType: flowchart-v2, isRough: false, lengthBucket: 0-10, renderTimeMsBucket: 50-100} @ http://localhost:3002/src/lib/util/stats.ts:89
[   49032ms] [LOG] [plausible] version {mermaidVersion: 11.14.0} @ http://localhost:3002/src/lib/util/stats.ts:89
[   49098ms] [LOG] Loading '' @ http://localhost:3002/src/lib/util/state.ts:192
[   49149ms] [LOG] Registration successful, scope is: http://localhost:3002/ @ http://localhost:3002/src/routes/+layout.svelte:42
[   49194ms] [LOG] [plausible] render {diagramType: flowchart-v2, isRough: false, lengthBucket: 0-10, renderTimeMsBucket: 50-100} @ http://localhost:3002/src/lib/util/stats.ts:89
[   49839ms] [LOG] [plausible] version {mermaidVersion: 11.14.0} @ http://localhost:3002/src/lib/util/stats.ts:89
[   49908ms] [LOG] Loading '' @ http://localhost:3002/src/lib/util/state.ts:192
[   49965ms] [LOG] Registration successful, scope is: http://localhost:3002/ @ http://localhost:3002/src/routes/+layout.svelte:42
[   50013ms] [LOG] [plausible] render {diagramType: flowchart-v2, isRough: false, lengthBucket: 0-10, renderTimeMsBucket: 50-100} @ http://localhost:3002/src/lib/util/stats.ts:89
[   50615ms] [LOG] [plausible] version {mermaidVersion: 11.14.0} @ http://localhost:3002/src/lib/util/stats.ts:89
[   50685ms] [LOG] Loading '' @ http://localhost:3002/src/lib/util/state.ts:192
[   50740ms] [LOG] Registration successful, scope is: http://localhost:3002/ @ http://localhost:3002/src/routes/+layout.svelte:42
[   50781ms] [LOG] [plausible] render {diagramType: flowchart-v2, isRough: false, lengthBucket: 0-10, renderTimeMsBucket: 50-100} @ http://localhost:3002/src/lib/util/stats.ts:89
[   51387ms] [LOG] [plausible] version {mermaidVersion: 11.14.0} @ http://localhost:3002/src/lib/util/stats.ts:89
[   51459ms] [LOG] Loading '' @ http://localhost:3002/src/lib/util/state.ts:192
[   51509ms] [LOG] Registration successful, scope is: http://localhost:3002/ @ http://localhost:3002/src/routes/+layout.svelte:42
[   51551ms] [LOG] [plausible] render {diagramType: flowchart-v2, isRough: false, lengthBucket: 0-10, renderTimeMsBucket: 50-100} @ http://localhost:3002/src/lib/util/stats.ts:89
[   52247ms] [LOG] [plausible] version {mermaidVersion: 11.14.0} @ http://localhost:3002/src/lib/util/stats.ts:89
[   52316ms] [LOG] Loading '' @ http://localhost:3002/src/lib/util/state.ts:192
[   52368ms] [LOG] Registration successful, scope is: http://localhost:3002/ @ http://localhost:3002/src/routes/+layout.svelte:42
[   52412ms] [LOG] [plausible] render {diagramType: flowchart-v2, isRough: false, lengthBucket: 0-10, renderTimeMsBucket: 50-100} @ http://localhost:3002/src/lib/util/stats.ts:89
[   53000ms] [LOG] [plausible] version {mermaidVersion: 11.14.0} @ http://localhost:3002/src/lib/util/stats.ts:89
[   53072ms] [LOG] Loading '' @ http://localhost:3002/src/lib/util/state.ts:192
[   53125ms] [LOG] Registration successful, scope is: http://localhost:3002/ @ http://localhost:3002/src/routes/+layout.svelte:42
[   53188ms] [LOG] [plausible] render {diagramType: flowchart-v2, isRough: false, lengthBucket: 0-10, renderTimeMsBucket: 50-100} @ http://localhost:3002/src/lib/util/stats.ts:89
[   53874ms] [LOG] [plausible] version {mermaidVersion: 11.14.0} @ http://localhost:3002/src/lib/util/stats.ts:89
[   53945ms] [LOG] Loading '' @ http://localhost:3002/src/lib/util/state.ts:192
[   53993ms] [LOG] Registration successful, scope is: http://localhost:3002/ @ http://localhost:3002/src/routes/+layout.svelte:42
[   54038ms] [LOG] [plausible] render {diagramType: flowchart-v2, isRough: false, lengthBucket: 0-10, renderTimeMsBucket: 50-100} @ http://localhost:3002/src/lib/util/stats.ts:89
[   55682ms] [LOG] [plausible] version {mermaidVersion: 11.14.0} @ http://localhost:3002/src/lib/util/stats.ts:89
[   55750ms] [LOG] Loading '' @ http://localhost:3002/src/lib/util/state.ts:192
[   55815ms] [LOG] Registration successful, scope is: http://localhost:3002/ @ http://localhost:3002/src/routes/+layout.svelte:42
[   55862ms] [LOG] [plausible] render {diagramType: flowchart-v2, isRough: false, lengthBucket: 0-10, renderTimeMsBucket: 50-100} @ http://localhost:3002/src/lib/util/stats.ts:89
[   56939ms] [LOG] [plausible] version {mermaidVersion: 11.14.0} @ http://localhost:3002/src/lib/util/stats.ts:89
[   57009ms] [LOG] Loading '' @ http://localhost:3002/src/lib/util/state.ts:192
[   57068ms] [LOG] Registration successful, scope is: http://localhost:3002/ @ http://localhost:3002/src/routes/+layout.svelte:42
[   57140ms] [LOG] [plausible] render {diagramType: flowchart-v2, isRough: false, lengthBucket: 0-10, renderTimeMsBucket: 100-200} @ http://localhost:3002/src/lib/util/stats.ts:89
[   57823ms] [LOG] [plausible] version {mermaidVersion: 11.14.0} @ http://localhost:3002/src/lib/util/stats.ts:89
[   57888ms] [LOG] Loading '' @ http://localhost:3002/src/lib/util/state.ts:192
[   57941ms] [LOG] Registration successful, scope is: http://localhost:3002/ @ http://localhost:3002/src/routes/+layout.svelte:42
[   57992ms] [LOG] [plausible] render {diagramType: flowchart-v2, isRough: false, lengthBucket: 0-10, renderTimeMsBucket: 50-100} @ http://localhost:3002/src/lib/util/stats.ts:89
[   58592ms] [LOG] [plausible] version {mermaidVersion: 11.14.0} @ http://localhost:3002/src/lib/util/stats.ts:89
[   58657ms] [LOG] Loading '' @ http://localhost:3002/src/lib/util/state.ts:192
[   58707ms] [LOG] Registration successful, scope is: http://localhost:3002/ @ http://localhost:3002/src/routes/+layout.svelte:42
[   58761ms] [LOG] [plausible] render {diagramType: flowchart-v2, isRough: false, lengthBucket: 0-10, renderTimeMsBucket: 50-100} @ http://localhost:3002/src/lib/util/stats.ts:89
[   59402ms] [LOG] [plausible] version {mermaidVersion: 11.14.0} @ http://localhost:3002/src/lib/util/stats.ts:89
[   59463ms] [LOG] Loading '' @ http://localhost:3002/src/lib/util/state.ts:192
[   59517ms] [LOG] Registration successful, scope is: http://localhost:3002/ @ http://localhost:3002/src/routes/+layout.svelte:42
[   59565ms] [LOG] [plausible] render {diagramType: flowchart-v2, isRough: false, lengthBucket: 0-10, renderTimeMsBucket: 50-100} @ http://localhost:3002/src/lib/util/stats.ts:89
[   60162ms] [LOG] [plausible] version {mermaidVersion: 11.14.0} @ http://localhost:3002/src/lib/util/stats.ts:89
[   60232ms] [LOG] Loading '' @ http://localhost:3002/src/lib/util/state.ts:192
[   60287ms] [LOG] Registration successful, scope is: http://localhost:3002/ @ http://localhost:3002/src/routes/+layout.svelte:42
[   60353ms] [LOG] [plausible] render {diagramType: flowchart-v2, isRough: false, lengthBucket: 0-10, renderTimeMsBucket: 50-100} @ http://localhost:3002/src/lib/util/stats.ts:89
[   61006ms] [LOG] [plausible] version {mermaidVersion: 11.14.0} @ http://localhost:3002/src/lib/util/stats.ts:89
[   61076ms] [LOG] Loading '' @ http://localhost:3002/src/lib/util/state.ts:192
[   61131ms] [LOG] Registration successful, scope is: http://localhost:3002/ @ http://localhost:3002/src/routes/+layout.svelte:42
[   61185ms] [LOG] [plausible] render {diagramType: flowchart-v2, isRough: false, lengthBucket: 0-10, renderTimeMsBucket: 50-100} @ http://localhost:3002/src/lib/util/stats.ts:89
[   61006ms] [LOG] [plausible] version Object @ http://localhost:3002/src/lib/util/stats.ts:89
[   61076ms] [LOG] Loading '' @ http://localhost:3002/src/lib/util/state.ts:192
[   61131ms] [LOG] Registration successful, scope is: http://localhost:3002/ @ http://localhost:3002/src/routes/+layout.svelte:42
[   61185ms] [LOG] [plausible] render Object @ http://localhost:3002/src/lib/util/stats.ts:89
[   61814ms] [LOG] [plausible] version {mermaidVersion: 11.14.0} @ http://localhost:3002/src/lib/util/stats.ts:89
[   61887ms] [LOG] Loading '' @ http://localhost:3002/src/lib/util/state.ts:192
[   61940ms] [LOG] Registration successful, scope is: http://localhost:3002/ @ http://localhost:3002/src/routes/+layout.svelte:42
[   61999ms] [LOG] [plausible] render {diagramType: flowchart-v2, isRough: false, lengthBucket: 0-10, renderTimeMsBucket: 50-100} @ http://localhost:3002/src/lib/util/stats.ts:89
[   62638ms] [LOG] [plausible] version {mermaidVersion: 11.14.0} @ http://localhost:3002/src/lib/util/stats.ts:89
[   62700ms] [LOG] Loading '' @ http://localhost:3002/src/lib/util/state.ts:192
[   62757ms] [LOG] Registration successful, scope is: http://localhost:3002/ @ http://localhost:3002/src/routes/+layout.svelte:42
[   62802ms] [LOG] [plausible] render {diagramType: flowchart-v2, isRough: false, lengthBucket: 0-10, renderTimeMsBucket: 50-100} @ http://localhost:3002/src/lib/util/stats.ts:89
[   63399ms] [LOG] [plausible] version {mermaidVersion: 11.14.0} @ http://localhost:3002/src/lib/util/stats.ts:89
[   63469ms] [LOG] Loading '' @ http://localhost:3002/src/lib/util/state.ts:192
[   63521ms] [LOG] Registration successful, scope is: http://localhost:3002/ @ http://localhost:3002/src/routes/+layout.svelte:42
[   63569ms] [LOG] [plausible] render {diagramType: flowchart-v2, isRough: false, lengthBucket: 0-10, renderTimeMsBucket: 50-100} @ http://localhost:3002/src/lib/util/stats.ts:89
[   63640ms] [LOG] [plausible] render {diagramType: flowchart-v2, isRough: false, lengthBucket: 0-10, renderTimeMsBucket: 50-100} @ http://localhost:3002/src/lib/util/stats.ts:89
[   64275ms] [LOG] [plausible] version {mermaidVersion: 11.14.0} @ http://localhost:3002/src/lib/util/stats.ts:89
[   64341ms] [LOG] Loading '' @ http://localhost:3002/src/lib/util/state.ts:192
[   64389ms] [LOG] Registration successful, scope is: http://localhost:3002/ @ http://localhost:3002/src/routes/+layout.svelte:42
[   64433ms] [LOG] [plausible] render {diagramType: flowchart-v2, isRough: false, lengthBucket: 0-10, renderTimeMsBucket: 50-100} @ http://localhost:3002/src/lib/util/stats.ts:89
[   65075ms] [LOG] [plausible] version {mermaidVersion: 11.14.0} @ http://localhost:3002/src/lib/util/stats.ts:89
[   65142ms] [LOG] Loading '' @ http://localhost:3002/src/lib/util/state.ts:192
[   65197ms] [LOG] Registration successful, scope is: http://localhost:3002/ @ http://localhost:3002/src/routes/+layout.svelte:42
[   65249ms] [LOG] [plausible] render {diagramType: flowchart-v2, isRough: false, lengthBucket: 0-10, renderTimeMsBucket: 50-100} @ http://localhost:3002/src/lib/util/stats.ts:89
[   65858ms] [LOG] [plausible] version {mermaidVersion: 11.14.0} @ http://localhost:3002/src/lib/util/stats.ts:89
[   65918ms] [LOG] Loading '' @ http://localhost:3002/src/lib/util/state.ts:192
[   65968ms] [LOG] Registration successful, scope is: http://localhost:3002/ @ http://localhost:3002/src/routes/+layout.svelte:42
[   66578ms] [LOG] [plausible] version {mermaidVersion: 11.14.0} @ http://localhost:3002/src/lib/util/stats.ts:89
[   66645ms] [LOG] Loading '' @ http://localhost:3002/src/lib/util/state.ts:192
[   66703ms] [LOG] Registration successful, scope is: http://localhost:3002/ @ http://localhost:3002/src/routes/+layout.svelte:42
[   66758ms] [LOG] [plausible] render {diagramType: flowchart-v2, isRough: false, lengthBucket: 0-10, renderTimeMsBucket: 50-100} @ http://localhost:3002/src/lib/util/stats.ts:89
[   67392ms] [LOG] [plausible] version {mermaidVersion: 11.14.0} @ http://localhost:3002/src/lib/util/stats.ts:89
[   67452ms] [LOG] Loading '' @ http://localhost:3002/src/lib/util/state.ts:192
[   67501ms] [LOG] Registration successful, scope is: http://localhost:3002/ @ http://localhost:3002/src/routes/+layout.svelte:42
[   67553ms] [LOG] [plausible] render {diagramType: flowchart-v2, isRough: false, lengthBucket: 0-10, renderTimeMsBucket: 50-100} @ http://localhost:3002/src/lib/util/stats.ts:89
[   68174ms] [LOG] [plausible] version {mermaidVersion: 11.14.0} @ http://localhost:3002/src/lib/util/stats.ts:89
[   68240ms] [LOG] Loading '' @ http://localhost:3002/src/lib/util/state.ts:192
[   68291ms] [LOG] Registration successful, scope is: http://localhost:3002/ @ http://localhost:3002/src/routes/+layout.svelte:42
[   68331ms] [LOG] [plausible] render {diagramType: flowchart-v2, isRough: false, lengthBucket: 0-10, renderTimeMsBucket: 50-100} @ http://localhost:3002/src/lib/util/stats.ts:89
[   68395ms] [LOG] [plausible] render {diagramType: flowchart-v2, isRough: false, lengthBucket: 0-10, renderTimeMsBucket: 50-100} @ http://localhost:3002/src/lib/util/stats.ts:89
[   69019ms] [LOG] [plausible] version {mermaidVersion: 11.14.0} @ http://localhost:3002/src/lib/util/stats.ts:89
[   69081ms] [LOG] Loading '' @ http://localhost:3002/src/lib/util/state.ts:192
[   69134ms] [LOG] Registration successful, scope is: http://localhost:3002/ @ http://localhost:3002/src/routes/+layout.svelte:42
[   69173ms] [LOG] [plausible] render {diagramType: flowchart-v2, isRough: false, lengthBucket: 0-10, renderTimeMsBucket: 50-100} @ http://localhost:3002/src/lib/util/stats.ts:89
[   69837ms] [LOG] [plausible] version {mermaidVersion: 11.14.0} @ http://localhost:3002/src/lib/util/stats.ts:89
[   69907ms] [LOG] Loading '' @ http://localhost:3002/src/lib/util/state.ts:192
[   69959ms] [LOG] Registration successful, scope is: http://localhost:3002/ @ http://localhost:3002/src/routes/+layout.svelte:42
[   70002ms] [LOG] [plausible] render {diagramType: flowchart-v2, isRough: false, lengthBucket: 0-10, renderTimeMsBucket: 50-100} @ http://localhost:3002/src/lib/util/stats.ts:89
[   70603ms] [LOG] [plausible] version {mermaidVersion: 11.14.0} @ http://localhost:3002/src/lib/util/stats.ts:89
[   70672ms] [LOG] Loading '' @ http://localhost:3002/src/lib/util/state.ts:192
[   70723ms] [LOG] Registration successful, scope is: http://localhost:3002/ @ http://localhost:3002/src/routes/+layout.svelte:42
[   70774ms] [LOG] [plausible] render {diagramType: flowchart-v2, isRough: false, lengthBucket: 0-10, renderTimeMsBucket: 50-100} @ http://localhost:3002/src/lib/util/stats.ts:89
[   71354ms] [LOG] [plausible] version {mermaidVersion: 11.14.0} @ http://localhost:3002/src/lib/util/stats.ts:89
[   71421ms] [LOG] Loading '' @ http://localhost:3002/src/lib/util/state.ts:192
[   71491ms] [LOG] Registration successful, scope is: http://localhost:3002/ @ http://localhost:3002/src/routes/+layout.svelte:42
[   71536ms] [LOG] [plausible] render {diagramType: flowchart-v2, isRough: false, lengthBucket: 0-10, renderTimeMsBucket: 50-100} @ http://localhost:3002/src/lib/util/stats.ts:89
[   72152ms] [LOG] [plausible] version {mermaidVersion: 11.14.0} @ http://localhost:3002/src/lib/util/stats.ts:89
[   72221ms] [LOG] Loading '' @ http://localhost:3002/src/lib/util/state.ts:192
[   72277ms] [LOG] Registration successful, scope is: http://localhost:3002/ @ http://localhost:3002/src/routes/+layout.svelte:42
[   72328ms] [LOG] [plausible] render {diagramType: flowchart-v2, isRough: false, lengthBucket: 0-10, renderTimeMsBucket: 50-100} @ http://localhost:3002/src/lib/util/stats.ts:89
[   72935ms] [LOG] [plausible] version {mermaidVersion: 11.14.0} @ http://localhost:3002/src/lib/util/stats.ts:89
[   73007ms] [LOG] Loading '' @ http://localhost:3002/src/lib/util/state.ts:192
[   73060ms] [LOG] Registration successful, scope is: http://localhost:3002/ @ http://localhost:3002/src/routes/+layout.svelte:42
[   73105ms] [LOG] [plausible] render {diagramType: flowchart-v2, isRough: false, lengthBucket: 0-10, renderTimeMsBucket: 50-100} @ http://localhost:3002/src/lib/util/stats.ts:89
[   73786ms] [LOG] [plausible] version {mermaidVersion: 11.14.0} @ http://localhost:3002/src/lib/util/stats.ts:89
[   73856ms] [LOG] Loading '' @ http://localhost:3002/src/lib/util/state.ts:192
[   73929ms] [LOG] Registration successful, scope is: http://localhost:3002/ @ http://localhost:3002/src/routes/+layout.svelte:42
[   73989ms] [LOG] [plausible] render {diagramType: flowchart-v2, isRough: false, lengthBucket: 0-10, renderTimeMsBucket: 100-200} @ http://localhost:3002/src/lib/util/stats.ts:89
[   74639ms] [LOG] [plausible] version {mermaidVersion: 11.14.0} @ http://localhost:3002/src/lib/util/stats.ts:89
[   74703ms] [LOG] Loading '' @ http://localhost:3002/src/lib/util/state.ts:192
[   74752ms] [LOG] Registration successful, scope is: http://localhost:3002/ @ http://localhost:3002/src/routes/+layout.svelte:42
[   75347ms] [LOG] [plausible] version {mermaidVersion: 11.14.0} @ http://localhost:3002/src/lib/util/stats.ts:89
[   75412ms] [LOG] Loading '' @ http://localhost:3002/src/lib/util/state.ts:192
[   75470ms] [LOG] Registration successful, scope is: http://localhost:3002/ @ http://localhost:3002/src/routes/+layout.svelte:42
[   75520ms] [LOG] [plausible] render {diagramType: flowchart-v2, isRough: false, lengthBucket: 0-10, renderTimeMsBucket: 50-100} @ http://localhost:3002/src/lib/util/stats.ts:89
[   76116ms] [LOG] [plausible] version {mermaidVersion: 11.14.0} @ http://localhost:3002/src/lib/util/stats.ts:89
[   76184ms] [LOG] Loading '' @ http://localhost:3002/src/lib/util/state.ts:192
[   76246ms] [LOG] Registration successful, scope is: http://localhost:3002/ @ http://localhost:3002/src/routes/+layout.svelte:42
[   76298ms] [LOG] [plausible] render {diagramType: flowchart-v2, isRough: false, lengthBucket: 0-10, renderTimeMsBucket: 50-100} @ http://localhost:3002/src/lib/util/stats.ts:89
[   76983ms] [LOG] [plausible] version {mermaidVersion: 11.14.0} @ http://localhost:3002/src/lib/util/stats.ts:89
[   77047ms] [LOG] Loading '' @ http://localhost:3002/src/lib/util/state.ts:192
[   77100ms] [LOG] Registration successful, scope is: http://localhost:3002/ @ http://localhost:3002/src/routes/+layout.svelte:42
[   77144ms] [LOG] [plausible] render {diagramType: flowchart-v2, isRough: false, lengthBucket: 0-10, renderTimeMsBucket: 50-100} @ http://localhost:3002/src/lib/util/stats.ts:89
[   77765ms] [LOG] [plausible] version {mermaidVersion: 11.14.0} @ http://localhost:3002/src/lib/util/stats.ts:89
[   77829ms] [LOG] Loading '' @ http://localhost:3002/src/lib/util/state.ts:192
[   77883ms] [LOG] Registration successful, scope is: http://localhost:3002/ @ http://localhost:3002/src/routes/+layout.svelte:42
[   77942ms] [LOG] [plausible] render {diagramType: flowchart-v2, isRough: false, lengthBucket: 0-10, renderTimeMsBucket: 50-100} @ http://localhost:3002/src/lib/util/stats.ts:89
[   78573ms] [LOG] [plausible] version {mermaidVersion: 11.14.0} @ http://localhost:3002/src/lib/util/stats.ts:89
[   78652ms] [LOG] Loading '' @ http://localhost:3002/src/lib/util/state.ts:192
[   78711ms] [LOG] Registration successful, scope is: http://localhost:3002/ @ http://localhost:3002/src/routes/+layout.svelte:42
[   78761ms] [LOG] [plausible] render {diagramType: flowchart-v2, isRough: false, lengthBucket: 0-10, renderTimeMsBucket: 50-100} @ http://localhost:3002/src/lib/util/stats.ts:89
[   79363ms] [LOG] [plausible] version {mermaidVersion: 11.14.0} @ http://localhost:3002/src/lib/util/stats.ts:89
[   79422ms] [LOG] Loading '' @ http://localhost:3002/src/lib/util/state.ts:192
[   79476ms] [LOG] Registration successful, scope is: http://localhost:3002/ @ http://localhost:3002/src/routes/+layout.svelte:42
[   79518ms] [LOG] [plausible] render {diagramType: flowchart-v2, isRough: false, lengthBucket: 0-10, renderTimeMsBucket: 50-100} @ http://localhost:3002/src/lib/util/stats.ts:89
[   80165ms] [LOG] [plausible] version {mermaidVersion: 11.14.0} @ http://localhost:3002/src/lib/util/stats.ts:89
[   80245ms] [LOG] Loading '' @ http://localhost:3002/src/lib/util/state.ts:192
[   80302ms] [LOG] Registration successful, scope is: http://localhost:3002/ @ http://localhost:3002/src/routes/+layout.svelte:42
[   80348ms] [LOG] [plausible] render {diagramType: flowchart-v2, isRough: false, lengthBucket: 0-10, renderTimeMsBucket: 50-100} @ http://localhost:3002/src/lib/util/stats.ts:89
[   80975ms] [LOG] [plausible] version {mermaidVersion: 11.14.0} @ http://localhost:3002/src/lib/util/stats.ts:89
[   81039ms] [LOG] Loading '' @ http://localhost:3002/src/lib/util/state.ts:192
[   81092ms] [LOG] Registration successful, scope is: http://localhost:3002/ @ http://localhost:3002/src/routes/+layout.svelte:42
[   81154ms] [LOG] [plausible] render {diagramType: flowchart-v2, isRough: false, lengthBucket: 0-10, renderTimeMsBucket: 50-100} @ http://localhost:3002/src/lib/util/stats.ts:89
[   81831ms] [LOG] [plausible] version {mermaidVersion: 11.14.0} @ http://localhost:3002/src/lib/util/stats.ts:89
[   81903ms] [LOG] Loading '' @ http://localhost:3002/src/lib/util/state.ts:192
[   81957ms] [LOG] Registration successful, scope is: http://localhost:3002/ @ http://localhost:3002/src/routes/+layout.svelte:42
[   82000ms] [LOG] [plausible] render {diagramType: flowchart-v2, isRough: false, lengthBucket: 0-10, renderTimeMsBucket: 50-100} @ http://localhost:3002/src/lib/util/stats.ts:89
[   82651ms] [LOG] [plausible] version {mermaidVersion: 11.14.0} @ http://localhost:3002/src/lib/util/stats.ts:89
[   82716ms] [LOG] Loading '' @ http://localhost:3002/src/lib/util/state.ts:192
[   82776ms] [LOG] Registration successful, scope is: http://localhost:3002/ @ http://localhost:3002/src/routes/+layout.svelte:42
[   82820ms] [LOG] [plausible] render {diagramType: flowchart-v2, isRough: false, lengthBucket: 0-10, renderTimeMsBucket: 50-100} @ http://localhost:3002/src/lib/util/stats.ts:89
[   83402ms] [LOG] [plausible] version {mermaidVersion: 11.14.0} @ http://localhost:3002/src/lib/util/stats.ts:89
[   83457ms] [LOG] Loading '' @ http://localhost:3002/src/lib/util/state.ts:192
[   83508ms] [LOG] Registration successful, scope is: http://localhost:3002/ @ http://localhost:3002/src/routes/+layout.svelte:42
[   83549ms] [LOG] [plausible] render {diagramType: flowchart-v2, isRough: false, lengthBucket: 0-10, renderTimeMsBucket: 50-100} @ http://localhost:3002/src/lib/util/stats.ts:89
[   84167ms] [LOG] [plausible] version {mermaidVersion: 11.14.0} @ http://localhost:3002/src/lib/util/stats.ts:89
[   84237ms] [LOG] Loading '' @ http://localhost:3002/src/lib/util/state.ts:192
[   84303ms] [LOG] Registration successful, scope is: http://localhost:3002/ @ http://localhost:3002/src/routes/+layout.svelte:42
[   84351ms] [LOG] [plausible] render {diagramType: flowchart-v2, isRough: false, lengthBucket: 0-10, renderTimeMsBucket: 50-100} @ http://localhost:3002/src/lib/util/stats.ts:89
[   84992ms] [LOG] [plausible] version {mermaidVersion: 11.14.0} @ http://localhost:3002/src/lib/util/stats.ts:89
[   85057ms] [LOG] Loading '' @ http://localhost:3002/src/lib/util/state.ts:192
[   85111ms] [LOG] Registration successful, scope is: http://localhost:3002/ @ http://localhost:3002/src/routes/+layout.svelte:42
[   85156ms] [LOG] [plausible] render {diagramType: flowchart-v2, isRough: false, lengthBucket: 0-10, renderTimeMsBucket: 50-100} @ http://localhost:3002/src/lib/util/stats.ts:89
[   85768ms] [LOG] [plausible] version {mermaidVersion: 11.14.0} @ http://localhost:3002/src/lib/util/stats.ts:89
[   85835ms] [LOG] Loading '' @ http://localhost:3002/src/lib/util/state.ts:192
[   85886ms] [LOG] Registration successful, scope is: http://localhost:3002/ @ http://localhost:3002/src/routes/+layout.svelte:42
[   85938ms] [LOG] [plausible] render {diagramType: flowchart-v2, isRough: false, lengthBucket: 0-10, renderTimeMsBucket: 50-100} @ http://localhost:3002/src/lib/util/stats.ts:89
[   86587ms] [LOG] [plausible] version {mermaidVersion: 11.14.0} @ http://localhost:3002/src/lib/util/stats.ts:89
[   86650ms] [LOG] Loading '' @ http://localhost:3002/src/lib/util/state.ts:192
[   86705ms] [LOG] Registration successful, scope is: http://localhost:3002/ @ http://localhost:3002/src/routes/+layout.svelte:42
[   86750ms] [LOG] [plausible] render {diagramType: flowchart-v2, isRough: false, lengthBucket: 0-10, renderTimeMsBucket: 50-100} @ http://localhost:3002/src/lib/util/stats.ts:89
[   87349ms] [LOG] [plausible] version {mermaidVersion: 11.14.0} @ http://localhost:3002/src/lib/util/stats.ts:89
[   87421ms] [LOG] Loading '' @ http://localhost:3002/src/lib/util/state.ts:192
[   87465ms] [LOG] Registration successful, scope is: http://localhost:3002/ @ http://localhost:3002/src/routes/+layout.svelte:42
[   87519ms] [LOG] [plausible] render {diagramType: flowchart-v2, isRough: false, lengthBucket: 0-10, renderTimeMsBucket: 50-100} @ http://localhost:3002/src/lib/util/stats.ts:89
[   87586ms] [LOG] [plausible] render {diagramType: flowchart-v2, isRough: false, lengthBucket: 0-10, renderTimeMsBucket: 50-100} @ http://localhost:3002/src/lib/util/stats.ts:89
[   88196ms] [LOG] [plausible] version {mermaidVersion: 11.14.0} @ http://localhost:3002/src/lib/util/stats.ts:89
[   88260ms] [LOG] Loading '' @ http://localhost:3002/src/lib/util/state.ts:192
[   88316ms] [LOG] Registration successful, scope is: http://localhost:3002/ @ http://localhost:3002/src/routes/+layout.svelte:42
[   88361ms] [LOG] [plausible] render {diagramType: flowchart-v2, isRough: false, lengthBucket: 0-10, renderTimeMsBucket: 50-100} @ http://localhost:3002/src/lib/util/stats.ts:89
[   88985ms] [LOG] [plausible] version {mermaidVersion: 11.14.0} @ http://localhost:3002/src/lib/util/stats.ts:89
[   89050ms] [LOG] Loading '' @ http://localhost:3002/src/lib/util/state.ts:192
[   89104ms] [LOG] Registration successful, scope is: http://localhost:3002/ @ http://localhost:3002/src/routes/+layout.svelte:42
[   89163ms] [LOG] [plausible] render {diagramType: flowchart-v2, isRough: false, lengthBucket: 0-10, renderTimeMsBucket: 50-100} @ http://localhost:3002/src/lib/util/stats.ts:89
[   89856ms] [LOG] [plausible] version {mermaidVersion: 11.14.0} @ http://localhost:3002/src/lib/util/stats.ts:89
[   89926ms] [LOG] Loading '' @ http://localhost:3002/src/lib/util/state.ts:192
[   89983ms] [LOG] Registration successful, scope is: http://localhost:3002/ @ http://localhost:3002/src/routes/+layout.svelte:42
[   90027ms] [LOG] [plausible] render {diagramType: flowchart-v2, isRough: false, lengthBucket: 0-10, renderTimeMsBucket: 50-100} @ http://localhost:3002/src/lib/util/stats.ts:89
[   90642ms] [LOG] [plausible] version {mermaidVersion: 11.14.0} @ http://localhost:3002/src/lib/util/stats.ts:89
[   90710ms] [LOG] Loading '' @ http://localhost:3002/src/lib/util/state.ts:192
[   90764ms] [LOG] Registration successful, scope is: http://localhost:3002/ @ http://localhost:3002/src/routes/+layout.svelte:42
[   90817ms] [LOG] [plausible] render {diagramType: flowchart-v2, isRough: false, lengthBucket: 0-10, renderTimeMsBucket: 50-100} @ http://localhost:3002/src/lib/util/stats.ts:89
[   91460ms] [LOG] [plausible] version {mermaidVersion: 11.14.0} @ http://localhost:3002/src/lib/util/stats.ts:89
[   91529ms] [LOG] Loading '' @ http://localhost:3002/src/lib/util/state.ts:192
[   91581ms] [LOG] Registration successful, scope is: http://localhost:3002/ @ http://localhost:3002/src/routes/+layout.svelte:42
[   91624ms] [LOG] [plausible] render {diagramType: flowchart-v2, isRough: false, lengthBucket: 0-10, renderTimeMsBucket: 50-100} @ http://localhost:3002/src/lib/util/stats.ts:89
[   92259ms] [LOG] [plausible] version {mermaidVersion: 11.14.0} @ http://localhost:3002/src/lib/util/stats.ts:89
[   92328ms] [LOG] Loading '' @ http://localhost:3002/src/lib/util/state.ts:192
[   92382ms] [LOG] Registration successful, scope is: http://localhost:3002/ @ http://localhost:3002/src/routes/+layout.svelte:42
[   92440ms] [LOG] [plausible] render {diagramType: flowchart-v2, isRough: false, lengthBucket: 0-10, renderTimeMsBucket: 50-100} @ http://localhost:3002/src/lib/util/stats.ts:89
[   93052ms] [LOG] [plausible] version {mermaidVersion: 11.14.0} @ http://localhost:3002/src/lib/util/stats.ts:89
[   93130ms] [LOG] Loading '' @ http://localhost:3002/src/lib/util/state.ts:192
[   93180ms] [LOG] Registration successful, scope is: http://localhost:3002/ @ http://localhost:3002/src/routes/+layout.svelte:42
[   93223ms] [LOG] [plausible] render {diagramType: flowchart-v2, isRough: false, lengthBucket: 0-10, renderTimeMsBucket: 50-100} @ http://localhost:3002/src/lib/util/stats.ts:89
[   93869ms] [LOG] [plausible] version {mermaidVersion: 11.14.0} @ http://localhost:3002/src/lib/util/stats.ts:89
[   93942ms] [LOG] Loading '' @ http://localhost:3002/src/lib/util/state.ts:192
[   93994ms] [LOG] Registration successful, scope is: http://localhost:3002/ @ http://localhost:3002/src/routes/+layout.svelte:42
[   94037ms] [LOG] [plausible] render {diagramType: flowchart-v2, isRough: false, lengthBucket: 0-10, renderTimeMsBucket: 50-100} @ http://localhost:3002/src/lib/util/stats.ts:89
[   94683ms] [LOG] [plausible] version {mermaidVersion: 11.14.0} @ http://localhost:3002/src/lib/util/stats.ts:89
[   94749ms] [LOG] Loading '' @ http://localhost:3002/src/lib/util/state.ts:192
[   94797ms] [LOG] Registration successful, scope is: http://localhost:3002/ @ http://localhost:3002/src/routes/+layout.svelte:42
[   94837ms] [LOG] [plausible] render {diagramType: flowchart-v2, isRough: false, lengthBucket: 0-10, renderTimeMsBucket: 50-100} @ http://localhost:3002/src/lib/util/stats.ts:89
[   95438ms] [LOG] [plausible] version {mermaidVersion: 11.14.0} @ http://localhost:3002/src/lib/util/stats.ts:89
[   95507ms] [LOG] Loading '' @ http://localhost:3002/src/lib/util/state.ts:192
[   95563ms] [LOG] Registration successful, scope is: http://localhost:3002/ @ http://localhost:3002/src/routes/+layout.svelte:42
[   95609ms] [LOG] [plausible] render {diagramType: flowchart-v2, isRough: false, lengthBucket: 0-10, renderTimeMsBucket: 50-100} @ http://localhost:3002/src/lib/util/stats.ts:89
[   96446ms] [LOG] [plausible] version {mermaidVersion: 11.14.0} @ http://localhost:3002/src/lib/util/stats.ts:89
[   96520ms] [LOG] Loading '' @ http://localhost:3002/src/lib/util/state.ts:192
[   96581ms] [LOG] Registration successful, scope is: http://localhost:3002/ @ http://localhost:3002/src/routes/+layout.svelte:42
[   96643ms] [LOG] [plausible] render {diagramType: flowchart-v2, isRough: false, lengthBucket: 0-10, renderTimeMsBucket: 50-100} @ http://localhost:3002/src/lib/util/stats.ts:89
[   97317ms] [LOG] [plausible] version {mermaidVersion: 11.14.0} @ http://localhost:3002/src/lib/util/stats.ts:89
[   97388ms] [LOG] Loading '' @ http://localhost:3002/src/lib/util/state.ts:192
[   97449ms] [LOG] Registration successful, scope is: http://localhost:3002/ @ http://localhost:3002/src/routes/+layout.svelte:42
[   97503ms] [LOG] [plausible] render {diagramType: flowchart-v2, isRough: false, lengthBucket: 0-10, renderTimeMsBucket: 50-100} @ http://localhost:3002/src/lib/util/stats.ts:89
[   98204ms] [LOG] [plausible] version {mermaidVersion: 11.14.0} @ http://localhost:3002/src/lib/util/stats.ts:89
[   98278ms] [LOG] Loading '' @ http://localhost:3002/src/lib/util/state.ts:192
[   98336ms] [LOG] Registration successful, scope is: http://localhost:3002/ @ http://localhost:3002/src/routes/+layout.svelte:42
[   98381ms] [LOG] [plausible] render {diagramType: flowchart-v2, isRough: false, lengthBucket: 0-10, renderTimeMsBucket: 50-100} @ http://localhost:3002/src/lib/util/stats.ts:89
[   99025ms] [LOG] [plausible] version {mermaidVersion: 11.14.0} @ http://localhost:3002/src/lib/util/stats.ts:89
[   99094ms] [LOG] Loading '' @ http://localhost:3002/src/lib/util/state.ts:192
[   99142ms] [LOG] Registration successful, scope is: http://localhost:3002/ @ http://localhost:3002/src/routes/+layout.svelte:42
[   99744ms] [LOG] [plausible] version {mermaidVersion: 11.14.0} @ http://localhost:3002/src/lib/util/stats.ts:89
[   99822ms] [LOG] Loading '' @ http://localhost:3002/src/lib/util/state.ts:192
[   99878ms] [LOG] Registration successful, scope is: http://localhost:3002/ @ http://localhost:3002/src/routes/+layout.svelte:42
[   99925ms] [LOG] [plausible] render {diagramType: flowchart-v2, isRough: false, lengthBucket: 0-10, renderTimeMsBucket: 50-100} @ http://localhost:3002/src/lib/util/stats.ts:89
[  100522ms] [LOG] [plausible] version {mermaidVersion: 11.14.0} @ http://localhost:3002/src/lib/util/stats.ts:89
[  100587ms] [LOG] Loading '' @ http://localhost:3002/src/lib/util/state.ts:192
[  100646ms] [LOG] Registration successful, scope is: http://localhost:3002/ @ http://localhost:3002/src/routes/+layout.svelte:42
[  100692ms] [LOG] [plausible] render {diagramType: flowchart-v2, isRough: false, lengthBucket: 0-10, renderTimeMsBucket: 50-100} @ http://localhost:3002/src/lib/util/stats.ts:89
[  101307ms] [LOG] [plausible] version {mermaidVersion: 11.14.0} @ http://localhost:3002/src/lib/util/stats.ts:89
[  101373ms] [LOG] Loading '' @ http://localhost:3002/src/lib/util/state.ts:192
[  101428ms] [LOG] Registration successful, scope is: http://localhost:3002/ @ http://localhost:3002/src/routes/+layout.svelte:42
[  101483ms] [LOG] [plausible] render {diagramType: flowchart-v2, isRough: false, lengthBucket: 0-10, renderTimeMsBucket: 50-100} @ http://localhost:3002/src/lib/util/stats.ts:89
[  102161ms] [LOG] [plausible] version {mermaidVersion: 11.14.0} @ http://localhost:3002/src/lib/util/stats.ts:89
[  102230ms] [LOG] Loading '' @ http://localhost:3002/src/lib/util/state.ts:192
[  102285ms] [LOG] Registration successful, scope is: http://localhost:3002/ @ http://localhost:3002/src/routes/+layout.svelte:42
[  102330ms] [LOG] [plausible] render {diagramType: flowchart-v2, isRough: false, lengthBucket: 0-10, renderTimeMsBucket: 50-100} @ http://localhost:3002/src/lib/util/stats.ts:89
[  102938ms] [LOG] [plausible] version {mermaidVersion: 11.14.0} @ http://localhost:3002/src/lib/util/stats.ts:89
[  103005ms] [LOG] Loading '' @ http://localhost:3002/src/lib/util/state.ts:192
[  103054ms] [LOG] Registration successful, scope is: http://localhost:3002/ @ http://localhost:3002/src/routes/+layout.svelte:42
[  103106ms] [LOG] [plausible] render {diagramType: flowchart-v2, isRough: false, lengthBucket: 0-10, renderTimeMsBucket: 50-100} @ http://localhost:3002/src/lib/util/stats.ts:89
[  103712ms] [LOG] [plausible] version {mermaidVersion: 11.14.0} @ http://localhost:3002/src/lib/util/stats.ts:89
[  103786ms] [LOG] Loading '' @ http://localhost:3002/src/lib/util/state.ts:192
[  103845ms] [LOG] Registration successful, scope is: http://localhost:3002/ @ http://localhost:3002/src/routes/+layout.svelte:42
[  103890ms] [LOG] [plausible] render {diagramType: flowchart-v2, isRough: false, lengthBucket: 0-10, renderTimeMsBucket: 50-100} @ http://localhost:3002/src/lib/util/stats.ts:89
[  104440ms] [LOG] [plausible] version {mermaidVersion: 11.14.0} @ http://localhost:3002/src/lib/util/stats.ts:89
[  104506ms] [LOG] Loading '' @ http://localhost:3002/src/lib/util/state.ts:192
[  104558ms] [LOG] Registration successful, scope is: http://localhost:3002/ @ http://localhost:3002/src/routes/+layout.svelte:42
[  104614ms] [LOG] [plausible] render {diagramType: flowchart-v2, isRough: false, lengthBucket: 0-10, renderTimeMsBucket: 50-100} @ http://localhost:3002/src/lib/util/stats.ts:89
[  105244ms] [LOG] [plausible] version {mermaidVersion: 11.14.0} @ http://localhost:3002/src/lib/util/stats.ts:89
[  105314ms] [LOG] Loading '' @ http://localhost:3002/src/lib/util/state.ts:192
[  105369ms] [LOG] Registration successful, scope is: http://localhost:3002/ @ http://localhost:3002/src/routes/+layout.svelte:42
[  105423ms] [LOG] [plausible] render {diagramType: flowchart-v2, isRough: false, lengthBucket: 0-10, renderTimeMsBucket: 50-100} @ http://localhost:3002/src/lib/util/stats.ts:89
[  106050ms] [LOG] [plausible] version {mermaidVersion: 11.14.0} @ http://localhost:3002/src/lib/util/stats.ts:89
[  106119ms] [LOG] Loading '' @ http://localhost:3002/src/lib/util/state.ts:192
[  106165ms] [LOG] Registration successful, scope is: http://localhost:3002/ @ http://localhost:3002/src/routes/+layout.svelte:42
[  106215ms] [LOG] [plausible] render {diagramType: flowchart-v2, isRough: false, lengthBucket: 0-10, renderTimeMsBucket: 50-100} @ http://localhost:3002/src/lib/util/stats.ts:89
[  106881ms] [LOG] [plausible] version {mermaidVersion: 11.14.0} @ http://localhost:3002/src/lib/util/stats.ts:89
[  106938ms] [LOG] Loading '' @ http://localhost:3002/src/lib/util/state.ts:192
[  106991ms] [LOG] Registration successful, scope is: http://localhost:3002/ @ http://localhost:3002/src/routes/+layout.svelte:42
[  107036ms] [LOG] [plausible] render {diagramType: flowchart-v2, isRough: false, lengthBucket: 0-10, renderTimeMsBucket: 50-100} @ http://localhost:3002/src/lib/util/stats.ts:89
[  107634ms] [LOG] [plausible] version {mermaidVersion: 11.14.0} @ http://localhost:3002/src/lib/util/stats.ts:89
[  107705ms] [LOG] Loading '' @ http://localhost:3002/src/lib/util/state.ts:192
[  107755ms] [LOG] Registration successful, scope is: http://localhost:3002/ @ http://localhost:3002/src/routes/+layout.svelte:42
[  107801ms] [LOG] [plausible] render {diagramType: flowchart-v2, isRough: false, lengthBucket: 0-10, renderTimeMsBucket: 50-100} @ http://localhost:3002/src/lib/util/stats.ts:89
[  108378ms] [LOG] [plausible] version {mermaidVersion: 11.14.0} @ http://localhost:3002/src/lib/util/stats.ts:89
[  108450ms] [LOG] Loading '' @ http://localhost:3002/src/lib/util/state.ts:192
[  108501ms] [LOG] Registration successful, scope is: http://localhost:3002/ @ http://localhost:3002/src/routes/+layout.svelte:42
[  108545ms] [LOG] [plausible] render {diagramType: flowchart-v2, isRough: false, lengthBucket: 0-10, renderTimeMsBucket: 50-100} @ http://localhost:3002/src/lib/util/stats.ts:89
[  108606ms] [LOG] [plausible] render {diagramType: flowchart-v2, isRough: false, lengthBucket: 0-10, renderTimeMsBucket: 50-100} @ http://localhost:3002/src/lib/util/stats.ts:89
[  109220ms] [LOG] [plausible] version {mermaidVersion: 11.14.0} @ http://localhost:3002/src/lib/util/stats.ts:89
[  109296ms] [LOG] Loading '' @ http://localhost:3002/src/lib/util/state.ts:192
[  109349ms] [LOG] Registration successful, scope is: http://localhost:3002/ @ http://localhost:3002/src/routes/+layout.svelte:42
[  109403ms] [LOG] [plausible] render {diagramType: flowchart-v2, isRough: false, lengthBucket: 0-10, renderTimeMsBucket: 50-100} @ http://localhost:3002/src/lib/util/stats.ts:89
[  110025ms] [LOG] [plausible] version {mermaidVersion: 11.14.0} @ http://localhost:3002/src/lib/util/stats.ts:89
[  110094ms] [LOG] Loading '' @ http://localhost:3002/src/lib/util/state.ts:192
[  110153ms] [LOG] Registration successful, scope is: http://localhost:3002/ @ http://localhost:3002/src/routes/+layout.svelte:42
[  110199ms] [LOG] [plausible] render {diagramType: flowchart-v2, isRough: false, lengthBucket: 0-10, renderTimeMsBucket: 50-100} @ http://localhost:3002/src/lib/util/stats.ts:89
[  110834ms] [LOG] [plausible] version {mermaidVersion: 11.14.0} @ http://localhost:3002/src/lib/util/stats.ts:89
[  110899ms] [LOG] Loading '' @ http://localhost:3002/src/lib/util/state.ts:192
[  110950ms] [LOG] Registration successful, scope is: http://localhost:3002/ @ http://localhost:3002/src/routes/+layout.svelte:42
[  110994ms] [LOG] [plausible] render {diagramType: flowchart-v2, isRough: false, lengthBucket: 0-10, renderTimeMsBucket: 50-100} @ http://localhost:3002/src/lib/util/stats.ts:89
[  111582ms] [LOG] [plausible] version {mermaidVersion: 11.14.0} @ http://localhost:3002/src/lib/util/stats.ts:89
[  111647ms] [LOG] Loading '' @ http://localhost:3002/src/lib/util/state.ts:192
[  111697ms] [LOG] Registration successful, scope is: http://localhost:3002/ @ http://localhost:3002/src/routes/+layout.svelte:42
[  111748ms] [LOG] [plausible] render {diagramType: flowchart-v2, isRough: false, lengthBucket: 0-10, renderTimeMsBucket: 50-100} @ http://localhost:3002/src/lib/util/stats.ts:89
[  112358ms] [LOG] [plausible] version {mermaidVersion: 11.14.0} @ http://localhost:3002/src/lib/util/stats.ts:89
[  112429ms] [LOG] Loading '' @ http://localhost:3002/src/lib/util/state.ts:192
[  112484ms] [LOG] Registration successful, scope is: http://localhost:3002/ @ http://localhost:3002/src/routes/+layout.svelte:42
[  112533ms] [LOG] [plausible] render {diagramType: flowchart-v2, isRough: false, lengthBucket: 0-10, renderTimeMsBucket: 50-100} @ http://localhost:3002/src/lib/util/stats.ts:89
[  113142ms] [LOG] [plausible] version {mermaidVersion: 11.14.0} @ http://localhost:3002/src/lib/util/stats.ts:89
[  113205ms] [LOG] Loading '' @ http://localhost:3002/src/lib/util/state.ts:192
[  113260ms] [LOG] Registration successful, scope is: http://localhost:3002/ @ http://localhost:3002/src/routes/+layout.svelte:42
[  113329ms] [LOG] [plausible] render {diagramType: flowchart-v2, isRough: false, lengthBucket: 0-10, renderTimeMsBucket: 100-200} @ http://localhost:3002/src/lib/util/stats.ts:89
[  113970ms] [LOG] [plausible] version {mermaidVersion: 11.14.0} @ http://localhost:3002/src/lib/util/stats.ts:89
[  114032ms] [LOG] Loading '' @ http://localhost:3002/src/lib/util/state.ts:192
[  114082ms] [LOG] Registration successful, scope is: http://localhost:3002/ @ http://localhost:3002/src/routes/+layout.svelte:42
[  114156ms] [LOG] [plausible] render {diagramType: flowchart-v2, isRough: false, lengthBucket: 0-10, renderTimeMsBucket: 100-200} @ http://localhost:3002/src/lib/util/stats.ts:89
[  114802ms] [LOG] [plausible] version {mermaidVersion: 11.14.0} @ http://localhost:3002/src/lib/util/stats.ts:89
[  114865ms] [LOG] Loading '' @ http://localhost:3002/src/lib/util/state.ts:192
[  114918ms] [LOG] Registration successful, scope is: http://localhost:3002/ @ http://localhost:3002/src/routes/+layout.svelte:42
[  114988ms] [LOG] [plausible] render {diagramType: flowchart-v2, isRough: false, lengthBucket: 0-10, renderTimeMsBucket: 50-100} @ http://localhost:3002/src/lib/util/stats.ts:89
[  115620ms] [LOG] [plausible] version {mermaidVersion: 11.14.0} @ http://localhost:3002/src/lib/util/stats.ts:89
[  115690ms] [LOG] Loading '' @ http://localhost:3002/src/lib/util/state.ts:192
[  115743ms] [LOG] Registration successful, scope is: http://localhost:3002/ @ http://localhost:3002/src/routes/+layout.svelte:42
[  115785ms] [LOG] [plausible] render {diagramType: flowchart-v2, isRough: false, lengthBucket: 0-10, renderTimeMsBucket: 50-100} @ http://localhost:3002/src/lib/util/stats.ts:89
[  116370ms] [LOG] [plausible] version {mermaidVersion: 11.14.0} @ http://localhost:3002/src/lib/util/stats.ts:89
[  116435ms] [LOG] Loading '' @ http://localhost:3002/src/lib/util/state.ts:192
[  116498ms] [LOG] Registration successful, scope is: http://localhost:3002/ @ http://localhost:3002/src/routes/+layout.svelte:42
[  117130ms] [LOG] [plausible] version {mermaidVersion: 11.14.0} @ http://localhost:3002/src/lib/util/stats.ts:89
[  117190ms] [LOG] Loading '' @ http://localhost:3002/src/lib/util/state.ts:192
[  117249ms] [LOG] Registration successful, scope is: http://localhost:3002/ @ http://localhost:3002/src/routes/+layout.svelte:42
[  117309ms] [LOG] [plausible] render {diagramType: flowchart-v2, isRough: false, lengthBucket: 0-10, renderTimeMsBucket: 50-100} @ http://localhost:3002/src/lib/util/stats.ts:89
[  117993ms] [LOG] [plausible] version {mermaidVersion: 11.14.0} @ http://localhost:3002/src/lib/util/stats.ts:89
[  118058ms] [LOG] Loading '' @ http://localhost:3002/src/lib/util/state.ts:192
[  118108ms] [LOG] Registration successful, scope is: http://localhost:3002/ @ http://localhost:3002/src/routes/+layout.svelte:42
[  118152ms] [LOG] [plausible] render {diagramType: flowchart-v2, isRough: false, lengthBucket: 0-10, renderTimeMsBucket: 50-100} @ http://localhost:3002/src/lib/util/stats.ts:89
[  118743ms] [LOG] [plausible] version {mermaidVersion: 11.14.0} @ http://localhost:3002/src/lib/util/stats.ts:89
[  118816ms] [LOG] Loading '' @ http://localhost:3002/src/lib/util/state.ts:192
[  118877ms] [LOG] Registration successful, scope is: http://localhost:3002/ @ http://localhost:3002/src/routes/+layout.svelte:42
[  118917ms] [LOG] [plausible] render {diagramType: flowchart-v2, isRough: false, lengthBucket: 0-10, renderTimeMsBucket: 50-100} @ http://localhost:3002/src/lib/util/stats.ts:89
[  119500ms] [LOG] [plausible] version {mermaidVersion: 11.14.0} @ http://localhost:3002/src/lib/util/stats.ts:89
[  119567ms] [LOG] Loading '' @ http://localhost:3002/src/lib/util/state.ts:192
[  119627ms] [LOG] Registration successful, scope is: http://localhost:3002/ @ http://localhost:3002/src/routes/+layout.svelte:42
[  119684ms] [LOG] [plausible] render {diagramType: flowchart-v2, isRough: false, lengthBucket: 0-10, renderTimeMsBucket: 50-100} @ http://localhost:3002/src/lib/util/stats.ts:89
[  120320ms] [LOG] [plausible] version {mermaidVersion: 11.14.0} @ http://localhost:3002/src/lib/util/stats.ts:89
[  120395ms] [LOG] Loading '' @ http://localhost:3002/src/lib/util/state.ts:192
[  120454ms] [LOG] Registration successful, scope is: http://localhost:3002/ @ http://localhost:3002/src/routes/+layout.svelte:42
[  120500ms] [LOG] [plausible] render {diagramType: flowchart-v2, isRough: false, lengthBucket: 0-10, renderTimeMsBucket: 50-100} @ http://localhost:3002/src/lib/util/stats.ts:89
[  121108ms] [LOG] [plausible] version {mermaidVersion: 11.14.0} @ http://localhost:3002/src/lib/util/stats.ts:89
[  121178ms] [LOG] Loading '' @ http://localhost:3002/src/lib/util/state.ts:192
[  121233ms] [LOG] Registration successful, scope is: http://localhost:3002/ @ http://localhost:3002/src/routes/+layout.svelte:42
[  121304ms] [LOG] [plausible] render {diagramType: flowchart-v2, isRough: false, lengthBucket: 0-10, renderTimeMsBucket: 50-100} @ http://localhost:3002/src/lib/util/stats.ts:89
[  121991ms] [LOG] [plausible] version {mermaidVersion: 11.14.0} @ http://localhost:3002/src/lib/util/stats.ts:89
[  122058ms] [LOG] Loading '' @ http://localhost:3002/src/lib/util/state.ts:192
[  122112ms] [LOG] Registration successful, scope is: http://localhost:3002/ @ http://localhost:3002/src/routes/+layout.svelte:42
[  122178ms] [LOG] [plausible] render {diagramType: flowchart-v2, isRough: false, lengthBucket: 0-10, renderTimeMsBucket: 50-100} @ http://localhost:3002/src/lib/util/stats.ts:89
[  122800ms] [LOG] [plausible] version {mermaidVersion: 11.14.0} @ http://localhost:3002/src/lib/util/stats.ts:89
[  122865ms] [LOG] Loading '' @ http://localhost:3002/src/lib/util/state.ts:192
[  122918ms] [LOG] Registration successful, scope is: http://localhost:3002/ @ http://localhost:3002/src/routes/+layout.svelte:42
[  122967ms] [LOG] [plausible] render {diagramType: flowchart-v2, isRough: false, lengthBucket: 0-10, renderTimeMsBucket: 50-100} @ http://localhost:3002/src/lib/util/stats.ts:89
[  123562ms] [LOG] [plausible] version {mermaidVersion: 11.14.0} @ http://localhost:3002/src/lib/util/stats.ts:89
[  123632ms] [LOG] Loading '' @ http://localhost:3002/src/lib/util/state.ts:192
[  123692ms] [LOG] Registration successful, scope is: http://localhost:3002/ @ http://localhost:3002/src/routes/+layout.svelte:42
[  123735ms] [LOG] [plausible] render {diagramType: flowchart-v2, isRough: false, lengthBucket: 0-10, renderTimeMsBucket: 50-100} @ http://localhost:3002/src/lib/util/stats.ts:89
[  124345ms] [LOG] [plausible] version {mermaidVersion: 11.14.0} @ http://localhost:3002/src/lib/util/stats.ts:89
[  124409ms] [LOG] Loading '' @ http://localhost:3002/src/lib/util/state.ts:192
[  124462ms] [LOG] Registration successful, scope is: http://localhost:3002/ @ http://localhost:3002/src/routes/+layout.svelte:42
[  124502ms] [LOG] [plausible] render {diagramType: flowchart-v2, isRough: false, lengthBucket: 0-10, renderTimeMsBucket: 50-100} @ http://localhost:3002/src/lib/util/stats.ts:89
[  125185ms] [LOG] [plausible] version {mermaidVersion: 11.14.0} @ http://localhost:3002/src/lib/util/stats.ts:89
[  125254ms] [LOG] Loading '' @ http://localhost:3002/src/lib/util/state.ts:192
[  125302ms] [LOG] Registration successful, scope is: http://localhost:3002/ @ http://localhost:3002/src/routes/+layout.svelte:42
[  125346ms] [LOG] [plausible] render {diagramType: flowchart-v2, isRough: false, lengthBucket: 0-10, renderTimeMsBucket: 50-100} @ http://localhost:3002/src/lib/util/stats.ts:89
[  125953ms] [LOG] [plausible] version {mermaidVersion: 11.14.0} @ http://localhost:3002/src/lib/util/stats.ts:89
[  126018ms] [LOG] Loading '' @ http://localhost:3002/src/lib/util/state.ts:192
[  126068ms] [LOG] Registration successful, scope is: http://localhost:3002/ @ http://localhost:3002/src/routes/+layout.svelte:42
[  126115ms] [LOG] [plausible] render {diagramType: flowchart-v2, isRough: false, lengthBucket: 0-10, renderTimeMsBucket: 50-100} @ http://localhost:3002/src/lib/util/stats.ts:89
[  125953ms] [LOG] [plausible] version Object @ http://localhost:3002/src/lib/util/stats.ts:89
[  126018ms] [LOG] Loading '' @ http://localhost:3002/src/lib/util/state.ts:192
[  126068ms] [LOG] Registration successful, scope is: http://localhost:3002/ @ http://localhost:3002/src/routes/+layout.svelte:42
[  126115ms] [LOG] [plausible] render Object @ http://localhost:3002/src/lib/util/stats.ts:89
[  126850ms] [LOG] [plausible] version {mermaidVersion: 11.14.0} @ http://localhost:3002/src/lib/util/stats.ts:89
[  126929ms] [LOG] Loading '' @ http://localhost:3002/src/lib/util/state.ts:192
[  126986ms] [LOG] Registration successful, scope is: http://localhost:3002/ @ http://localhost:3002/src/routes/+layout.svelte:42
[  127031ms] [LOG] [plausible] render {diagramType: flowchart-v2, isRough: false, lengthBucket: 0-10, renderTimeMsBucket: 50-100} @ http://localhost:3002/src/lib/util/stats.ts:89
[  127615ms] [LOG] [plausible] version {mermaidVersion: 11.14.0} @ http://localhost:3002/src/lib/util/stats.ts:89
[  127680ms] [LOG] Loading '' @ http://localhost:3002/src/lib/util/state.ts:192
[  127736ms] [LOG] Registration successful, scope is: http://localhost:3002/ @ http://localhost:3002/src/routes/+layout.svelte:42
[  127779ms] [LOG] [plausible] render {diagramType: flowchart-v2, isRough: false, lengthBucket: 0-10, renderTimeMsBucket: 50-100} @ http://localhost:3002/src/lib/util/stats.ts:89
[  128380ms] [LOG] [plausible] version {mermaidVersion: 11.14.0} @ http://localhost:3002/src/lib/util/stats.ts:89
[  128450ms] [LOG] Loading '' @ http://localhost:3002/src/lib/util/state.ts:192
[  128498ms] [LOG] Registration successful, scope is: http://localhost:3002/ @ http://localhost:3002/src/routes/+layout.svelte:42
[  128549ms] [LOG] [plausible] render {diagramType: flowchart-v2, isRough: false, lengthBucket: 0-10, renderTimeMsBucket: 50-100} @ http://localhost:3002/src/lib/util/stats.ts:89
[  129215ms] [LOG] [plausible] version {mermaidVersion: 11.14.0} @ http://localhost:3002/src/lib/util/stats.ts:89
[  129284ms] [LOG] Loading '' @ http://localhost:3002/src/lib/util/state.ts:192
[  129334ms] [LOG] Registration successful, scope is: http://localhost:3002/ @ http://localhost:3002/src/routes/+layout.svelte:42
[  129392ms] [LOG] [plausible] render {diagramType: flowchart-v2, isRough: false, lengthBucket: 0-10, renderTimeMsBucket: 50-100} @ http://localhost:3002/src/lib/util/stats.ts:89
[  130036ms] [LOG] [plausible] version {mermaidVersion: 11.14.0} @ http://localhost:3002/src/lib/util/stats.ts:89
[  130104ms] [LOG] Loading '' @ http://localhost:3002/src/lib/util/state.ts:192
[  130154ms] [LOG] Registration successful, scope is: http://localhost:3002/ @ http://localhost:3002/src/routes/+layout.svelte:42
[  130224ms] [LOG] [plausible] render {diagramType: flowchart-v2, isRough: false, lengthBucket: 0-10, renderTimeMsBucket: 50-100} @ http://localhost:3002/src/lib/util/stats.ts:89
[  130834ms] [LOG] [plausible] version {mermaidVersion: 11.14.0} @ http://localhost:3002/src/lib/util/stats.ts:89
[  130899ms] [LOG] Loading '' @ http://localhost:3002/src/lib/util/state.ts:192
[  130954ms] [LOG] Registration successful, scope is: http://localhost:3002/ @ http://localhost:3002/src/routes/+layout.svelte:42
[  131003ms] [LOG] [plausible] render {diagramType: flowchart-v2, isRough: false, lengthBucket: 0-10, renderTimeMsBucket: 50-100} @ http://localhost:3002/src/lib/util/stats.ts:89
[  131563ms] [LOG] [plausible] version {mermaidVersion: 11.14.0} @ http://localhost:3002/src/lib/util/stats.ts:89
[  131628ms] [LOG] Loading '' @ http://localhost:3002/src/lib/util/state.ts:192
[  131680ms] [LOG] Registration successful, scope is: http://localhost:3002/ @ http://localhost:3002/src/routes/+layout.svelte:42
[  131726ms] [LOG] [plausible] render {diagramType: flowchart-v2, isRough: false, lengthBucket: 0-10, renderTimeMsBucket: 50-100} @ http://localhost:3002/src/lib/util/stats.ts:89
[  132319ms] [LOG] [plausible] version {mermaidVersion: 11.14.0} @ http://localhost:3002/src/lib/util/stats.ts:89
[  132381ms] [LOG] Loading '' @ http://localhost:3002/src/lib/util/state.ts:192
[  132436ms] [LOG] Registration successful, scope is: http://localhost:3002/ @ http://localhost:3002/src/routes/+layout.svelte:42
[  132489ms] [LOG] [plausible] render {diagramType: flowchart-v2, isRough: false, lengthBucket: 0-10, renderTimeMsBucket: 50-100} @ http://localhost:3002/src/lib/util/stats.ts:89
[  133162ms] [LOG] [plausible] version {mermaidVersion: 11.14.0} @ http://localhost:3002/src/lib/util/stats.ts:89
[  133231ms] [LOG] Loading '' @ http://localhost:3002/src/lib/util/state.ts:192
[  133284ms] [LOG] Registration successful, scope is: http://localhost:3002/ @ http://localhost:3002/src/routes/+layout.svelte:42
[  133327ms] [LOG] [plausible] render {diagramType: flowchart-v2, isRough: false, lengthBucket: 0-10, renderTimeMsBucket: 50-100} @ http://localhost:3002/src/lib/util/stats.ts:89
[  133911ms] [LOG] [plausible] version {mermaidVersion: 11.14.0} @ http://localhost:3002/src/lib/util/stats.ts:89
[  133982ms] [LOG] Loading '' @ http://localhost:3002/src/lib/util/state.ts:192
[  134037ms] [LOG] Registration successful, scope is: http://localhost:3002/ @ http://localhost:3002/src/routes/+layout.svelte:42
[  134092ms] [LOG] [plausible] render {diagramType: flowchart-v2, isRough: false, lengthBucket: 0-10, renderTimeMsBucket: 50-100} @ http://localhost:3002/src/lib/util/stats.ts:89
[  134709ms] [LOG] [plausible] version {mermaidVersion: 11.14.0} @ http://localhost:3002/src/lib/util/stats.ts:89
[  134773ms] [LOG] Loading '' @ http://localhost:3002/src/lib/util/state.ts:192
[  134825ms] [LOG] Registration successful, scope is: http://localhost:3002/ @ http://localhost:3002/src/routes/+layout.svelte:42
[  134876ms] [LOG] [plausible] render {diagramType: flowchart-v2, isRough: false, lengthBucket: 0-10, renderTimeMsBucket: 50-100} @ http://localhost:3002/src/lib/util/stats.ts:89
[  135471ms] [LOG] [plausible] version {mermaidVersion: 11.14.0} @ http://localhost:3002/src/lib/util/stats.ts:89
[  135542ms] [LOG] Loading '' @ http://localhost:3002/src/lib/util/state.ts:192
[  135607ms] [LOG] Registration successful, scope is: http://localhost:3002/ @ http://localhost:3002/src/routes/+layout.svelte:42
[  135670ms] [LOG] [plausible] render {diagramType: flowchart-v2, isRough: false, lengthBucket: 0-10, renderTimeMsBucket: 100-200} @ http://localhost:3002/src/lib/util/stats.ts:89
[  135733ms] [LOG] [plausible] render {diagramType: flowchart-v2, isRough: false, lengthBucket: 0-10, renderTimeMsBucket: 50-100} @ http://localhost:3002/src/lib/util/stats.ts:89
[  136320ms] [LOG] [plausible] version {mermaidVersion: 11.14.0} @ http://localhost:3002/src/lib/util/stats.ts:89
[  136391ms] [LOG] Loading '' @ http://localhost:3002/src/lib/util/state.ts:192
[  136444ms] [LOG] Registration successful, scope is: http://localhost:3002/ @ http://localhost:3002/src/routes/+layout.svelte:42
[  136496ms] [LOG] [plausible] render {diagramType: flowchart-v2, isRough: false, lengthBucket: 0-10, renderTimeMsBucket: 50-100} @ http://localhost:3002/src/lib/util/stats.ts:89
[  137116ms] [LOG] [plausible] version {mermaidVersion: 11.14.0} @ http://localhost:3002/src/lib/util/stats.ts:89
[  137186ms] [LOG] Loading '' @ http://localhost:3002/src/lib/util/state.ts:192
[  137236ms] [LOG] Registration successful, scope is: http://localhost:3002/ @ http://localhost:3002/src/routes/+layout.svelte:42
[  137281ms] [LOG] [plausible] render {diagramType: flowchart-v2, isRough: false, lengthBucket: 0-10, renderTimeMsBucket: 50-100} @ http://localhost:3002/src/lib/util/stats.ts:89
[  137955ms] [LOG] [plausible] version {mermaidVersion: 11.14.0} @ http://localhost:3002/src/lib/util/stats.ts:89
[  138027ms] [LOG] Loading '' @ http://localhost:3002/src/lib/util/state.ts:192
[  138081ms] [LOG] Registration successful, scope is: http://localhost:3002/ @ http://localhost:3002/src/routes/+layout.svelte:42
[  138126ms] [LOG] [plausible] render {diagramType: flowchart-v2, isRough: false, lengthBucket: 0-10, renderTimeMsBucket: 50-100} @ http://localhost:3002/src/lib/util/stats.ts:89
[  139291ms] [LOG] [plausible] version {mermaidVersion: 11.14.0} @ http://localhost:3002/src/lib/util/stats.ts:89
[  139361ms] [LOG] Loading '' @ http://localhost:3002/src/lib/util/state.ts:192
[  139410ms] [LOG] Registration successful, scope is: http://localhost:3002/ @ http://localhost:3002/src/routes/+layout.svelte:42
[  139455ms] [LOG] [plausible] render {diagramType: flowchart-v2, isRough: false, lengthBucket: 0-10, renderTimeMsBucket: 50-100} @ http://localhost:3002/src/lib/util/stats.ts:89
[  140127ms] [LOG] [plausible] version {mermaidVersion: 11.14.0} @ http://localhost:3002/src/lib/util/stats.ts:89
[  140191ms] [LOG] Loading '' @ http://localhost:3002/src/lib/util/state.ts:192
[  140248ms] [LOG] Registration successful, scope is: http://localhost:3002/ @ http://localhost:3002/src/routes/+layout.svelte:42
[  140307ms] [LOG] [plausible] render {diagramType: flowchart-v2, isRough: false, lengthBucket: 0-10, renderTimeMsBucket: 50-100} @ http://localhost:3002/src/lib/util/stats.ts:89
[  140947ms] [LOG] [plausible] version {mermaidVersion: 11.14.0} @ http://localhost:3002/src/lib/util/stats.ts:89
[  141015ms] [LOG] Loading '' @ http://localhost:3002/src/lib/util/state.ts:192
[  141074ms] [LOG] Registration successful, scope is: http://localhost:3002/ @ http://localhost:3002/src/routes/+layout.svelte:42
[  141119ms] [LOG] [plausible] render {diagramType: flowchart-v2, isRough: false, lengthBucket: 0-10, renderTimeMsBucket: 50-100} @ http://localhost:3002/src/lib/util/stats.ts:89
[  141728ms] [LOG] [plausible] version {mermaidVersion: 11.14.0} @ http://localhost:3002/src/lib/util/stats.ts:89
[  141791ms] [LOG] Loading '' @ http://localhost:3002/src/lib/util/state.ts:192
[  141850ms] [LOG] Registration successful, scope is: http://localhost:3002/ @ http://localhost:3002/src/routes/+layout.svelte:42
[  141903ms] [LOG] [plausible] render {diagramType: flowchart-v2, isRough: false, lengthBucket: 0-10, renderTimeMsBucket: 50-100} @ http://localhost:3002/src/lib/util/stats.ts:89
[  142534ms] [LOG] [plausible] version {mermaidVersion: 11.14.0} @ http://localhost:3002/src/lib/util/stats.ts:89
[  142607ms] [LOG] Loading '' @ http://localhost:3002/src/lib/util/state.ts:192
[  142664ms] [LOG] Registration successful, scope is: http://localhost:3002/ @ http://localhost:3002/src/routes/+layout.svelte:42
[  142714ms] [LOG] [plausible] render {diagramType: flowchart-v2, isRough: false, lengthBucket: 0-10, renderTimeMsBucket: 50-100} @ http://localhost:3002/src/lib/util/stats.ts:89
[  143324ms] [LOG] [plausible] version {mermaidVersion: 11.14.0} @ http://localhost:3002/src/lib/util/stats.ts:89
[  143391ms] [LOG] Loading '' @ http://localhost:3002/src/lib/util/state.ts:192
[  143455ms] [LOG] Registration successful, scope is: http://localhost:3002/ @ http://localhost:3002/src/routes/+layout.svelte:42
[  143516ms] [LOG] [plausible] render {diagramType: flowchart-v2, isRough: false, lengthBucket: 0-10, renderTimeMsBucket: 50-100} @ http://localhost:3002/src/lib/util/stats.ts:89
[  144181ms] [LOG] [plausible] version {mermaidVersion: 11.14.0} @ http://localhost:3002/src/lib/util/stats.ts:89
[  144262ms] [LOG] Loading '' @ http://localhost:3002/src/lib/util/state.ts:192
[  144321ms] [LOG] Registration successful, scope is: http://localhost:3002/ @ http://localhost:3002/src/routes/+layout.svelte:42
[  144373ms] [LOG] [plausible] render {diagramType: flowchart-v2, isRough: false, lengthBucket: 0-10, renderTimeMsBucket: 50-100} @ http://localhost:3002/src/lib/util/stats.ts:89
[  145038ms] [LOG] [plausible] version {mermaidVersion: 11.14.0} @ http://localhost:3002/src/lib/util/stats.ts:89
[  145101ms] [LOG] Loading '' @ http://localhost:3002/src/lib/util/state.ts:192
[  145163ms] [LOG] Registration successful, scope is: http://localhost:3002/ @ http://localhost:3002/src/routes/+layout.svelte:42
[  145211ms] [LOG] [plausible] render {diagramType: flowchart-v2, isRough: false, lengthBucket: 0-10, renderTimeMsBucket: 50-100} @ http://localhost:3002/src/lib/util/stats.ts:89
[  145896ms] [LOG] [plausible] version {mermaidVersion: 11.14.0} @ http://localhost:3002/src/lib/util/stats.ts:89
[  145972ms] [LOG] Loading '' @ http://localhost:3002/src/lib/util/state.ts:192
[  146027ms] [LOG] Registration successful, scope is: http://localhost:3002/ @ http://localhost:3002/src/routes/+layout.svelte:42
[  146074ms] [LOG] [plausible] render {diagramType: flowchart-v2, isRough: false, lengthBucket: 0-10, renderTimeMsBucket: 50-100} @ http://localhost:3002/src/lib/util/stats.ts:89
[  146800ms] [LOG] [plausible] version {mermaidVersion: 11.14.0} @ http://localhost:3002/src/lib/util/stats.ts:89
[  146871ms] [LOG] Loading '' @ http://localhost:3002/src/lib/util/state.ts:192
[  146932ms] [LOG] Registration successful, scope is: http://localhost:3002/ @ http://localhost:3002/src/routes/+layout.svelte:42
[  146987ms] [LOG] [plausible] render {diagramType: flowchart-v2, isRough: false, lengthBucket: 0-10, renderTimeMsBucket: 50-100} @ http://localhost:3002/src/lib/util/stats.ts:89
[  147637ms] [LOG] [plausible] version {mermaidVersion: 11.14.0} @ http://localhost:3002/src/lib/util/stats.ts:89
[  147708ms] [LOG] Loading '' @ http://localhost:3002/src/lib/util/state.ts:192
[  147762ms] [LOG] Registration successful, scope is: http://localhost:3002/ @ http://localhost:3002/src/routes/+layout.svelte:42
[  147811ms] [LOG] [plausible] render {diagramType: flowchart-v2, isRough: false, lengthBucket: 0-10, renderTimeMsBucket: 50-100} @ http://localhost:3002/src/lib/util/stats.ts:89
[  148392ms] [LOG] [plausible] version {mermaidVersion: 11.14.0} @ http://localhost:3002/src/lib/util/stats.ts:89
[  148458ms] [LOG] Loading '' @ http://localhost:3002/src/lib/util/state.ts:192
[  148510ms] [LOG] Registration successful, scope is: http://localhost:3002/ @ http://localhost:3002/src/routes/+layout.svelte:42
[  148560ms] [LOG] [plausible] render {diagramType: flowchart-v2, isRough: false, lengthBucket: 0-10, renderTimeMsBucket: 50-100} @ http://localhost:3002/src/lib/util/stats.ts:89
[  149238ms] [LOG] [plausible] version {mermaidVersion: 11.14.0} @ http://localhost:3002/src/lib/util/stats.ts:89
[  149304ms] [LOG] Loading '' @ http://localhost:3002/src/lib/util/state.ts:192
[  149354ms] [LOG] Registration successful, scope is: http://localhost:3002/ @ http://localhost:3002/src/routes/+layout.svelte:42
[  149406ms] [LOG] [plausible] render {diagramType: flowchart-v2, isRough: false, lengthBucket: 0-10, renderTimeMsBucket: 50-100} @ http://localhost:3002/src/lib/util/stats.ts:89
[  150077ms] [LOG] [plausible] version {mermaidVersion: 11.14.0} @ http://localhost:3002/src/lib/util/stats.ts:89
[  150147ms] [LOG] Loading '' @ http://localhost:3002/src/lib/util/state.ts:192
[  150197ms] [LOG] Registration successful, scope is: http://localhost:3002/ @ http://localhost:3002/src/routes/+layout.svelte:42
[  150239ms] [LOG] [plausible] render {diagramType: flowchart-v2, isRough: false, lengthBucket: 0-10, renderTimeMsBucket: 50-100} @ http://localhost:3002/src/lib/util/stats.ts:89
[  151005ms] [LOG] [plausible] version {mermaidVersion: 11.14.0} @ http://localhost:3002/src/lib/util/stats.ts:89
[  151076ms] [LOG] Loading '' @ http://localhost:3002/src/lib/util/state.ts:192
[  151126ms] [LOG] Registration successful, scope is: http://localhost:3002/ @ http://localhost:3002/src/routes/+layout.svelte:42
[  151169ms] [LOG] [plausible] render {diagramType: flowchart-v2, isRough: false, lengthBucket: 0-10, renderTimeMsBucket: 50-100} @ http://localhost:3002/src/lib/util/stats.ts:89
[  151830ms] [LOG] [plausible] version {mermaidVersion: 11.14.0} @ http://localhost:3002/src/lib/util/stats.ts:89
[  151898ms] [LOG] Loading '' @ http://localhost:3002/src/lib/util/state.ts:192
[  151948ms] [LOG] Registration successful, scope is: http://localhost:3002/ @ http://localhost:3002/src/routes/+layout.svelte:42
[  152006ms] [LOG] [plausible] render {diagramType: flowchart-v2, isRough: false, lengthBucket: 0-10, renderTimeMsBucket: 50-100} @ http://localhost:3002/src/lib/util/stats.ts:89
[  153995ms] [LOG] [plausible] version {mermaidVersion: 11.14.0} @ http://localhost:3002/src/lib/util/stats.ts:89
[  154091ms] [LOG] Loading '' @ http://localhost:3002/src/lib/util/state.ts:192
[  154249ms] [LOG] Registration successful, scope is: http://localhost:3002/ @ http://localhost:3002/src/routes/+layout.svelte:42
[  154312ms] [LOG] [plausible] render {diagramType: flowchart-v2, isRough: false, lengthBucket: 0-10, renderTimeMsBucket: 100-200} @ http://localhost:3002/src/lib/util/stats.ts:89
[  155124ms] [LOG] [plausible] version {mermaidVersion: 11.14.0} @ http://localhost:3002/src/lib/util/stats.ts:89
[  155208ms] [LOG] Loading '' @ http://localhost:3002/src/lib/util/state.ts:192
[  155277ms] [LOG] Registration successful, scope is: http://localhost:3002/ @ http://localhost:3002/src/routes/+layout.svelte:42
[  155336ms] [LOG] [plausible] render {diagramType: flowchart-v2, isRough: false, lengthBucket: 0-10, renderTimeMsBucket: 50-100} @ http://localhost:3002/src/lib/util/stats.ts:89
[  156071ms] [LOG] [plausible] version {mermaidVersion: 11.14.0} @ http://localhost:3002/src/lib/util/stats.ts:89
[  156144ms] [LOG] Loading '' @ http://localhost:3002/src/lib/util/state.ts:192
[  156204ms] [LOG] Registration successful, scope is: http://localhost:3002/ @ http://localhost:3002/src/routes/+layout.svelte:42
[  156266ms] [LOG] [plausible] render {diagramType: flowchart-v2, isRough: false, lengthBucket: 0-10, renderTimeMsBucket: 50-100} @ http://localhost:3002/src/lib/util/stats.ts:89
[  156071ms] [LOG] [plausible] version Object @ http://localhost:3002/src/lib/util/stats.ts:89
[  156144ms] [LOG] Loading '' @ http://localhost:3002/src/lib/util/state.ts:192
[  156204ms] [LOG] Registration successful, scope is: http://localhost:3002/ @ http://localhost:3002/src/routes/+layout.svelte:42
[  156266ms] [LOG] [plausible] render Object @ http://localhost:3002/src/lib/util/stats.ts:89
[  157086ms] [LOG] [plausible] version {mermaidVersion: 11.14.0} @ http://localhost:3002/src/lib/util/stats.ts:89
[  157159ms] [LOG] Loading '' @ http://localhost:3002/src/lib/util/state.ts:192
[  157212ms] [LOG] Registration successful, scope is: http://localhost:3002/ @ http://localhost:3002/src/routes/+layout.svelte:42
[  157263ms] [LOG] [plausible] render {diagramType: flowchart-v2, isRough: false, lengthBucket: 0-10, renderTimeMsBucket: 50-100} @ http://localhost:3002/src/lib/util/stats.ts:89
[  157927ms] [LOG] [plausible] version {mermaidVersion: 11.14.0} @ http://localhost:3002/src/lib/util/stats.ts:89
[  157996ms] [LOG] Loading '' @ http://localhost:3002/src/lib/util/state.ts:192
[  158054ms] [LOG] Registration successful, scope is: http://localhost:3002/ @ http://localhost:3002/src/routes/+layout.svelte:42
[  158100ms] [LOG] [plausible] render {diagramType: flowchart-v2, isRough: false, lengthBucket: 0-10, renderTimeMsBucket: 50-100} @ http://localhost:3002/src/lib/util/stats.ts:89
[  158702ms] [LOG] [plausible] version {mermaidVersion: 11.14.0} @ http://localhost:3002/src/lib/util/stats.ts:89
[  158768ms] [LOG] Loading '' @ http://localhost:3002/src/lib/util/state.ts:192
[  158822ms] [LOG] Registration successful, scope is: http://localhost:3002/ @ http://localhost:3002/src/routes/+layout.svelte:42
[  158882ms] [LOG] [plausible] render {diagramType: flowchart-v2, isRough: false, lengthBucket: 0-10, renderTimeMsBucket: 50-100} @ http://localhost:3002/src/lib/util/stats.ts:89
[  159624ms] [LOG] [plausible] version {mermaidVersion: 11.14.0} @ http://localhost:3002/src/lib/util/stats.ts:89
[  159690ms] [LOG] Loading '' @ http://localhost:3002/src/lib/util/state.ts:192
[  159748ms] [LOG] Registration successful, scope is: http://localhost:3002/ @ http://localhost:3002/src/routes/+layout.svelte:42
[  159793ms] [LOG] [plausible] render {diagramType: flowchart-v2, isRough: false, lengthBucket: 0-10, renderTimeMsBucket: 50-100} @ http://localhost:3002/src/lib/util/stats.ts:89
[  160434ms] [LOG] [plausible] version {mermaidVersion: 11.14.0} @ http://localhost:3002/src/lib/util/stats.ts:89
[  160499ms] [LOG] Loading '' @ http://localhost:3002/src/lib/util/state.ts:192
[  160563ms] [LOG] Registration successful, scope is: http://localhost:3002/ @ http://localhost:3002/src/routes/+layout.svelte:42
[  160609ms] [LOG] [plausible] render {diagramType: flowchart-v2, isRough: false, lengthBucket: 0-10, renderTimeMsBucket: 50-100} @ http://localhost:3002/src/lib/util/stats.ts:89
[  161231ms] [LOG] [plausible] version {mermaidVersion: 11.14.0} @ http://localhost:3002/src/lib/util/stats.ts:89
[  161301ms] [LOG] Loading '' @ http://localhost:3002/src/lib/util/state.ts:192
[  161355ms] [LOG] Registration successful, scope is: http://localhost:3002/ @ http://localhost:3002/src/routes/+layout.svelte:42
[  161409ms] [LOG] [plausible] render {diagramType: flowchart-v2, isRough: false, lengthBucket: 0-10, renderTimeMsBucket: 50-100} @ http://localhost:3002/src/lib/util/stats.ts:89
[  161474ms] [LOG] [plausible] render {diagramType: flowchart-v2, isRough: false, lengthBucket: 0-10, renderTimeMsBucket: 50-100} @ http://localhost:3002/src/lib/util/stats.ts:89
[  163219ms] [LOG] [plausible] version {mermaidVersion: 11.14.0} @ http://localhost:3002/src/lib/util/stats.ts:89
[  163296ms] [LOG] Loading '' @ http://localhost:3002/src/lib/util/state.ts:192
[  163389ms] [LOG] Registration successful, scope is: http://localhost:3002/ @ http://localhost:3002/src/routes/+layout.svelte:42
[  163483ms] [LOG] [plausible] render {diagramType: flowchart-v2, isRough: false, lengthBucket: 0-10, renderTimeMsBucket: 100-200} @ http://localhost:3002/src/lib/util/stats.ts:89
[  164266ms] [LOG] [plausible] version {mermaidVersion: 11.14.0} @ http://localhost:3002/src/lib/util/stats.ts:89
[  164332ms] [LOG] Loading '' @ http://localhost:3002/src/lib/util/state.ts:192
[  164392ms] [LOG] Registration successful, scope is: http://localhost:3002/ @ http://localhost:3002/src/routes/+layout.svelte:42
[  164441ms] [LOG] [plausible] render {diagramType: flowchart-v2, isRough: false, lengthBucket: 0-10, renderTimeMsBucket: 50-100} @ http://localhost:3002/src/lib/util/stats.ts:89
[  165202ms] [LOG] [plausible] version {mermaidVersion: 11.14.0} @ http://localhost:3002/src/lib/util/stats.ts:89
[  165274ms] [LOG] Loading '' @ http://localhost:3002/src/lib/util/state.ts:192
[  165337ms] [LOG] Registration successful, scope is: http://localhost:3002/ @ http://localhost:3002/src/routes/+layout.svelte:42
[  165397ms] [LOG] [plausible] render {diagramType: flowchart-v2, isRough: false, lengthBucket: 0-10, renderTimeMsBucket: 50-100} @ http://localhost:3002/src/lib/util/stats.ts:89
[  166162ms] [LOG] [plausible] version {mermaidVersion: 11.14.0} @ http://localhost:3002/src/lib/util/stats.ts:89
[  166238ms] [LOG] Loading '' @ http://localhost:3002/src/lib/util/state.ts:192
[  166295ms] [LOG] Registration successful, scope is: http://localhost:3002/ @ http://localhost:3002/src/routes/+layout.svelte:42
[  166349ms] [LOG] [plausible] render {diagramType: flowchart-v2, isRough: false, lengthBucket: 0-10, renderTimeMsBucket: 50-100} @ http://localhost:3002/src/lib/util/stats.ts:89
[  167068ms] [LOG] [plausible] version {mermaidVersion: 11.14.0} @ http://localhost:3002/src/lib/util/stats.ts:89
[  167139ms] [LOG] Loading '' @ http://localhost:3002/src/lib/util/state.ts:192
[  167191ms] [LOG] Registration successful, scope is: http://localhost:3002/ @ http://localhost:3002/src/routes/+layout.svelte:42
[  167235ms] [LOG] [plausible] render {diagramType: flowchart-v2, isRough: false, lengthBucket: 0-10, renderTimeMsBucket: 50-100} @ http://localhost:3002/src/lib/util/stats.ts:89
[  167955ms] [LOG] [plausible] version {mermaidVersion: 11.14.0} @ http://localhost:3002/src/lib/util/stats.ts:89
[  168019ms] [LOG] Loading '' @ http://localhost:3002/src/lib/util/state.ts:192
[  168073ms] [LOG] Registration successful, scope is: http://localhost:3002/ @ http://localhost:3002/src/routes/+layout.svelte:42
[  168128ms] [LOG] [plausible] render {diagramType: flowchart-v2, isRough: false, lengthBucket: 0-10, renderTimeMsBucket: 50-100} @ http://localhost:3002/src/lib/util/stats.ts:89
[  168850ms] [LOG] [plausible] version {mermaidVersion: 11.14.0} @ http://localhost:3002/src/lib/util/stats.ts:89
[  168916ms] [LOG] Loading '' @ http://localhost:3002/src/lib/util/state.ts:192
[  168969ms] [LOG] Registration successful, scope is: http://localhost:3002/ @ http://localhost:3002/src/routes/+layout.svelte:42
[  169019ms] [LOG] [plausible] render {diagramType: flowchart-v2, isRough: false, lengthBucket: 0-10, renderTimeMsBucket: 50-100} @ http://localhost:3002/src/lib/util/stats.ts:89
[  169675ms] [LOG] [plausible] version {mermaidVersion: 11.14.0} @ http://localhost:3002/src/lib/util/stats.ts:89
[  169741ms] [LOG] Loading '' @ http://localhost:3002/src/lib/util/state.ts:192
[  169797ms] [LOG] Registration successful, scope is: http://localhost:3002/ @ http://localhost:3002/src/routes/+layout.svelte:42
[  169852ms] [LOG] [plausible] render {diagramType: flowchart-v2, isRough: false, lengthBucket: 0-10, renderTimeMsBucket: 50-100} @ http://localhost:3002/src/lib/util/stats.ts:89
[  170484ms] [LOG] [plausible] version {mermaidVersion: 11.14.0} @ http://localhost:3002/src/lib/util/stats.ts:89
[  170545ms] [LOG] Loading '' @ http://localhost:3002/src/lib/util/state.ts:192
[  170602ms] [LOG] Registration successful, scope is: http://localhost:3002/ @ http://localhost:3002/src/routes/+layout.svelte:42
[  170649ms] [LOG] [plausible] render {diagramType: flowchart-v2, isRough: false, lengthBucket: 0-10, renderTimeMsBucket: 50-100} @ http://localhost:3002/src/lib/util/stats.ts:89
[  171341ms] [LOG] [plausible] version {mermaidVersion: 11.14.0} @ http://localhost:3002/src/lib/util/stats.ts:89
[  171409ms] [LOG] Loading '' @ http://localhost:3002/src/lib/util/state.ts:192
[  171478ms] [LOG] Registration successful, scope is: http://localhost:3002/ @ http://localhost:3002/src/routes/+layout.svelte:42
[  171540ms] [LOG] [plausible] render {diagramType: flowchart-v2, isRough: false, lengthBucket: 0-10, renderTimeMsBucket: 50-100} @ http://localhost:3002/src/lib/util/stats.ts:89
[  172750ms] [LOG] [plausible] version {mermaidVersion: 11.14.0} @ http://localhost:3002/src/lib/util/stats.ts:89
[  172828ms] [LOG] Loading '' @ http://localhost:3002/src/lib/util/state.ts:192
[  172884ms] [LOG] Registration successful, scope is: http://localhost:3002/ @ http://localhost:3002/src/routes/+layout.svelte:42
[  172950ms] [LOG] [plausible] render {diagramType: flowchart-v2, isRough: false, lengthBucket: 0-10, renderTimeMsBucket: 50-100} @ http://localhost:3002/src/lib/util/stats.ts:89
[  173577ms] [LOG] [plausible] version {mermaidVersion: 11.14.0} @ http://localhost:3002/src/lib/util/stats.ts:89
[  173647ms] [LOG] Loading '' @ http://localhost:3002/src/lib/util/state.ts:192
[  173700ms] [LOG] Registration successful, scope is: http://localhost:3002/ @ http://localhost:3002/src/routes/+layout.svelte:42
[  173758ms] [LOG] [plausible] render {diagramType: flowchart-v2, isRough: false, lengthBucket: 0-10, renderTimeMsBucket: 50-100} @ http://localhost:3002/src/lib/util/stats.ts:89
[  174396ms] [LOG] [plausible] version {mermaidVersion: 11.14.0} @ http://localhost:3002/src/lib/util/stats.ts:89
[  174468ms] [LOG] Loading '' @ http://localhost:3002/src/lib/util/state.ts:192
[  174527ms] [LOG] Registration successful, scope is: http://localhost:3002/ @ http://localhost:3002/src/routes/+layout.svelte:42
[  174575ms] [LOG] [plausible] render {diagramType: flowchart-v2, isRough: false, lengthBucket: 0-10, renderTimeMsBucket: 50-100} @ http://localhost:3002/src/lib/util/stats.ts:89
[  175257ms] [LOG] [plausible] version {mermaidVersion: 11.14.0} @ http://localhost:3002/src/lib/util/stats.ts:89
[  175328ms] [LOG] Loading '' @ http://localhost:3002/src/lib/util/state.ts:192
[  175382ms] [LOG] Registration successful, scope is: http://localhost:3002/ @ http://localhost:3002/src/routes/+layout.svelte:42
[  175427ms] [LOG] [plausible] render {diagramType: flowchart-v2, isRough: false, lengthBucket: 0-10, renderTimeMsBucket: 50-100} @ http://localhost:3002/src/lib/util/stats.ts:89
[  176052ms] [LOG] [plausible] version {mermaidVersion: 11.14.0} @ http://localhost:3002/src/lib/util/stats.ts:89
[  176123ms] [LOG] Loading '' @ http://localhost:3002/src/lib/util/state.ts:192
[  176178ms] [LOG] Registration successful, scope is: http://localhost:3002/ @ http://localhost:3002/src/routes/+layout.svelte:42
[  176221ms] [LOG] [plausible] render {diagramType: flowchart-v2, isRough: false, lengthBucket: 0-10, renderTimeMsBucket: 50-100} @ http://localhost:3002/src/lib/util/stats.ts:89
[  176871ms] [LOG] [plausible] version {mermaidVersion: 11.14.0} @ http://localhost:3002/src/lib/util/stats.ts:89
[  176944ms] [LOG] Loading '' @ http://localhost:3002/src/lib/util/state.ts:192
[  176993ms] [LOG] Registration successful, scope is: http://localhost:3002/ @ http://localhost:3002/src/routes/+layout.svelte:42
[  177052ms] [LOG] [plausible] render {diagramType: flowchart-v2, isRough: false, lengthBucket: 0-10, renderTimeMsBucket: 50-100} @ http://localhost:3002/src/lib/util/stats.ts:89
[  177746ms] [LOG] [plausible] version {mermaidVersion: 11.14.0} @ http://localhost:3002/src/lib/util/stats.ts:89
[  177817ms] [LOG] Loading '' @ http://localhost:3002/src/lib/util/state.ts:192
[  177867ms] [LOG] Registration successful, scope is: http://localhost:3002/ @ http://localhost:3002/src/routes/+layout.svelte:42
[  177910ms] [LOG] [plausible] render {diagramType: flowchart-v2, isRough: false, lengthBucket: 0-10, renderTimeMsBucket: 50-100} @ http://localhost:3002/src/lib/util/stats.ts:89
[  178596ms] [LOG] [plausible] version {mermaidVersion: 11.14.0} @ http://localhost:3002/src/lib/util/stats.ts:89
[  178663ms] [LOG] Loading '' @ http://localhost:3002/src/lib/util/state.ts:192
[  178715ms] [LOG] Registration successful, scope is: http://localhost:3002/ @ http://localhost:3002/src/routes/+layout.svelte:42
[  178751ms] [LOG] [plausible] render {diagramType: flowchart-v2, isRough: false, lengthBucket: 0-10, renderTimeMsBucket: 50-100} @ http://localhost:3002/src/lib/util/stats.ts:89
[  179385ms] [LOG] [plausible] version {mermaidVersion: 11.14.0} @ http://localhost:3002/src/lib/util/stats.ts:89
[  179457ms] [LOG] Loading '' @ http://localhost:3002/src/lib/util/state.ts:192
[  179512ms] [LOG] Registration successful, scope is: http://localhost:3002/ @ http://localhost:3002/src/routes/+layout.svelte:42
[  179559ms] [LOG] [plausible] render {diagramType: flowchart-v2, isRough: false, lengthBucket: 0-10, renderTimeMsBucket: 50-100} @ http://localhost:3002/src/lib/util/stats.ts:89
[  180720ms] [LOG] [plausible] version {mermaidVersion: 11.14.0} @ http://localhost:3002/src/lib/util/stats.ts:89
[  180793ms] [LOG] Loading '' @ http://localhost:3002/src/lib/util/state.ts:192
[  180847ms] [LOG] Registration successful, scope is: http://localhost:3002/ @ http://localhost:3002/src/routes/+layout.svelte:42
[  180904ms] [LOG] [plausible] render {diagramType: flowchart-v2, isRough: false, lengthBucket: 0-10, renderTimeMsBucket: 50-100} @ http://localhost:3002/src/lib/util/stats.ts:89
[  181555ms] [LOG] [plausible] version {mermaidVersion: 11.14.0} @ http://localhost:3002/src/lib/util/stats.ts:89
[  181610ms] [LOG] Loading '' @ http://localhost:3002/src/lib/util/state.ts:192
[  181654ms] [LOG] Registration successful, scope is: http://localhost:3002/ @ http://localhost:3002/src/routes/+layout.svelte:42
[  181695ms] [LOG] [plausible] render {diagramType: flowchart-v2, isRough: false, lengthBucket: 0-10, renderTimeMsBucket: 50-100} @ http://localhost:3002/src/lib/util/stats.ts:89
[  182342ms] [LOG] [plausible] version {mermaidVersion: 11.14.0} @ http://localhost:3002/src/lib/util/stats.ts:89
[  182417ms] [LOG] Loading '' @ http://localhost:3002/src/lib/util/state.ts:192
[  182467ms] [LOG] Registration successful, scope is: http://localhost:3002/ @ http://localhost:3002/src/routes/+layout.svelte:42
[  182508ms] [LOG] [plausible] render {diagramType: flowchart-v2, isRough: false, lengthBucket: 0-10, renderTimeMsBucket: 50-100} @ http://localhost:3002/src/lib/util/stats.ts:89
[  182564ms] [LOG] [plausible] render {diagramType: flowchart-v2, isRough: false, lengthBucket: 0-10, renderTimeMsBucket: 50-100} @ http://localhost:3002/src/lib/util/stats.ts:89
[  183210ms] [LOG] [plausible] version {mermaidVersion: 11.14.0} @ http://localhost:3002/src/lib/util/stats.ts:89
[  183272ms] [LOG] Loading '' @ http://localhost:3002/src/lib/util/state.ts:192
[  183330ms] [LOG] Registration successful, scope is: http://localhost:3002/ @ http://localhost:3002/src/routes/+layout.svelte:42
[  183376ms] [LOG] [plausible] render {diagramType: flowchart-v2, isRough: false, lengthBucket: 0-10, renderTimeMsBucket: 50-100} @ http://localhost:3002/src/lib/util/stats.ts:89
[  183999ms] [LOG] [plausible] version {mermaidVersion: 11.14.0} @ http://localhost:3002/src/lib/util/stats.ts:89
[  184067ms] [LOG] Loading '' @ http://localhost:3002/src/lib/util/state.ts:192
[  184121ms] [LOG] Registration successful, scope is: http://localhost:3002/ @ http://localhost:3002/src/routes/+layout.svelte:42
[  184168ms] [LOG] [plausible] render {diagramType: flowchart-v2, isRough: false, lengthBucket: 0-10, renderTimeMsBucket: 50-100} @ http://localhost:3002/src/lib/util/stats.ts:89
[  184793ms] [LOG] [plausible] version {mermaidVersion: 11.14.0} @ http://localhost:3002/src/lib/util/stats.ts:89
[  184854ms] [LOG] Loading '' @ http://localhost:3002/src/lib/util/state.ts:192
[  184905ms] [LOG] Registration successful, scope is: http://localhost:3002/ @ http://localhost:3002/src/routes/+layout.svelte:42
[  184948ms] [LOG] [plausible] render {diagramType: flowchart-v2, isRough: false, lengthBucket: 0-10, renderTimeMsBucket: 50-100} @ http://localhost:3002/src/lib/util/stats.ts:89
[  185590ms] [LOG] [plausible] version {mermaidVersion: 11.14.0} @ http://localhost:3002/src/lib/util/stats.ts:89
[  185659ms] [LOG] Loading '' @ http://localhost:3002/src/lib/util/state.ts:192
[  185709ms] [LOG] Registration successful, scope is: http://localhost:3002/ @ http://localhost:3002/src/routes/+layout.svelte:42
[  185749ms] [LOG] [plausible] render {diagramType: flowchart-v2, isRough: false, lengthBucket: 0-10, renderTimeMsBucket: 50-100} @ http://localhost:3002/src/lib/util/stats.ts:89
[  186386ms] [LOG] [plausible] version {mermaidVersion: 11.14.0} @ http://localhost:3002/src/lib/util/stats.ts:89
[  186453ms] [LOG] Loading '' @ http://localhost:3002/src/lib/util/state.ts:192
[  186514ms] [LOG] Registration successful, scope is: http://localhost:3002/ @ http://localhost:3002/src/routes/+layout.svelte:42
[  186559ms] [LOG] [plausible] render {diagramType: flowchart-v2, isRough: false, lengthBucket: 0-10, renderTimeMsBucket: 50-100} @ http://localhost:3002/src/lib/util/stats.ts:89
[  187170ms] [LOG] [plausible] version {mermaidVersion: 11.14.0} @ http://localhost:3002/src/lib/util/stats.ts:89
[  187240ms] [LOG] Loading '' @ http://localhost:3002/src/lib/util/state.ts:192
[  187298ms] [LOG] Registration successful, scope is: http://localhost:3002/ @ http://localhost:3002/src/routes/+layout.svelte:42
[  187367ms] [LOG] [plausible] render {diagramType: flowchart-v2, isRough: false, lengthBucket: 0-10, renderTimeMsBucket: 50-100} @ http://localhost:3002/src/lib/util/stats.ts:89
[  188051ms] [LOG] [plausible] version {mermaidVersion: 11.14.0} @ http://localhost:3002/src/lib/util/stats.ts:89
[  188118ms] [LOG] Loading '' @ http://localhost:3002/src/lib/util/state.ts:192
[  188179ms] [LOG] Registration successful, scope is: http://localhost:3002/ @ http://localhost:3002/src/routes/+layout.svelte:42
[  188244ms] [LOG] [plausible] render {diagramType: flowchart-v2, isRough: false, lengthBucket: 0-10, renderTimeMsBucket: 100-200} @ http://localhost:3002/src/lib/util/stats.ts:89
[  188933ms] [LOG] [plausible] version {mermaidVersion: 11.14.0} @ http://localhost:3002/src/lib/util/stats.ts:89
[  189003ms] [LOG] Loading '' @ http://localhost:3002/src/lib/util/state.ts:192
[  189056ms] [LOG] Registration successful, scope is: http://localhost:3002/ @ http://localhost:3002/src/routes/+layout.svelte:42
[  189096ms] [LOG] [plausible] render {diagramType: flowchart-v2, isRough: false, lengthBucket: 0-10, renderTimeMsBucket: 50-100} @ http://localhost:3002/src/lib/util/stats.ts:89
[  190278ms] [LOG] [plausible] version {mermaidVersion: 11.14.0} @ http://localhost:3002/src/lib/util/stats.ts:89
[  190342ms] [LOG] Loading '' @ http://localhost:3002/src/lib/util/state.ts:192
[  190402ms] [LOG] Registration successful, scope is: http://localhost:3002/ @ http://localhost:3002/src/routes/+layout.svelte:42
[  190463ms] [LOG] [plausible] render {diagramType: flowchart-v2, isRough: false, lengthBucket: 0-10, renderTimeMsBucket: 50-100} @ http://localhost:3002/src/lib/util/stats.ts:89
[  191155ms] [LOG] [plausible] version {mermaidVersion: 11.14.0} @ http://localhost:3002/src/lib/util/stats.ts:89
[  191216ms] [LOG] Loading '' @ http://localhost:3002/src/lib/util/state.ts:192
[  191273ms] [LOG] Registration successful, scope is: http://localhost:3002/ @ http://localhost:3002/src/routes/+layout.svelte:42
[  191318ms] [LOG] [plausible] render {diagramType: flowchart-v2, isRough: false, lengthBucket: 0-10, renderTimeMsBucket: 50-100} @ http://localhost:3002/src/lib/util/stats.ts:89
[  191938ms] [LOG] [plausible] version {mermaidVersion: 11.14.0} @ http://localhost:3002/src/lib/util/stats.ts:89
[  192009ms] [LOG] Loading '' @ http://localhost:3002/src/lib/util/state.ts:192
[  192066ms] [LOG] Registration successful, scope is: http://localhost:3002/ @ http://localhost:3002/src/routes/+layout.svelte:42
[  192119ms] [LOG] [plausible] render {diagramType: flowchart-v2, isRough: false, lengthBucket: 0-10, renderTimeMsBucket: 50-100} @ http://localhost:3002/src/lib/util/stats.ts:89
[  192723ms] [LOG] [plausible] version {mermaidVersion: 11.14.0} @ http://localhost:3002/src/lib/util/stats.ts:89
[  192791ms] [LOG] Loading '' @ http://localhost:3002/src/lib/util/state.ts:192
[  192843ms] [LOG] Registration successful, scope is: http://localhost:3002/ @ http://localhost:3002/src/routes/+layout.svelte:42
[  192898ms] [LOG] [plausible] render {diagramType: flowchart-v2, isRough: false, lengthBucket: 0-10, renderTimeMsBucket: 50-100} @ http://localhost:3002/src/lib/util/stats.ts:89
[  193517ms] [LOG] [plausible] version {mermaidVersion: 11.14.0} @ http://localhost:3002/src/lib/util/stats.ts:89
[  193587ms] [LOG] Loading '' @ http://localhost:3002/src/lib/util/state.ts:192
[  193645ms] [LOG] Registration successful, scope is: http://localhost:3002/ @ http://localhost:3002/src/routes/+layout.svelte:42
[  193693ms] [LOG] [plausible] render {diagramType: flowchart-v2, isRough: false, lengthBucket: 0-10, renderTimeMsBucket: 50-100} @ http://localhost:3002/src/lib/util/stats.ts:89
[  194817ms] [LOG] [plausible] version {mermaidVersion: 11.14.0} @ http://localhost:3002/src/lib/util/stats.ts:89
[  194888ms] [LOG] Loading '' @ http://localhost:3002/src/lib/util/state.ts:192
[  194945ms] [LOG] Registration successful, scope is: http://localhost:3002/ @ http://localhost:3002/src/routes/+layout.svelte:42
[  195004ms] [LOG] [plausible] render {diagramType: flowchart-v2, isRough: false, lengthBucket: 0-10, renderTimeMsBucket: 50-100} @ http://localhost:3002/src/lib/util/stats.ts:89
[  195667ms] [LOG] [plausible] version {mermaidVersion: 11.14.0} @ http://localhost:3002/src/lib/util/stats.ts:89
[  195727ms] [LOG] Loading '' @ http://localhost:3002/src/lib/util/state.ts:192
[  195778ms] [LOG] Registration successful, scope is: http://localhost:3002/ @ http://localhost:3002/src/routes/+layout.svelte:42
[  195817ms] [LOG] [plausible] render {diagramType: flowchart-v2, isRough: false, lengthBucket: 0-10, renderTimeMsBucket: 50-100} @ http://localhost:3002/src/lib/util/stats.ts:89
[  196476ms] [LOG] [plausible] version {mermaidVersion: 11.14.0} @ http://localhost:3002/src/lib/util/stats.ts:89
[  196549ms] [LOG] Loading '' @ http://localhost:3002/src/lib/util/state.ts:192
[  196596ms] [LOG] Registration successful, scope is: http://localhost:3002/ @ http://localhost:3002/src/routes/+layout.svelte:42
[  196637ms] [LOG] [plausible] render {diagramType: flowchart-v2, isRough: false, lengthBucket: 0-10, renderTimeMsBucket: 50-100} @ http://localhost:3002/src/lib/util/stats.ts:89
[  196711ms] [LOG] [plausible] render {diagramType: flowchart-v2, isRough: false, lengthBucket: 0-10, renderTimeMsBucket: 50-100} @ http://localhost:3002/src/lib/util/stats.ts:89
[  197292ms] [LOG] [plausible] version {mermaidVersion: 11.14.0} @ http://localhost:3002/src/lib/util/stats.ts:89
[  197364ms] [LOG] Loading '' @ http://localhost:3002/src/lib/util/state.ts:192
[  197426ms] [LOG] Registration successful, scope is: http://localhost:3002/ @ http://localhost:3002/src/routes/+layout.svelte:42
[  197467ms] [LOG] [plausible] render {diagramType: flowchart-v2, isRough: false, lengthBucket: 0-10, renderTimeMsBucket: 50-100} @ http://localhost:3002/src/lib/util/stats.ts:89
[  198062ms] [LOG] [plausible] version {mermaidVersion: 11.14.0} @ http://localhost:3002/src/lib/util/stats.ts:89
[  198132ms] [LOG] Loading '' @ http://localhost:3002/src/lib/util/state.ts:192
[  198177ms] [LOG] Registration successful, scope is: http://localhost:3002/ @ http://localhost:3002/src/routes/+layout.svelte:42
[  198214ms] [LOG] [plausible] render {diagramType: flowchart-v2, isRough: false, lengthBucket: 0-10, renderTimeMsBucket: 50-100} @ http://localhost:3002/src/lib/util/stats.ts:89
[  198267ms] [LOG] [plausible] render {diagramType: flowchart-v2, isRough: false, lengthBucket: 0-10, renderTimeMsBucket: 25-50} @ http://localhost:3002/src/lib/util/stats.ts:89
[  198950ms] [LOG] [plausible] version {mermaidVersion: 11.14.0} @ http://localhost:3002/src/lib/util/stats.ts:89
[  199022ms] [LOG] Loading '' @ http://localhost:3002/src/lib/util/state.ts:192
[  199077ms] [LOG] Registration successful, scope is: http://localhost:3002/ @ http://localhost:3002/src/routes/+layout.svelte:42
[  199136ms] [LOG] [plausible] render {diagramType: flowchart-v2, isRough: false, lengthBucket: 0-10, renderTimeMsBucket: 50-100} @ http://localhost:3002/src/lib/util/stats.ts:89
[  199763ms] [LOG] [plausible] version {mermaidVersion: 11.14.0} @ http://localhost:3002/src/lib/util/stats.ts:89
[  199825ms] [LOG] Loading '' @ http://localhost:3002/src/lib/util/state.ts:192
[  199881ms] [LOG] Registration successful, scope is: http://localhost:3002/ @ http://localhost:3002/src/routes/+layout.svelte:42
[  199925ms] [LOG] [plausible] render {diagramType: flowchart-v2, isRough: false, lengthBucket: 0-10, renderTimeMsBucket: 50-100} @ http://localhost:3002/src/lib/util/stats.ts:89
[  200511ms] [LOG] [plausible] version {mermaidVersion: 11.14.0} @ http://localhost:3002/src/lib/util/stats.ts:89
[  200578ms] [LOG] Loading '' @ http://localhost:3002/src/lib/util/state.ts:192
[  200637ms] [LOG] Registration successful, scope is: http://localhost:3002/ @ http://localhost:3002/src/routes/+layout.svelte:42
[  200697ms] [LOG] [plausible] render {diagramType: flowchart-v2, isRough: false, lengthBucket: 0-10, renderTimeMsBucket: 50-100} @ http://localhost:3002/src/lib/util/stats.ts:89
[  201314ms] [LOG] [plausible] version {mermaidVersion: 11.14.0} @ http://localhost:3002/src/lib/util/stats.ts:89
[  201380ms] [LOG] Loading '' @ http://localhost:3002/src/lib/util/state.ts:192
[  201441ms] [LOG] Registration successful, scope is: http://localhost:3002/ @ http://localhost:3002/src/routes/+layout.svelte:42
[  201495ms] [LOG] [plausible] render {diagramType: flowchart-v2, isRough: false, lengthBucket: 0-10, renderTimeMsBucket: 50-100} @ http://localhost:3002/src/lib/util/stats.ts:89
[  201556ms] [LOG] [plausible] render {diagramType: flowchart-v2, isRough: false, lengthBucket: 0-10, renderTimeMsBucket: 50-100} @ http://localhost:3002/src/lib/util/stats.ts:89
[  202672ms] [LOG] [plausible] version {mermaidVersion: 11.14.0} @ http://localhost:3002/src/lib/util/stats.ts:89
[  202740ms] [LOG] Loading '' @ http://localhost:3002/src/lib/util/state.ts:192
[  202786ms] [LOG] Registration successful, scope is: http://localhost:3002/ @ http://localhost:3002/src/routes/+layout.svelte:42
[  202846ms] [LOG] [plausible] render {diagramType: flowchart-v2, isRough: false, lengthBucket: 0-10, renderTimeMsBucket: 50-100} @ http://localhost:3002/src/lib/util/stats.ts:89
[  203517ms] [LOG] [plausible] version {mermaidVersion: 11.14.0} @ http://localhost:3002/src/lib/util/stats.ts:89
[  203583ms] [LOG] Loading '' @ http://localhost:3002/src/lib/util/state.ts:192
[  203632ms] [LOG] Registration successful, scope is: http://localhost:3002/ @ http://localhost:3002/src/routes/+layout.svelte:42
[  203669ms] [LOG] [plausible] render {diagramType: flowchart-v2, isRough: false, lengthBucket: 0-10, renderTimeMsBucket: 50-100} @ http://localhost:3002/src/lib/util/stats.ts:89
[  204364ms] [LOG] [plausible] version {mermaidVersion: 11.14.0} @ http://localhost:3002/src/lib/util/stats.ts:89
[  204429ms] [LOG] Loading '' @ http://localhost:3002/src/lib/util/state.ts:192
[  204491ms] [LOG] Registration successful, scope is: http://localhost:3002/ @ http://localhost:3002/src/routes/+layout.svelte:42
[  204546ms] [LOG] [plausible] render {diagramType: flowchart-v2, isRough: false, lengthBucket: 0-10, renderTimeMsBucket: 50-100} @ http://localhost:3002/src/lib/util/stats.ts:89
[  205274ms] [LOG] [plausible] version {mermaidVersion: 11.14.0} @ http://localhost:3002/src/lib/util/stats.ts:89
[  205342ms] [LOG] Loading '' @ http://localhost:3002/src/lib/util/state.ts:192
[  205402ms] [LOG] Registration successful, scope is: http://localhost:3002/ @ http://localhost:3002/src/routes/+layout.svelte:42
[  205443ms] [LOG] [plausible] render {diagramType: flowchart-v2, isRough: false, lengthBucket: 0-10, renderTimeMsBucket: 50-100} @ http://localhost:3002/src/lib/util/stats.ts:89
[  206549ms] [LOG] [plausible] version {mermaidVersion: 11.14.0} @ http://localhost:3002/src/lib/util/stats.ts:89
[  206618ms] [LOG] Loading '' @ http://localhost:3002/src/lib/util/state.ts:192
[  206673ms] [LOG] Registration successful, scope is: http://localhost:3002/ @ http://localhost:3002/src/routes/+layout.svelte:42
[  206719ms] [LOG] [plausible] render {diagramType: flowchart-v2, isRough: false, lengthBucket: 0-10, renderTimeMsBucket: 50-100} @ http://localhost:3002/src/lib/util/stats.ts:89
